0.0,2.934000015258789,2.934000015258789
0.051000118255615234,2.934000015258789,2.882999897003174
0.10000014305114746,2.934000015258789,2.8339998722076416
0.15000009536743164,2.934000015258789,2.7839999198913574
0.20000004768371582,2.934000015258789,2.7339999675750732
0.25099992752075195,2.934000015258789,2.683000087738037
0.2999999523162842,2.934000015258789,2.634000062942505
0.3510000705718994,2.934000015258789,2.5829999446868896
0.4010000228881836,2.934000015258789,2.5329999923706055
0.4500000476837158,2.934000015258789,2.4839999675750732
0.5,2.934000015258789,2.434000015258789
0.5499999523162842,2.934000015258789,2.384000062942505
0.6010000705718994,2.934000015258789,2.3329999446868896
0.6500000953674316,2.934000015258789,2.2839999198913574
0.6679999828338623,2.936000108718872,2.2680001258850098
0.7000000476837158,2.933000087738037,2.2330000400543213
0.7179999351501465,2.936000108718872,2.2180001735687256
0.75,2.933000087738037,2.183000087738037
0.7669999599456787,2.936000108718872,2.1690001487731934
0.8010001182556152,2.933000087738037,2.131999969482422
0.818000078201294,2.936000108718872,2.118000030517578
0.8510000705718994,2.933000087738037,2.0820000171661377
0.8680000305175781,2.936000108718872,2.068000078201294
0.9000000953674316,2.933000087738037,2.0329999923706055
0.9179999828338623,2.936000108718872,2.0180001258850098
0.9500000476837158,2.933000087738037,1.9830000400543213
0.9670000076293945,2.936000108718872,1.9690001010894775
1.000999927520752,2.933000087738037,1.9320001602172852
1.0180001258850098,2.936000108718872,1.9179999828338623
1.0499999523162842,2.933000087738037,1.883000135421753
1.068000078201294,2.936000108718872,1.8680000305175781
1.1000001430511475,2.933000087738037,1.8329999446868896
1.1170001029968262,2.936000108718872,1.819000005722046
1.1510000228881836,2.933000087738037,1.7820000648498535
1.1670000553131104,2.936000108718872,1.7690000534057617
1.2000000476837158,2.933000087738037,1.7330000400543213
1.2179999351501465,2.936000108718872,1.7180001735687256
1.25,2.933000087738037,1.683000087738037
1.2680001258850098,2.934999942779541,1.6669998168945312
1.3010001182556152,2.933000087738037,1.6319999694824219
1.317000150680542,2.934999942779541,1.617999792098999
1.3500001430511475,2.933000087738037,1.5829999446868896
1.3680000305175781,2.934999942779541,1.566999912261963
1.4010000228881836,2.933000087738037,1.5320000648498535
1.4179999828338623,2.934999942779541,1.5169999599456787
1.4509999752044678,2.933000087738037,1.4820001125335693
1.4670000076293945,2.934999942779541,1.4679999351501465
1.5,2.932000160217285,1.4320001602172852
1.5169999599456787,2.934999942779541,1.4179999828338623
1.5499999523162842,2.932000160217285,1.382000207901001
1.568000078201294,2.934999942779541,1.366999864578247
1.6000001430511475,2.932000160217285,1.3320000171661377
1.6180000305175781,2.934999942779541,1.316999912261963
1.6510000228881836,2.932000160217285,1.2810001373291016
1.6670000553131104,2.934999942779541,1.2679998874664307
1.7009999752044678,2.932000160217285,1.2310001850128174
1.7170000076293945,2.934999942779541,1.2179999351501465
1.75,2.932000160217285,1.1820001602172852
1.7680001258850098,2.934999942779541,1.1669998168945312
1.7999999523162842,2.932000160217285,1.132000207901001
1.818000078201294,2.934999942779541,1.116999864578247
1.8510000705718994,2.932000160217285,1.0810000896453857
1.8680000305175781,2.934999942779541,1.066999912261963
1.9010000228881836,2.932000160217285,1.0310001373291016
1.9170000553131104,2.934999942779541,1.0179998874664307
1.9500000476837158,2.932000160217285,0.9820001125335693
1.9670000076293945,3.3589999675750732,1.3919999599456787
2.0,2.932000160217285,0.9320001602172852
2.0180001258850098,3.3589999675750732,1.3409998416900635
2.0510001182556152,2.932000160217285,0.8810000419616699
2.068000078201294,3.3589999675750732,1.2909998893737793
2.1010000705718994,3.3589999675750732,1.2579998970031738
2.1089999675750732,2.936000108718872,0.8270001411437988
2.117000102996826,3.3589999675750732,1.241999864578247
2.1500000953674316,3.3589999675750732,1.2089998722076416
2.1590001583099365,3.3600001335144043,1.2009999752044678
2.1670000553131104,3.3589999675750732,1.191999912261963
2.200000047683716,3.3589999675750732,1.1589999198913574
2.2090001106262207,3.3600001335144043,1.1510000228881836
2.2170000076293945,3.3589999675750732,1.1419999599456787
2.25,3.3589999675750732,1.1089999675750732
2.259000062942505,3.3600001335144043,1.1010000705718994
2.2680001258850098,4.046000003814697,1.7779998779296875
2.299999952316284,3.3589999675750732,1.059000015258789
2.309000015258789,8.795000076293945,6.486000061035156
2.318000078201294,4.046000003814697,1.7279999256134033
2.3510000705718994,4.046999931335449,1.6959998607635498
2.3589999675750732,8.795000076293945,6.436000108718872
2.368000030517578,4.046000003814697,1.6779999732971191
2.4000000953674316,4.046999931335449,1.6469998359680176
2.4049999713897705,4.044000148773193,1.6390001773834229
2.4079999923706055,8.795000076293945,6.38700008392334
2.4170000553131104,4.046000003814697,1.628999948501587
2.450000047683716,4.046000003814697,1.5959999561309814
2.4549999237060547,4.044000148773193,1.5890002250671387
2.4590001106262207,8.795000076293945,6.335999965667725
2.4670000076293945,4.045000076293945,1.5780000686645508
2.5,4.046999931335449,1.5469999313354492
2.50600004196167,4.044000148773193,1.5380001068115234
2.509000062942505,8.795000076293945,6.28600001335144
2.5180001258850098,4.045000076293945,1.5269999504089355
2.5510001182556152,4.046000003814697,1.494999885559082
2.555000066757202,4.044000148773193,1.4890000820159912
2.558000087738037,8.795000076293945,6.236999988555908
2.568000078201294,4.045000076293945,1.4769999980926514
2.6010000705718994,4.046000003814697,1.4449999332427979
2.6050000190734863,4.044000148773193,1.439000129699707
2.6089999675750732,8.795000076293945,6.186000108718872
2.618000030517578,4.045000076293945,1.4270000457763672
2.6500000953674316,4.046000003814697,1.3959999084472656
2.6549999713897705,4.044000148773193,1.3890001773834229
2.6590001583099365,8.795000076293945,6.135999917984009
2.6670000553131104,4.045000076293945,1.378000020980835
2.7009999752044678,4.046000003814697,1.3450000286102295
2.7049999237060547,4.044000148773193,1.3390002250671387
2.7090001106262207,8.795000076293945,6.085999965667725
2.7179999351501465,4.045000076293945,1.3270001411437988
2.75,4.046000003814697,1.2960000038146973
2.755000114440918,4.044000148773193,1.2890000343322754
2.759000062942505,8.794000148773193,6.0350000858306885
2.7680001258850098,4.045000076293945,1.2769999504089355
2.799999952316284,4.046000003814697,1.246000051498413
2.805000066757202,4.044000148773193,1.2390000820159912
2.809000015258789,8.794000148773193,5.985000133514404
2.818000078201294,4.045000076293945,1.2269999980926514
2.8500001430511475,4.046000003814697,1.1959998607635498
2.8550000190734863,4.044000148773193,1.189000129699707
2.8589999675750732,8.794000148773193,5.93500018119812
2.867000102996826,4.045000076293945,1.1779999732971191
2.9000000953674316,4.046000003814697,1.1459999084472656
2.9049999713897705,4.044000148773193,1.1390001773834229
2.9090001583099365,8.794000148773193,5.884999990463257
2.9170000553131104,4.045000076293945,1.128000020980835
2.9509999752044678,8.794000148773193,5.843000173568726
2.9549999237060547,4.044000148773193,1.0890002250671387
2.9590001106262207,8.794000148773193,5.835000038146973
2.9679999351501465,4.045000076293945,1.0770001411437988
3.0,8.794000148773193,5.794000148773193
3.005000114440918,4.044000148773193,1.0390000343322754
3.009000062942505,8.794000148773193,5.7850000858306885
3.0180001258850098,8.795000076293945,5.7769999504089355
3.049999952316284,8.82800006866455,5.778000116348267
3.055000066757202,4.042999982833862,0.9879999160766602
3.059000015258789,8.8510000705719,5.79200005531311
3.068000078201294,8.842999935150146,5.7749998569488525
3.1000001430511475,8.82800006866455,5.727999925613403
3.1059999465942383,4.042999982833862,0.937000036239624
3.1089999675750732,8.8510000705719,5.742000102996826
3.117000102996826,8.842999935150146,5.72599983215332
3.1510000228881836,8.82800006866455,5.677000045776367
3.1549999713897705,8.835000038146973,5.680000066757202
3.1590001583099365,8.8510000705719,5.691999912261963
3.1679999828338623,8.842999935150146,5.674999952316284
3.2009999752044678,8.82800006866455,5.627000093460083
3.2049999237060547,8.835000038146973,5.630000114440918
3.2090001106262207,8.8510000705719,5.641999959945679
3.2179999351501465,8.842999935150146,5.625
3.25,8.82800006866455,5.578000068664551
3.255000114440918,8.835000038146973,5.579999923706055
3.259000062942505,8.8510000705719,5.5920000076293945
3.2680001258850098,8.842999935150146,5.574999809265137
3.299999952316284,8.82800006866455,5.528000116348267
3.305000066757202,8.835000038146973,5.5299999713897705
3.309000015258789,8.8510000705719,5.54200005531311
3.318000078201294,8.842999935150146,5.5249998569488525
3.3500001430511475,8.82800006866455,5.477999925613403
3.3550000190734863,8.835000038146973,5.480000019073486
3.3589999675750732,8.8510000705719,5.492000102996826
3.367000102996826,8.842999935150146,5.47599983215332
3.4000000953674316,8.82800006866455,5.427999973297119
3.4060001373291016,8.835000038146973,5.428999900817871
3.4090001583099365,8.8510000705719,5.441999912261963
3.4170000553131104,8.842999935150146,5.425999879837036
3.4509999752044678,8.827000141143799,5.376000165939331
3.4549999237060547,8.835000038146973,5.380000114440918
3.4590001106262207,8.8510000705719,5.391999959945679
3.4679999351501465,8.842999935150146,5.375
3.500999927520752,8.82800006866455,5.327000141143799
3.505000114440918,8.835000038146973,5.329999923706055
3.509000062942505,8.8510000705719,5.3420000076293945
3.5180001258850098,8.842999935150146,5.324999809265137
3.549999952316284,8.827000141143799,5.277000188827515
3.555000066757202,8.835000038146973,5.2799999713897705
3.559000015258789,8.850000143051147,5.291000127792358
3.567000150680542,8.842000007629395,5.2749998569488525
3.6000001430511475,8.827000141143799,5.226999998092651
3.6059999465942383,8.835000038146973,5.229000091552734
3.6089999675750732,8.850000143051147,5.241000175476074
3.617000102996826,8.842000007629395,5.224999904632568
3.6510000228881836,8.827000141143799,5.176000118255615
3.6549999713897705,8.835000038146973,5.180000066757202
3.6590001583099365,8.850000143051147,5.190999984741211
3.6679999828338623,8.842000007629395,5.174000024795532
3.7009999752044678,8.827000141143799,5.126000165939331
3.7049999237060547,8.835000038146973,5.130000114440918
3.7090001106262207,8.850000143051147,5.141000032424927
3.7179999351501465,8.842000007629395,5.124000072479248
3.75,8.827000141143799,5.077000141143799
3.755000114440918,8.835000038146973,5.079999923706055
3.759000062942505,8.850000143051147,5.091000080108643
3.7680001258850098,8.842000007629395,5.073999881744385
3.799999952316284,8.827000141143799,5.027000188827515
3.805000066757202,8.83400011062622,5.0290000438690186
3.809000015258789,8.850000143051147,5.041000127792358
3.817000150680542,8.842000007629395,5.0249998569488525
3.8510000705718994,8.827000141143799,4.976000070571899
3.8550000190734863,8.835000038146973,4.980000019073486
3.8589999675750732,8.850000143051147,4.991000175476074
3.867000102996826,8.842000007629395,4.974999904632568
3.9000000953674316,8.827000141143799,4.927000045776367
3.9049999713897705,8.83400011062622,4.92900013923645
3.9090001583099365,8.850000143051147,4.940999984741211
3.9179999828338623,8.842000007629395,4.924000024795532
3.950000047683716,8.827000141143799,4.877000093460083
3.9549999237060547,8.83400011062622,4.879000186920166
3.9590001106262207,8.850000143051147,4.891000032424927
3.9679999351501465,8.842000007629395,4.874000072479248
4.0,8.827000141143799,4.827000141143799
4.005000114440918,8.83400011062622,4.828999996185303
4.009000062942505,8.850000143051147,4.841000080108643
4.016999959945679,8.842000007629395,4.825000047683716
4.049999952316284,8.827000141143799,4.777000188827515
4.055000066757202,8.83400011062622,4.7790000438690186
4.059000015258789,8.850000143051147,4.791000127792358
4.067000150680542,8.842000007629395,4.7749998569488525
4.1000001430511475,8.827000141143799,4.726999998092651
4.105000019073486,8.83400011062622,4.729000091552734
4.108999967575073,8.850000143051147,4.741000175476074
4.118000030517578,8.842000007629395,4.723999977111816
4.151000022888184,8.827000141143799,4.676000118255615
4.1549999713897705,8.83400011062622,4.67900013923645
4.1590001583099365,8.850000143051147,4.690999984741211
4.167999982833862,8.842000007629395,4.674000024795532
4.200999975204468,8.827000141143799,4.626000165939331
4.206000089645386,8.83400011062622,4.628000020980835
4.209000110626221,8.850000143051147,4.641000032424927
4.2179999351501465,8.842000007629395,4.624000072479248
4.25,8.825999975204468,4.575999975204468
4.255000114440918,8.83400011062622,4.578999996185303
4.259000062942505,8.850000143051147,4.591000080108643
4.266999959945679,8.842000007629395,4.575000047683716
4.299999952316284,8.825999975204468,4.526000022888184
4.305999994277954,8.83400011062622,4.528000116348267
4.309000015258789,8.848999977111816,4.539999961853027
4.317000150680542,8.842000007629395,4.5249998569488525
4.351000070571899,8.825999975204468,4.474999904632568
4.355000019073486,8.83400011062622,4.479000091552734
4.358999967575073,8.848999977111816,4.490000009536743
4.368000030517578,8.841000080108643,4.4730000495910645
4.401000022888184,8.825999975204468,4.424999952316284
4.4049999713897705,8.83400011062622,4.42900013923645
4.4090001583099365,8.848999977111816,4.43999981880188
4.417999982833862,8.841000080108643,4.42300009727478
4.450000047683716,8.825999975204468,4.375999927520752
4.454999923706055,8.83400011062622,4.379000186920166
4.459000110626221,8.848999977111816,4.389999866485596
4.4670000076293945,8.841000080108643,4.374000072479248
4.5,8.825999975204468,4.325999975204468
4.50600004196167,8.83400011062622,4.328000068664551
4.509000062942505,8.848999977111816,4.3399999141693115
4.51800012588501,8.841000080108643,4.322999954223633
4.549999952316284,8.825999975204468,4.276000022888184
4.555000066757202,8.83400011062622,4.2790000438690186
4.559000015258789,8.848999977111816,4.289999961853027
4.568000078201294,8.841000080108643,4.273000001907349
4.601000070571899,8.825999975204468,4.224999904632568
4.605000019073486,8.83400011062622,4.229000091552734
4.608999967575073,8.848999977111816,4.240000009536743
4.618000030517578,8.841000080108643,4.2230000495910645
4.650000095367432,8.825999975204468,4.175999879837036
4.6549999713897705,8.83299994468689,4.177999973297119
4.6590001583099365,8.848999977111816,4.18999981880188
4.66700005531311,8.841000080108643,4.174000024795532
4.700000047683716,8.825999975204468,4.125999927520752
4.704999923706055,8.83299994468689,4.128000020980835
4.709000110626221,8.848999977111816,4.139999866485596
4.7170000076293945,8.841000080108643,4.124000072479248
4.75,8.825999975204468,4.075999975204468
4.755000114440918,8.83299994468689,4.077999830245972
4.759000062942505,8.848999977111816,4.0899999141693115
4.76800012588501,8.841000080108643,4.072999954223633
4.801000118255615,8.825999975204468,4.0249998569488525
4.805999994277954,8.83299994468689,4.0269999504089355
4.808000087738037,8.848999977111816,4.040999889373779
4.818000078201294,8.841000080108643,4.023000001907349
4.851000070571899,8.825999975204468,3.9749999046325684
4.855000019073486,8.83299994468689,3.9779999256134033
4.858999967575073,8.848999977111816,3.990000009536743
4.868000030517578,8.841000080108643,3.9730000495910645
4.900000095367432,8.825999975204468,3.925999879837036
4.9049999713897705,8.83299994468689,3.927999973297119
4.9090001583099365,8.848999977111816,3.93999981880188
4.91700005531311,8.841000080108643,3.9240000247955322
4.950000047683716,8.825999975204468,3.875999927520752
4.954999923706055,8.83299994468689,3.878000020980835
4.959000110626221,8.848999977111816,3.8899998664855957
4.9679999351501465,8.841000080108643,3.873000144958496
5.0,8.825000047683716,3.825000047683716
5.005000114440918,8.83299994468689,3.8279998302459717
5.009000062942505,8.848000049591064,3.8389999866485596
5.01800012588501,8.841000080108643,3.822999954223633
5.049999952316284,8.825000047683716,3.7750000953674316
5.055000066757202,8.83299994468689,3.7779998779296875
5.059000015258789,8.848000049591064,3.7890000343322754
5.068000078201294,8.841000080108643,3.7730000019073486
5.101000070571899,8.825000047683716,3.7239999771118164
5.105000019073486,8.83299994468689,3.7279999256134033
5.108999967575073,8.848000049591064,3.739000082015991
5.117000102996826,8.84000015258789,3.7230000495910645
5.151000022888184,8.825000047683716,3.6740000247955322
5.1549999713897705,8.83299994468689,3.677999973297119
5.1579999923706055,8.848000049591064,3.690000057220459
5.16700005531311,8.84000015258789,3.6730000972747803
5.200000047683716,8.825000047683716,3.625
5.204999923706055,8.83299994468689,3.628000020980835
5.209000110626221,8.848000049591064,3.6389999389648438
5.2179999351501465,8.84000015258789,3.622000217437744
5.25,8.825000047683716,3.575000047683716
5.255000114440918,8.83299994468689,3.5779998302459717
5.259000062942505,8.848000049591064,3.5889999866485596
5.26800012588501,8.84000015258789,3.572000026702881
5.299999952316284,8.825000047683716,3.5250000953674316
5.305999994277954,8.83299994468689,3.5269999504089355
5.309000015258789,8.848000049591064,3.5390000343322754
5.317000150680542,8.84000015258789,3.5230000019073486
5.351000070571899,8.825000047683716,3.4739999771118164
5.355000019073486,8.83299994468689,3.4779999256134033
5.358999967575073,8.848000049591064,3.489000082015991
5.367000102996826,8.84000015258789,3.4730000495910645
5.401000022888184,8.825000047683716,3.4240000247955322
5.4049999713897705,8.83299994468689,3.427999973297119
5.4090001583099365,8.848000049591064,3.438999891281128
5.41700005531311,8.84000015258789,3.4230000972747803
5.450000047683716,8.825000047683716,3.375
5.454999923706055,8.832000017166138,3.377000093460083
5.45799994468689,8.848000049591064,3.390000104904175
5.4679999351501465,8.84000015258789,3.372000217437744
5.5,8.825000047683716,3.325000047683716
5.505000114440918,8.832000017166138,3.3269999027252197
5.509000062942505,8.848000049591064,3.3389999866485596
5.51800012588501,8.84000015258789,3.322000026702881
5.549999952316284,8.825000047683716,3.2750000953674316
5.555000066757202,8.832000017166138,3.2769999504089355
5.559000015258789,8.848000049591064,3.2890000343322754
5.568000078201294,8.84000015258789,3.2720000743865967
5.6000001430511475,8.825000047683716,3.2249999046325684
5.605000019073486,8.832000017166138,3.2269999980926514
5.608999967575073,8.848000049591064,3.239000082015991
5.618000030517578,8.84000015258789,3.2220001220703125
5.651000022888184,8.825000047683716,3.1740000247955322
5.6549999713897705,8.832000017166138,3.177000045776367
5.6579999923706055,8.848000049591064,3.190000057220459
5.667999982833862,8.84000015258789,3.1720001697540283
5.700000047683716,8.824000120162964,3.124000072479248
5.704999923706055,8.832000017166138,3.127000093460083
5.709000110626221,8.848000049591064,3.1389999389648438
5.7179999351501465,8.84000015258789,3.122000217437744
5.75,8.824000120162964,3.074000120162964
5.75600004196167,8.832000017166138,3.0759999752044678
5.759000062942505,8.848000049591064,3.0889999866485596
5.766999959945679,8.84000015258789,3.073000192642212
5.799999952316284,8.824000120162964,3.0240001678466797
5.805000066757202,8.832000017166138,3.0269999504089355
5.809000015258789,8.847000122070312,3.0380001068115234
5.817000150680542,8.84000015258789,3.0230000019073486
5.851000070571899,8.824000120162964,2.9730000495910645
5.855000019073486,8.832000017166138,2.9769999980926514
5.858000040054321,8.847000122070312,2.989000082015991
5.868000030517578,8.84000015258789,2.9720001220703125
5.901000022888184,8.824000120162964,2.9230000972747803
5.9049999713897705,8.832000017166138,2.927000045776367
5.9090001583099365,8.847000122070312,2.937999963760376
5.917999982833862,8.83899998664856,2.9210000038146973
5.950000047683716,8.824000120162964,2.874000072479248
5.954999923706055,8.832000017166138,2.877000093460083
5.959000110626221,8.847000122070312,2.888000011444092
5.9670000076293945,8.84000015258789,2.873000144958496
6.0,8.824000120162964,2.824000120162964
6.00600004196167,8.832000017166138,2.8259999752044678
6.009000062942505,8.847000122070312,2.8380000591278076
6.016999959945679,8.83899998664856,2.822000026702881
6.049999952316284,8.824000120162964,2.7740001678466797
6.055000066757202,8.832000017166138,2.7769999504089355
6.059000015258789,8.847000122070312,2.7880001068115234
6.068000078201294,8.83899998664856,2.7709999084472656
6.101000070571899,8.824000120162964,2.7230000495910645
6.105000019073486,8.832000017166138,2.7269999980926514
6.108999967575073,8.847000122070312,2.7380001544952393
6.118000030517578,8.83899998664856,2.7209999561309814
6.150000095367432,8.824000120162964,2.6740000247955322
6.1549999713897705,8.832000017166138,2.677000045776367
6.1579999923706055,8.847000122070312,2.689000129699707
6.167999982833862,8.83899998664856,2.6710000038146973
6.200000047683716,8.824000120162964,2.624000072479248
6.204999923706055,8.832000017166138,2.627000093460083
6.209000110626221,8.847000122070312,2.638000011444092
6.2170000076293945,8.83899998664856,2.621999979019165
6.25,8.824000120162964,2.574000120162964
6.255000114440918,8.831000089645386,2.5759999752044678
6.259000062942505,8.847000122070312,2.5880000591278076
6.266999959945679,8.83899998664856,2.572000026702881
6.301000118255615,8.824000120162964,2.5230000019073486
6.305000066757202,8.832000017166138,2.5269999504089355
6.309000015258789,8.847000122070312,2.5380001068115234
6.318000078201294,8.83899998664856,2.5209999084472656
6.351000070571899,8.824000120162964,2.4730000495910645
6.355000019073486,8.831000089645386,2.4760000705718994
6.358999967575073,8.847000122070312,2.4880001544952393
6.368000030517578,8.83899998664856,2.4709999561309814
6.400000095367432,8.824000120162964,2.4240000247955322
6.406000137329102,8.831000089645386,2.424999952316284
6.4090001583099365,8.847000122070312,2.437999963760376
6.417999982833862,8.83899998664856,2.4210000038146973
6.450000047683716,8.824000120162964,2.374000072479248
6.454999923706055,8.831000089645386,2.376000165939331
6.459000110626221,8.847000122070312,2.388000011444092
6.4679999351501465,8.83899998664856,2.371000051498413
6.500999927520752,8.822999954223633,2.322000026702881
6.505000114440918,8.831000089645386,2.3259999752044678
6.509000062942505,8.847000122070312,2.3380000591278076
6.516999959945679,8.83899998664856,2.322000026702881
6.551000118255615,8.822999954223633,2.2719998359680176
6.555999994277954,8.831000089645386,2.2750000953674316
6.559000015258789,8.847000122070312,2.2880001068115234
6.567000150680542,8.83899998664856,2.2719998359680176
6.6000001430511475,8.822999954223633,2.2229998111724854
6.605000019073486,8.831000089645386,2.2260000705718994
6.608999967575073,8.847000122070312,2.2380001544952393
6.618000030517578,8.83899998664856,2.2209999561309814
6.650000095367432,8.822999954223633,2.172999858856201
6.6549999713897705,8.831000089645386,2.1760001182556152
6.6579999923706055,8.845999956130981,2.187999963760376
6.667999982833862,8.83899998664856,2.1710000038146973
6.700000047683716,8.822999954223633,2.122999906539917
6.704999923706055,8.831000089645386,2.126000165939331
6.709000110626221,8.845999956130981,2.1369998455047607
6.7170000076293945,8.838000059127808,2.121000051498413
6.75,8.822999954223633,2.072999954223633
6.755000114440918,8.831000089645386,2.0759999752044678
6.759000062942505,8.845999956130981,2.0869998931884766
6.766999959945679,8.838000059127808,2.071000099182129
6.799999952316284,8.822999954223633,2.0230000019073486
6.805000066757202,8.831000089645386,2.0260000228881836
6.809000015258789,8.845999956130981,2.0369999408721924
6.818000078201294,8.838000059127808,2.0199999809265137
6.851000070571899,8.822999954223633,1.9719998836517334
6.855000019073486,8.831000089645386,1.9760000705718994
6.858000040054321,8.845999956130981,1.9879999160766602
6.868000030517578,8.838000059127808,1.9700000286102295
6.900000095367432,8.822999954223633,1.9229998588562012
6.9049999713897705,8.831000089645386,1.9260001182556152
6.9090001583099365,8.845999956130981,1.936999797821045
6.917999982833862,8.838000059127808,1.9200000762939453
6.950000047683716,8.822999954223633,1.872999906539917
6.956000089645386,8.831000089645386,1.875
6.959000110626221,8.845999956130981,1.8869998455047607
6.9679999351501465,8.838000059127808,1.8700001239776611
7.0,8.822999954223633,1.8229999542236328
7.005000114440918,8.831000089645386,1.8259999752044678
7.009000062942505,8.845999956130981,1.8369998931884766
7.016999959945679,8.838000059127808,1.821000099182129
7.051000118255615,8.822999954223633,1.7719998359680176
7.055000066757202,8.831000089645386,1.7760000228881836
7.058000087738037,8.845999956130981,1.7879998683929443
7.068000078201294,8.838000059127808,1.7699999809265137
7.1000001430511475,8.822999954223633,1.7229998111724854
7.105999946594238,8.831000089645386,1.7250001430511475
7.108999967575073,8.845999956130981,1.7369999885559082
7.118000030517578,8.838000059127808,1.7200000286102295
7.150000095367432,8.822999954223633,1.6729998588562012
7.1549999713897705,8.829999923706055,1.6749999523162842
7.1590001583099365,8.845999956130981,1.686999797821045
7.167999982833862,8.838000059127808,1.6700000762939453
7.200999975204468,8.822999954223633,1.621999979019165
7.204999923706055,8.829999923706055,1.625
7.209000110626221,8.845999956130981,1.6369998455047607
7.2170000076293945,8.838000059127808,1.621000051498413
7.250999927520752,8.82200002670288,1.571000099182129
7.255000114440918,8.829999923706055,1.5749998092651367
7.259000062942505,8.845999956130981,1.5869998931884766
7.26800012588501,8.838000059127808,1.5699999332427979
7.299999952316284,8.82200002670288,1.5220000743865967
7.305000066757202,8.829999923706055,1.5249998569488525
7.309000015258789,8.845999956130981,1.5369999408721924
7.318000078201294,8.838000059127808,1.5199999809265137
7.3500001430511475,8.82200002670288,1.4719998836517334
7.355999946594238,8.829999923706055,1.4739999771118164
7.358999967575073,8.845999956130981,1.4869999885559082
7.368000030517578,8.838000059127808,1.4700000286102295
7.401000022888184,8.82200002670288,1.4210000038146973
7.4049999713897705,8.829999923706055,1.4249999523162842
7.4090001583099365,8.845999956130981,1.436999797821045
7.41700005531311,8.838000059127808,1.4210000038146973
7.450999975204468,8.82200002670288,1.371000051498413
7.454999923706055,8.829999923706055,1.375
7.459000110626221,8.84500002861023,1.3859999179840088
7.4670000076293945,8.838000059127808,1.371000051498413
7.5,8.82200002670288,1.3220000267028809
7.505000114440918,8.829999923706055,1.3249998092651367
7.509000062942505,8.84500002861023,1.3359999656677246
7.51800012588501,8.837000131607056,1.319000005722046
7.549999952316284,8.82200002670288,1.2720000743865967
7.555000066757202,8.829999923706055,1.2749998569488525
7.559000015258789,8.84500002861023,1.2860000133514404
7.568000078201294,8.837000131607056,1.2690000534057617
7.601000070571899,8.82200002670288,1.2209999561309814
7.605999946594238,8.829999923706055,1.2239999771118164
7.608999967575073,8.84500002861023,1.2360000610351562
7.617000102996826,8.837000131607056,1.2200000286102295
7.651000022888184,8.82200002670288,1.1710000038146973
7.6549999713897705,8.829999923706055,1.1749999523162842
7.6590001583099365,8.84500002861023,1.185999870300293
7.66700005531311,8.837000131607056,1.1700000762939453
7.700000047683716,8.82200002670288,1.121999979019165
7.704999923706055,8.829999923706055,1.125
7.709000110626221,8.84500002861023,1.1359999179840088
7.7179999351501465,8.837000131607056,1.1190001964569092
7.75,8.82200002670288,1.0720000267028809
7.755000114440918,8.829999923706055,1.0749998092651367
7.759000062942505,8.84500002861023,1.0859999656677246
7.76800012588501,8.837000131607056,1.069000005722046
7.799999952316284,8.82200002670288,1.0220000743865967
7.805999994277954,8.829999923706055,1.0239999294281006
7.809000015258789,8.84500002861023,1.0360000133514404
7.817000150680542,8.837000131607056,1.0199999809265137
7.851000070571899,8.82200002670288,0.9709999561309814
7.855000019073486,8.829999923706055,0.9749999046325684
7.858999967575073,8.84500002861023,0.9860000610351562
7.867000102996826,8.837000131607056,0.9700000286102295
7.901000022888184,8.82200002670288,0.9210000038146973
7.9049999713897705,8.828999996185303,0.9240000247955322
7.9079999923706055,8.84500002861023,0.937000036239624
7.917999982833862,8.837000131607056,0.9190001487731934
7.950000047683716,8.82200002670288,0.871999979019165
7.954999923706055,8.828999996185303,0.874000072479248
7.959000110626221,8.84500002861023,0.8859999179840088
7.9679999351501465,8.837000131607056,0.8690001964569092
8.0,8.821000099182129,0.8210000991821289
8.005000114440918,8.828999996185303,0.8239998817443848
8.009000062942505,8.84500002861023,0.8359999656677246
8.01800012588501,8.837000131607056,0.8190000057220459
8.049999952316284,8.821000099182129,0.7710001468658447
8.055000066757202,8.828999996185303,0.7739999294281006
8.058000087738037,8.84500002861023,0.7869999408721924
8.067000150680542,8.837000131607056,0.7699999809265137
8.1010000705719,8.821000099182129,0.7200000286102295
8.105000019073486,8.828999996185303,0.7239999771118164
8.108999967575073,8.84500002861023,0.7360000610351562
8.117000102996826,8.837000131607056,0.7200000286102295
8.150000095367432,8.821000099182129,0.6710000038146973
8.156000137329102,8.828999996185303,0.6729998588562012
8.159000158309937,8.844000101089478,0.684999942779541
8.167999982833862,8.837000131607056,0.6690001487731934
8.200000047683716,8.821000099182129,0.6210000514984131
8.204999923706055,8.828999996185303,0.624000072479248
8.20900011062622,8.84500002861023,0.6359999179840088
8.217999935150146,8.837000131607056,0.6190001964569092
8.25,8.821000099182129,0.5710000991821289
8.255000114440918,8.828999996185303,0.5739998817443848
8.259000062942505,8.844000101089478,0.5850000381469727
8.26800012588501,8.835999965667725,0.5679998397827148
8.301000118255615,8.821000099182129,0.5199999809265137
8.305000066757202,8.828999996185303,0.5239999294281006
8.309000015258789,8.844000101089478,0.5350000858306885
8.318000078201294,8.835999965667725,0.5179998874664307
8.350000143051147,8.821000099182129,0.47099995613098145
8.355000019073486,8.828999996185303,0.4739999771118164
8.358999967575073,8.844000101089478,0.4850001335144043
8.367000102996826,8.835999965667725,0.46899986267089844
8.400000095367432,8.821000099182129,0.42100000381469727
8.40499997138977,8.828999996185303,0.4240000247955322
8.409000158309937,8.844000101089478,0.434999942779541
8.417999982833862,8.953999996185303,0.5360000133514404
8.450999975204468,8.821000099182129,0.37000012397766113
8.454999923706055,8.828999996185303,0.37400007247924805
8.45900011062622,8.844000101089478,0.38499999046325684
8.467999935150146,8.953999996185303,0.48600006103515625
8.5,8.821000099182129,0.3210000991821289
8.50600004196167,8.953999996185303,0.4479999542236328
8.509000062942505,8.844000101089478,0.33500003814697266
8.51800012588501,9.04699993133545,0.5289998054504395
8.549999952316284,8.821000099182129,0.2710001468658447
8.555000066757202,8.953999996185303,0.3989999294281006
8.559000015258789,8.844000101089478,0.2850000858306885
8.568000078201294,9.04699993133545,0.4789998531341553
8.600000143051147,8.953999996185303,0.3539998531341553
8.605000019073486,9.04699993133545,0.4419999122619629
8.608999967575073,9.04699993133545,0.437999963760376
8.617000102996826,9.04699993133545,0.42999982833862305
8.650000095367432,9.246999979019165,0.5969998836517334
8.65499997138977,9.04699993133545,0.3919999599456787
8.659000158309937,9.07200002670288,0.41299986839294434
8.66700005531311,9.07200002670288,0.4049999713897705
8.700000047683716,9.246999979019165,0.5469999313354492
8.704999923706055,9.04699993133545,0.34200000762939453
8.70900011062622,9.07200002670288,0.36299991607666016
8.717999935150146,9.07200002670288,0.3540000915527344
8.750999927520752,9.246999979019165,0.4960000514984131
8.755000114440918,9.04699993133545,0.29199981689453125
8.759000062942505,9.07200002670288,0.312999963760376
8.76800012588501,9.071000099182129,0.30299997329711914
8.799999952316284,9.246999979019165,0.44700002670288086
8.805999994277954,9.07200002670288,0.26600003242492676
8.809000015258789,9.248000144958496,0.43900012969970703
8.818000078201294,9.071000099182129,0.25300002098083496
8.850000143051147,9.246999979019165,0.3969998359680176
8.855000019073486,9.07200002670288,0.21700000762939453
8.858999967575073,9.248000144958496,0.38900017738342285
8.868000030517578,9.246999979019165,0.3789999485015869
8.900000095367432,9.246999979019165,0.3469998836517334
8.90499997138977,9.29800009727478,0.39300012588500977
8.909000158309937,9.248000144958496,0.33899998664855957
8.91700005531311,9.29800009727478,0.3810000419616699
8.950999975204468,9.29800009727478,0.3470001220703125
8.956000089645386,9.29800009727478,0.34200000762939453
8.95900011062622,9.246999979019165,0.28799986839294434
8.967000007629395,9.29800009727478,0.33100008964538574
9.0,9.29800009727478,0.2980000972747803
9.005000114440918,9.45900011062622,0.45399999618530273
9.009000062942505,9.248000144958496,0.2390000820159912
9.01800012588501,9.45900011062622,0.44099998474121094
9.049999952316284,9.29800009727478,0.2480001449584961
9.055000066757202,9.45900011062622,0.40400004386901855
9.059000015258789,9.45900011062622,0.40000009536743164
9.068000078201294,9.45900011062622,0.39100003242492676
9.100000143051147,9.460000038146973,0.3599998950958252
9.105000019073486,9.45900011062622,0.3540000915527344
9.108999967575073,9.45900011062622,0.35000014305114746
9.118000030517578,9.45900011062622,0.3410000801086426
9.151000022888184,9.595999956130981,0.44499993324279785
9.15499997138977,9.45900011062622,0.3040001392364502
9.157999992370605,9.597000122070312,0.43900012969970703
9.16700005531311,9.45900011062622,0.29200005531311035
9.200999975204468,9.597000122070312,0.3960001468658447
9.206000089645386,9.597000122070312,0.39100003242492676
9.20900011062622,9.597000122070312,0.3880000114440918
9.217000007629395,9.45900011062622,0.24200010299682617
9.25,9.595999956130981,0.34599995613098145
9.255000114440918,9.597000122070312,0.34200000762939453
9.259000062942505,9.597000122070312,0.3380000591278076
9.26800012588501,9.891999959945679,0.623999834060669
9.299999952316284,9.67799997329712,0.37800002098083496
9.305000066757202,9.67799997329712,0.372999906539917
9.309000015258789,9.597000122070312,0.28800010681152344
9.318000078201294,9.891999959945679,0.5739998817443848
9.3510000705719,9.67799997329712,0.3269999027252197
9.355000019073486,9.67799997329712,0.3229999542236328
9.358999967575073,9.597000122070312,0.23800015449523926
9.367000102996826,9.891999959945679,0.5249998569488525
9.400000095367432,9.67799997329712,0.2779998779296875
9.40499997138977,9.891999959945679,0.4869999885559082
9.409000158309937,9.67900013923645,0.26999998092651367
9.417999982833862,9.891999959945679,0.4739999771118164
9.450000047683716,9.909000158309937,0.4590001106262207
9.454999923706055,9.891999959945679,0.437000036239624
9.45900011062622,9.891999959945679,0.432999849319458
9.467999935150146,9.891999959945679,0.4240000247955322
9.5,9.976999998092651,0.47699999809265137
9.505000114440918,9.891000032424927,0.3859999179840088
9.509000062942505,9.909000158309937,0.40000009536743164
9.51800012588501,9.909000158309937,0.39100003242492676
9.551000118255615,9.976999998092651,0.42599987983703613
9.555000066757202,9.891000032424927,0.3359999656677246
9.558000087738037,9.909000158309937,0.3510000705718994
9.567000150680542,9.909000158309937,0.34200000762939453
9.600000143051147,9.976999998092651,0.3769998550415039
9.605000019073486,9.891000032424927,0.28600001335144043
9.608999967575073,9.977999925613403,0.3689999580383301
9.617000102996826,10.0239999294281,0.4069998264312744
9.650000095367432,9.976999998092651,0.3269999027252197
9.65499997138977,9.977999925613403,0.3229999542236328
9.659000158309937,9.977999925613403,0.3189997673034668
9.667999982833862,10.0239999294281,0.3559999465942383
9.700000047683716,9.976999998092651,0.27699995040893555
9.704999923706055,9.977999925613403,0.27300000190734863
9.70900011062622,10.0239999294281,0.3149998188018799
9.717999935150146,10.311000108718872,0.5930001735687256
9.75,10.0239999294281,0.2739999294281006
9.755000114440918,10.311000108718872,0.5559999942779541
9.759000062942505,10.0239999294281,0.2649998664855957
9.76800012588501,10.311000108718872,0.5429999828338623
9.801000118255615,10.312000036239624,0.5109999179840088
9.805000066757202,10.311000108718872,0.5060000419616699
9.809000015258789,10.314000129699707,0.505000114440918
9.817000150680542,10.311000108718872,0.4939999580383301
9.8510000705719,10.508000135421753,0.6570000648498535
9.855000019073486,10.311000108718872,0.45600008964538574
9.858999967575073,10.314000129699707,0.4550001621246338
9.868000030517578,10.314000129699707,0.4460000991821289
9.900000095367432,10.508000135421753,0.6080000400543213
9.90499997138977,10.311000108718872,0.40600013732910156
9.909000158309937,10.314000129699707,0.4049999713897705
9.917999982833862,10.314000129699707,0.3960001468658447
9.950000047683716,10.508000135421753,0.5580000877380371
9.954999923706055,10.311000108718872,0.3560001850128174
9.95900011062622,10.509000062942505,0.5499999523162842
9.967999935150146,10.314000129699707,0.34600019454956055
10.0,10.508000135421753,0.5080001354217529
10.005000114440918,10.314000129699707,0.30900001525878906
10.009000062942505,10.509000062942505,0.5
10.016999959945679,10.314000129699707,0.2970001697540283
10.051000118255615,10.508000135421753,0.4570000171661377
10.055000066757202,10.314000129699707,0.2590000629425049
10.059000015258789,10.508000135421753,0.44900012016296387
10.067000150680542,10.713000059127808,0.6459999084472656
10.1010000705719,10.508000135421753,0.4070000648498535
10.105000019073486,10.508000135421753,0.4030001163482666
10.108999967575073,10.508000135421753,0.3990001678466797
10.118000030517578,10.713000059127808,0.5950000286102295
10.150000095367432,10.508000135421753,0.3580000400543213
10.156000137329102,10.508000135421753,0.35199999809265137
10.159000158309937,10.508000135421753,0.3489999771118164
10.167999982833862,10.769999980926514,0.6019999980926514
10.200999975204468,10.713000059127808,0.5120000839233398
10.204999923706055,10.769999980926514,0.565000057220459
10.20900011062622,10.713000059127808,0.5039999485015869
10.217999935150146,10.769999980926514,0.5520000457763672
10.250999927520752,10.713000059127808,0.46200013160705566
10.255000114440918,10.769999980926514,0.5149998664855957
10.259000062942505,10.713000059127808,0.45399999618530273
10.26800012588501,10.769999980926514,0.5019998550415039
10.299999952316284,10.769999980926514,0.4700000286102295
10.305000066757202,10.769000053405762,0.46399998664855957
10.309000015258789,10.769999980926514,0.4609999656677246
10.317000150680542,10.884999990463257,0.5679998397827148
10.350000143051147,10.884999990463257,0.5349998474121094
10.355999946594238,10.769000053405762,0.41300010681152344
10.358999967575073,10.884999990463257,0.5260000228881836
10.368000030517578,10.884999990463257,0.5169999599456787
10.400000095367432,10.884999990463257,0.4849998950958252
10.40499997138977,10.769000053405762,0.3640000820159912
10.407999992370605,10.884999990463257,0.47699999809265137
10.417999982833862,10.884999990463257,0.46700000762939453
10.450000047683716,10.969000101089478,0.5190000534057617
10.454999923706055,10.969000101089478,0.5140001773834229
10.45900011062622,10.97000002861023,0.5109999179840088
10.467999935150146,10.884999990463257,0.41700005531311035
10.500999927520752,10.969000101089478,0.4680001735687256
10.50600004196167,10.969000101089478,0.4630000591278076
10.509000062942505,10.97000002861023,0.4609999656677246
10.516999959945679,10.973000049591064,0.45600008964538574
10.551000118255615,10.973000049591064,0.4219999313354492
10.555000066757202,11.33400011062622,0.7790000438690186
10.559000015258789,10.969000101089478,0.4100000858306885
10.567000150680542,10.973000049591064,0.40599989891052246
10.600000143051147,10.973000049591064,0.372999906539917
10.605000019073486,11.33400011062622,0.7290000915527344
10.608999967575073,10.969000101089478,0.3600001335144043
10.618000030517578,11.335000038146973,0.7170000076293945
10.650000095367432,10.973000049591064,0.3229999542236328
10.65499997138977,11.33400011062622,0.6790001392364502
10.659000158309937,10.973000049591064,0.31399989128112793
10.667999982833862,11.335000038146973,0.6670000553131104
10.700000047683716,11.335000038146973,0.6349999904632568
10.704999923706055,11.33400011062622,0.629000186920166
10.70900011062622,11.33400011062622,0.625
10.717000007629395,11.335000038146973,0.6180000305175781
10.750999927520752,11.335000038146973,0.5840001106262207
10.75600004196167,11.33400011062622,0.5780000686645508
10.758000135421753,11.335000038146973,0.5769999027252197
10.76800012588501,11.335000038146973,0.5669999122619629
10.801000118255615,11.335000038146973,0.5339999198913574
10.805000066757202,11.33400011062622,0.5290000438690186
10.809000015258789,11.335000038146973,0.5260000228881836
10.818000078201294,11.335000038146973,0.5169999599456787
10.850000143051147,11.352999925613403,0.5029997825622559
10.855000019073486,11.33400011062622,0.4790000915527344
10.858999967575073,11.352999925613403,0.4939999580383301
10.868000030517578,11.352999925613403,0.4849998950958252
10.900000095367432,11.352999925613403,0.4529998302459717
10.90499997138977,11.38700008392334,0.48200011253356934
10.909000158309937,11.352999925613403,0.4439997673034668
10.917999982833862,11.352999925613403,0.434999942779541
10.950999975204468,11.352999925613403,0.40199995040893555
10.954999923706055,11.38700008392334,0.43200016021728516
10.95900011062622,11.352999925613403,0.3939998149871826
10.967000007629395,11.38700008392334,0.4200000762939453
11.000999927520752,11.352999925613403,0.35199999809265137
11.005000114440918,11.516000032424927,0.5109999179840088
11.009000062942505,11.352999925613403,0.34399986267089844
11.01800012588501,11.38700008392334,0.3689999580383301
11.049999952316284,11.38700008392334,0.33700013160705566
11.055000066757202,11.516000032424927,0.4609999656677246
11.059000015258789,11.516000032424927,0.4570000171661377
11.068000078201294,11.516000032424927,0.4479999542236328
11.100000143051147,11.578999996185303,0.4789998531341553
11.105000019073486,11.516000032424927,0.41100001335144043
11.108000040054321,11.516000032424927,0.40799999237060547
11.118000030517578,11.516000032424927,0.39800000190734863
11.151000022888184,11.578999996185303,0.42799997329711914
11.15499997138977,11.516000032424927,0.36100006103515625
11.159000158309937,11.516000032424927,0.35699987411499023
11.16700005531311,11.516000032424927,0.3489999771118164
11.200999975204468,11.656000137329102,0.4550001621246338
11.206000089645386,11.515000104904175,0.30900001525878906
11.20900011062622,11.578999996185303,0.36999988555908203
11.217000007629395,11.578999996185303,0.3619999885559082
11.25,11.656000137329102,0.40600013732910156
11.255000114440918,11.515000104904175,0.25999999046325684
11.258000135421753,11.656000137329102,0.39800000190734863
11.26800012588501,11.578999996185303,0.31099987030029297
11.299999952316284,11.656000137329102,0.3560001850128174
11.305000066757202,11.656000137329102,0.3510000705718994
11.309000015258789,11.656000137329102,0.3470001220703125
11.318000078201294,11.875,0.556999921798706
11.350000143051147,11.656000137329102,0.3059999942779541
11.355000019073486,11.74399995803833,0.38899993896484375
11.358999967575073,11.656000137329102,0.2970001697540283
11.367000102996826,11.875,0.5079998970031738
11.400000095367432,11.74399995803833,0.34399986267089844
11.40499997138977,11.74399995803833,0.33899998664855957
11.409000158309937,11.74399995803833,0.33499979972839355
11.41700005531311,11.875,0.45799994468688965
11.450999975204468,11.904000043869019,0.4530000686645508
11.456000089645386,11.875,0.41899991035461426
11.45799994468689,11.875,0.41700005531311035
11.467999935150146,11.875,0.4070000648498535
11.5,11.904000043869019,0.40400004386901855
11.505000114440918,11.875,0.36999988555908203
11.509000062942505,11.875,0.3659999370574951
11.51800012588501,11.904000043869019,0.3859999179840088
11.549999952316284,12.013000011444092,0.4630000591278076
11.555000066757202,11.875,0.31999993324279785
11.559000015258789,11.904000043869019,0.3450000286102295
11.567000150680542,11.904000043869019,0.33699989318847656
11.6010000705719,12.013000011444092,0.4119999408721924
11.605000019073486,11.875,0.26999998092651367
11.608999967575073,12.013000011444092,0.40400004386901855
11.617000102996826,11.903000116348267,0.28600001335144043
11.651000022888184,12.013000011444092,0.3619999885559082
11.656000137329102,12.013000011444092,0.35699987411499023
11.659000158309937,12.013000011444092,0.3539998531341553
11.667999982833862,12.325999975204468,0.6579999923706055
11.700000047683716,12.115000009536743,0.41499996185302734
11.706000089645386,12.013000011444092,0.30699992179870605
11.70900011062622,12.013000011444092,0.3039999008178711
11.717999935150146,12.325999975204468,0.6080000400543213
11.75,12.115000009536743,0.36500000953674316
11.755000114440918,12.115000009536743,0.3599998950958252
11.759000062942505,12.115000009536743,0.3559999465942383
11.76800012588501,12.325999975204468,0.557999849319458
11.801000118255615,12.115000009536743,0.31399989128112793
11.805000066757202,12.325000047683716,0.5199999809265137
11.808000087738037,12.325000047683716,0.5169999599456787
11.818000078201294,12.325999975204468,0.5079998970031738
11.8510000705719,12.115000009536743,0.26399993896484375
11.855000019073486,12.325000047683716,0.4700000286102295
11.858999967575073,12.325000047683716,0.4660000801086426
11.867000102996826,12.325999975204468,0.4589998722076416
11.900000095367432,12.325999975204468,0.42599987983703613
11.90499997138977,12.325000047683716,0.4200000762939453
11.909000158309937,12.325000047683716,0.4159998893737793
11.917999982833862,12.325999975204468,0.40799999237060547
11.950000047683716,12.325999975204468,0.37599992752075195
11.954999923706055,12.325000047683716,0.37000012397766113
11.95799994468689,12.325999975204468,0.3680000305175781
11.967999935150146,12.325999975204468,0.3580000400543213
12.0,12.446000099182129,0.4460000991821289
12.005000114440918,12.325000047683716,0.31999993324279785
12.009000062942505,12.325999975204468,0.3169999122619629
12.01800012588501,12.325999975204468,0.307999849319458
12.051000118255615,12.446000099182129,0.39499998092651367
12.055000066757202,12.325000047683716,0.26999998092651367
12.059000015258789,12.44700002670288,0.3880000114440918
12.067000150680542,12.325999975204468,0.2589998245239258
12.100000143051147,12.446000099182129,0.34599995613098145
12.105000019073486,12.446000099182129,0.3410000801086426
12.108000040054321,12.44700002670288,0.33899998664855957
12.117000102996826,12.60700011253357,0.49000000953674316
12.150000095367432,12.446000099182129,0.29600000381469727
12.156000137329102,12.446000099182129,0.28999996185302734
12.160000085830688,12.446000099182129,0.28600001335144043
12.167999982833862,12.60700011253357,0.43900012969970703
12.200000047683716,12.60700011253357,0.4070000648498535
12.204999923706055,12.977999925613403,0.7730000019073486
12.20900011062622,12.446000099182129,0.2369999885559082
12.217999935150146,12.979000091552734,0.7610001564025879
12.25,12.60700011253357,0.35700011253356934
12.255000114440918,12.977999925613403,0.7229998111724854
12.259000062942505,12.60700011253357,0.34800004959106445
12.26800012588501,12.979000091552734,0.7109999656677246
12.301000118255615,12.60700011253357,0.3059999942779541
12.305000066757202,12.977999925613403,0.6729998588562012
12.309000015258789,12.60700011253357,0.2980000972747803
12.317000150680542,12.979000091552734,0.6619999408721924
12.350000143051147,12.977999925613403,0.6279997825622559
12.355000019073486,12.977999925613403,0.622999906539917
12.358999967575073,12.979000091552734,0.6200001239776611
12.368000030517578,12.979000091552734,0.6110000610351562
12.400000095367432,12.979000091552734,0.5789999961853027
12.40499997138977,12.977999925613403,0.5729999542236328
12.409000158309937,12.979000091552734,0.5699999332427979
12.417999982833862,12.979000091552734,0.5610001087188721
12.450999975204468,13.003999948501587,0.5529999732971191
12.454999923706055,12.977999925613403,0.5230000019073486
12.45900011062622,12.979000091552734,0.5199999809265137
12.467000007629395,12.979000091552734,0.5120000839233398
12.500999927520752,13.003999948501587,0.503000020980835
12.505000114440918,12.977999925613403,0.47299981117248535
12.509000062942505,13.003999948501587,0.49499988555908203
12.51800012588501,12.979000091552734,0.4609999656677246
12.549999952316284,13.003999948501587,0.45399999618530273
12.555000066757202,13.003999948501587,0.44899988174438477
12.559000015258789,13.003999948501587,0.44499993324279785
12.568000078201294,13.031000137329102,0.4630000591278076
12.6010000705719,13.003999948501587,0.4029998779296875
12.605000019073486,13.003999948501587,0.3989999294281006
12.608999967575073,13.003999948501587,0.39499998092651367
12.618000030517578,13.031000137329102,0.41300010681152344
12.651000022888184,13.003999948501587,0.3529999256134033
12.65499997138977,13.031000137329102,0.37600016593933105
12.659000158309937,13.003999948501587,0.3449997901916504
12.66700005531311,13.467999935150146,0.8009998798370361
12.700000047683716,13.031000137329102,0.33100008964538574
12.704999923706055,13.467999935150146,0.7630000114440918
12.70900011062622,13.467999935150146,0.7589998245239258
12.717000007629395,13.467999935150146,0.750999927520752
12.75,13.467999935150146,0.7179999351501465
12.755000114440918,13.467999935150146,0.7129998207092285
12.759000062942505,13.467999935150146,0.7089998722076416
12.766999959945679,13.467000007629395,0.7000000476837158
12.799999952316284,13.469000101089478,0.6690001487731934
12.805999994277954,13.467999935150146,0.6619999408721924
12.809000015258789,13.467999935150146,0.6589999198913574
12.818000078201294,13.467999935150146,0.6499998569488525
12.850000143051147,13.469000101089478,0.6189999580383301
12.855000019073486,13.467999935150146,0.6129999160766602
12.858999967575073,13.469000101089478,0.6100001335144043
12.868000030517578,13.469000101089478,0.6010000705718994
12.901000022888184,13.469000101089478,0.568000078201294
12.90499997138977,13.467999935150146,0.562999963760376
12.909000158309937,13.469000101089478,0.559999942779541
12.917999982833862,13.516999959945679,0.5989999771118164
12.950000047683716,13.469000101089478,0.5190000534057617
12.954999923706055,13.467999935150146,0.5130000114440918
12.95900011062622,13.469000101089478,0.5099999904632568
12.967000007629395,13.516999959945679,0.5499999523162842
13.0,13.469000101089478,0.46900010108947754
13.00600004196167,13.469000101089478,0.4630000591278076
13.009000062942505,13.469000101089478,0.46000003814697266
13.016999959945679,13.671000003814697,0.6540000438690186
13.051000118255615,13.516999959945679,0.4659998416900635
13.055000066757202,13.469000101089478,0.4140000343322754
13.059000015258789,13.469000101089478,0.4100000858306885
13.068000078201294,13.671000003814697,0.6029999256134033
13.1010000705719,13.516000032424927,0.41499996185302734
13.105000019073486,13.671000003814697,0.5659999847412109
13.108999967575073,13.516999959945679,0.40799999237060547
13.118000030517578,13.671000003814697,0.5529999732971191
13.151000022888184,13.516999959945679,0.3659999370574951
13.15499997138977,13.670000076293945,0.5150001049041748
13.159000158309937,13.516999959945679,0.3579998016357422
13.167999982833862,13.671000003814697,0.503000020980835
13.200000047683716,13.671000003814697,0.47099995613098145
13.204999923706055,13.670000076293945,0.4650001525878906
13.20900011062622,13.671000003814697,0.46199989318847656
13.217000007629395,13.671000003814697,0.45399999618530273
13.25,13.671000003814697,0.42100000381469727
13.255000114440918,13.670000076293945,0.41499996185302734
13.259000062942505,13.671000003814697,0.4119999408721924
13.266999959945679,13.671000003814697,0.40400004386901855
13.299999952316284,13.712000131607056,0.4120001792907715
13.305999994277954,13.670000076293945,0.3640000820159912
13.309000015258789,13.712000131607056,0.4030001163482666
13.318000078201294,13.671000003814697,0.3529999256134033
13.3510000705719,13.712000131607056,0.36100006103515625
13.355000019073486,13.670000076293945,0.315000057220459
13.358999967575073,13.712000131607056,0.3530001640319824
13.368000030517578,13.712000131607056,0.34400010108947754
13.400000095367432,13.831000089645386,0.4309999942779541
13.40499997138977,13.670000076293945,0.2650001049041748
13.407999992370605,13.831000089645386,0.4230000972747803
13.41700005531311,13.712000131607056,0.2950000762939453
13.450000047683716,13.831000089645386,0.3810000419616699
13.454999923706055,13.831000089645386,0.37600016593933105
13.45900011062622,13.831000089645386,0.37199997901916504
13.467999935150146,13.934999942779541,0.46700000762939453
13.5,13.831000089645386,0.33100008964538574
13.50600004196167,13.831000089645386,0.3250000476837158
13.509000062942505,13.831000089645386,0.32200002670288086
13.51800012588501,13.934999942779541,0.41699981689453125
13.551000118255615,13.831000089645386,0.2799999713897705
13.555000066757202,14.069000005722046,0.5139999389648438
13.559000015258789,13.831000089645386,0.2720000743865967
13.568000078201294,14.069000005722046,0.500999927520752
13.6010000705719,13.934999942779541,0.3339998722076416
13.605000019073486,14.069000005722046,0.46399998664855957
13.608999967575073,13.934999942779541,0.3259999752044678
13.618000030517578,14.068000078201294,0.4500000476837158
13.650000095367432,14.069000005722046,0.41899991035461426
13.65499997138977,14.069000005722046,0.4140000343322754
13.659000158309937,14.069000005722046,0.4099998474121094
13.66700005531311,14.068000078201294,0.4010000228881836
13.700000047683716,14.069000005722046,0.3689999580383301
13.704999923706055,14.069000005722046,0.3640000820159912
13.70900011062622,14.069000005722046,0.3599998950958252
13.717999935150146,14.068000078201294,0.35000014305114746
13.750999927520752,14.174000024795532,0.4230000972747803
13.755000114440918,14.069000005722046,0.31399989128112793
13.759000062942505,14.174999952316284,0.4159998893737793
13.76800012588501,14.069000005722046,0.30099987983703613
13.799999952316284,14.174000024795532,0.37400007247924805
13.805999994277954,14.069000005722046,0.2630000114440918
13.809000015258789,14.174000024795532,0.36500000953674316
13.818000078201294,14.354000091552734,0.5360000133514404
13.850000143051147,14.174000024795532,0.32399988174438477
13.855000019073486,14.069999933242798,0.21499991416931152
13.858999967575073,14.174000024795532,0.315000057220459
13.868000030517578,14.354000091552734,0.48600006103515625
13.900000095367432,14.174000024795532,0.2739999294281006
13.90499997138977,14.174000024795532,0.2690000534057617
13.909000158309937,14.174000024795532,0.2649998664855957
13.91700005531311,14.538000106811523,0.6210000514984131
13.950999975204468,14.354000091552734,0.4030001163482666
13.954999923706055,14.174000024795532,0.21900010108947754
13.95900011062622,14.174000024795532,0.21499991416931152
13.967000007629395,14.536999940872192,0.5699999332427979
14.0,14.354000091552734,0.3540000915527344
14.005000114440918,14.354000091552734,0.3489999771118164
14.009000062942505,14.538000106811523,0.5290000438690186
14.016999959945679,14.536999940872192,0.5199999809265137
14.049999952316284,14.354000091552734,0.3040001392364502
14.055000066757202,14.536999940872192,0.48199987411499023
14.058000087738037,14.538000106811523,0.48000001907348633
14.068000078201294,14.536999940872192,0.46899986267089844
14.1010000705719,14.539999961853027,0.43899989128112793
14.105999946594238,14.536999940872192,0.4309999942779541
14.108999967575073,14.539999961853027,0.4309999942779541
14.118000030517578,14.536999940872192,0.41899991035461426
14.151000022888184,14.621000051498413,0.4700000286102295
14.15499997138977,14.536999940872192,0.3819999694824219
14.159000158309937,14.621999979019165,0.4629998207092285
14.167999982833862,14.536999940872192,0.3689999580383301
14.200000047683716,14.621000051498413,0.42100000381469727
14.204999923706055,14.536999940872192,0.3320000171661377
14.20799994468689,14.621999979019165,0.4140000343322754
14.217000007629395,14.539999961853027,0.3229999542236328
14.25,14.621000051498413,0.3710000514984131
14.255000114440918,14.621000051498413,0.3659999370574951
14.259000062942505,14.621999979019165,0.36299991607666016
14.266999959945679,14.786999940872192,0.5199999809265137
14.301000118255615,14.621000051498413,0.31999993324279785
14.305000066757202,14.621000051498413,0.31599998474121094
14.309000015258789,14.621000051498413,0.312000036239624
14.318000078201294,14.78600001335144,0.4679999351501465
14.3510000705719,14.786999940872192,0.43599987030029297
14.355000019073486,14.913000106811523,0.5580000877380371
14.358999967575073,14.786999940872192,0.42799997329711914
14.368000030517578,14.913000106811523,0.5450000762939453
14.400000095367432,14.786999940872192,0.38699984550476074
14.40499997138977,14.913000106811523,0.5080001354217529
14.409000158309937,14.786999940872192,0.37799978256225586
14.41700005531311,14.913000106811523,0.4960000514984131
14.450000047683716,14.786999940872192,0.33699989318847656
14.454999923706055,14.913000106811523,0.45800018310546875
14.45900011062622,14.913000106811523,0.45399999618530273
14.467000007629395,14.911999940872192,0.44499993324279785
14.5,15.035000085830688,0.5350000858306885
14.505000114440918,14.913000106811523,0.40799999237060547
14.509000062942505,15.035000085830688,0.5260000228881836
14.516999959945679,14.911999940872192,0.39499998092651367
14.551000118255615,15.035000085830688,0.48399996757507324
14.555000066757202,14.913000106811523,0.3580000400543213
14.559000015258789,15.035000085830688,0.4760000705718994
14.568000078201294,15.034000158309937,0.4660000801086426
14.6010000705719,15.108000040054321,0.5069999694824219
14.605000019073486,14.913000106811523,0.3080000877380371
14.608999967575073,15.108000040054321,0.49900007247924805
14.618000030517578,15.034000158309937,0.4160001277923584
14.650000095367432,15.108000040054321,0.45799994468688965
14.65499997138977,14.913000106811523,0.25800013542175293
14.659000158309937,15.108000040054321,0.44899988174438477
14.667999982833862,15.108000040054321,0.440000057220459
14.700000047683716,15.10700011253357,0.4070000648498535
14.706000089645386,15.108000040054321,0.40199995040893555
14.70900011062622,15.108000040054321,0.3989999294281006
14.717000007629395,15.108000040054321,0.39100003242492676
14.750999927520752,15.10700011253357,0.3560001850128174
14.755000114440918,15.480000019073486,0.7249999046325684
14.759000062942505,15.108000040054321,0.3489999771118164
14.766999959945679,15.108000040054321,0.3410000801086426
14.799999952316284,15.108000040054321,0.3080000877380371
14.805000066757202,15.480000019073486,0.6749999523162842
14.809000015258789,15.108000040054321,0.2990000247955322
14.818000078201294,15.480000019073486,0.6619999408721924
14.850000143051147,15.480000019073486,0.6299998760223389
14.855000019073486,15.480000019073486,0.625
14.858999967575073,15.480999946594238,0.621999979019165
14.868000030517578,15.480000019073486,0.6119999885559082
14.901000022888184,15.480000019073486,0.5789999961853027
14.90499997138977,15.480000019073486,0.5750000476837158
14.909000158309937,15.480999946594238,0.5719997882843018
14.917999982833862,15.480999946594238,0.562999963760376
14.950000047683716,15.480999946594238,0.5309998989105225
14.954999923706055,15.480000019073486,0.5250000953674316
14.95900011062622,15.480999946594238,0.5219998359680176
14.967999935150146,15.480999946594238,0.5130000114440918
15.0,15.523000001907349,0.5230000019073486
15.00600004196167,15.480000019073486,0.4739999771118164
15.009000062942505,15.480999946594238,0.4719998836517334
15.016999959945679,15.480000019073486,0.4630000591278076
15.051000118255615,15.523000001907349,0.4719998836517334
15.055000066757202,15.523000001907349,0.4679999351501465
15.059000015258789,15.523000001907349,0.46399998664855957
15.067000150680542,15.480999946594238,0.4139997959136963
15.1010000705719,15.523000001907349,0.4219999313354492
15.105000019073486,15.523000001907349,0.4179999828338623
15.108999967575073,15.523000001907349,0.4140000343322754
15.118000030517578,15.792999982833862,0.6749999523162842
15.150000095367432,15.523000001907349,0.372999906539917
15.15499997138977,15.776999950408936,0.621999979019165
15.159000158309937,15.523000001907349,0.3639998435974121
15.167999982833862,15.792999982833862,0.625
15.200000047683716,15.778000116348267,0.5780000686645508
15.20799994468689,15.776999950408936,0.5690000057220459
15.20900011062622,15.778000116348267,0.5690000057220459
15.217999935150146,15.792999982833862,0.5750000476837158
15.25,15.776999950408936,0.5269999504089355
15.255000114440918,15.79200005531311,0.5369999408721924
15.259000062942505,15.778000116348267,0.5190000534057617
15.266999959945679,15.792999982833862,0.5260000228881836
15.301000118255615,15.792999982833862,0.49199986457824707
15.305000066757202,15.79200005531311,0.4869999885559082
15.309000015258789,15.79200005531311,0.4830000400543213
15.318000078201294,15.792999982833862,0.47499990463256836
15.350000143051147,16.04200005531311,0.6919999122619629
15.355000019073486,15.79200005531311,0.437000036239624
15.358999967575073,15.949000120162964,0.5900001525878906
15.368000030517578,15.949000120162964,0.5810000896453857
15.400000095367432,16.04200005531311,0.6419999599456787
15.40499997138977,15.79200005531311,0.38700008392333984
15.409000158309937,15.949000120162964,0.5399999618530273
15.417999982833862,15.949000120162964,0.5310001373291016
15.450999975204468,16.04200005531311,0.5910000801086426
15.454999923706055,15.79200005531311,0.33700013160705566
15.45900011062622,15.949000120162964,0.49000000953674316
15.467999935150146,15.949000120162964,0.4810001850128174
15.500999927520752,16.04200005531311,0.5410001277923584
15.505000114440918,15.949000120162964,0.4440000057220459
15.509000062942505,16.042999982833862,0.5339999198913574
15.516999959945679,15.949000120162964,0.43200016021728516
15.549999952316284,16.04200005531311,0.49200010299682617
15.555000066757202,15.949000120162964,0.3940000534057617
15.559000015258789,16.04200005531311,0.4830000400543213
15.568000078201294,16.189000129699707,0.6210000514984131
15.600000143051147,16.04200005531311,0.4419999122619629
15.605000019073486,16.04200005531311,0.437000036239624
15.608999967575073,16.042999982833862,0.43400001525878906
15.618000030517578,16.236999988555908,0.6189999580383301
15.650000095367432,16.04200005531311,0.3919999599456787
15.65499997138977,16.04200005531311,0.38700008392333984
15.659000158309937,16.04200005531311,0.38299989700317383
15.667999982833862,16.236999988555908,0.5690000057220459
15.700999975204468,16.189000129699707,0.48800015449523926
15.704999923706055,16.23800015449524,0.5330002307891846
15.70900011062622,16.189000129699707,0.48000001907348633
15.717000007629395,16.236999988555908,0.5199999809265137
15.750999927520752,16.189000129699707,0.4380002021789551
15.75600004196167,16.23800015449524,0.48200011253356934
15.759000062942505,16.258000135421753,0.49900007247924805
15.766999959945679,16.236999988555908,0.4700000286102295
15.799999952316284,16.23800015449524,0.4380002021789551
15.805000066757202,16.23800015449524,0.4330000877380371
15.809000015258789,16.258000135421753,0.44900012016296387
15.818000078201294,16.256999969482422,0.43899989128112793
15.8510000705719,16.258000135421753,0.4070000648498535
15.855000019073486,16.23800015449524,0.38300013542175293
15.858999967575073,16.256999969482422,0.39800000190734863
15.868000030517578,16.256999969482422,0.38899993896484375
15.901000022888184,16.31500005722046,0.4140000343322754
15.906000137329102,16.23800015449524,0.3320000171661377
15.907999992370605,16.31599998474121,0.40799999237060547
15.91700005531311,16.256999969482422,0.3399999141693115
15.950999975204468,16.31500005722046,0.3640000820159912
15.954999923706055,16.31500005722046,0.3600001335144043
15.95900011062622,16.31599998474121,0.35699987411499023
15.967999935150146,16.256999969482422,0.2890000343322754
16.0,16.31500005722046,0.315000057220459
16.005000114440918,16.31500005722046,0.309999942779541
16.008000135421753,16.31500005722046,0.30699992179870605
16.01800012588501,16.66600012779236,0.6480000019073486
16.049999952316284,16.66600012779236,0.6160001754760742
16.055000066757202,16.66600012779236,0.6110000610351562
16.05900001525879,16.31500005722046,0.2560000419616699
16.068000078201294,16.69000005722046,0.621999979019165
16.1010000705719,16.66600012779236,0.565000057220459
16.10599994659424,16.66600012779236,0.5600001811981201
16.108999967575073,16.69000005722046,0.5810000896453857
16.118000030517578,16.69000005722046,0.5720000267028809
16.151000022888184,16.66600012779236,0.5150001049041748
16.15499997138977,16.69099998474121,0.5360000133514404
16.159000158309937,16.69000005722046,0.5309998989105225
16.16700005531311,16.69000005722046,0.5230000019073486
16.200999975204468,16.69099998474121,0.49000000953674316
16.204999923706055,16.69099998474121,0.48600006103515625
16.20900011062622,16.69099998474121,0.48199987411499023
16.217999935150146,16.69000005722046,0.4720001220703125
16.25,16.69099998474121,0.44099998474121094
16.255000114440918,16.69099998474121,0.43599987030029297
16.259000062942505,16.69099998474121,0.43199992179870605
16.26800012588501,16.69099998474121,0.42299985885620117
16.299999952316284,16.759999990463257,0.46000003814697266
16.305999994277954,16.69099998474121,0.38499999046325684
16.30900001525879,16.69099998474121,0.3819999694824219
16.318000078201294,16.69099998474121,0.372999906539917
16.3510000705719,16.759999990463257,0.4089999198913574
16.355000019073486,16.69099998474121,0.3359999656677246
16.35800004005432,16.761000156402588,0.4030001163482666
16.367000102996826,16.761000156402588,0.3940000534057617
16.401000022888184,16.759999990463257,0.35899996757507324
16.40499997138977,17.07200002670288,0.6670000553131104
16.409000158309937,16.761000156402588,0.35199999809265137
16.417999982833862,16.761000156402588,0.3430001735687256
16.450000047683716,16.759999990463257,0.309999942779541
16.454999923706055,17.07200002670288,0.6170001029968262
16.45900011062622,16.761000156402588,0.3020000457763672
16.467999935150146,17.07200002670288,0.6040000915527344
16.500999927520752,16.759999990463257,0.2590000629425049
16.505000114440918,17.07200002670288,0.5669999122619629
16.509000062942505,16.761000156402588,0.252000093460083
16.51699995994568,17.140000104904175,0.6230001449584961
16.551000118255615,17.07200002670288,0.5209999084472656
16.555000066757202,17.07200002670288,0.5169999599456787
16.55900001525879,17.07200002670288,0.5130000114440918
16.567000150680542,17.140000104904175,0.5729999542236328
16.600000143051147,17.07200002670288,0.4719998836517334
16.605000019073486,17.141000032424927,0.5360000133514404
16.608999967575073,17.140000104904175,0.5310001373291016
16.618000030517578,17.140000104904175,0.5220000743865967
16.65000009536743,17.141000032424927,0.4909999370574951
16.65499997138977,17.141000032424927,0.48600006103515625
16.659000158309937,17.140000104904175,0.4809999465942383
16.667999982833862,17.140000104904175,0.4720001220703125
16.700000047683716,17.141000032424927,0.44099998474121094
16.704999923706055,17.141000032424927,0.43600010871887207
16.70900011062622,17.141000032424927,0.43199992179870605
16.717000007629395,17.141000032424927,0.4240000247955322
16.750999927520752,17.36400008201599,0.6130001544952393
16.755000114440918,17.140000104904175,0.38499999046325684
16.759000062942505,17.141000032424927,0.3819999694824219
16.76699995994568,17.141000032424927,0.37400007247924805
16.799999952316284,17.36400008201599,0.564000129699707
16.805000066757202,17.140000104904175,0.33500003814697266
16.808000087738037,17.36400008201599,0.5559999942779541
16.817000150680542,17.477999925613403,0.6609997749328613
16.850000143051147,17.36400008201599,0.5139999389648438
16.855000019073486,17.36400008201599,0.5090000629425049
16.858999967575073,17.36400008201599,0.505000114440918
16.868000030517578,17.477999925613403,0.6099998950958252
16.901000022888184,17.36300015449524,0.46200013160705566
16.90499997138977,17.36400008201599,0.4590001106262207
16.909000158309937,17.36400008201599,0.4549999237060547
16.917999982833862,17.47699999809265,0.5590000152587891
16.950999975204468,17.477999925613403,0.5269999504089355
16.954999923706055,17.511000156402588,0.5560002326965332
16.95900011062622,17.477999925613403,0.5189998149871826
16.967999935150146,17.511000156402588,0.5430002212524414
17.0,17.623000144958496,0.6230001449584961
17.00600004196167,17.511000156402588,0.505000114440918
17.009000062942505,17.477999925613403,0.46899986267089844
17.01699995994568,17.51200008392334,0.49500012397766113
17.049999952316284,17.623000144958496,0.5730001926422119
17.055000066757202,17.511000156402588,0.45600008964538574
17.05900001525879,17.51200008392334,0.4530000686645508
17.068000078201294,17.621999979019165,0.5539999008178711
17.100000143051147,17.693000078201294,0.5929999351501465
17.105000019073486,17.511000156402588,0.40600013732910156
17.108999967575073,17.621999979019165,0.5130000114440918
17.118000030517578,17.621999979019165,0.5039999485015869
17.151000022888184,17.693000078201294,0.5420000553131104
17.1560001373291,17.511000156402588,0.35500001907348633
17.159000158309937,17.693000078201294,0.5339999198913574
17.167999982833862,17.621999979019165,0.45399999618530273
17.200999975204468,17.693000078201294,0.49200010299682617
17.204999923706055,17.692000150680542,0.4870002269744873
17.20900011062622,17.693000078201294,0.48399996757507324
17.217999935150146,17.621999979019165,0.40400004386901855
17.25,17.693000078201294,0.44300007820129395
17.255000114440918,17.692000150680542,0.437000036239624
17.259000062942505,17.693000078201294,0.43400001525878906
17.26699995994568,17.710999965667725,0.4440000057220459
17.299999952316284,17.710999965667725,0.41100001335144043
17.305000066757202,17.842999935150146,0.5379998683929443
17.30900001525879,17.693000078201294,0.3840000629425049
17.318000078201294,17.710999965667725,0.39299988746643066
17.350000143051147,17.712000131607056,0.3619999885559082
17.355000019073486,17.842999935150146,0.48799991607666016
17.358999967575073,17.693000078201294,0.3340001106262207
17.368000030517578,17.842999935150146,0.47499990463256836
17.401000022888184,17.710999965667725,0.309999942779541
17.4060001373291,17.842999935150146,0.4369997978210449
17.409000158309937,17.710999965667725,0.3019998073577881
17.417999982833862,17.842999935150146,0.4249999523162842
17.450999975204468,17.842999935150146,0.3919999599456787
17.454999923706055,17.842999935150146,0.3880000114440918
17.45900011062622,17.865999937057495,0.4069998264312744
17.467000007629395,17.842999935150146,0.37599992752075195
17.5,18.06599998474121,0.5659999847412109
17.505000114440918,17.842999935150146,0.3379998207092285
17.509000062942505,18.06599998474121,0.556999921798706
17.51699995994568,17.865999937057495,0.3489999771118164
17.549999952316284,18.06599998474121,0.5160000324249268
17.555000066757202,17.842000007629395,0.2869999408721924
17.55900001525879,18.06599998474121,0.5069999694824219
17.568000078201294,17.865999937057495,0.29799985885620117
17.600000143051147,18.06500005722046,0.4649999141693115
17.60599994659424,17.865999937057495,0.25999999046325684
17.608999967575073,18.06599998474121,0.4570000171661377
17.618000030517578,18.06599998474121,0.4479999542236328
17.651000022888184,18.06500005722046,0.4140000343322754
17.65499997138977,18.115000009536743,0.46000003814697266
17.659000158309937,18.06599998474121,0.4069998264312744
17.667999982833862,18.06599998474121,0.39800000190734863
17.700999975204468,18.06500005722046,0.3640000820159912
17.704999923706055,18.115000009536743,0.4100000858306885
17.70900011062622,18.06599998474121,0.35699987411499023
17.717999935150146,18.250999927520752,0.5329999923706055
17.75,18.06500005722046,0.315000057220459
17.755000114440918,18.25,0.49499988555908203
17.759000062942505,18.06599998474121,0.30699992179870605
17.76800012588501,18.250999927520752,0.4829998016357422
17.799999952316284,18.115000009536743,0.315000057220459
17.805000066757202,18.25,0.44499993324279785
17.80900001525879,18.115000009536743,0.3059999942779541
17.817000150680542,18.250999927520752,0.43399977684020996
17.8510000705719,18.60599994659424,0.7549998760223389
17.855000019073486,18.25,0.39499998092651367
17.858999967575073,18.250999927520752,0.3919999599456787
17.868000030517578,18.250999927520752,0.38299989700317383
17.901000022888184,18.60599994659424,0.7049999237060547
17.90499997138977,18.25,0.3450000286102295
17.909000158309937,18.250999927520752,0.34199976921081543
17.917999982833862,18.25,0.3320000171661377
17.950000047683716,18.60599994659424,0.6559998989105225
17.954999923706055,18.25,0.2950000762939453
17.95900011062622,18.47699999809265,0.5179998874664307
17.967000007629395,18.47699999809265,0.5099999904632568
18.0,18.605000019073486,0.6050000190734863
18.005000114440918,18.25,0.24499988555908203
18.009000062942505,18.60599994659424,0.5969998836517334
18.01800012588501,18.47699999809265,0.4589998722076416
18.051000118255615,18.605000019073486,0.5539999008178711
18.055000066757202,18.47699999809265,0.4219999313354492
18.05900001525879,18.60599994659424,0.5469999313354492
18.068000078201294,18.694999933242798,0.6269998550415039
18.1010000705719,18.605000019073486,0.5039999485015869
18.105000019073486,18.60599994659424,0.500999927520752
18.108999967575073,18.60599994659424,0.49699997901916504
18.118000030517578,18.694999933242798,0.5769999027252197
18.15000009536743,18.605000019073486,0.4549999237060547
18.15499997138977,18.60599994659424,0.4509999752044678
18.157999992370605,18.60599994659424,0.4479999542236328
18.167999982833862,18.73200011253357,0.564000129699707
18.200000047683716,18.694999933242798,0.49499988555908203
18.204999923706055,18.73200011253357,0.5270001888275146
18.20900011062622,18.694999933242798,0.48599982261657715
18.217000007629395,18.73200011253357,0.5150001049041748
18.250999927520752,18.77900004386902,0.5280001163482666
18.255000114440918,18.73200011253357,0.47699999809265137
18.259000062942505,18.69600009918213,0.437000036239624
18.26800012588501,18.73200011253357,0.46399998664855957
18.301000118255615,18.77900004386902,0.4779999256134033
18.305999994277954,18.73200011253357,0.42600011825561523
18.30900001525879,18.73200011253357,0.4230000972747803
18.318000078201294,18.73200011253357,0.4140000343322754
18.350000143051147,18.77900004386902,0.4289999008178711
18.355000019073486,18.73200011253357,0.377000093460083
18.358999967575073,18.77900004386902,0.4200000762939453
18.368000030517578,18.73200011253357,0.3640000820159912
18.40000009536743,18.77900004386902,0.3789999485015869
18.40499997138977,18.73200011253357,0.32700014114379883
18.409000158309937,18.868000030517578,0.4589998722076416
18.41700005531311,18.77900004386902,0.3619999885559082
18.450000047683716,18.867000102996826,0.41700005531311035
18.454999923706055,18.73200011253357,0.27700018882751465
18.45900011062622,18.868000030517578,0.4089999198913574
18.467000007629395,18.77900004386902,0.312000036239624
18.500999927520752,18.867000102996826,0.3660001754760742
18.505000114440918,18.867000102996826,0.3619999885559082
18.509000062942505,18.867000102996826,0.3580000400543213
18.51800012588501,18.924999952316284,0.4069998264312744
18.549999952316284,18.924999952316284,0.375
18.555000066757202,18.924000024795532,0.3689999580383301
18.55900001525879,18.867000102996826,0.3080000877380371
18.568000078201294,18.924999952316284,0.35699987411499023
18.600000143051147,18.924999952316284,0.3249998092651367
18.605000019073486,18.924999952316284,0.31999993324279785
18.608999967575073,18.867000102996826,0.25800013542175293
18.618000030517578,19.078999996185303,0.4609999656677246
18.651000022888184,18.924999952316284,0.2739999294281006
18.6560001373291,19.078999996185303,0.42299985885620117
18.659000158309937,19.078999996185303,0.4199998378753662
18.66700005531311,19.078999996185303,0.4119999408721924
18.700999975204468,19.25600004196167,0.5550000667572021
18.704999923706055,19.078999996185303,0.37400007247924805
18.70900011062622,19.25600004196167,0.5469999313354492
18.717000007629395,19.25600004196167,0.5390000343322754
18.75,19.25600004196167,0.5060000419616699
18.755000114440918,19.078999996185303,0.32399988174438477
18.759000062942505,19.276999950408936,0.5179998874664307
18.76800012588501,19.25600004196167,0.48799991607666016
18.801000118255615,19.276999950408936,0.4759998321533203
18.805000066757202,19.078999996185303,0.2739999294281006
18.80900001525879,19.276999950408936,0.4679999351501465
18.818000078201294,19.25600004196167,0.437999963760376
18.8510000705719,19.276999950408936,0.42599987983703613
18.855000019073486,19.276999950408936,0.4219999313354492
18.858999967575073,19.276999950408936,0.4179999828338623
18.868000030517578,19.33299994468689,0.4649999141693115
18.90000009536743,19.276999950408936,0.3769998550415039
18.90499997138977,19.42900013923645,0.5240001678466797
18.909000158309937,19.276999950408936,0.367999792098999
18.91700005531311,19.33299994468689,0.4159998893737793
18.950000047683716,19.33299994468689,0.38299989700317383
18.954999923706055,19.42900013923645,0.4740002155303955
18.95799994468689,19.276999950408936,0.3190000057220459
18.967000007629395,19.42799997329712,0.4609999656677246
19.0,19.33299994468689,0.33299994468688965
19.005000114440918,19.42799997329712,0.42299985885620117
19.009000062942505,19.33299994468689,0.32399988174438477
19.01800012588501,19.42799997329712,0.4099998474121094
19.051000118255615,19.638999938964844,0.5879998207092285
19.055999994277954,19.42799997329712,0.37199997901916504
19.05900001525879,19.42799997329712,0.3689999580383301
19.068000078201294,19.42799997329712,0.3599998950958252
19.100000143051147,19.638999938964844,0.5389997959136963
19.105000019073486,19.42799997329712,0.3229999542236328
19.108999967575073,19.490000009536743,0.3810000419616699
19.118000030517578,19.42799997329712,0.309999942779541
19.15000009536743,19.638999938964844,0.4889998435974121
19.15499997138977,19.42799997329712,0.27300000190734863
19.159000158309937,19.490000009536743,0.33099985122680664
19.16700005531311,19.490000009536743,0.3229999542236328
19.200000047683716,19.638999938964844,0.43899989128112793
19.204999923706055,19.490000009536743,0.2850000858306885
19.20900011062622,19.638999938964844,0.42999982833862305
19.217000007629395,19.638999938964844,0.4219999313354492
19.250999927520752,19.638999938964844,0.3880000114440918
19.25600004196167,19.490000009536743,0.23399996757507324
19.259000062942505,19.638999938964844,0.37999987602233887
19.26800012588501,19.638999938964844,0.370999813079834
19.301000118255615,19.638000011444092,0.33699989318847656
19.305000066757202,19.91000008583069,0.6050000190734863
19.30900001525879,19.638999938964844,0.3299999237060547
19.318000078201294,20.055999994277954,0.7379999160766602
19.350000143051147,19.638000011444092,0.28799986839294434
19.355000019073486,19.91000008583069,0.5550000667572021
19.358999967575073,19.638999938964844,0.2799999713897705
19.368000030517578,20.055999994277954,0.687999963760376
19.40000009536743,19.91000008583069,0.5099999904632568
19.40499997138977,20.055000066757202,0.6500000953674316
19.409000158309937,19.91000008583069,0.500999927520752
19.41700005531311,20.055999994277954,0.6389999389648438
19.450999975204468,20.055000066757202,0.6040000915527344
19.454999923706055,20.055000066757202,0.6000001430511475
19.45900011062622,20.055999994277954,0.5969998836517334
19.467999935150146,20.055000066757202,0.5870001316070557
19.500999927520752,20.067000150680542,0.56600022315979
19.50600004196167,20.055000066757202,0.5490000247955322
19.509000062942505,20.055999994277954,0.5469999313354492
19.51800012588501,20.055000066757202,0.5369999408721924
19.549999952316284,20.067000150680542,0.5170001983642578
19.555000066757202,20.055000066757202,0.5
19.55900001525879,20.055999994277954,0.49699997901916504
19.568000078201294,20.055000066757202,0.4869999885559082
19.600000143051147,20.067000150680542,0.46700000762939453
19.605000019073486,20.055000066757202,0.4500000476837158
19.608999967575073,20.068000078201294,0.4590001106262207
19.617000102996826,20.055999994277954,0.43899989128112793
19.651000022888184,20.067000150680542,0.4160001277923584
19.65499997138977,20.055999994277954,0.4010000228881836
19.659000158309937,20.068000078201294,0.4089999198913574
19.66700005531311,20.10800004005432,0.44099998474121094
19.700000047683716,20.067000150680542,0.36700010299682617
19.704999923706055,20.055999994277954,0.3510000705718994
19.70799994468689,20.067000150680542,0.35900020599365234
19.717999935150146,20.10800004005432,0.3900001049041748
19.75,20.067000150680542,0.317000150680542
19.755000114440918,20.067000150680542,0.312000036239624
19.759000062942505,20.067000150680542,0.3080000877380371
19.76800012588501,20.286999940872192,0.5189998149871826
19.799999952316284,20.10800004005432,0.3080000877380371
19.805000066757202,20.286999940872192,0.48199987411499023
19.80900001525879,20.108999967575073,0.2999999523162842
19.817000150680542,20.286999940872192,0.4699997901916504
19.8510000705719,20.10800004005432,0.2569999694824219
19.855000019073486,20.286999940872192,0.43199992179870605
19.858999967575073,20.108999967575073,0.25
19.867000102996826,20.286999940872192,0.4199998378753662
19.901000022888184,20.286999940872192,0.3859999179840088
19.90499997138977,20.28600001335144,0.3810000419616699
19.909000158309937,20.292999982833862,0.3839998245239258
19.917999982833862,20.286999940872192,0.3689999580383301
19.950000047683716,20.374000072479248,0.4240000247955322
19.954999923706055,20.28600001335144,0.33100008964538574
19.95900011062622,20.374000072479248,0.41499996185302734
19.967999935150146,20.292999982833862,0.3250000476837158
20.0,20.374000072479248,0.37400007247924805
20.00600004196167,20.294000148773193,0.28800010681152344
20.009000062942505,20.374000072479248,0.36500000953674316
20.01699995994568,20.292999982833862,0.2760000228881836
20.051000118255615,20.374000072479248,0.3229999542236328
20.055000066757202,20.294000148773193,0.2390000820159912
20.05900001525879,20.374000072479248,0.315000057220459
20.068000078201294,20.374000072479248,0.3059999942779541
20.1010000705719,20.374000072479248,0.27300000190734863
20.105000019073486,20.723000049591064,0.6180000305175781
20.108999967575073,20.374000072479248,0.2650001049041748
20.118000030517578,20.73800015449524,0.6200001239776611
20.15000009536743,20.723000049591064,0.5729999542236328
20.15499997138977,20.723000049591064,0.568000078201294
20.159000158309937,20.723000049591064,0.5639998912811279
20.16700005531311,20.73800015449524,0.5710000991821289
20.200000047683716,20.723000049591064,0.5230000019073486
20.204999923706055,20.736999988555908,0.5320000648498535
20.20799994468689,20.723000049591064,0.5150001049041748
20.217000007629395,20.736999988555908,0.5199999809265137
20.25,20.83400011062622,0.5840001106262207
20.25600004196167,20.736999988555908,0.4809999465942383
20.259000062942505,20.73800015449524,0.4790000915527344
20.26800012588501,20.73800015449524,0.4700000286102295
20.301000118255615,20.986999988555908,0.685999870300293
20.305000066757202,20.736999988555908,0.43199992179870605
20.30900001525879,20.83400011062622,0.5250000953674316
20.318000078201294,20.83400011062622,0.5160000324249268
20.350000143051147,20.986000061035156,0.6359999179840088
20.355000019073486,20.736999988555908,0.3819999694824219
20.358999967575073,20.83400011062622,0.47500014305114746
20.367000102996826,20.83400011062622,0.46700000762939453
20.40000009536743,20.986999988555908,0.5869998931884766
20.40499997138977,20.736999988555908,0.3320000171661377
20.409000158309937,20.986999988555908,0.5779998302459717
20.41700005531311,20.83400011062622,0.41700005531311035
20.450000047683716,20.986000061035156,0.5360000133514404
20.454999923706055,20.986999988555908,0.5320000648498535
20.45900011062622,20.986999988555908,0.5279998779296875
20.467999935150146,20.83400011062622,0.3660001754760742
20.500999927520752,21.005000114440918,0.504000186920166
20.505000114440918,20.986999988555908,0.48199987411499023
20.509000062942505,20.986999988555908,0.4779999256134033
20.51800012588501,21.005000114440918,0.4869999885559082
20.551000118255615,21.005000114440918,0.45399999618530273
20.555000066757202,21.005000114440918,0.4500000476837158
20.55900001525879,20.986999988555908,0.42799997329711914
20.567000150680542,21.308000087738037,0.7409999370574951
20.600000143051147,21.005000114440918,0.4049999713897705
20.605000019073486,21.005000114440918,0.40000009536743164
20.608999967575073,21.005000114440918,0.3960001468658447
20.617000102996826,21.308000087738037,0.6909999847412109
20.65000009536743,21.005000114440918,0.35500001907348633
20.6560001373291,21.308000087738037,0.6519999504089355
20.659000158309937,21.308000087738037,0.6489999294281006
20.667999982833862,21.308000087738037,0.6400001049041748
20.700000047683716,21.30900001525879,0.6089999675750732
20.704999923706055,21.308000087738037,0.6030001640319824
20.70799994468689,21.308000087738037,0.6000001430511475
20.717999935150146,21.308000087738037,0.5900001525878906
20.750999927520752,21.30900001525879,0.5580000877380371
20.755000114440918,21.308000087738037,0.5529999732971191
20.759000062942505,21.30900001525879,0.5499999523162842
20.76800012588501,21.30900001525879,0.5409998893737793
20.799999952316284,21.30900001525879,0.5090000629425049
20.805000066757202,21.308000087738037,0.503000020980835
20.80900001525879,21.32200002670288,0.5130000114440918
20.817000150680542,21.30900001525879,0.49199986457824707
20.850000143051147,21.32200002670288,0.4719998836517334
20.85599994659424,21.308000087738037,0.45200014114379883
20.858999967575073,21.32200002670288,0.4630000591278076
20.867000102996826,21.32200002670288,0.4549999237060547
20.901000022888184,21.32200002670288,0.42100000381469727
20.90499997138977,21.532000064849854,0.627000093460083
20.909000158309937,21.32200002670288,0.41299986839294434
20.917999982833862,21.32200002670288,0.40400004386901855
20.950000047683716,21.32200002670288,0.37199997901916504
20.954999923706055,21.532000064849854,0.5770001411437988
20.95900011062622,21.32200002670288,0.36299991607666016
20.967999935150146,21.594000101089478,0.626000165939331
21.0,21.532999992370605,0.5329999923706055
21.005000114440918,21.594000101089478,0.5889999866485596
21.009000062942505,21.532999992370605,0.5239999294281006
21.01699995994568,21.594000101089478,0.5770001411437988
21.051000118255615,21.532999992370605,0.48199987411499023
21.055000066757202,21.594000101089478,0.5390000343322754
21.05900001525879,21.532999992370605,0.4739999771118164
21.067000150680542,21.594000101089478,0.5269999504089355
21.100000143051147,21.594000101089478,0.4939999580383301
21.105000019073486,21.594000101089478,0.4890000820159912
21.108999967575073,21.59500002861023,0.48600006103515625
21.118000030517578,21.594000101089478,0.4760000705718994
21.15000009536743,21.6010000705719,0.4509999752044678
21.15499997138977,21.594000101089478,0.43900012969970703
21.159000158309937,21.6010000705719,0.4419999122619629
21.167999982833862,21.594000101089478,0.42600011825561523
21.200000047683716,21.842999935150146,0.6429998874664307
21.204999923706055,21.594000101089478,0.38900017738342285
21.20900011062622,21.844000101089478,0.6349999904632568
21.217000007629395,21.6010000705719,0.3840000629425049
21.250999927520752,21.842999935150146,0.5920000076293945
21.255000114440918,21.842999935150146,0.5879998207092285
21.259000062942505,21.844000101089478,0.5850000381469727
21.26699995994568,21.6010000705719,0.3340001106262207
21.299999952316284,21.842999935150146,0.5429999828338623
21.305000066757202,21.842999935150146,0.5379998683929443
21.30900001525879,21.844000101089478,0.5350000858306885
21.318000078201294,21.844000101089478,0.5260000228881836
21.350000143051147,21.842999935150146,0.492999792098999
21.355000019073486,21.94600009918213,0.5910000801086426
21.358999967575073,21.842999935150146,0.48399996757507324
21.368000030517578,21.844000101089478,0.4760000705718994
21.401000022888184,21.842999935150146,0.4419999122619629
21.40499997138977,21.94600009918213,0.5410001277923584
21.409000158309937,21.844000101089478,0.434999942779541
21.417999982833862,21.944999933242798,0.5269999504089355
21.450999975204468,21.844000101089478,0.39300012588500977
21.454999923706055,21.94600009918213,0.4910001754760742
21.45900011062622,21.844000101089478,0.38499999046325684
21.467999935150146,21.944999933242798,0.47699999809265137
21.5,21.94600009918213,0.4460000991821289
21.50600004196167,21.94600009918213,0.440000057220459
21.508000135421753,21.944999933242798,0.4369997978210449
21.51800012588501,21.944999933242798,0.4269998073577881
21.549999952316284,21.94600009918213,0.3960001468658447
21.555000066757202,21.944999933242798,0.3899998664855957
21.55900001525879,21.94600009918213,0.38700008392333984
21.567000150680542,21.94600009918213,0.3789999485015869
21.600000143051147,21.94600009918213,0.34599995613098145
21.605000019073486,21.944999933242798,0.3399999141693115
21.608999967575073,21.94600009918213,0.33700013160705566
21.618000030517578,21.94600009918213,0.3280000686645508
21.65000009536743,22.082000017166138,0.43199992179870605
21.65499997138977,21.944999933242798,0.28999996185302734
21.659000158309937,22.08299994468689,0.4239997863769531
21.667999982833862,22.082000017166138,0.4140000343322754
21.700999975204468,22.082000017166138,0.3810000419616699
21.706000089645386,22.161999940872192,0.45599985122680664
21.70799994468689,22.08299994468689,0.375
21.717999935150146,22.082000017166138,0.3640000820159912
21.750999927520752,22.082000017166138,0.33100008964538574
21.755000114440918,22.161999940872192,0.4069998264312744
21.759000062942505,22.08299994468689,0.32399988174438477
21.76699995994568,22.305000066757202,0.5380001068115234
21.799999952316284,22.161999940872192,0.3619999885559082
21.805000066757202,22.30400013923645,0.49900007247924805
21.80900001525879,22.08299994468689,0.2739999294281006
21.817000150680542,22.305000066757202,0.48799991607666016
21.850000143051147,22.161999940872192,0.3119997978210449
21.855000019073486,22.30400013923645,0.44900012016296387
21.858999967575073,22.161999940872192,0.30299997329711914
21.867000102996826,22.305000066757202,0.437999963760376
21.90000009536743,22.358999967575073,0.4589998722076416
21.9060001373291,22.30400013923645,0.39800000190734863
21.909000158309937,22.305000066757202,0.3959999084472656
21.917999982833862,22.305000066757202,0.38700008392333984
21.950999975204468,22.35800004005432,0.4070000648498535
21.956000089645386,22.30400013923645,0.34800004959106445
21.95900011062622,22.305000066757202,0.34599995613098145
21.967999935150146,22.305000066757202,0.33700013160705566
22.000999927520752,22.35800004005432,0.35700011253356934
22.005000114440918,22.30400013923645,0.2990000247955322
22.009000062942505,22.35800004005432,0.3489999771118164
22.01699995994568,22.35800004005432,0.3410000801086426
22.051000118255615,22.442000150680542,0.39100003242492676
22.055000066757202,22.442000150680542,0.38700008392333984
22.05900001525879,22.443000078201294,0.3840000629425049
22.067000150680542,22.35800004005432,0.2909998893737793
22.100000143051147,22.442000150680542,0.34200000762939453
22.105000019073486,22.442000150680542,0.33700013160705566
22.108999967575073,22.442000150680542,0.33300018310546875
22.118000030517578,22.664999961853027,0.5469999313354492
22.15000009536743,22.442000150680542,0.29200005531311035
22.15499997138977,22.5239999294281,0.3689999580383301
22.157999992370605,22.442000150680542,0.2840001583099365
22.16700005531311,22.664999961853027,0.497999906539917
22.200999975204468,22.52500009536743,0.32400012016296387
22.206000089645386,22.5239999294281,0.31799983978271484
22.20900011062622,22.52500009536743,0.31599998474121094
22.217000007629395,22.664999961853027,0.4479999542236328
22.250999927520752,22.664999961853027,0.4140000343322754
22.255000114440918,22.664000034332275,0.4089999198913574
22.259000062942505,22.72099995613098,0.46199989318847656
22.26800012588501,22.664999961853027,0.3969998359680176
22.299999952316284,22.664999961853027,0.36500000953674316
22.305000066757202,22.664000034332275,0.35899996757507324
22.30900001525879,22.72099995613098,0.4119999408721924
22.318000078201294,22.664000034332275,0.34599995613098145
22.350000143051147,22.874000072479248,0.5239999294281006
22.355000019073486,22.664000034332275,0.30900001525878906
22.358999967575073,22.72099995613098,0.3619999885559082
22.367000102996826,22.72099995613098,0.3539998531341553
22.40000009536743,22.873000144958496,0.47300004959106445
22.40499997138977,22.664000034332275,0.2590000629425049
22.409000158309937,22.874000072479248,0.4649999141693115
22.41700005531311,22.72099995613098,0.3039999008178711
22.450000047683716,22.873000144958496,0.4230000972747803
22.454999923706055,22.72099995613098,0.26600003242492676
22.45900011062622,22.874000072479248,0.41499996185302734
22.467000007629395,22.874000072479248,0.4070000648498535
22.500999927520752,22.873000144958496,0.37200021743774414
22.505000114440918,23.15000009536743,0.6449999809265137
22.509000062942505,22.874000072479248,0.36500000953674316
22.51800012588501,22.874000072479248,0.3559999465942383
22.551000118255615,22.873000144958496,0.32200002670288086
22.555000066757202,23.151000022888184,0.5959999561309814
22.55900001525879,22.874000072479248,0.315000057220459
22.568000078201294,23.212000131607056,0.6440000534057617
22.600000143051147,22.873000144958496,0.27300000190734863
22.60599994659424,23.210999965667725,0.6050000190734863
22.608999967575073,23.151000022888184,0.5420000553131104
22.618000030517578,23.210999965667725,0.5929999351501465
22.65000009536743,23.151000022888184,0.500999927520752
22.65499997138977,23.210999965667725,0.5559999942779541
22.657999992370605,23.151000022888184,0.4930000305175781
22.667999982833862,23.210999965667725,0.5429999828338623
22.700000047683716,23.216000080108643,0.5160000324249268
22.704999923706055,23.210999965667725,0.5060000419616699
22.70900011062622,23.212000131607056,0.503000020980835
22.717000007629395,23.210999965667725,0.4939999580383301
22.75,23.216000080108643,0.4660000801086426
22.755000114440918,23.210999965667725,0.45599985122680664
22.759000062942505,23.216000080108643,0.4570000171661377
22.76699995994568,23.210999965667725,0.4440000057220459
22.801000118255615,23.216000080108643,0.41499996185302734
22.805000066757202,23.210999965667725,0.40599989891052246
22.80900001525879,23.44600009918213,0.6370000839233398
22.818000078201294,23.216000080108643,0.39800000190734863
22.850000143051147,23.444999933242798,0.5949997901916504
22.855000019073486,23.210999965667725,0.3559999465942383
22.858999967575073,23.44600009918213,0.5870001316070557
22.868000030517578,23.216000080108643,0.34800004959106445
22.90000009536743,23.444999933242798,0.5449998378753662
22.90499997138977,23.444999933242798,0.5399999618530273
22.909000158309937,23.444999933242798,0.5359997749328613
22.91700005531311,23.44600009918213,0.5290000438690186
22.950999975204468,23.444999933242798,0.4939999580383301
22.954999923706055,23.568000078201294,0.6130001544952393
22.95900011062622,23.444999933242798,0.48599982261657715
22.967000007629395,23.44600009918213,0.4790000915527344
23.000999927520752,23.444999933242798,0.4440000057220459
23.00600004196167,23.568000078201294,0.562000036239624
23.009000062942505,23.444999933242798,0.43599987030029297
23.01699995994568,23.568000078201294,0.5510001182556152
23.049999952316284,23.44600009918213,0.3960001468658447
23.055000066757202,23.568000078201294,0.5130000114440918
23.05900001525879,23.44600009918213,0.38700008392333984
23.068000078201294,23.568000078201294,0.5
23.100000143051147,23.44600009918213,0.34599995613098145
23.105000019073486,23.568000078201294,0.4630000591278076
23.108999967575073,23.568000078201294,0.4590001106262207
23.118000030517578,23.568000078201294,0.4500000476837158
23.15000009536743,23.569000005722046,0.41899991035461426
23.15499997138977,23.568000078201294,0.41300010681152344
23.159000158309937,23.568000078201294,0.4089999198913574
23.16700005531311,23.569000005722046,0.40199995040893555
23.200999975204468,23.618000030517578,0.41700005531311035
23.206000089645386,23.568000078201294,0.3619999885559082
23.20900011062622,23.569000005722046,0.3599998950958252
23.217000007629395,23.569000005722046,0.35199999809265137
23.250999927520752,23.618000030517578,0.36700010299682617
23.255000114440918,23.568000078201294,0.312999963760376
23.258000135421753,23.618000030517578,0.3599998950958252
23.26800012588501,23.618000030517578,0.34999990463256836
23.299999952316284,23.617000102996826,0.317000150680542
23.305000066757202,23.568000078201294,0.2630000114440918
23.30900001525879,23.618000030517578,0.30900001525878906
23.318000078201294,23.618000030517578,0.2999999523162842
23.350000143051147,23.617000102996826,0.2669999599456787
23.355000019073486,23.618000030517578,0.2630000114440918
23.358999967575073,23.618000030517578,0.2590000629425049
23.368000030517578,23.77999997138977,0.4119999408721924
23.40000009536743,23.77999997138977,0.37999987602233887
23.4060001373291,23.927000045776367,0.5209999084472656
23.409000158309937,23.77999997138977,0.370999813079834
23.41700005531311,23.77999997138977,0.36299991607666016
23.450999975204468,23.77999997138977,0.32899999618530273
23.454999923706055,23.927000045776367,0.4720001220703125
23.45900011062622,23.77999997138977,0.3209998607635498
23.467000007629395,23.927000045776367,0.46000003814697266
23.500999927520752,23.77999997138977,0.27900004386901855
23.505000114440918,23.927000045776367,0.4219999313354492
23.509000062942505,23.92799997329712,0.41899991035461426
23.51800012588501,23.927000045776367,0.4089999198913574
23.549999952316284,24.0770001411438,0.5270001888275146
23.555000066757202,23.927000045776367,0.37199997901916504
23.55900001525879,24.0770001411438,0.5180001258850098
23.569000005722046,24.0770001411438,0.5080001354217529
23.600000143051147,24.0770001411438,0.47699999809265137
23.605000019073486,23.927000045776367,0.32200002670288086
23.60800004005432,24.19600009918213,0.5880000591278076
23.618000030517578,24.0770001411438,0.4590001106262207
23.65000009536743,24.194999933242798,0.5449998378753662
23.65499997138977,23.927000045776367,0.2720000743865967
23.659000158309937,24.194999933242798,0.5359997749328613
23.66700005531311,24.0770001411438,0.4100000858306885
23.700999975204468,24.194999933242798,0.4939999580383301
23.704999923706055,24.194999933242798,0.49000000953674316
23.70900011062622,24.194999933242798,0.48599982261657715
23.717000007629395,24.388000011444092,0.6710000038146973
23.750999927520752,24.319000005722046,0.568000078201294
23.755000114440918,24.194999933242798,0.4399998188018799
23.758000135421753,24.194999933242798,0.4369997978210449
23.76800012588501,24.388000011444092,0.619999885559082
23.799999952316284,24.319999933242798,0.5199999809265137
23.805000066757202,24.319000005722046,0.5139999389648438
23.80900001525879,24.194999933242798,0.3859999179840088
23.818000078201294,24.38700008392334,0.5690000057220459
23.850000143051147,24.319000005722046,0.46899986267089844
23.855000019073486,24.38700008392334,0.5320000648498535
23.858999967575073,24.319999933242798,0.4609999656677246
23.867000102996826,24.38700008392334,0.5199999809265137
23.90000009536743,24.388000011444092,0.48799991607666016
23.9060001373291,24.38700008392334,0.4809999465942383
23.909000158309937,24.38700008392334,0.4779999256134033
23.91700005531311,24.38700008392334,0.4700000286102295
23.950000047683716,24.388000011444092,0.437999963760376
23.954999923706055,24.38700008392334,0.43200016021728516
23.95900011062622,24.388000011444092,0.4289999008178711
23.967999935150146,24.38700008392334,0.41900014877319336
24.000999927520752,24.388000011444092,0.38700008392333984
24.005000114440918,24.38700008392334,0.3819999694824219
24.009000062942505,24.388000011444092,0.3789999485015869
24.01800012588501,24.388000011444092,0.36999988555908203
24.049999952316284,24.426000118255615,0.37600016593933105
24.055000066757202,24.38700008392334,0.3320000171661377
24.058000087738037,24.426000118255615,0.3680000305175781
24.067000150680542,24.544000148773193,0.47699999809265137
24.100000143051147,24.426000118255615,0.3259999752044678
24.10599994659424,24.38700008392334,0.28100013732910156
24.108999967575073,24.426000118255615,0.317000150680542
24.118000030517578,24.544000148773193,0.42600011825561523
24.15000009536743,24.426000118255615,0.2760000228881836
24.15499997138977,24.426000118255615,0.2710001468658447
24.159000158309937,24.426000118255615,0.2669999599456787
24.167999982833862,24.647000074386597,0.4790000915527344
24.200999975204468,24.544000148773193,0.3430001735687256
24.204999923706055,24.646000146865845,0.44100022315979004
24.20900011062622,24.544000148773193,0.33500003814697266
24.217000007629395,24.647000074386597,0.43000006675720215
24.250999927520752,24.544000148773193,0.2930002212524414
24.255000114440918,24.646000146865845,0.39100003242492676
24.259000062942505,24.647000074386597,0.3880000114440918
24.26699995994568,24.646000146865845,0.379000186920166
24.299999952316284,24.544000148773193,0.24400019645690918
24.305000066757202,24.646000146865845,0.3410000801086426
24.30900001525879,24.837000131607056,0.5280001163482666
24.318000078201294,24.646000146865845,0.3280000686645508
24.350000143051147,24.933000087738037,0.5829999446868896
24.35599994659424,24.646000146865845,0.29000020027160645
24.358999967575073,24.837000131607056,0.4780001640319824
24.368000030517578,24.837000131607056,0.46900010108947754
24.40000009536743,24.933000087738037,0.5329999923706055
24.40499997138977,24.837000131607056,0.43200016021728516
24.409000158309937,24.933000087738037,0.5239999294281006
24.417999982833862,24.837000131607056,0.41900014877319336
24.450000047683716,24.933000087738037,0.4830000400543213
24.454999923706055,24.837000131607056,0.382000207901001
24.45900011062622,24.933000087738037,0.4739999771118164
24.467000007629395,24.933000087738037,0.4660000801086426
24.500999927520752,24.933000087738037,0.43200016021728516
24.505000114440918,25.128000020980835,0.622999906539917
24.508000135421753,24.933000087738037,0.4249999523162842
24.51699995994568,25.276000022888184,0.7590000629425049
24.549999952316284,25.128999948501587,0.5789999961853027
24.555000066757202,25.128000020980835,0.5729999542236328
24.55900001525879,25.128999948501587,0.5699999332427979
24.567000150680542,25.276000022888184,0.7089998722076416
24.600000143051147,25.128999948501587,0.5289998054504395
24.60599994659424,25.276000022888184,0.6700000762939453
24.608999967575073,25.128999948501587,0.5199999809265137
24.618000030517578,25.276000022888184,0.6579999923706055
24.651000022888184,25.128999948501587,0.4779999256134033
24.65499997138977,25.276999950408936,0.621999979019165
24.659000158309937,25.276000022888184,0.6169998645782471
24.667999982833862,25.276000022888184,0.6080000400543213
24.700999975204468,25.329999923706055,0.6289999485015869
24.704999923706055,25.276000022888184,0.5710000991821289
24.70799994468689,25.329999923706055,0.621999979019165
24.717000007629395,25.276000022888184,0.5590000152587891
24.75,25.39400005340576,0.6440000534057617
24.755000114440918,25.276000022888184,0.5209999084472656
24.759000062942505,25.394999980926514,0.6359999179840088
24.76800012588501,25.276000022888184,0.5079998970031738
24.799999952316284,25.39400005340576,0.5940001010894775
24.805000066757202,25.276000022888184,0.47099995613098145
24.80900001525879,25.394999980926514,0.5859999656677246
24.818000078201294,25.328999996185303,0.5109999179840088
24.8510000705719,25.39400005340576,0.5429999828338623
24.855000019073486,25.396000146865845,0.5410001277923584
24.858999967575073,25.394999980926514,0.5360000133514404
24.868000030517578,25.328999996185303,0.4609999656677246
24.901000022888184,25.39400005340576,0.4930000305175781
24.90499997138977,25.396000146865845,0.4910001754760742
24.909000158309937,25.394999980926514,0.48599982261657715
24.91700005531311,25.394999980926514,0.4779999256134033
24.950000047683716,25.394999980926514,0.44499993324279785
24.954999923706055,25.782000064849854,0.8270001411437988
24.95900011062622,25.394999980926514,0.43599987030029297
24.967000007629395,25.782999992370605,0.8159999847412109
25.000999927520752,25.394999980926514,0.3940000534057617
25.00600004196167,25.782000064849854,0.7760000228881836
25.008000135421753,25.394999980926514,0.38699984550476074
25.01800012588501,25.782999992370605,0.7649998664855957
25.051000118255615,25.394999980926514,0.34399986267089844
25.055000066757202,25.782000064849854,0.7269999980926514
25.05900001525879,25.394999980926514,0.3359999656677246
25.068000078201294,25.782000064849854,0.7139999866485596
25.100000143051147,25.782999992370605,0.682999849319458
25.105000019073486,25.782000064849854,0.6770000457763672
25.108999967575073,25.782999992370605,0.6740000247955322
25.117000102996826,25.782000064849854,0.6649999618530273
25.15000009536743,25.782999992370605,0.6329998970031738
25.15499997138977,25.782000064849854,0.627000093460083
25.159000158309937,25.782999992370605,0.623999834060669
25.167999982833862,25.782999992370605,0.6150000095367432
25.200999975204468,25.782999992370605,0.5820000171661377
25.204999923706055,25.782000064849854,0.5770001411437988
25.20900011062622,25.782999992370605,0.5739998817443848
25.217999935150146,25.782999992370605,0.565000057220459
25.250999927520752,25.829999923706055,0.5789999961853027
25.25600004196167,25.782000064849854,0.5260000228881836
25.259000062942505,25.831000089645386,0.5720000267028809
25.26699995994568,25.782999992370605,0.5160000324249268
25.301000118255615,25.829999923706055,0.5289998054504395
25.305000066757202,25.829999923706055,0.5249998569488525
25.308000087738037,25.829999923706055,0.5219998359680176
25.318000078201294,25.782999992370605,0.4649999141693115
25.350000143051147,25.829999923706055,0.4799997806549072
25.355000019073486,25.829999923706055,0.47499990463256836
25.358999967575073,25.829999923706055,0.47099995613098145
25.368000030517578,25.831000089645386,0.4630000591278076
25.40000009536743,25.829999923706055,0.42999982833862305
25.40499997138977,26.02900004386902,0.624000072479248
25.409000158309937,25.829999923706055,0.42099976539611816
25.417999982833862,26.02900004386902,0.6110000610351562
25.450999975204468,25.831000089645386,0.38000011444091797
25.454999923706055,26.02900004386902,0.5740001201629639
25.45900011062622,25.831000089645386,0.37199997901916504
25.467000007629395,26.02900004386902,0.562000036239624
25.500999927520752,25.831000089645386,0.3300001621246338
25.50600004196167,26.02900004386902,0.5230000019073486
25.508000135421753,26.02999997138977,0.5219998359680176
25.51699995994568,26.02900004386902,0.5120000839233398
25.549999952316284,26.223999977111816,0.6740000247955322
25.555000066757202,26.02900004386902,0.4739999771118164
25.55900001525879,26.02900004386902,0.4700000286102295
25.568000078201294,26.02900004386902,0.4609999656677246
25.600000143051147,26.223999977111816,0.623999834060669
25.605000019073486,26.02900004386902,0.4240000247955322
25.608999967575073,26.02900004386902,0.4200000762939453
25.618000030517578,26.02900004386902,0.41100001335144043
25.651000022888184,26.225000143051147,0.5740001201629639
25.65499997138977,26.028000116348267,0.3730001449584961
25.659000158309937,26.223999977111816,0.5649998188018799
25.667999982833862,26.02900004386902,0.36100006103515625
25.700999975204468,26.225000143051147,0.5240001678466797
25.704999923706055,26.028000116348267,0.3230001926422119
25.70900011062622,26.225000143051147,0.5160000324249268
25.717000007629395,26.223999977111816,0.5069999694824219
25.750999927520752,26.225000143051147,0.4740002155303955
25.755000114440918,26.223999977111816,0.46899986267089844
25.759000062942505,26.225000143051147,0.4660000801086426
25.76800012588501,26.223999977111816,0.45599985122680664
25.799999952316284,26.225000143051147,0.4250001907348633
25.805999994277954,26.223999977111816,0.4179999828338623
25.80900001525879,26.225000143051147,0.4160001277923584
25.818000078201294,26.292999982833862,0.47499990463256836
25.850000143051147,26.225000143051147,0.375
25.85599994659424,26.623000144958496,0.7670001983642578
25.858999967575073,26.223999977111816,0.36500000953674316
25.867000102996826,26.624000072479248,0.7569999694824219
25.90000009536743,26.292999982833862,0.39299988746643066
25.90499997138977,26.623000144958496,0.7180001735687256
25.909000158309937,26.292999982833862,0.3839998245239258
25.91700005531311,26.624000072479248,0.7070000171661377
25.950000047683716,26.292999982833862,0.3429999351501465
25.954999923706055,26.623000144958496,0.6680002212524414
25.95900011062622,26.292999982833862,0.3339998722076416
25.967999935150146,26.624000072479248,0.6560001373291016
26.000999927520752,26.624000072479248,0.6230001449584961
26.005000114440918,26.623000144958496,0.6180000305175781
26.008000135421753,26.624000072479248,0.6159999370574951
26.01800012588501,26.624000072479248,0.6059999465942383
26.049999952316284,26.624000072479248,0.5740001201629639
26.055000066757202,26.623000144958496,0.568000078201294
26.05900001525879,26.624000072479248,0.565000057220459
26.068000078201294,26.624000072479248,0.5559999942779541
26.100000143051147,26.624000072479248,0.5239999294281006
26.105000019073486,26.623000144958496,0.5180001258850098
26.108999967575073,26.646000146865845,0.5370001792907715
26.117000102996826,26.624000072479248,0.5069999694824219
26.15000009536743,26.646000146865845,0.4960000514984131
26.15499997138977,26.623000144958496,0.4680001735687256
26.159000158309937,26.646000146865845,0.4869999885559082
26.16700005531311,26.676000118255615,0.5090000629425049
26.200000047683716,26.646000146865845,0.4460000991821289
26.204999923706055,26.646000146865845,0.44100022315979004
26.20799994468689,26.646000146865845,0.4380002021789551
26.217999935150146,26.676000118255615,0.45800018310546875
26.250999927520752,26.677000045776367,0.42600011825561523
26.255000114440918,26.646000146865845,0.39100003242492676
26.259000062942505,26.646000146865845,0.38700008392333984
26.26800012588501,26.676000118255615,0.40799999237060547
26.299999952316284,26.677000045776367,0.377000093460083
26.305999994277954,27.02900004386902,0.7230000495910645
26.30900001525879,26.646000146865845,0.33700013160705566
26.318000078201294,27.02900004386902,0.7109999656677246
26.350000143051147,26.677000045776367,0.3269999027252197
26.355000019073486,27.02900004386902,0.6740000247955322
26.35800004005432,26.677000045776367,0.3190000057220459
26.367000102996826,27.02900004386902,0.6619999408721924
26.40000009536743,27.02900004386902,0.6289999485015869
26.40499997138977,27.02900004386902,0.624000072479248
26.409000158309937,27.02900004386902,0.619999885559082
26.41700005531311,27.02900004386902,0.6119999885559082
26.450000047683716,27.02900004386902,0.5789999961853027
26.454999923706055,27.02900004386902,0.5740001201629639
26.45900011062622,27.0310001373291,0.5720000267028809
26.467999935150146,27.02900004386902,0.5610001087188721
26.500999927520752,27.02900004386902,0.5280001163482666
26.505000114440918,27.028000116348267,0.5230000019073486
26.508000135421753,27.0310001373291,0.5230000019073486
26.51800012588501,27.02900004386902,0.5109999179840088
26.551000118255615,27.02999997138977,0.4789998531341553
26.555000066757202,27.02999997138977,0.47499990463256836
26.55900001525879,27.02999997138977,0.47099995613098145
26.568000078201294,27.02900004386902,0.4609999656677246
26.600000143051147,27.02999997138977,0.42999982833862305
26.605000019073486,27.02999997138977,0.4249999523162842
26.608999967575073,27.02999997138977,0.42100000381469727
26.617000102996826,27.02999997138977,0.41299986839294434
26.65000009536743,27.02999997138977,0.37999987602233887
26.65499997138977,27.082000017166138,0.4270000457763672
26.659000158309937,27.02999997138977,0.370999813079834
26.66700005531311,27.02999997138977,0.36299991607666016
26.700000047683716,27.02999997138977,0.3299999237060547
26.706000089645386,27.082000017166138,0.37599992752075195
26.70900011062622,27.02999997138977,0.3209998607635498
26.717999935150146,27.255000114440918,0.5370001792907715
26.750999927520752,27.082000017166138,0.33100008964538574
26.755000114440918,27.253999948501587,0.49899983406066895
26.759000062942505,27.082000017166138,0.3229999542236328
26.76800012588501,27.255000114440918,0.4869999885559082
26.801000118255615,27.255000114440918,0.45399999618530273
26.805000066757202,27.253999948501587,0.44899988174438477
26.80900001525879,27.255000114440918,0.4460000991821289
26.818000078201294,27.255000114440918,0.437000036239624
26.8510000705719,27.255000114440918,0.40400004386901855
26.855000019073486,27.253999948501587,0.3989999294281006
26.858999967575073,27.255000114440918,0.3960001468658447
26.868000030517578,27.284000158309937,0.4160001277923584
26.90000009536743,27.28500008583069,0.38499999046325684
26.90499997138977,27.253999948501587,0.3489999771118164
26.909000158309937,27.284000158309937,0.375
26.917999982833862,27.284000158309937,0.3660001754760742
26.950999975204468,27.391000032424927,0.440000057220459
26.954999923706055,27.253999948501587,0.2990000247955322
26.95900011062622,27.39199995994568,0.432999849319458
26.967000007629395,27.284000158309937,0.317000150680542
27.000999927520752,27.391000032424927,0.3900001049041748
27.005000114440918,27.391000032424927,0.3859999179840088
27.009000062942505,27.39199995994568,0.38299989700317383
27.01800012588501,27.284000158309937,0.26600003242492676
27.049999952316284,27.391000032424927,0.3410000801086426
27.055000066757202,27.391000032424927,0.3359999656677246
27.05900001525879,27.39199995994568,0.33299994468688965
27.068000078201294,27.555999994277954,0.48799991607666016
27.100000143051147,27.555999994277954,0.45599985122680664
27.105000019073486,27.69000005722046,0.5850000381469727
27.108999967575073,27.39199995994568,0.28299999237060547
27.118000030517578,27.555999994277954,0.437999963760376
27.15000009536743,27.555999994277954,0.40599989891052246
27.15499997138977,27.69000005722046,0.5350000858306885
27.157999992370605,27.555999994277954,0.39800000190734863
27.16700005531311,27.69099998474121,0.5239999294281006
27.200999975204468,27.555999994277954,0.35500001907348633
27.204999923706055,27.69000005722046,0.4850001335144043
27.20900011062622,27.555999994277954,0.3469998836517334
27.217999935150146,27.69000005722046,0.4720001220703125
27.250999927520752,27.710000038146973,0.4590001106262207
27.255000114440918,27.69000005722046,0.434999942779541
27.259000062942505,27.69099998474121,0.43199992179870605
27.26800012588501,27.69000005722046,0.4219999313354492
27.299999952316284,27.794000148773193,0.4940001964569092
27.305000066757202,27.69000005722046,0.38499999046325684
27.308000087738037,27.710000038146973,0.40199995040893555
27.317000150680542,27.710000038146973,0.39299988746643066
27.350000143051147,27.794000148773193,0.4440000057220459
27.355000019073486,27.69000005722046,0.33500003814697266
27.358999967575073,27.710000038146973,0.3510000705718994
27.367000102996826,27.710000038146973,0.3429999351501465
27.401000022888184,27.794000148773193,0.39300012588500977
27.40499997138977,27.69000005722046,0.2850000858306885
27.409000158309937,27.795000076293945,0.3859999179840088
27.417999982833862,27.794000148773193,0.37600016593933105
27.450999975204468,27.794000148773193,0.3430001735687256
27.454999923706055,27.894999980926514,0.440000057220459
27.45799994468689,27.795000076293945,0.33700013160705566
27.467999935150146,27.795000076293945,0.32700014114379883
27.5,27.894999980926514,0.39499998092651367
27.505000114440918,27.894999980926514,0.3899998664855957
27.509000062942505,27.795000076293945,0.28600001335144043
27.51800012588501,28.29800009727478,0.7799999713897705
27.549999952316284,27.894999980926514,0.3450000286102295
27.555000066757202,28.29800009727478,0.7430000305175781
27.55900001525879,27.795000076293945,0.23600006103515625
27.567000150680542,28.29800009727478,0.7309999465942383
27.600000143051147,27.894999980926514,0.2949998378753662
27.605000019073486,28.29699993133545,0.6919999122619629
27.608999967575073,27.894999980926514,0.28600001335144043
27.618000030517578,28.29800009727478,0.6800000667572021
27.65000009536743,28.29800009727478,0.6480000019073486
27.65499997138977,28.29699993133545,0.6419999599456787
27.659000158309937,28.29800009727478,0.6389999389648438
27.66700005531311,28.29800009727478,0.6310000419616699
27.700999975204468,28.29800009727478,0.5970001220703125
27.706000089645386,28.29699993133545,0.5909998416900635
27.70900011062622,28.29800009727478,0.5889999866485596
27.717000007629395,28.29800009727478,0.5810000896453857
27.75,28.360000133514404,0.6100001335144043
27.755000114440918,28.29699993133545,0.5419998168945312
27.759000062942505,28.29800009727478,0.5390000343322754
27.76699995994568,28.29800009727478,0.5310001373291016
27.799999952316284,28.358999967575073,0.5590000152587891
27.805000066757202,28.29699993133545,0.49199986457824707
27.80900001525879,28.360000133514404,0.5510001182556152
27.818000078201294,28.29800009727478,0.48000001907348633
27.8510000705719,28.358999967575073,0.5079998970031738
27.855000019073486,28.360000133514404,0.505000114440918
27.858999967575073,28.360000133514404,0.501000165939331
27.867000102996826,28.360000133514404,0.4930000305175781
27.901000022888184,28.358999967575073,0.45799994468688965
27.90499997138977,28.750999927520752,0.8459999561309814
27.909000158309937,28.360000133514404,0.4509999752044678
27.91700005531311,28.360000133514404,0.44300007820129395
27.950000047683716,28.360000133514404,0.4100000858306885
27.954999923706055,28.750999927520752,0.7960000038146973
27.95900011062622,28.360000133514404,0.4010000228881836
27.967999935150146,28.750999927520752,0.7829999923706055
28.000999927520752,28.750999927520752,0.75
28.005000114440918,28.750999927520752,0.745999813079834
28.009000062942505,28.752000093460083,0.7430000305175781
28.01800012588501,28.75,0.7319998741149902
28.051000118255615,28.750999927520752,0.6999998092651367
28.055999994277954,28.750999927520752,0.6949999332427979
28.05900001525879,28.752000093460083,0.693000078201294
28.067000150680542,28.75,0.682999849319458
28.100000143051147,28.750999927520752,0.6509997844696045
28.105000019073486,28.750999927520752,0.6459999084472656
28.108999967575073,28.750999927520752,0.6419999599456787
28.118000030517578,28.75,0.6319999694824219
28.15000009536743,28.752000093460083,0.6019999980926514
28.15499997138977,28.750999927520752,0.5959999561309814
28.159000158309937,28.752000093460083,0.5929999351501465
28.167999982833862,28.75,0.5820000171661377
28.200999975204468,28.812000036239624,0.6110000610351562
28.204999923706055,28.750999927520752,0.5460000038146973
28.20799994468689,28.752000093460083,0.5440001487731934
28.217999935150146,28.752000093460083,0.5340001583099365
28.250999927520752,28.812000036239624,0.5610001087188721
28.25600004196167,28.750999927520752,0.49499988555908203
28.259000062942505,28.812000036239624,0.5529999732971191
28.26699995994568,28.752000093460083,0.4850001335144043
28.299999952316284,28.811000108718872,0.5110001564025879
28.305000066757202,28.812000036239624,0.5069999694824219
28.30900001525879,28.812000036239624,0.503000020980835
28.317000150680542,28.962000131607056,0.6449999809265137
28.350000143051147,28.812999963760376,0.4629998207092285
28.355000019073486,28.812000036239624,0.4570000171661377
28.35800004005432,28.812000036239624,0.45399999618530273
28.368000030517578,28.962000131607056,0.5940001010894775
28.40000009536743,28.812999963760376,0.41299986839294434
28.40499997138977,28.812000036239624,0.4070000648498535
28.409000158309937,28.812000036239624,0.4029998779296875
28.417999982833862,28.962000131607056,0.5440001487731934
28.450000047683716,28.812999963760376,0.36299991607666016
28.456000089645386,28.963000059127808,0.5069999694824219
28.45900011062622,28.812000036239624,0.3529999256134033
28.467999935150146,28.962000131607056,0.4940001964569092
28.500999927520752,28.963000059127808,0.46200013160705566
28.505000114440918,28.963000059127808,0.45799994468688965
28.509000062942505,28.963000059127808,0.45399999618530273
28.51699995994568,28.962000131607056,0.44500017166137695
28.551000118255615,28.99399995803833,0.44299983978271484
28.555000066757202,28.963000059127808,0.40799999237060547
28.55900001525879,28.963000059127808,0.40400004386901855
28.568000078201294,28.962000131607056,0.3940000534057617
28.600000143051147,28.99399995803833,0.3939998149871826
28.605000019073486,28.963000059127808,0.3580000400543213
28.608999967575073,28.963000059127808,0.3540000915527344
28.618000030517578,28.962000131607056,0.34400010108947754
28.65000009536743,29.348999977111816,0.6989998817443848
28.65499997138977,28.963000059127808,0.3080000877380371
28.657999992370605,29.350000143051147,0.692000150680542
28.667999982833862,28.99399995803833,0.3259999752044678
28.700000047683716,29.348999977111816,0.6489999294281006
28.706000089645386,28.963000059127808,0.2569999694824219
28.70900011062622,29.350000143051147,0.6410000324249268
28.717999935150146,28.99399995803833,0.2760000228881836
28.750999927520752,29.348999977111816,0.5980000495910645
28.755000114440918,28.99399995803833,0.2389998435974121
28.759000062942505,29.350000143051147,0.5910000801086426
28.76699995994568,29.350000143051147,0.5830001831054688
28.801000118255615,29.348999977111816,0.5479998588562012
28.805000066757202,29.350000143051147,0.5450000762939453
28.80900001525879,29.350000143051147,0.5410001277923584
28.817000150680542,29.350000143051147,0.5329999923706055
28.850000143051147,29.348999977111816,0.49899983406066895
28.855000019073486,29.350000143051147,0.49500012397766113
28.858999967575073,29.350000143051147,0.4910001754760742
28.868000030517578,29.417999982833862,0.5499999523162842
28.90000009536743,29.3510000705719,0.4509999752044678
28.90499997138977,29.417999982833862,0.5130000114440918
28.909000158309937,29.350000143051147,0.44099998474121094
28.917999982833862,29.417999982833862,0.5
28.950000047683716,29.350000143051147,0.40000009536743164
28.954999923706055,29.417999982833862,0.4630000591278076
28.95900011062622,29.3510000705719,0.3919999599456787
28.967999935150146,29.417999982833862,0.4500000476837158
29.000999927520752,29.60199999809265,0.6010000705718994
29.005000114440918,29.417999982833862,0.41299986839294434
29.009000062942505,29.417999982833862,0.4089999198913574
29.01800012588501,29.60199999809265,0.5839998722076416
29.049999952316284,29.60199999809265,0.5520000457763672
29.055000066757202,29.417999982833862,0.36299991607666016
29.05900001525879,29.60199999809265,0.5429999828338623
29.067000150680542,29.60199999809265,0.5349998474121094
29.100000143051147,29.70799994468689,0.6079998016357422
29.105000019073486,29.417999982833862,0.312999963760376
29.108999967575073,29.60199999809265,0.4930000305175781
29.117000102996826,29.60199999809265,0.4849998950958252
29.15000009536743,29.70799994468689,0.557999849319458
29.15499997138977,29.417999982833862,0.2630000114440918
29.157999992370605,29.710000038146973,0.5520000457763672
29.167999982833862,29.60199999809265,0.43400001525878906
29.200000047683716,29.70799994468689,0.5079998970031738
29.204999923706055,29.70900011062622,0.504000186920166
29.20900011062622,29.70900011062622,0.5
29.217999935150146,29.789000034332275,0.5710000991821289
29.250999927520752,29.70799994468689,0.4570000171661377
29.255000114440918,29.70900011062622,0.45399999618530273
29.259000062942505,29.70900011062622,0.4500000476837158
29.26699995994568,29.789000034332275,0.5220000743865967
29.301000118255615,29.789000034332275,0.48799991607666016
29.305000066757202,29.788000106811523,0.4830000400543213
29.30900001525879,29.70900011062622,0.40000009536743164
29.317000150680542,29.842999935150146,0.5259997844696045
29.350000143051147,29.867000102996826,0.5169999599456787
29.35599994659424,29.842999935150146,0.4869999885559082
29.358999967575073,29.842999935150146,0.48399996757507324
29.367000102996826,29.842999935150146,0.4759998321533203
29.40000009536743,29.867000102996826,0.46700000762939453
29.40499997138977,29.842999935150146,0.437999963760376
29.409000158309937,29.867000102996826,0.45799994468688965
29.417999982833862,29.867000102996826,0.44900012016296387
29.450999975204468,29.867000102996826,0.4160001277923584
29.454999923706055,29.842999935150146,0.3880000114440918
29.45900011062622,29.867000102996826,0.40799999237060547
29.467999935150146,29.865999937057495,0.39800000190734863
29.500999927520752,29.914000034332275,0.41300010681152344
29.50600004196167,29.842999935150146,0.33699989318847656
29.509000062942505,29.914000034332275,0.4049999713897705
29.51699995994568,29.865999937057495,0.3489999771118164
29.549999952316284,29.914000034332275,0.3640000820159912
29.555000066757202,29.914000034332275,0.35899996757507324
29.55900001525879,29.914000034332275,0.35500001907348633
29.567000150680542,29.993000030517578,0.42599987983703613
29.600000143051147,29.914000034332275,0.31399989128112793
29.605000019073486,29.914000034332275,0.30900001525878906
29.608999967575073,29.914000034332275,0.30500006675720215
29.618000030517578,29.993000030517578,0.375
29.651000022888184,29.99399995803833,0.3429999351501465
29.65499997138977,30.16700005531311,0.5120000839233398
29.659000158309937,29.914000034332275,0.25499987602233887
29.667999982833862,30.167999982833862,0.5
29.700999975204468,29.99399995803833,0.2929999828338623
29.706000089645386,30.16700005531311,0.4609999656677246
29.70900011062622,29.99399995803833,0.2849998474121094
29.717999935150146,30.167999982833862,0.4500000476837158
29.75,29.993000030517578,0.24300003051757812
29.755000114440918,30.16700005531311,0.4119999408721924
29.759000062942505,29.99399995803833,0.2349998950958252
29.76699995994568,30.16700005531311,0.40000009536743164
29.799999952316284,30.3270001411438,0.5270001888275146
29.805000066757202,30.16700005531311,0.3619999885559082
29.808000087738037,30.167999982833862,0.3599998950958252
29.818000078201294,30.16700005531311,0.3489999771118164
29.850000143051147,30.375999927520752,0.5259997844696045
29.855000019073486,30.16700005531311,0.312000036239624
29.858999967575073,30.3270001411438,0.4680001735687256
29.868000030517578,30.325999975204468,0.45799994468688965
29.90000009536743,30.375999927520752,0.4759998321533203
29.90499997138977,30.375999927520752,0.47099995613098145
29.909000158309937,30.375999927520752,0.46699976921081543
29.917999982833862,30.6010000705719,0.6830000877380371
29.950999975204468,30.375999927520752,0.4249999523162842
29.956000089645386,30.375999927520752,0.4199998378753662
29.95900011062622,30.375999927520752,0.41699981689453125
29.967000007629395,30.6010000705719,0.6340000629425049
30.000999927520752,30.6010000705719,0.6000001430511475
30.005000114440918,30.624000072479248,0.6189999580383301
30.008000135421753,30.375999927520752,0.367999792098999
30.01800012588501,30.624000072479248,0.6059999465942383
30.049999952316284,30.6010000705719,0.5510001182556152
30.055000066757202,30.624000072479248,0.5690000057220459
30.05900001525879,30.6010000705719,0.5420000553131104
30.068000078201294,30.624000072479248,0.5559999942779541
30.100000143051147,30.6010000705719,0.500999927520752
30.105000019073486,30.624000072479248,0.5190000534057617
30.108999967575073,30.6010000705719,0.49200010299682617
30.118000030517578,30.624000072479248,0.5060000419616699
30.151000022888184,30.625,0.4739999771118164
30.1560001373291,30.624000072479248,0.4679999351501465
30.159000158309937,30.625,0.4659998416900635
30.16700005531311,30.624000072479248,0.4570000171661377
30.200999975204468,30.625,0.4240000247955322
30.206000089645386,30.624000072479248,0.4179999828338623
30.20900011062622,30.625,0.4159998893737793
30.217000007629395,30.625,0.40799999237060547
30.25,30.625,0.375
30.255000114440918,30.624000072479248,0.3689999580383301
30.259000062942505,30.723999977111816,0.4649999141693115
30.26800012588501,30.625,0.35699987411499023
30.299999952316284,30.723999977111816,0.4240000247955322
30.305000066757202,30.624000072479248,0.3190000057220459
30.30900001525879,30.723999977111816,0.41499996185302734
30.318000078201294,30.723999977111816,0.40599989891052246
30.3510000705719,30.723999977111816,0.372999906539917
30.35599994659424,30.792999982833862,0.437000036239624
30.358999967575073,30.723999977111816,0.36500000953674316
30.367000102996826,30.792999982833862,0.42599987983703613
30.401000022888184,30.723000049591064,0.32200002670288086
30.40499997138977,30.792999982833862,0.3880000114440918
30.409000158309937,30.723999977111816,0.3149998188018799
30.41700005531311,30.792999982833862,0.37599992752075195
30.450000047683716,30.723000049591064,0.27300000190734863
30.454999923706055,31.19000005722046,0.7350001335144043
30.45799994468689,30.723999977111816,0.26600003242492676
30.467000007629395,31.189000129699707,0.7220001220703125
30.5,30.792999982833862,0.2929999828338623
30.505000114440918,31.19000005722046,0.684999942779541
30.509000062942505,30.794000148773193,0.2850000858306885
30.51800012588501,31.189000129699707,0.6710000038146973
30.549999952316284,31.22099995613098,0.6710000038146973
30.555000066757202,31.19000005722046,0.6349999904632568
30.55900001525879,31.19000005722046,0.6310000419616699
30.568000078201294,31.189000129699707,0.6210000514984131
30.6010000705719,31.28600001335144,0.684999942779541
30.605000019073486,31.189000129699707,0.5840001106262207
30.608999967575073,31.286999940872192,0.6779999732971191
30.618000030517578,31.189000129699707,0.5710000991821289
30.651000022888184,31.28600001335144,0.6349999904632568
30.65499997138977,31.189000129699707,0.5340001583099365
30.659000158309937,31.286999940872192,0.6279997825622559
30.66700005531311,31.22000002861023,0.5529999732971191
30.700000047683716,31.28600001335144,0.5859999656677246
30.704999923706055,31.22099995613098,0.5160000324249268
30.70900011062622,31.286999940872192,0.5779998302459717
30.717999935150146,31.22000002861023,0.502000093460083
30.75,31.28600001335144,0.5360000133514404
30.755000114440918,31.22099995613098,0.4659998416900635
30.759000062942505,31.286999940872192,0.5279998779296875
30.76699995994568,31.28600001335144,0.5190000534057617
30.801000118255615,31.28600001335144,0.4849998950958252
30.805999994277954,31.286999940872192,0.4809999465942383
30.80900001525879,31.286999940872192,0.4779999256134033
30.818000078201294,31.443000078201294,0.625
30.8510000705719,31.286999940872192,0.43599987030029297
30.855000019073486,31.286999940872192,0.43199992179870605
30.858999967575073,31.286999940872192,0.42799997329711914
30.868000030517578,31.443000078201294,0.5750000476837158
30.90000009536743,31.286999940872192,0.38699984550476074
30.90499997138977,31.443000078201294,0.5380001068115234
30.907999992370605,31.286999940872192,0.3789999485015869
30.91700005531311,31.443000078201294,0.5260000228881836
30.950000047683716,31.444000005722046,0.4939999580383301
30.954999923706055,31.444000005722046,0.4890000820159912
30.95900011062622,31.444000005722046,0.4849998950958252
30.967000007629395,31.443000078201294,0.4760000705718994
31.0,31.444000005722046,0.4440000057220459
31.005000114440918,31.443000078201294,0.437999963760376
31.009000062942505,31.444000005722046,0.434999942779541
31.01800012588501,31.443000078201294,0.4249999523162842
31.051000118255615,31.52999997138977,0.4789998531341553
31.055000066757202,31.443000078201294,0.3880000114440918
31.05900001525879,31.444000005722046,0.38499999046325684
31.068000078201294,31.443000078201294,0.375
31.1010000705719,31.52999997138977,0.4289999008178711
31.105000019073486,31.443000078201294,0.3380000591278076
31.108999967575073,31.52999997138977,0.42100000381469727
31.117000102996826,31.444000005722046,0.3269999027252197
31.15000009536743,31.52999997138977,0.37999987602233887
31.15499997138977,31.444000005722046,0.2890000343322754
31.159000158309937,31.52999997138977,0.370999813079834
31.16700005531311,31.444000005722046,0.27699995040893555
31.200000047683716,31.52999997138977,0.3299999237060547
31.204999923706055,31.444000005722046,0.2390000820159912
31.20900011062622,31.52999997138977,0.3209998607635498
31.217999935150146,31.52999997138977,0.312000036239624
31.250999927520752,31.604000091552734,0.3530001640319824
31.255000114440918,31.604000091552734,0.3489999771118164
31.259000062942505,31.52999997138977,0.2709999084472656
31.26800012588501,31.75600004196167,0.48799991607666016
31.301000118255615,31.604000091552734,0.30299997329711914
31.305000066757202,31.755000114440918,0.4500000476837158
31.30900001525879,31.604000091552734,0.2950000762939453
31.318000078201294,31.75600004196167,0.437999963760376
31.350000143051147,31.604000091552734,0.2539999485015869
31.355000019073486,31.755000114440918,0.40000009536743164
31.35800004005432,31.604000091552734,0.24600005149841309
31.367000102996826,31.755000114440918,0.3880000114440918
31.40000009536743,31.82200002670288,0.4219999313354492
31.40499997138977,31.755000114440918,0.35000014305114746
31.409000158309937,31.755000114440918,0.34599995613098145
31.417999982833862,31.755000114440918,0.33700013160705566
31.450999975204468,31.98300004005432,0.5320000648498535
31.454999923706055,31.755000114440918,0.3000001907348633
31.45900011062622,31.98300004005432,0.5239999294281006
31.467999935150146,31.82200002670288,0.3540000915527344
31.500999927520752,31.98300004005432,0.48200011253356934
31.50600004196167,31.82200002670288,0.31599998474121094
31.508000135421753,31.98300004005432,0.47499990463256836
31.51800012588501,31.82200002670288,0.3039999008178711
31.549999952316284,31.98300004005432,0.4330000877380371
31.555000066757202,31.82200002670288,0.2669999599456787
31.55900001525879,31.98300004005432,0.4240000247955322
31.568000078201294,32.075000047683716,0.5069999694824219
31.600000143051147,31.98300004005432,0.38299989700317383
31.605000019073486,31.98300004005432,0.37800002098083496
31.608999967575073,31.98300004005432,0.37400007247924805
31.617000102996826,32.07599997520447,0.4589998722076416
31.65000009536743,31.98300004005432,0.33299994468688965
31.65499997138977,31.98300004005432,0.3280000686645508
31.659000158309937,31.98300004005432,0.32399988174438477
31.66700005531311,32.075000047683716,0.40799999237060547
31.700999975204468,31.98300004005432,0.2820000648498535
31.704999923706055,32.519999980926514,0.815000057220459
31.70900011062622,31.98300004005432,0.2739999294281006
31.717999935150146,32.519999980926514,0.8020000457763672
31.750999927520752,32.07599997520447,0.3250000476837158
31.75600004196167,32.519999980926514,0.7639999389648438
31.759000062942505,32.07599997520447,0.3169999122619629
31.76800012588501,32.519999980926514,0.7519998550415039
31.799999952316284,32.519999980926514,0.7200000286102295
31.805000066757202,32.519999980926514,0.7149999141693115
31.80900001525879,32.521000146865845,0.7120001316070557
31.817000150680542,32.519999980926514,0.7029998302459717
31.850000143051147,32.519999980926514,0.6699998378753662
31.855000019073486,32.519999980926514,0.6649999618530273
31.85800004005432,32.521000146865845,0.6630001068115234
31.867000102996826,32.519999980926514,0.6529998779296875
31.90000009536743,32.521000146865845,0.6210000514984131
31.90499997138977,32.519999980926514,0.6150000095367432
31.909000158309937,32.521000146865845,0.6119999885559082
31.917999982833862,32.521000146865845,0.6030001640319824
31.950000047683716,32.5220000743866,0.5720000267028809
31.954999923706055,32.519999980926514,0.565000057220459
31.95900011062622,32.521000146865845,0.562000036239624
31.967999935150146,32.521000146865845,0.5530002117156982
32.00099992752075,32.5220000743866,0.5210001468658447
32.00600004196167,32.519999980926514,0.5139999389648438
32.009000062942505,32.5220000743866,0.5130000114440918
32.01800012588501,32.57200002670288,0.5539999008178711
32.051000118255615,32.5220000743866,0.47099995613098145
32.0550000667572,32.5220000743866,0.46700000762939453
32.05900001525879,32.521000146865845,0.46200013160705566
32.06700015068054,32.57200002670288,0.5049998760223389
32.10000014305115,32.57200002670288,0.4719998836517334
32.105000019073486,32.5220000743866,0.41700005531311035
32.10899996757507,32.521000146865845,0.4120001792907715
32.117000102996826,32.954999923706055,0.8379998207092285
32.15000009536743,32.57200002670288,0.4219999313354492
32.15499997138977,32.956000089645386,0.8010001182556152
32.15900015830994,32.57299995422363,0.4139997959136963
32.16799998283386,32.954999923706055,0.7869999408721924
32.20099997520447,32.57200002670288,0.3710000514984131
32.204999923706055,32.956000089645386,0.751000165939331
32.20900011062622,32.57299995422363,0.3639998435974121
32.21799993515015,32.954999923706055,0.7369999885559082
32.25099992752075,32.956000089645386,0.7050001621246338
32.25500011444092,32.956000089645386,0.7009999752044678
32.259000062942505,32.954999923706055,0.6959998607635498
32.26699995994568,32.954999923706055,0.687999963760376
32.299999952316284,32.956000089645386,0.6560001373291016
32.3050000667572,32.956000089645386,0.6510000228881836
32.30900001525879,32.954999923706055,0.6459999084472656
32.31700015068054,32.954999923706055,0.6379997730255127
32.35000014305115,32.973000049591064,0.622999906539917
32.355000019073486,32.956000089645386,0.6010000705718994
32.35899996757507,32.954999923706055,0.5959999561309814
32.36800003051758,32.973000049591064,0.6050000190734863
32.40000009536743,32.973000049591064,0.5729999542236328
32.40499997138977,32.956000089645386,0.5510001182556152
32.40900015830994,32.973000049591064,0.5639998912811279
32.41799998283386,32.973000049591064,0.5550000667572021
32.45099997520447,33.05999994277954,0.6089999675750732
32.454999923706055,32.956000089645386,0.501000165939331
32.45900011062622,33.06100010871887,0.6019999980926514
32.46799993515015,32.97200012207031,0.504000186920166
32.5,33.05999994277954,0.559999942779541
32.50500011444092,33.05999994277954,0.554999828338623
32.50800013542175,33.06100010871887,0.5529999732971191
32.51699995994568,32.973000049591064,0.45600008964538574
32.549999952316284,33.05999994277954,0.5099999904632568
32.5550000667572,33.05999994277954,0.5049998760223389
32.55900001525879,33.06100010871887,0.502000093460083
32.568000078201294,33.1949999332428,0.6269998550415039
32.60000014305115,33.06100010871887,0.4609999656677246
32.605000019073486,33.06100010871887,0.45600008964538574
32.60899996757507,33.06100010871887,0.45200014114379883
32.61800003051758,33.1949999332428,0.5769999027252197
32.651000022888184,33.06100010871887,0.4100000858306885
32.65499997138977,33.06100010871887,0.40600013732910156
32.65900015830994,33.06100010871887,0.40199995040893555
32.66799998283386,33.1949999332428,0.5269999504089355
32.70099997520447,33.1949999332428,0.4939999580383301
32.704999923706055,33.19600009918213,0.4910001754760742
32.70900011062622,33.06100010871887,0.35199999809265137
32.717000007629395,33.1949999332428,0.4779999256134033
32.75,33.1949999332428,0.44499993324279785
32.75500011444092,33.19600009918213,0.44099998474121094
32.759000062942505,33.19600009918213,0.437000036239624
32.76699995994568,33.1949999332428,0.42799997329711914
32.799999952316284,33.36300015449524,0.5630002021789551
32.8050000667572,33.19600009918213,0.39100003242492676
32.80900001525879,33.36300015449524,0.5540001392364502
32.818000078201294,33.36300015449524,0.5450000762939453
32.8510000705719,33.36300015449524,0.5120000839233398
32.855000019073486,33.19600009918213,0.3410000801086426
32.85899996757507,33.44099998474121,0.5820000171661377
32.867000102996826,33.36300015449524,0.4960000514984131
32.901000022888184,33.44000005722046,0.5390000343322754
32.90499997138977,33.19600009918213,0.2910001277923584
32.90900015830994,33.44099998474121,0.5319998264312744
32.91700005531311,33.36300015449524,0.4460000991821289
32.950000047683716,33.44000005722046,0.49000000953674316
32.954999923706055,33.44000005722046,0.4850001335144043
32.95900011062622,33.44099998474121,0.48199987411499023
32.96799993515015,33.36300015449524,0.3950002193450928
33.0,33.44000005722046,0.440000057220459
33.00500011444092,33.44000005722046,0.434999942779541
33.009000062942505,33.44000005722046,0.4309999942779541
33.01800012588501,33.44099998474121,0.42299985885620117
33.049999952316284,33.44000005722046,0.3900001049041748
33.0550000667572,33.44099998474121,0.3859999179840088
33.05900001525879,33.44000005722046,0.3810000419616699
33.068000078201294,33.78600001335144,0.7179999351501465
33.1010000705719,33.44099998474121,0.3399999141693115
33.105000019073486,33.44099998474121,0.3359999656677246
33.10899996757507,33.44000005722046,0.33100008964538574
33.117000102996826,33.78600001335144,0.6689999103546143
33.151000022888184,33.78699994087219,0.6359999179840088
33.15499997138977,33.78600001335144,0.6310000419616699
33.15900015830994,33.78600001335144,0.6269998550415039
33.16700005531311,33.78600001335144,0.6189999580383301
33.200000047683716,33.78699994087219,0.5869998931884766
33.204999923706055,33.78600001335144,0.5810000896453857
33.20900011062622,33.78699994087219,0.5779998302459717
33.21799993515015,33.78600001335144,0.568000078201294
33.25,33.78699994087219,0.5369999408721924
33.25500011444092,33.78600001335144,0.5309998989105225
33.259000062942505,33.78699994087219,0.5279998779296875
33.26800012588501,33.78699994087219,0.5189998149871826
33.299999952316284,33.78800010681152,0.48800015449523926
33.3050000667572,33.78699994087219,0.48199987411499023
33.30900001525879,33.78699994087219,0.4779999256134033
33.318000078201294,33.78699994087219,0.46899986267089844
33.35000014305115,33.78800010681152,0.437999963760376
33.355000019073486,33.78699994087219,0.43199992179870605
33.35899996757507,33.78699994087219,0.42799997329711914
33.367000102996826,34.0310001373291,0.6640000343322754
33.401000022888184,33.78800010681152,0.38700008392333984
33.40499997138977,34.098000049591064,0.693000078201294
33.40900015830994,33.78699994087219,0.37799978256225586
33.41799998283386,34.0310001373291,0.6130001544952393
33.45099997520447,34.0310001373291,0.5800001621246338
33.454999923706055,34.098000049591064,0.6430001258850098
33.45900011062622,33.78699994087219,0.3279998302459717
33.467000007629395,34.0310001373291,0.564000129699707
33.5,34.0310001373291,0.5310001373291016
33.50600004196167,34.098000049591064,0.5920000076293945
33.509000062942505,34.0310001373291,0.5220000743865967
33.51699995994568,34.098000049591064,0.5810000896453857
33.549999952316284,34.0310001373291,0.4810001850128174
33.5550000667572,34.098000049591064,0.5429999828338623
33.55900001525879,34.0310001373291,0.4720001220703125
33.568000078201294,34.098000049591064,0.5299999713897705
33.6010000705719,34.10899996757507,0.5079998970031738
33.605000019073486,34.098000049591064,0.4930000305175781
33.60899996757507,34.098000049591064,0.4890000820159912
33.61800003051758,34.09700012207031,0.4790000915527344
33.651000022888184,34.40900015830994,0.7580001354217529
33.65499997138977,34.098000049591064,0.44300007820129395
33.65900015830994,34.10899996757507,0.4499998092651367
33.66799998283386,34.09700012207031,0.4290001392364502
33.70099997520447,34.40900015830994,0.7080001831054688
33.704999923706055,34.098000049591064,0.39300012588500977
33.70900011062622,34.41000008583069,0.7009999752044678
33.717000007629395,34.10800004005432,0.39100003242492676
33.75,34.40900015830994,0.6590001583099365
33.75600004196167,34.41000008583069,0.6540000438690186
33.759000062942505,34.41000008583069,0.6510000228881836
33.76699995994568,34.10800004005432,0.3410000801086426
33.799999952316284,34.40900015830994,0.6090002059936523
33.8050000667572,34.41000008583069,0.6050000190734863
33.80900001525879,34.41000008583069,0.6010000705718994
33.818000078201294,34.41000008583069,0.5920000076293945
33.8510000705719,34.40900015830994,0.5580000877380371
33.855000019073486,34.41000008583069,0.5550000667572021
33.85899996757507,34.41000008583069,0.5510001182556152
33.86800003051758,34.42799997329712,0.559999942779541
33.901000022888184,34.40900015830994,0.5080001354217529
33.9060001373291,34.41000008583069,0.5039999485015869
33.90900015830994,34.41000008583069,0.500999927520752
33.91799998283386,34.42799997329712,0.5099999904632568
33.950000047683716,34.41100001335144,0.4609999656677246
33.954999923706055,34.42900013923645,0.4740002155303955
33.95900011062622,34.41000008583069,0.4509999752044678
33.967000007629395,34.42799997329712,0.4609999656677246
34.0,34.52999997138977,0.5299999713897705
34.00500011444092,34.42900013923645,0.4240000247955322
34.009000062942505,34.42900013923645,0.4200000762939453
34.01699995994568,34.42799997329712,0.41100001335144043
34.049999952316284,34.52999997138977,0.48000001907348633
34.0550000667572,34.42900013923645,0.37400007247924805
34.05900001525879,34.74600005149841,0.687000036239624
34.06700015068054,34.52999997138977,0.4629998207092285
34.1010000705719,34.74500012397766,0.6440000534057617
34.105000019073486,34.42900013923645,0.32400012016296387
34.10899996757507,34.74600005149841,0.6370000839233398
34.11800003051758,34.52999997138977,0.4119999408721924
34.151000022888184,34.74500012397766,0.5940001010894775
34.1560001373291,34.52999997138977,0.37399983406066895
34.15900015830994,34.74600005149841,0.5869998931884766
34.16799998283386,34.74500012397766,0.5770001411437988
34.200000047683716,34.74500012397766,0.5450000762939453
34.204999923706055,34.74500012397766,0.5400002002716064
34.20900011062622,34.74600005149841,0.5369999408721924
34.217000007629395,34.74600005149841,0.5290000438690186
34.25,34.74500012397766,0.49500012397766113
34.25500011444092,34.74500012397766,0.49000000953674316
34.259000062942505,34.74600005149841,0.4869999885559082
34.26800012588501,34.746999979019165,0.4789998531341553
34.299999952316284,34.74500012397766,0.44500017166137695
34.3050000667572,34.74600005149841,0.44099998474121094
34.30900001525879,34.74600005149841,0.437000036239624
34.318000078201294,34.861000061035156,0.5429999828338623
34.3510000705719,34.74600005149841,0.39499998092651367
34.355000019073486,34.74600005149841,0.39100003242492676
34.35899996757507,34.74600005149841,0.38700008392333984
34.36800003051758,34.861000061035156,0.4930000305175781
34.401000022888184,34.74600005149841,0.3450000286102295
34.4060001373291,34.861000061035156,0.4549999237060547
34.40900015830994,34.860000133514404,0.4509999752044678
34.41700005531311,34.860000133514404,0.44300007820129395
34.450000047683716,34.74600005149841,0.29600000381469727
34.454999923706055,34.861000061035156,0.40600013732910156
34.45900011062622,34.860000133514404,0.4010000228881836
34.467000007629395,34.860000133514404,0.39300012588500977
34.5,35.1949999332428,0.6949999332427979
34.50500011444092,34.861000061035156,0.3559999465942383
34.50800013542175,34.861000061035156,0.3529999256134033
34.51800012588501,34.861000061035156,0.3429999351501465
34.549999952316284,35.1949999332428,0.6449999809265137
34.555999994277954,34.861000061035156,0.30500006675720215
34.55900001525879,35.19600009918213,0.6370000839233398
34.568000078201294,34.861000061035156,0.2929999828338623
34.6010000705719,35.1949999332428,0.5939998626708984
34.605000019073486,34.861000061035156,0.2560000419616699
34.60899996757507,35.19600009918213,0.5870001316070557
34.61800003051758,35.1949999332428,0.5769999027252197
34.651000022888184,35.1949999332428,0.5439999103546143
34.65499997138977,35.19600009918213,0.5410001277923584
34.65900015830994,35.19600009918213,0.5369999408721924
34.66700005531311,35.1949999332428,0.5279998779296875
34.700000047683716,35.19600009918213,0.4960000514984131
34.704999923706055,35.19600009918213,0.4910001754760742
34.70900011062622,35.19600009918213,0.4869999885559082
34.71799993515015,35.30999994277954,0.5920000076293945
34.75,35.19600009918213,0.4460000991821289
34.75500011444092,35.30999994277954,0.554999828338623
34.759000062942505,35.19600009918213,0.437000036239624
34.76800012588501,35.30999994277954,0.5419998168945312
34.799999952316284,35.19600009918213,0.3960001468658447
34.8050000667572,35.30999994277954,0.5049998760223389
34.80900001525879,35.19600009918213,0.38700008392333984
34.81700015068054,35.30999994277954,0.492999792098999
34.8510000705719,35.44099998474121,0.5899999141693115
34.855000019073486,35.30999994277954,0.4549999237060547
34.85800004005432,35.30999994277954,0.4519999027252197
34.867000102996826,35.44000005722046,0.5729999542236328
34.90000009536743,35.454999923706055,0.554999828338623
34.90499997138977,35.30999994277954,0.4049999713897705
34.90900015830994,35.44099998474121,0.5319998264312744
34.91799998283386,35.44000005722046,0.5220000743865967
34.950000047683716,35.454999923706055,0.5049998760223389
34.956000089645386,35.30999994277954,0.3539998531341553
34.95900011062622,35.44099998474121,0.48199987411499023
34.96799993515015,35.44000005722046,0.4720001220703125
35.0,35.454999923706055,0.4549999237060547
35.00500011444092,35.30999994277954,0.30499982833862305
35.009000062942505,35.4539999961853,0.44499993324279785
35.01699995994568,35.44000005722046,0.4230000972747803
35.051000118255615,35.4539999961853,0.4029998779296875
35.0550000667572,35.4539999961853,0.3989999294281006
35.05900001525879,35.4539999961853,0.39499998092651367
35.06700015068054,35.555999994277954,0.4889998435974121
35.1010000705719,35.4539999961853,0.3529999256134033
35.105000019073486,35.90300011634827,0.7980000972747803
35.10899996757507,35.4539999961853,0.3450000286102295
35.11800003051758,35.555999994277954,0.437999963760376
35.151000022888184,35.5550000667572,0.40400004386901855
35.15499997138977,35.90300011634827,0.7480001449584961
35.15900015830994,35.4539999961853,0.2949998378753662
35.16799998283386,35.90400004386902,0.7360000610351562
35.200000047683716,35.5550000667572,0.35500001907348633
35.204999923706055,35.90300011634827,0.6980001926422119
35.20799994468689,35.555999994277954,0.34800004959106445
35.217000007629395,35.90400004386902,0.687000036239624
35.25,35.90400004386902,0.6540000438690186
35.25500011444092,35.90300011634827,0.6480000019073486
35.259000062942505,35.90300011634827,0.6440000534057617
35.26699995994568,35.90400004386902,0.6370000839233398
35.299999952316284,35.90400004386902,0.6040000915527344
35.305999994277954,35.90300011634827,0.5970001220703125
35.30900001525879,35.90400004386902,0.5950000286102295
35.318000078201294,35.90400004386902,0.5859999656677246
35.3510000705719,35.90400004386902,0.5529999732971191
35.355000019073486,35.90300011634827,0.5480000972747803
35.35899996757507,35.90400004386902,0.5450000762939453
35.36800003051758,35.90400004386902,0.5360000133514404
35.401000022888184,36.003000020980835,0.6019999980926514
35.40499997138977,35.90300011634827,0.4980001449584961
35.40900015830994,36.00399994850159,0.5949997901916504
35.41700005531311,36.003000020980835,0.5859999656677246
35.450000047683716,36.003000020980835,0.5529999732971191
35.454999923706055,35.90300011634827,0.4480001926422119
35.45900011062622,36.00399994850159,0.5449998378753662
35.467000007629395,36.003000020980835,0.5360000133514404
35.5,36.003000020980835,0.503000020980835
35.50500011444092,36.00399994850159,0.49899983406066895
35.509000062942505,36.00399994850159,0.49499988555908203
35.51800012588501,36.164000034332275,0.6459999084472656
35.549999952316284,36.00399994850159,0.45399999618530273
35.5550000667572,36.16300010681152,0.6080000400543213
35.55900001525879,36.00399994850159,0.44499993324279785
35.568000078201294,36.164000034332275,0.5959999561309814
35.60000014305115,36.164000034332275,0.5639998912811279
35.605000019073486,36.16300010681152,0.5580000877380371
35.60899996757507,36.16199994087219,0.5529999732971191
35.617000102996826,36.16300010681152,0.5460000038146973
35.651000022888184,36.164000034332275,0.5130000114440918
35.65499997138977,36.16300010681152,0.5080001354217529
35.65900015830994,36.16199994087219,0.5029997825622559
35.66799998283386,36.16300010681152,0.49500012397766113
35.700000047683716,36.164000034332275,0.46399998664855957
35.704999923706055,36.16300010681152,0.45800018310546875
35.70799994468689,36.16199994087219,0.45399999618530273
35.71799993515015,36.16300010681152,0.44500017166137695
35.75,36.164000034332275,0.4140000343322754
35.75500011444092,36.16300010681152,0.40799999237060547
35.759000062942505,36.164000034332275,0.4049999713897705
35.76800012588501,36.164000034332275,0.3959999084472656
35.799999952316284,36.27500009536743,0.47500014305114746
35.8050000667572,36.16300010681152,0.3580000400543213
35.80900001525879,36.164000034332275,0.35500001907348633
35.81700015068054,36.164000034332275,0.3469998836517334
35.8510000705719,36.27500009536743,0.4240000247955322
35.855000019073486,36.16300010681152,0.3080000877380371
35.85800004005432,36.276000022888184,0.4179999828338623
35.867000102996826,36.27500009536743,0.40799999237060547
35.90000009536743,36.27500009536743,0.375
35.90499997138977,36.16300010681152,0.25800013542175293
35.90900015830994,36.27500009536743,0.3659999370574951
35.91799998283386,36.27500009536743,0.35700011253356934
35.950000047683716,36.36899995803833,0.41899991035461426
35.954999923706055,36.36899995803833,0.4140000343322754
35.95900011062622,36.27500009536743,0.31599998474121094
35.96799993515015,36.81100010871887,0.8430001735687256
36.00099992752075,36.36899995803833,0.3680000305175781
36.00600004196167,36.812000036239624,0.8059999942779541
36.009000062942505,36.27500009536743,0.26600003242492676
36.01800012588501,36.81100010871887,0.7929999828338623
36.051000118255615,36.36899995803833,0.31799983978271484
36.0550000667572,36.812000036239624,0.7569999694824219
36.05900001525879,36.36899995803833,0.309999942779541
36.06700015068054,36.81100010871887,0.7439999580383301
36.10000014305115,36.812000036239624,0.7119998931884766
36.105000019073486,36.812000036239624,0.7070000171661377
36.10899996757507,36.812000036239624,0.7030000686645508
36.11800003051758,36.81100010871887,0.693000078201294
36.15000009536743,36.812000036239624,0.6619999408721924
36.15499997138977,36.81100010871887,0.6560001373291016
36.15900015830994,36.812000036239624,0.6529998779296875
36.16799998283386,36.81100010871887,0.6430001258850098
36.200000047683716,36.812000036239624,0.6119999885559082
36.206000089645386,36.81100010871887,0.6050000190734863
36.20900011062622,36.812000036239624,0.6029999256134033
36.21799993515015,36.812000036239624,0.5940001010894775
36.25099992752075,36.812999963760376,0.562000036239624
36.25500011444092,36.81100010871887,0.5559999942779541
36.259000062942505,36.812999963760376,0.5539999008178711
36.26699995994568,36.812000036239624,0.5450000762939453
36.299999952316284,36.812000036239624,0.5120000839233398
36.3050000667572,36.812999963760376,0.5079998970031738
36.30900001525879,36.812999963760376,0.5039999485015869
36.31700015068054,37.07200002670288,0.7549998760223389
36.35000014305115,36.812000036239624,0.46199989318847656
36.355000019073486,36.812999963760376,0.45799994468688965
36.35899996757507,36.812999963760376,0.45399999618530273
36.36800003051758,37.07200002670288,0.7039999961853027
36.40000009536743,36.99900007247925,0.5989999771118164
36.40499997138977,36.998000144958496,0.5930001735687256
36.40900015830994,36.812999963760376,0.40399980545043945
36.41799998283386,37.07200002670288,0.6540000438690186
36.450000047683716,36.99900007247925,0.5490000247955322
36.456000089645386,37.07100009918213,0.6150000095367432
36.45900011062622,36.99900007247925,0.5399999618530273
36.467000007629395,37.07200002670288,0.6050000190734863
36.50099992752075,37.07100009918213,0.570000171661377
36.50500011444092,37.07100009918213,0.5659999847412109
36.50800013542175,36.99900007247925,0.4909999370574951
36.51699995994568,37.07100009918213,0.5540001392364502
36.549999952316284,37.07100009918213,0.5210001468658447
36.5550000667572,37.07100009918213,0.5160000324249268
36.55900001525879,37.0699999332428,0.5109999179840088
36.568000078201294,37.07100009918213,0.503000020980835
36.60000014305115,37.07100009918213,0.47099995613098145
36.605000019073486,37.07100009918213,0.4660000801086426
36.60899996757507,37.07200002670288,0.4630000591278076
36.61800003051758,37.07100009918213,0.4530000686645508
36.65000009536743,37.07200002670288,0.4219999313354492
36.6560001373291,37.07100009918213,0.41499996185302734
36.65900015830994,37.17300009727478,0.5139999389648438
36.66799998283386,37.07200002670288,0.40400004386901855
36.70099997520447,37.07200002670288,0.3710000514984131
36.704999923706055,37.07100009918213,0.3660001754760742
36.70799994468689,37.17300009727478,0.4650001525878906
36.717000007629395,37.07200002670288,0.35500001907348633
36.75099992752075,37.17300009727478,0.4220001697540283
36.75500011444092,37.07100009918213,0.31599998474121094
36.759000062942505,37.17300009727478,0.4140000343322754
36.76800012588501,37.17300009727478,0.4049999713897705
36.799999952316284,37.17199993133545,0.37199997901916504
36.8050000667572,37.07100009918213,0.26600003242492676
36.80900001525879,37.17300009727478,0.3640000820159912
36.818000078201294,37.17300009727478,0.35500001907348633
36.85000014305115,37.265000104904175,0.41499996185302734
36.855000019073486,37.263999938964844,0.4089999198913574
36.85899996757507,37.17300009727478,0.31400012969970703
36.86800003051758,37.598999977111816,0.7309999465942383
36.90000009536743,37.265000104904175,0.36500000953674316
36.90499997138977,37.598999977111816,0.6940000057220459
36.90900015830994,37.17300009727478,0.26399993896484375
36.91799998283386,37.598999977111816,0.6809999942779541
36.950000047683716,37.265000104904175,0.315000057220459
36.954999923706055,37.598999977111816,0.6440000534057617
36.95900011062622,37.265000104904175,0.3059999942779541
36.967000007629395,37.598999977111816,0.6319999694824219
37.00099992752075,37.265000104904175,0.26400017738342285
37.00500011444092,37.598999977111816,0.5939998626708984
37.009000062942505,37.265000104904175,0.2560000419616699
37.01800012588501,37.598999977111816,0.5809998512268066
37.051000118255615,37.598999977111816,0.5479998588562012
37.055999994277954,37.598999977111816,0.5429999828338623
37.05900001525879,37.60000014305115,0.5410001277923584
37.068000078201294,37.598999977111816,0.5309998989105225
37.10000014305115,37.74600005149841,0.6459999084472656
37.105000019073486,37.598999977111816,0.4939999580383301
37.10899996757507,37.60000014305115,0.4910001754760742
37.117000102996826,37.60000014305115,0.4830000400543213
37.15000009536743,37.74600005149841,0.5959999561309814
37.15499997138977,37.598999977111816,0.4440000057220459
37.15900015830994,37.74600005149841,0.5869998931884766
37.16700005531311,37.60000014305115,0.4330000877380371
37.200000047683716,37.74600005149841,0.5460000038146973
37.204999923706055,37.60000014305115,0.3950002193450928
37.20900011062622,37.74600005149841,0.5369999408721924
37.21799993515015,37.746999979019165,0.5290000438690186
37.25099992752075,37.74500012397766,0.4940001964569092
37.25500011444092,37.60000014305115,0.3450000286102295
37.25800013542175,37.74600005149841,0.48799991607666016
37.26800012588501,37.746999979019165,0.4789998531341553
37.301000118255615,37.746999979019165,0.4459998607635498
37.305999994277954,37.74600005149841,0.440000057220459
37.30900001525879,37.74600005149841,0.437000036239624
37.31700015068054,38.085999965667725,0.7689998149871826
37.35000014305115,37.746999979019165,0.3969998359680176
37.355000019073486,38.085999965667725,0.7309999465942383
37.35899996757507,37.74600005149841,0.38700008392333984
37.367000102996826,38.085999965667725,0.7189998626708984
37.40000009536743,37.746999979019165,0.3469998836517334
37.40499997138977,38.085999965667725,0.6809999942779541
37.40900015830994,37.74600005149841,0.33699989318847656
37.41799998283386,38.085999965667725,0.6679999828338623
37.450000047683716,38.087000131607056,0.6370000839233398
37.456000089645386,38.085999965667725,0.6299998760223389
37.45900011062622,38.085999965667725,0.6269998550415039
37.46799993515015,38.085999965667725,0.6180000305175781
37.50099992752075,38.087000131607056,0.5860002040863037
37.50500011444092,38.085999965667725,0.5809998512268066
37.509000062942505,38.085999965667725,0.5769999027252197
37.51699995994568,38.085999965667725,0.5690000057220459
37.551000118255615,38.14199995994568,0.5909998416900635
37.5550000667572,38.08500003814697,0.5299999713897705
37.55900001525879,38.085999965667725,0.5269999504089355
37.56700015068054,38.14199995994568,0.5749998092651367
37.6010000705719,38.14199995994568,0.5409998893737793
37.605000019073486,38.08500003814697,0.48000001907348633
37.60899996757507,38.14199995994568,0.5329999923706055
37.61800003051758,38.14199995994568,0.5239999294281006
37.65000009536743,38.14300012588501,0.4930000305175781
37.6560001373291,38.14300012588501,0.4869999885559082
37.65900015830994,38.14199995994568,0.4829998016357422
37.66799998283386,38.32299995422363,0.6549999713897705
37.700000047683716,38.14300012588501,0.44300007820129395
37.704999923706055,38.14300012588501,0.4380002021789551
37.70799994468689,38.14199995994568,0.43400001525878906
37.717000007629395,38.324000120162964,0.6070001125335693
37.75099992752075,38.14300012588501,0.3920001983642578
37.75500011444092,38.32299995422363,0.5679998397827148
37.759000062942505,38.14199995994568,0.38299989700317383
37.76699995994568,38.32299995422363,0.5559999942779541
37.801000118255615,38.324000120162964,0.5230000019073486
37.8050000667572,38.32299995422363,0.5179998874664307
37.80900001525879,38.32299995422363,0.5139999389648438
37.818000078201294,38.32299995422363,0.5049998760223389
37.8510000705719,38.324000120162964,0.47300004959106445
37.855000019073486,38.32299995422363,0.4679999351501465
37.85800004005432,38.32299995422363,0.4649999141693115
37.86800003051758,38.32299995422363,0.4549999237060547
37.90000009536743,38.324000120162964,0.4240000247955322
37.90499997138977,38.32299995422363,0.4179999828338623
37.90900015830994,38.32299995422363,0.4139997959136963
37.91799998283386,38.52500009536743,0.6070001125335693
37.950000047683716,38.52500009536743,0.5750000476837158
37.954999923706055,38.32299995422363,0.3680000305175781
37.95900011062622,38.52500009536743,0.5659999847412109
37.967000007629395,38.52500009536743,0.5580000877380371
38.00099992752075,38.638999938964844,0.6380000114440918
38.00600004196167,38.32200002670288,0.31599998474121094
38.009000062942505,38.640000104904175,0.6310000419616699
38.01800012588501,38.5239999294281,0.5059998035430908
38.051000118255615,38.638999938964844,0.5879998207092285
38.0550000667572,38.32299995422363,0.26799988746643066
38.05900001525879,38.640000104904175,0.5810000896453857
38.068000078201294,38.5239999294281,0.45599985122680664
38.10000014305115,38.638999938964844,0.5389997959136963
38.105000019073486,38.640000104904175,0.5350000858306885
38.10899996757507,38.640000104904175,0.5310001373291016
38.11800003051758,38.640000104904175,0.5220000743865967
38.15000009536743,38.638999938964844,0.4889998435974121
38.15499997138977,38.640000104904175,0.4850001335144043
38.15900015830994,38.640000104904175,0.4809999465942383
38.16700005531311,38.640000104904175,0.47300004959106445
38.200000047683716,38.638999938964844,0.43899989128112793
38.206000089645386,38.75099992752075,0.5449998378753662
38.20900011062622,38.640000104904175,0.4309999942779541
38.217000007629395,38.75099992752075,0.5339999198913574
38.25099992752075,38.640000104904175,0.38900017738342285
38.25500011444092,38.75099992752075,0.495999813079834
38.259000062942505,38.640000104904175,0.3810000419616699
38.26800012588501,38.75099992752075,0.4829998016357422
38.301000118255615,38.89400005340576,0.5929999351501465
38.3050000667572,38.75,0.44499993324279785
38.30900001525879,38.75099992752075,0.4419999122619629
38.318000078201294,38.75099992752075,0.432999849319458
38.35000014305115,38.89300012588501,0.5429999828338623
38.355000019073486,38.75,0.39499998092651367
38.35899996757507,38.89300012588501,0.5340001583099365
38.367000102996826,38.75099992752075,0.3839998245239258
38.40000009536743,38.89300012588501,0.4930000305175781
38.4060001373291,38.75,0.34399986267089844
38.40900015830994,38.89300012588501,0.48399996757507324
38.41700005531311,38.89300012588501,0.4760000705718994
38.450000047683716,38.95900011062622,0.5090000629425049
38.454999923706055,38.75,0.2950000762939453
38.45900011062622,38.96000003814697,0.500999927520752
38.467000007629395,38.89300012588501,0.42600011825561523
38.50099992752075,38.95900011062622,0.45800018310546875
38.50500011444092,38.96000003814697,0.4549999237060547
38.509000062942505,38.96000003814697,0.4509999752044678
38.51800012588501,38.96000003814697,0.4419999122619629
38.551000118255615,38.95900011062622,0.40799999237060547
38.5550000667572,38.96000003814697,0.4049999713897705
38.55900001525879,38.96000003814697,0.4010000228881836
38.568000078201294,38.96000003814697,0.3919999599456787
38.6010000705719,38.96000003814697,0.35899996757507324
38.60599994659424,38.96000003814697,0.3540000915527344
38.60800004005432,38.96000003814697,0.35199999809265137
38.617000102996826,39.28200006484985,0.6649999618530273
38.65000009536743,39.28200006484985,0.6319999694824219
38.65499997138977,38.96000003814697,0.30500006675720215
38.65900015830994,39.2810001373291,0.621999979019165
38.66700005531311,39.28200006484985,0.6150000095367432
38.700000047683716,39.37599992752075,0.6759998798370361
38.704999923706055,39.2810001373291,0.5760002136230469
38.70900011062622,39.28200006484985,0.5729999542236328
38.717000007629395,39.28200006484985,0.565000057220459
38.75099992752075,39.37599992752075,0.625
38.75500011444092,39.2810001373291,0.5260000228881836
38.759000062942505,39.28200006484985,0.5230000019073486
38.76800012588501,39.28200006484985,0.5139999389648438
38.801000118255615,39.37599992752075,0.5749998092651367
38.8050000667572,39.2810001373291,0.4760000705718994
38.80900001525879,39.37599992752075,0.5669999122619629
38.818000078201294,39.37700009346008,0.5590000152587891
38.85000014305115,39.37599992752075,0.5259997844696045
38.85599994659424,39.37599992752075,0.5199999809265137
38.85899996757507,39.37599992752075,0.5169999599456787
38.86800003051758,39.37700009346008,0.5090000629425049
38.90000009536743,39.37599992752075,0.4759998321533203
38.90499997138977,39.37599992752075,0.47099995613098145
38.907999992370605,39.37599992752075,0.4679999351501465
38.91700005531311,39.7039999961853,0.7869999408721924
38.95099997520447,39.37700009346008,0.42600011825561523
38.954999923706055,39.7039999961853,0.749000072479248
38.95900011062622,39.37599992752075,0.41699981689453125
38.967000007629395,39.7039999961853,0.7369999885559082
39.00099992752075,39.37599992752075,0.375
39.00500011444092,39.7039999961853,0.6989998817443848
39.009000062942505,39.37700009346008,0.3680000305175781
39.01800012588501,39.7039999961853,0.685999870300293
39.051000118255615,39.704999923706055,0.6539998054504395
39.0550000667572,39.7039999961853,0.6489999294281006
39.05900001525879,39.7039999961853,0.6449999809265137
39.068000078201294,39.7039999961853,0.6359999179840088
39.10000014305115,39.704999923706055,0.6049997806549072
39.105000019073486,39.7039999961853,0.5989999771118164
39.10899996757507,39.7039999961853,0.5950000286102295
39.117000102996826,39.7039999961853,0.5869998931884766
39.15000009536743,39.704999923706055,0.554999828338623
39.15499997138977,39.7039999961853,0.5490000247955322
39.15900015830994,39.704999923706055,0.5459997653961182
39.16700005531311,39.7039999961853,0.5369999408721924
39.20099997520447,39.73800015449524,0.5370001792907715
39.206000089645386,39.7039999961853,0.497999906539917
39.20900011062622,39.73800015449524,0.5290000438690186
39.217000007629395,39.704999923706055,0.48799991607666016
39.25099992752075,39.73800015449524,0.4870002269744873
39.25500011444092,39.7039999961853,0.44899988174438477
39.259000062942505,39.73800015449524,0.4790000915527344
39.26800012588501,39.73800015449524,0.4700000286102295
39.299999952316284,39.73800015449524,0.4380002021789551
39.3050000667572,39.78699994087219,0.48199987411499023
39.30900001525879,39.73800015449524,0.4290001392364502
39.318000078201294,39.73800015449524,0.4200000762939453
39.35000014305115,39.73800015449524,0.3880000114440918
39.355000019073486,39.78699994087219,0.43199992179870605
39.35899996757507,39.73800015449524,0.379000186920166
39.36800003051758,39.937999963760376,0.5699999332427979
39.40000009536743,39.78699994087219,0.38699984550476074
39.4060001373291,39.937999963760376,0.5319998264312744
39.40900015830994,39.78699994087219,0.37799978256225586
39.41700005531311,39.937999963760376,0.5209999084472656
39.45099997520447,39.78699994087219,0.3359999656677246
39.454999923706055,39.937999963760376,0.4830000400543213
39.45900011062622,39.78699994087219,0.3279998302459717
39.46799993515015,39.937999963760376,0.4700000286102295
39.50099992752075,39.93900012969971,0.4380002021789551
39.50500011444092,39.937999963760376,0.432999849319458
39.509000062942505,39.937999963760376,0.4289999008178711
39.51800012588501,39.937999963760376,0.4199998378753662
39.549999952316284,40.09000015258789,0.5400002002716064
39.5550000667572,39.937999963760376,0.38299989700317383
39.55900001525879,40.09000015258789,0.5310001373291016
39.568000078201294,40.09000015258789,0.5220000743865967
39.60000014305115,40.09000015258789,0.49000000953674316
39.60599994659424,39.937999963760376,0.3320000171661377
39.60899996757507,40.09000015258789,0.4810001850128174
39.61800003051758,40.09000015258789,0.4720001220703125
39.65000009536743,40.157999992370605,0.5079998970031738
39.65499997138977,40.157999992370605,0.503000020980835
39.65900015830994,40.157999992370605,0.49899983406066895
39.66700005531311,40.09000015258789,0.4230000972747803
39.700000047683716,40.157999992370605,0.45799994468688965
39.704999923706055,40.157999992370605,0.4530000686645508
39.70799994468689,40.157999992370605,0.4500000476837158
39.71799993515015,40.34599995613098,0.628000020980835
39.75099992752075,40.1800000667572,0.4290001392364502
39.75500011444092,40.1800000667572,0.4249999523162842
39.759000062942505,40.157999992370605,0.3989999294281006
39.76800012588501,40.34599995613098,0.5779998302459717
39.799999952316284,40.1800000667572,0.38000011444091797
39.8050000667572,40.1800000667572,0.375
39.80900001525879,40.157999992370605,0.3489999771118164
39.818000078201294,40.34599995613098,0.5279998779296875
39.85000014305115,40.1800000667572,0.3299999237060547
39.855000019073486,40.34599995613098,0.4909999370574951
39.85899996757507,40.1800000667572,0.3210000991821289
39.867000102996826,40.34599995613098,0.4789998531341553
39.90000009536743,40.34599995613098,0.4459998607635498
39.90499997138977,40.34500002861023,0.440000057220459
39.907999992370605,40.557000160217285,0.6490001678466797
39.91799998283386,40.34599995613098,0.42799997329711914
39.95099997520447,40.34599995613098,0.39499998092651367
39.954999923706055,40.34500002861023,0.3900001049041748
39.95900011062622,40.557000160217285,0.5980000495910645
39.96799993515015,40.34599995613098,0.37800002098083496
40.00099992752075,40.557000160217285,0.5560002326965332
40.00500011444092,40.34500002861023,0.3399999141693115
40.009000062942505,40.58299994468689,0.5739998817443848
40.01699995994568,40.557000160217285,0.5400002002716064
40.049999952316284,40.58200001716614,0.5320000648498535
40.0550000667572,40.34500002861023,0.28999996185302734
40.05900001525879,40.58299994468689,0.5239999294281006
40.06700015068054,40.557000160217285,0.49000000953674316
40.10000014305115,40.58200001716614,0.48199987411499023
40.10599994659424,40.62899994850159,0.5230000019073486
40.10899996757507,40.58299994468689,0.4739999771118164
40.11800003051758,40.58299994468689,0.4649999141693115
40.15000009536743,40.58200001716614,0.43199992179870605
40.15499997138977,40.628000020980835,0.47300004959106445
40.15900015830994,40.58299994468689,0.4239997863769531
40.16799998283386,40.62899994850159,0.4609999656677246
40.20099997520447,40.62899994850159,0.42799997329711914
40.204999923706055,40.71799993515015,0.5130000114440918
40.20799994468689,40.58299994468689,0.375
40.217000007629395,40.62899994850159,0.4119999408721924
40.25099992752075,40.62899994850159,0.37800002098083496
40.25500011444092,40.71799993515015,0.4629998207092285
40.259000062942505,40.71799993515015,0.4589998722076416
40.26800012588501,40.71799993515015,0.4499998092651367
40.299999952316284,40.75999999046326,0.46000003814697266
40.305999994277954,40.71799993515015,0.4119999408721924
40.30900001525879,40.71799993515015,0.4089999198913574
40.318000078201294,40.71799993515015,0.39999985694885254
40.35000014305115,40.75999999046326,0.4099998474121094
40.355000019073486,40.71799993515015,0.36299991607666016
40.35899996757507,40.75999999046326,0.4010000228881836
40.367000102996826,40.75999999046326,0.39299988746643066
40.40000009536743,40.75999999046326,0.3599998950958252
40.40499997138977,40.71799993515015,0.312999963760376
40.40900015830994,40.75999999046326,0.3509998321533203
40.41799998283386,40.75999999046326,0.34200000762939453
40.45099997520447,40.84500002861023,0.3940000534057617
40.454999923706055,40.84500002861023,0.3900001049041748
40.45900011062622,40.84500002861023,0.3859999179840088
40.46799993515015,40.75999999046326,0.29200005531311035
40.50099992752075,40.84500002861023,0.34400010108947754
40.50600004196167,40.84500002861023,0.33899998664855957
40.509000062942505,40.84500002861023,0.3359999656677246
40.51699995994568,40.75999999046326,0.24300003051757812
40.549999952316284,40.84500002861023,0.2950000762939453
40.5550000667572,41.117000102996826,0.562000036239624
40.55800008773804,40.84500002861023,0.2869999408721924
40.56700015068054,41.16000008583069,0.5929999351501465
40.60000014305115,41.117000102996826,0.5169999599456787
40.605000019073486,41.117000102996826,0.5120000839233398
40.60899996757507,41.117000102996826,0.5080001354217529
40.61800003051758,41.16000008583069,0.5420000553131104
40.65000009536743,41.16000008583069,0.5099999904632568
40.65499997138977,41.16000008583069,0.505000114440918
40.65900015830994,41.117000102996826,0.45799994468688965
40.66799998283386,41.16000008583069,0.49200010299682617
40.70099997520447,41.16000008583069,0.4590001106262207
40.706000089645386,41.16000008583069,0.45399999618530273
40.70900011062622,41.2020001411438,0.4930000305175781
40.71799993515015,41.16000008583069,0.442000150680542
40.75099992752075,41.2020001411438,0.4510002136230469
40.75500011444092,41.16000008583069,0.4049999713897705
40.759000062942505,41.253000020980835,0.4939999580383301
40.76699995994568,41.16000008583069,0.39300012588500977
40.801000118255615,41.25200009346008,0.4509999752044678
40.8050000667572,41.16000008583069,0.35500001907348633
40.80900001525879,41.253000020980835,0.4440000057220459
40.818000078201294,41.2020001411438,0.3840000629425049
40.85000014305115,41.25200009346008,0.40199995040893555
40.855000019073486,41.25200009346008,0.3970000743865967
40.85899996757507,41.253000020980835,0.3940000534057617
40.86800003051758,41.55999994277954,0.6919999122619629
40.90000009536743,41.25200009346008,0.35199999809265137
40.9060001373291,41.55999994277954,0.6539998054504395
40.90900015830994,41.253000020980835,0.34399986267089844
40.91700005531311,41.55999994277954,0.6429998874664307
40.950000047683716,41.55999994277954,0.6099998950958252
40.954999923706055,41.55999994277954,0.6050000190734863
40.95900011062622,41.253000020980835,0.29399991035461426
40.967000007629395,41.55999994277954,0.5929999351501465
41.00099992752075,41.55999994277954,0.5590000152587891
41.00500011444092,41.69200015068054,0.687000036239624
41.009000062942505,41.253000020980835,0.24399995803833008
41.01800012588501,41.69200015068054,0.6740000247955322
41.051000118255615,41.55999994277954,0.5089998245239258
41.0550000667572,41.69200015068054,0.6370000839233398
41.05900001525879,41.69200015068054,0.6330001354217529
41.068000078201294,41.69200015068054,0.624000072479248
41.10000014305115,41.55999994277954,0.45999979972839355
41.10599994659424,41.69099998474121,0.5850000381469727
41.10899996757507,41.69200015068054,0.5830001831054688
41.117000102996826,41.69200015068054,0.5750000476837158
41.15000009536743,41.69200015068054,0.5420000553131104
41.15499997138977,41.69099998474121,0.5360000133514404
41.15900015830994,41.69200015068054,0.5329999923706055
41.16799998283386,41.69200015068054,0.5240001678466797
41.200000047683716,41.70900011062622,0.5090000629425049
41.204999923706055,41.69099998474121,0.48600006103515625
41.20900011062622,41.70900011062622,0.5
41.21799993515015,41.69200015068054,0.4740002155303955
41.25,41.70900011062622,0.4590001106262207
41.25500011444092,41.69099998474121,0.43599987030029297
41.25800013542175,41.70900011062622,0.4509999752044678
41.26699995994568,41.789000034332275,0.5220000743865967
41.301000118255615,41.70900011062622,0.40799999237060547
41.305999994277954,41.70900011062622,0.4030001163482666
41.30900001525879,41.70900011062622,0.40000009536743164
41.31700015068054,41.789000034332275,0.4719998836517334
41.3510000705719,41.789000034332275,0.437999963760376
41.355000019073486,42.009000062942505,0.6540000438690186
41.35899996757507,41.70900011062622,0.35000014305114746
41.36800003051758,41.789000034332275,0.42100000381469727
41.40000009536743,41.789000034332275,0.38899993896484375
41.40499997138977,42.00800013542175,0.6030001640319824
41.40900015830994,41.78999996185303,0.3809998035430908
41.41700005531311,41.789000034332275,0.37199997901916504
41.450000047683716,41.789000034332275,0.33899998664855957
41.454999923706055,42.00800013542175,0.5530002117156982
41.45900011062622,41.78999996185303,0.33099985122680664
41.467000007629395,42.009000062942505,0.5420000553131104
41.5,41.789000034332275,0.2890000343322754
41.50500011444092,42.00800013542175,0.503000020980835
41.509000062942505,41.789000034332275,0.2799999713897705
41.51800012588501,42.009000062942505,0.4909999370574951
41.551000118255615,42.16799998283386,0.6169998645782471
41.5550000667572,42.00800013542175,0.4530000686645508
41.55900001525879,42.009000062942505,0.4500000476837158
41.568000078201294,42.009000062942505,0.44099998474121094
41.6010000705719,42.16799998283386,0.5669999122619629
41.605000019073486,42.00800013542175,0.4030001163482666
41.60899996757507,42.16799998283386,0.5590000152587891
41.617000102996826,42.16700005531311,0.5499999523162842
41.65000009536743,42.16799998283386,0.5179998874664307
41.65499997138977,42.00800013542175,0.3530001640319824
41.65900015830994,42.16799998283386,0.5089998245239258
41.66700005531311,42.16799998283386,0.500999927520752
41.700000047683716,42.16799998283386,0.4679999351501465
41.704999923706055,42.00800013542175,0.30300021171569824
41.70900011062622,42.16799998283386,0.4589998722076416
41.71799993515015,42.21799993515015,0.5
41.75,42.16799998283386,0.4179999828338623
41.75600004196167,42.16799998283386,0.4119999408721924
41.759000062942505,42.16799998283386,0.4089999198913574
41.76800012588501,42.21799993515015,0.4499998092651367
41.799999952316284,42.16799998283386,0.3680000305175781
41.8050000667572,42.325000047683716,0.5199999809265137
41.80900001525879,42.21799993515015,0.4089999198913574
41.81700015068054,42.32599997520447,0.5089998245239258
41.8510000705719,42.21799993515015,0.36699986457824707
41.855000019073486,42.325000047683716,0.4700000286102295
41.85899996757507,42.21799993515015,0.35899996757507324
41.86800003051758,42.32599997520447,0.45799994468688965
41.901000022888184,42.217000007629395,0.31599998474121094
41.90499997138977,42.325000047683716,0.4200000762939453
41.907999992370605,42.32599997520447,0.4179999828338623
41.91799998283386,42.325000047683716,0.4070000648498535
41.95099997520447,42.3970000743866,0.4460000991821289
41.954999923706055,42.325000047683716,0.37000012397766113
41.95900011062622,42.396000146865845,0.437000036239624
41.96799993515015,42.396000146865845,0.42800021171569824
42.0,42.3970000743866,0.3970000743865967
42.00500011444092,42.325000047683716,0.31999993324279785
42.009000062942505,42.396000146865845,0.38700008392333984
42.01800012588501,42.396000146865845,0.37800002098083496
42.051000118255615,42.479000091552734,0.42799997329711914
42.0550000667572,42.325000047683716,0.26999998092651367
42.05900001525879,42.396000146865845,0.33700013160705566
42.06700015068054,42.396000146865845,0.32899999618530273
42.1010000705719,42.4779999256134,0.3769998550415039
42.105000019073486,42.479000091552734,0.37400007247924805
42.10899996757507,42.479000091552734,0.37000012397766113
42.117000102996826,42.396000146865845,0.27900004386901855
42.151000022888184,42.4779999256134,0.3269999027252197
42.1560001373291,42.479000091552734,0.3229999542236328
42.15900015830994,42.479000091552734,0.31999993324279785
42.16799998283386,42.646000146865845,0.4780001640319824
42.200000047683716,42.4779999256134,0.2779998779296875
42.204999923706055,42.646000146865845,0.44100022315979004
42.20900011062622,42.479000091552734,0.26999998092651367
42.217000007629395,42.646000146865845,0.4290001392364502
42.25,42.646000146865845,0.3960001468658447
42.25500011444092,42.818000078201294,0.562999963760376
42.259000062942505,42.479000091552734,0.2200000286102295
42.26800012588501,42.819000005722046,0.5509998798370361
42.299999952316284,42.646000146865845,0.34600019454956055
42.3050000667572,42.818000078201294,0.5130000114440918
42.30900001525879,42.818000078201294,0.5090000629425049
42.318000078201294,42.819000005722046,0.500999927520752
42.3510000705719,42.646000146865845,0.2950000762939453
42.35599994659424,42.818000078201294,0.46200013160705566
42.35899996757507,42.818000078201294,0.4590001106262207
42.36800003051758,42.819000005722046,0.4509999752044678
42.401000022888184,42.9760000705719,0.5750000476837158
42.40499997138977,42.818000078201294,0.41300010681152344
42.40900015830994,42.818000078201294,0.4089999198913574
42.41700005531311,42.9760000705719,0.5590000152587891
42.450000047683716,42.9760000705719,0.5260000228881836
42.454999923706055,42.818000078201294,0.36300015449523926
42.45900011062622,42.9760000705719,0.5169999599456787
42.467000007629395,42.9760000705719,0.5090000629425049
42.5,43.11899995803833,0.6189999580383301
42.50500011444092,42.818000078201294,0.312999963760376
42.50800013542175,43.11899995803833,0.6109998226165771
42.51800012588501,42.9760000705719,0.45799994468688965
42.549999952316284,43.11899995803833,0.5690000057220459
42.5550000667572,43.11899995803833,0.5639998912811279
42.55900001525879,43.11899995803833,0.559999942779541
42.568000078201294,42.97500014305115,0.4070000648498535
42.6010000705719,43.11899995803833,0.5179998874664307
42.605000019073486,43.11899995803833,0.5139999389648438
42.60899996757507,43.11899995803833,0.5099999904632568
42.61800003051758,43.12000012397766,0.502000093460083
42.651000022888184,43.12000012397766,0.46900010108947754
42.65499997138977,43.12000012397766,0.4650001525878906
42.65900015830994,43.11899995803833,0.45999979972839355
42.66700005531311,43.11899995803833,0.4519999027252197
42.700000047683716,43.12000012397766,0.4200000762939453
42.704999923706055,43.17700004577637,0.4720001220703125
42.70900011062622,43.11899995803833,0.4099998474121094
42.717000007629395,43.17799997329712,0.4609999656677246
42.75,43.17799997329712,0.42799997329711914
42.75500011444092,43.17700004577637,0.4219999313354492
42.759000062942505,43.17700004577637,0.4179999828338623
42.76800012588501,43.17799997329712,0.4099998474121094
42.799999952316284,43.17799997329712,0.37800002098083496
42.8050000667572,43.17700004577637,0.37199997901916504
42.80900001525879,43.17799997329712,0.3689999580383301
42.818000078201294,43.17700004577637,0.35899996757507324
42.85000014305115,43.467000007629395,0.6169998645782471
42.855000019073486,43.17700004577637,0.32200002670288086
42.85899996757507,43.46799993515015,0.6089999675750732
42.86800003051758,43.17799997329712,0.309999942779541
42.901000022888184,43.467000007629395,0.5659999847412109
42.9060001373291,43.467000007629395,0.560999870300293
42.90900015830994,43.46799993515015,0.55899977684021
42.91799998283386,43.17799997329712,0.25999999046325684
42.95099997520447,43.467000007629395,0.5160000324249268
42.954999923706055,43.467000007629395,0.5120000839233398
42.95900011062622,43.46799993515015,0.5089998245239258
42.967000007629395,43.46799993515015,0.500999927520752
43.0,43.467000007629395,0.46700000762939453
43.00500011444092,43.467000007629395,0.46199989318847656
43.009000062942505,43.46799993515015,0.4589998722076416
43.01699995994568,43.46799993515015,0.4509999752044678
43.049999952316284,43.467000007629395,0.41700005531311035
43.0550000667572,43.467000007629395,0.4119999408721924
43.05900001525879,43.46799993515015,0.4089999198913574
43.068000078201294,43.519999980926514,0.4519999027252197
43.10000014305115,43.46799993515015,0.367999792098999
43.105000019073486,43.51900005340576,0.4140000343322754
43.10899996757507,43.46799993515015,0.35899996757507324
43.11800003051758,43.519999980926514,0.40199995040893555
43.151000022888184,43.51900005340576,0.3680000305175781
43.1560001373291,43.51900005340576,0.36299991607666016
43.15900015830994,43.776999950408936,0.617999792098999
43.16700005531311,43.51900005340576,0.35199999809265137
43.20099997520447,43.776999950408936,0.5759999752044678
43.204999923706055,43.51900005340576,0.31400012969970703
43.20900011062622,43.77800011634827,0.5690000057220459
43.217000007629395,43.51900005340576,0.3020000457763672
43.25099992752075,43.776999950408936,0.5260000228881836
43.25500011444092,43.776999950408936,0.5219998359680176
43.259000062942505,43.77800011634827,0.5190000534057617
43.26699995994568,43.776999950408936,0.5099999904632568
43.299999952316284,43.776999950408936,0.47699999809265137
43.3050000667572,43.776999950408936,0.4719998836517334
43.30900001525879,43.77800011634827,0.46900010108947754
43.318000078201294,43.776999950408936,0.4589998722076416
43.35000014305115,43.776999950408936,0.4269998073577881
43.35599994659424,43.84400010108948,0.48800015449523926
43.35899996757507,43.77800011634827,0.41900014877319336
43.36800003051758,43.776999950408936,0.4089999198913574
43.401000022888184,43.776999950408936,0.37599992752075195
43.40499997138977,43.84400010108948,0.43900012969970703
43.407999992370605,43.84400010108948,0.43600010871887207
43.41799998283386,44.10800004005432,0.690000057220459
43.45099997520447,43.84500002861023,0.3940000534057617
43.454999923706055,44.10899996757507,0.6540000438690186
43.45900011062622,43.84400010108948,0.38499999046325684
43.467000007629395,44.10800004005432,0.6410000324249268
43.50099992752075,44.10899996757507,0.6080000400543213
43.50500011444092,44.10899996757507,0.6039998531341553
43.509000062942505,44.10899996757507,0.5999999046325684
43.51699995994568,44.10800004005432,0.5910000801086426
43.549999952316284,44.10899996757507,0.5590000152587891
43.5550000667572,44.10899996757507,0.5539999008178711
43.55900001525879,44.10899996757507,0.5499999523162842
43.56700015068054,44.10800004005432,0.5409998893737793
43.60000014305115,44.10899996757507,0.5089998245239258
43.605000019073486,44.10899996757507,0.5039999485015869
43.60899996757507,44.10899996757507,0.5
43.61800003051758,44.10800004005432,0.49000000953674316
43.651000022888184,44.24300003051758,0.5920000076293945
43.65499997138977,44.10899996757507,0.45399999618530273
43.65900015830994,44.24300003051758,0.5839998722076416
43.66700005531311,44.10899996757507,0.4419999122619629
43.700000047683716,44.24300003051758,0.5429999828338623
43.704999923706055,44.24300003051758,0.5380001068115234
43.70900011062622,44.24300003051758,0.5339999198913574
43.717000007629395,44.51600003242493,0.7990000247955322
43.75,44.24300003051758,0.4930000305175781
43.75500011444092,44.24300003051758,0.48799991607666016
43.759000062942505,44.24300003051758,0.48399996757507324
43.76699995994568,44.51600003242493,0.749000072479248
43.799999952316284,44.242000102996826,0.442000150680542
43.805999994277954,44.354000091552734,0.5480000972747803
43.80900001525879,44.24300003051758,0.43400001525878906
43.818000078201294,44.51600003242493,0.6979999542236328
43.8510000705719,44.354000091552734,0.503000020980835
43.855000019073486,44.354000091552734,0.49900007247924805
43.85899996757507,44.354000091552734,0.49500012397766113
43.86800003051758,44.51600003242493,0.6480000019073486
43.901000022888184,44.526999950408936,0.625999927520752
43.90499997138977,44.51600003242493,0.6110000610351562
43.90900015830994,44.354000091552734,0.44499993324279785
43.91700005531311,44.51600003242493,0.5989999771118164
43.950000047683716,44.526999950408936,0.5769999027252197
43.954999923706055,44.51600003242493,0.5610001087188721
43.95900011062622,44.51600003242493,0.556999921798706
43.96799993515015,44.51600003242493,0.5480000972747803
44.0,44.526000022888184,0.5260000228881836
44.00500011444092,44.51600003242493,0.5109999179840088
44.009000062942505,44.526000022888184,0.5169999599456787
44.01800012588501,44.51600003242493,0.497999906539917
44.051000118255615,44.526999950408936,0.4759998321533203
44.0550000667572,44.526999950408936,0.4719998836517334
44.05900001525879,44.526999950408936,0.4679999351501465
44.06700015068054,44.526000022888184,0.4589998722076416
44.1010000705719,44.526999950408936,0.42599987983703613
44.105000019073486,44.526999950408936,0.4219999313354492
44.10800004005432,44.526999950408936,0.41899991035461426
44.117000102996826,44.75099992752075,0.6339998245239258
44.15000009536743,44.526999950408936,0.3769998550415039
44.15499997138977,44.62400007247925,0.46900010108947754
44.15900015830994,44.526999950408936,0.367999792098999
44.16799998283386,44.75099992752075,0.5829999446868896
44.200000047683716,44.625,0.4249999523162842
44.206000089645386,44.62400007247925,0.4179999828338623
44.20900011062622,44.625,0.4159998893737793
44.21799993515015,44.75099992752075,0.5329999923706055
44.25099992752075,44.625,0.37400007247924805
44.25500011444092,44.75200009346008,0.49699997901916504
44.259000062942505,44.625,0.3659999370574951
44.26699995994568,44.75099992752075,0.48399996757507324
44.301000118255615,44.625,0.32399988174438477
44.3050000667572,44.75200009346008,0.44700002670288086
44.30900001525879,44.75200009346008,0.44300007820129395
44.318000078201294,44.75099992752075,0.432999849319458
44.35000014305115,44.75999999046326,0.4099998474121094
44.355000019073486,44.75099992752075,0.3959999084472656
44.35899996757507,44.75200009346008,0.39300012588500977
44.36800003051758,44.75099992752075,0.38299989700317383
44.40000009536743,44.75999999046326,0.3599998950958252
44.40499997138977,44.75200009346008,0.3470001220703125
44.407999992370605,44.75999999046326,0.35199999809265137
44.41799998283386,44.75999999046326,0.34200000762939453
44.45099997520447,44.90300011634827,0.45200014114379883
44.454999923706055,44.75099992752075,0.29600000381469727
44.45900011062622,44.75999999046326,0.30099987983703613
44.467000007629395,44.75999999046326,0.2929999828338623
44.5,44.90300011634827,0.4030001163482666
44.50500011444092,44.943000078201294,0.437999963760376
44.509000062942505,44.90300011634827,0.3940000534057617
44.51699995994568,44.90300011634827,0.3860001564025879
44.549999952316284,44.90300011634827,0.3530001640319824
44.5550000667572,44.94200015068054,0.38700008392333984
44.55900001525879,44.90300011634827,0.34400010108947754
44.568000078201294,44.90300011634827,0.33500003814697266
44.6010000705719,44.90300011634827,0.3020000457763672
44.60599994659424,45.19700002670288,0.5910000801086426
44.60899996757507,44.90300011634827,0.29400014877319336
44.61800003051758,45.19799995422363,0.5799999237060547
44.65000009536743,44.943000078201294,0.2929999828338623
44.65499997138977,45.19700002670288,0.5420000553131104
44.65900015830994,44.943000078201294,0.2839999198913574
44.66700005531311,45.19799995422363,0.5309998989105225
44.700000047683716,45.2020001411438,0.502000093460083
44.704999923706055,45.19700002670288,0.49200010299682617
44.70799994468689,45.19799995422363,0.49000000953674316
44.71799993515015,45.19799995422363,0.48000001907348633
44.75,45.2020001411438,0.45200014114379883
44.75600004196167,45.19700002670288,0.44099998474121094
44.759000062942505,45.2020001411438,0.44300007820129395
44.76800012588501,45.19700002670288,0.4289999008178711
44.801000118255615,45.2020001411438,0.4010000228881836
44.8050000667572,45.19700002670288,0.3919999599456787
44.80900001525879,45.2020001411438,0.39300012588500977
44.818000078201294,45.19799995422363,0.37999987602233887
44.8510000705719,45.4449999332428,0.5939998626708984
44.855000019073486,45.19700002670288,0.34200000762939453
44.85899996757507,45.4449999332428,0.5859999656677246
44.86800003051758,45.20099997520447,0.33299994468688965
44.901000022888184,45.4449999332428,0.5439999103546143
44.90499997138977,45.4449999332428,0.5399999618530273
44.90900015830994,45.4449999332428,0.5359997749328613
44.91700005531311,45.70700001716614,0.7899999618530273
44.950000047683716,45.4449999332428,0.49499988555908203
44.956000089645386,45.44600009918213,0.49000000953674316
44.95900011062622,45.4449999332428,0.48599982261657715
44.96799993515015,45.70700001716614,0.7390000820159912
45.0,45.4449999332428,0.44499993324279785
45.00500011444092,45.44600009918213,0.44099998474121094
45.00800013542175,45.4449999332428,0.4369997978210449
45.01800012588501,45.70700001716614,0.6889998912811279
45.051000118255615,45.44600009918213,0.39499998092651367
45.0550000667572,45.70700001716614,0.6519999504089355
45.05900001525879,45.44600009918213,0.38700008392333984
45.068000078201294,45.70700001716614,0.6389999389648438
45.1010000705719,45.70799994468689,0.6069998741149902
45.105000019073486,45.70700001716614,0.6019999980926514
45.10899996757507,45.70700001716614,0.5980000495910645
45.11800003051758,45.70700001716614,0.5889999866485596
45.15000009536743,45.70799994468689,0.557999849319458
45.15499997138977,45.706000089645386,0.5510001182556152
45.15900015830994,45.70700001716614,0.5479998588562012
45.16700005531311,45.70700001716614,0.5399999618530273
45.200000047683716,45.72200012207031,0.5220000743865967
45.204999923706055,45.706000089645386,0.501000165939331
45.20900011062622,45.70700001716614,0.497999906539917
45.217000007629395,45.70700001716614,0.49000000953674316
45.25099992752075,45.72200012207031,0.47100019454956055
45.25500011444092,45.706000089645386,0.4509999752044678
45.259000062942505,45.72200012207031,0.4630000591278076
45.26800012588501,45.70700001716614,0.43899989128112793
45.299999952316284,45.72200012207031,0.4220001697540283
45.3050000667572,45.706000089645386,0.4010000228881836
45.30900001525879,45.72200012207031,0.41300010681152344
45.318000078201294,45.76600003242493,0.4479999542236328
45.35000014305115,45.72200012207031,0.37199997901916504
45.35599994659424,45.72200012207031,0.3660001754760742
45.35800004005432,45.72200012207031,0.3640000820159912
45.367000102996826,45.76600003242493,0.3989999294281006
45.40000009536743,45.76699995994568,0.36699986457824707
45.40499997138977,45.76600003242493,0.36100006103515625
45.40900015830994,45.72200012207031,0.312999963760376
45.41799998283386,45.9210000038147,0.503000020980835
45.45099997520447,45.76699995994568,0.31599998474121094
45.454999923706055,45.76600003242493,0.31100010871887207
45.45900011062622,45.72200012207031,0.2630000114440918
45.46799993515015,45.9210000038147,0.4530000686645508
45.50099992752075,45.76699995994568,0.26600003242492676
45.50500011444092,45.920000076293945,0.41499996185302734
45.509000062942505,45.920000076293945,0.41100001335144043
45.51800012588501,45.920000076293945,0.40199995040893555
45.549999952316284,45.96500015258789,0.41500020027160645
45.555999994277954,45.920000076293945,0.3640000820159912
45.55900001525879,45.920000076293945,0.36100006103515625
45.56700015068054,45.920000076293945,0.3529999256134033
45.60000014305115,45.96500015258789,0.36500000953674316
45.605000019073486,45.920000076293945,0.315000057220459
45.60899996757507,46.1029999256134,0.4939999580383301
45.61800003051758,45.920000076293945,0.3020000457763672
45.65000009536743,46.1029999256134,0.4529998302459717
45.65499997138977,45.920000076293945,0.2650001049041748
45.65900015830994,46.1029999256134,0.4439997673034668
45.66799998283386,45.96500015258789,0.2970001697540283
45.70099997520447,46.1029999256134,0.40199995040893555
45.704999923706055,45.96600008010864,0.2610001564025879
45.70900011062622,46.1029999256134,0.3939998149871826
45.717000007629395,46.426000118255615,0.7090001106262207
45.75099992752075,46.10199999809265,0.3510000705718994
45.75500011444092,45.96600008010864,0.2109999656677246
45.759000062942505,46.1029999256134,0.34399986267089844
45.76800012588501,46.426000118255615,0.6579999923706055
45.799999952316284,46.1029999256134,0.30299997329711914
45.805999994277954,46.1029999256134,0.2969999313354492
45.80900001525879,46.1029999256134,0.29399991035461426
45.818000078201294,46.426000118255615,0.6080000400543213
45.85000014305115,46.426000118255615,0.5759999752044678
45.855000019073486,46.49300003051758,0.6380000114440918
45.85899996757507,46.1029999256134,0.24399995803833008
45.867000102996826,46.49300003051758,0.625999927520752
45.90000009536743,46.426000118255615,0.5260000228881836
45.90499997138977,46.492000102996826,0.5870001316070557
45.90900015830994,46.426000118255615,0.5169999599456787
45.91700005531311,46.49300003051758,0.5759999752044678
45.950000047683716,46.426000118255615,0.4760000705718994
45.954999923706055,46.492000102996826,0.5370001792907715
45.95900011062622,46.49300003051758,0.5339999198913574
45.96799993515015,46.49300003051758,0.5250000953674316
46.00099992752075,46.492000102996826,0.4910001754760742
46.00500011444092,46.492000102996826,0.4869999885559082
46.00800013542175,46.49300003051758,0.4849998950958252
46.01800012588501,46.49300003051758,0.47499990463256836
46.051000118255615,46.49300003051758,0.4419999122619629
46.0550000667572,46.492000102996826,0.437000036239624
46.05900001525879,46.49300003051758,0.43400001525878906
46.068000078201294,46.49300003051758,0.4249999523162842
46.10000014305115,46.706000089645386,0.6059999465942383
46.105000019073486,46.492000102996826,0.38700008392333984
46.10899996757507,46.706000089645386,0.5970001220703125
46.117000102996826,46.49300003051758,0.37599992752075195
46.15000009536743,46.706000089645386,0.5559999942779541
46.15499997138977,46.706000089645386,0.5510001182556152
46.15900015830994,46.706000089645386,0.5469999313354492
46.16700005531311,46.49300003051758,0.3259999752044678
46.200000047683716,46.706000089645386,0.5060000419616699
46.204999923706055,46.706000089645386,0.501000165939331
46.20900011062622,46.706000089645386,0.49699997901916504
46.21799993515015,46.82100009918213,0.6030001640319824
46.25099992752075,46.70700001716614,0.45600008964538574
46.25500011444092,46.706000089645386,0.4509999752044678
46.259000062942505,46.706000089645386,0.44700002670288086
46.26800012588501,46.82100009918213,0.5529999732971191
46.301000118255615,46.70700001716614,0.40599989891052246
46.3050000667572,46.82100009918213,0.5160000324249268
46.30900001525879,46.706000089645386,0.3970000743865967
46.318000078201294,46.82100009918213,0.503000020980835
46.3510000705719,46.70700001716614,0.3559999465942383
46.355000019073486,46.82100009918213,0.4660000801086426
46.35800004005432,46.706000089645386,0.34800004959106445
46.36800003051758,46.82100009918213,0.4530000686645508
46.40000009536743,46.89100003242493,0.4909999370574951
46.40499997138977,46.82100009918213,0.4160001277923584
46.40900015830994,46.82100009918213,0.4119999408721924
46.41700005531311,46.8199999332428,0.4029998779296875
46.450000047683716,46.89100003242493,0.44099998474121094
46.454999923706055,46.82100009918213,0.3660001754760742
46.45900011062622,46.89100003242493,0.43199992179870605
46.467000007629395,46.8199999332428,0.3529999256134033
46.5,46.89100003242493,0.39100003242492676
46.50500011444092,46.82100009918213,0.31599998474121094
46.509000062942505,46.89100003242493,0.3819999694824219
46.51800012588501,46.8199999332428,0.3019998073577881
46.551000118255615,47.15499997138977,0.6039998531341553
46.5550000667572,46.82100009918213,0.26600003242492676
46.55900001525879,47.1560001373291,0.5970001220703125
46.568000078201294,46.89100003242493,0.3229999542236328
46.6010000705719,47.15499997138977,0.5539999008178711
46.605000019073486,47.15499997138977,0.5499999523162842
46.60899996757507,47.1560001373291,0.5470001697540283
46.61800003051758,47.1560001373291,0.5380001068115234
46.651000022888184,47.15499997138977,0.5039999485015869
46.65499997138977,47.15499997138977,0.5
46.65900015830994,47.1560001373291,0.49699997901916504
46.66700005531311,47.1560001373291,0.4890000820159912
46.700000047683716,47.15499997138977,0.4549999237060547
46.704999923706055,47.1560001373291,0.4510002136230469
46.70900011062622,47.1560001373291,0.44700002670288086
46.717000007629395,47.1560001373291,0.43900012969970703
46.75,47.1560001373291,0.40600013732910156
46.75500011444092,47.269999980926514,0.5149998664855957
46.759000062942505,47.1560001373291,0.3970000743865967
46.76800012588501,47.269999980926514,0.5019998550415039
46.799999952316284,47.3970000743866,0.5970001220703125
46.8050000667572,47.269999980926514,0.4649999141693115
46.80900001525879,47.269999980926514,0.4609999656677246
46.818000078201294,47.269999980926514,0.4519999027252197
46.8510000705719,47.3970000743866,0.5460000038146973
46.855000019073486,47.269999980926514,0.41499996185302734
46.85800004005432,47.269999980926514,0.4119999408721924
46.86800003051758,47.269999980926514,0.40199995040893555
46.90000009536743,47.3970000743866,0.49699997901916504
46.90499997138977,47.269999980926514,0.36500000953674316
46.90900015830994,47.3970000743866,0.48799991607666016
46.91700005531311,47.3970000743866,0.48000001907348633
46.950000047683716,47.48200011253357,0.5320000648498535
46.956000089645386,47.269999980926514,0.31399989128112793
46.95900011062622,47.48099994659424,0.5219998359680176
46.967000007629395,47.3970000743866,0.43000006675720215
47.0,47.48200011253357,0.48200011253356934
47.00500011444092,47.269999980926514,0.2649998664855957
47.009000062942505,47.48099994659424,0.4719998836517334
47.01800012588501,47.48099994659424,0.4629998207092285
47.051000118255615,47.48200011253357,0.4309999942779541
47.0550000667572,47.513999938964844,0.4589998722076416
47.05900001525879,47.48099994659424,0.4219999313354492
47.068000078201294,47.48099994659424,0.41299986839294434
47.1010000705719,47.48099994659424,0.37999987602233887
47.105000019073486,47.513999938964844,0.4089999198913574
47.10899996757507,47.48099994659424,0.37199997901916504
47.11800003051758,47.67400002479553,0.5559999942779541
47.15000009536743,47.513999938964844,0.3639998435974121
47.15499997138977,47.674999952316284,0.5199999809265137
47.15900015830994,47.513999938964844,0.3549997806549072
47.16799998283386,47.67400002479553,0.5060000419616699
47.200000047683716,47.513999938964844,0.31399989128112793
47.206000089645386,47.674999952316284,0.46899986267089844
47.20799994468689,47.513999938964844,0.3059999942779541
47.217000007629395,47.67400002479553,0.4570000171661377
47.25099992752075,47.67400002479553,0.4230000972747803
47.25500011444092,47.674999952316284,0.4199998378753662
47.259000062942505,47.674999952316284,0.4159998893737793
47.26699995994568,47.674999952316284,0.40799999237060547
47.299999952316284,47.674999952316284,0.375
47.3050000667572,47.67400002479553,0.3689999580383301
47.30900001525879,47.9539999961853,0.6449999809265137
47.318000078201294,47.674999952316284,0.35699987411499023
47.35000014305115,47.9539999961853,0.6039998531341553
47.355000019073486,47.67400002479553,0.3190000057220459
47.35899996757507,47.9539999961853,0.5950000286102295
47.36800003051758,47.9539999961853,0.5859999656677246
47.40000009536743,47.9539999961853,0.5539999008178711
47.40499997138977,48.04699993133545,0.6419999599456787
47.40900015830994,47.9539999961853,0.5449998378753662
47.41799998283386,47.9539999961853,0.5360000133514404
47.450000047683716,47.9539999961853,0.5039999485015869
47.456000089645386,48.04699993133545,0.5909998416900635
47.45900011062622,47.9539999961853,0.49499988555908203
47.467000007629395,48.22699999809265,0.7599999904632568
47.50099992752075,48.04699993133545,0.5460000038146973
47.50500011444092,48.2260000705719,0.7209999561309814
47.509000062942505,48.04699993133545,0.5379998683929443
47.51699995994568,48.2260000705719,0.7090001106262207
47.551000118255615,48.04699993133545,0.495999813079834
47.5550000667572,48.2260000705719,0.6710000038146973
47.55900001525879,48.04699993133545,0.48799991607666016
47.568000078201294,48.2260000705719,0.6579999923706055
47.60000014305115,48.22699999809265,0.6269998550415039
47.605000019073486,48.2260000705719,0.6210000514984131
47.60899996757507,48.22699999809265,0.6180000305175781
47.61800003051758,48.2260000705719,0.6080000400543213
47.65000009536743,48.22699999809265,0.5769999027252197
47.6560001373291,48.2260000705719,0.5699999332427979
47.65900015830994,48.24300003051758,0.5839998722076416
47.66799998283386,48.2260000705719,0.5580000877380371
47.700000047683716,48.24300003051758,0.5429999828338623
47.704999923706055,48.2260000705719,0.5210001468658447
47.70900011062622,48.24399995803833,0.5349998474121094
47.717000007629395,48.22699999809265,0.5099999904632568
47.75099992752075,48.24300003051758,0.49200010299682617
47.75500011444092,48.24300003051758,0.48799991607666016
47.759000062942505,48.24300003051758,0.48399996757507324
47.76699995994568,48.22699999809265,0.46000003814697266
47.801000118255615,48.24300003051758,0.4419999122619629
47.8050000667572,48.24300003051758,0.437999963760376
47.80900001525879,48.24300003051758,0.43400001525878906
47.818000078201294,48.492000102996826,0.6740000247955322
47.85000014305115,48.24300003051758,0.39299988746643066
47.85599994659424,48.41900014877319,0.5630002021789551
47.85899996757507,48.24300003051758,0.3840000629425049
47.86800003051758,48.492000102996826,0.624000072479248
47.90000009536743,48.24300003051758,0.3429999351501465
47.90499997138977,48.41900014877319,0.5140001773834229
47.90900015830994,48.24300003051758,0.3339998722076416
47.91799998283386,48.492000102996826,0.5740001201629639
47.950000047683716,48.420000076293945,0.4700000286102295
47.954999923706055,48.49300003051758,0.5380001068115234
47.95900011062622,48.420000076293945,0.4609999656677246
47.96799993515015,48.492000102996826,0.5240001678466797
48.00099992752075,48.41900014877319,0.4180002212524414
48.00500011444092,48.49300003051758,0.48799991607666016
48.009000062942505,48.49300003051758,0.48399996757507324
48.01699995994568,48.492000102996826,0.47500014305114746
48.051000118255615,48.49300003051758,0.4419999122619629
48.0550000667572,48.492000102996826,0.437000036239624
48.05900001525879,48.49300003051758,0.43400001525878906
48.06700015068054,48.492000102996826,0.4249999523162842
48.1010000705719,48.49300003051758,0.3919999599456787
48.105000019073486,48.492000102996826,0.38700008392333984
48.10899996757507,48.49300003051758,0.3840000629425049
48.11800003051758,48.492000102996826,0.37400007247924805
48.15000009536743,48.49300003051758,0.3429999351501465
48.15499997138977,48.492000102996826,0.33700013160705566
48.15900015830994,48.625,0.4659998416900635
48.16799998283386,48.49300003051758,0.3250000476837158
48.200000047683716,48.62400007247925,0.4240000247955322
48.204999923706055,48.62400007247925,0.41900014877319336
48.20900011062622,48.625,0.4159998893737793
48.21799993515015,48.49300003051758,0.27500009536743164
48.25,48.62400007247925,0.37400007247924805
48.25500011444092,48.62400007247925,0.3689999580383301
48.259000062942505,48.625,0.3659999370574951
48.26699995994568,48.676000118255615,0.4090001583099365
48.301000118255615,48.62400007247925,0.3229999542236328
48.305999994277954,48.676000118255615,0.37000012397766113
48.30900001525879,48.625,0.31599998474121094
48.31700015068054,48.676000118255615,0.35899996757507324
48.3510000705719,48.62400007247925,0.27300000190734863
48.355000019073486,48.676000118255615,0.3210000991821289
48.35899996757507,49.021000146865845,0.6620001792907715
48.36800003051758,49.021000146865845,0.6530001163482666
48.40000009536743,48.676000118255615,0.2760000228881836
48.40499997138977,49.021000146865845,0.6160001754760742
48.40900015830994,49.021000146865845,0.6119999885559082
48.41799998283386,49.021000146865845,0.6030001640319824
48.450000047683716,49.0220000743866,0.5720000267028809
48.454999923706055,49.021000146865845,0.56600022315979
48.45799994468689,49.0220000743866,0.564000129699707
48.46799993515015,49.019999980926514,0.5520000457763672
48.50099992752075,49.0220000743866,0.5210001468658447
48.50600004196167,49.021000146865845,0.5150001049041748
48.509000062942505,49.02300000190735,0.5139999389648438
48.51699995994568,49.019999980926514,0.503000020980835
48.549999952316284,49.0220000743866,0.4720001220703125
48.5550000667572,49.021000146865845,0.4660000801086426
48.55900001525879,49.02300000190735,0.46399998664855957
48.56700015068054,49.0220000743866,0.4549999237060547
48.60000014305115,49.0220000743866,0.4219999313354492
48.605000019073486,49.02300000190735,0.4179999828338623
48.60899996757507,49.02300000190735,0.4140000343322754
48.61800003051758,49.30200004577637,0.6840000152587891
48.65000009536743,49.0220000743866,0.37199997901916504
48.65499997138977,49.271000146865845,0.6160001754760742
48.65900015830994,49.02300000190735,0.3639998435974121
48.66799998283386,49.30200004577637,0.6340000629425049
48.700000047683716,49.0220000743866,0.32200002670288086
48.704999923706055,49.271000146865845,0.56600022315979
48.70900011062622,49.2720000743866,0.562999963760376
48.717000007629395,49.30200004577637,0.5850000381469727
48.75099992752075,49.2720000743866,0.5210001468658447
48.75500011444092,49.30200004577637,0.5469999313354492
48.75800013542175,49.2720000743866,0.5139999389648438
48.76699995994568,49.30200004577637,0.5350000858306885
48.801000118255615,49.271000146865845,0.4700000286102295
48.8050000667572,49.30200004577637,0.49699997901916504
48.80900001525879,49.30200004577637,0.4930000305175781
48.81700015068054,49.30200004577637,0.4849998950958252
48.85000014305115,49.4520001411438,0.6019999980926514
48.855000019073486,49.30200004577637,0.44700002670288086
48.85899996757507,49.30200004577637,0.44300007820129395
48.86800003051758,49.30200004577637,0.43400001525878906
48.90000009536743,49.4520001411438,0.5520000457763672
48.90499997138977,49.30200004577637,0.3970000743865967
48.90900015830994,49.30200004577637,0.39299988746643066
48.91799998283386,49.4520001411438,0.5340001583099365
48.950000047683716,49.58299994468689,0.6329998970031738
48.954999923706055,49.301000118255615,0.34600019454956055
48.95900011062622,49.4520001411438,0.4930000305175781
48.967000007629395,49.4520001411438,0.4850001335144043
49.00099992752075,49.58299994468689,0.5820000171661377
49.00600004196167,49.58299994468689,0.5769999027252197
49.009000062942505,49.58299994468689,0.5739998817443848
49.01699995994568,49.4520001411438,0.4350001811981201
49.051000118255615,49.58299994468689,0.5319998264312744
49.0550000667572,49.58299994468689,0.5279998779296875
49.05900001525879,49.58299994468689,0.5239999294281006
49.068000078201294,49.58400011062622,0.5160000324249268
49.1010000705719,49.58299994468689,0.48199987411499023
49.105000019073486,49.58400011062622,0.4790000915527344
49.10800004005432,49.58299994468689,0.47499990463256836
49.11800003051758,49.58400011062622,0.4660000801086426
49.15000009536743,49.58400011062622,0.43400001525878906
49.15499997138977,49.58400011062622,0.4290001392364502
49.15900015830994,49.58299994468689,0.4239997863769531
49.16799998283386,49.80999994277954,0.6419999599456787
49.200000047683716,49.58299994468689,0.38299989700317383
49.204999923706055,49.80900001525879,0.6040000915527344
49.20900011062622,49.80900001525879,0.5999999046325684
49.21799993515015,49.80999994277954,0.5920000076293945
49.25,49.58299994468689,0.33299994468688965
49.25600004196167,49.80900001525879,0.5529999732971191
49.259000062942505,49.80900001525879,0.5499999523162842
49.26699995994568,49.80900001525879,0.5420000553131104
49.301000118255615,49.80999994277954,0.5089998245239258
49.3050000667572,49.80900001525879,0.5039999485015869
49.30900001525879,49.80999994277954,0.500999927520752
49.318000078201294,49.80900001525879,0.4909999370574951
49.3510000705719,49.80999994277954,0.4589998722076416
49.355000019073486,49.80900001525879,0.45399999618530273
49.35899996757507,49.80999994277954,0.4509999752044678
49.36800003051758,49.80999994277954,0.4419999122619629
49.401000022888184,49.80999994277954,0.4089999198913574
49.40499997138977,49.81100010871887,0.40600013732910156
49.40900015830994,49.80999994277954,0.4009997844696045
49.41799998283386,50.10199999809265,0.6840000152587891
49.450000047683716,49.80999994277954,0.3599998950958252
49.454999923706055,49.86199998855591,0.4070000648498535
49.45900011062622,49.80999994277954,0.3509998321533203
49.46799993515015,50.10199999809265,0.6340000629425049
49.5,49.80999994277954,0.309999942779541
49.50500011444092,49.86199998855591,0.35699987411499023
49.509000062942505,49.80999994277954,0.30099987983703613
49.51699995994568,50.10199999809265,0.5850000381469727
49.549999952316284,49.86199998855591,0.312000036239624
49.5550000667572,50.10199999809265,0.5469999313354492
49.55900001525879,49.86199998855591,0.30299997329711914
49.568000078201294,50.10199999809265,0.5339999198913574
49.6010000705719,50.1029999256134,0.5019998550415039
49.605000019073486,50.10199999809265,0.49699997901916504
49.60899996757507,49.86199998855591,0.25300002098083496
49.61800003051758,50.10199999809265,0.48399996757507324
49.65000009536743,50.138999938964844,0.4889998435974121
49.65499997138977,50.10199999809265,0.44700002670288086
49.65900015830994,50.10199999809265,0.44299983978271484
49.66799998283386,50.10199999809265,0.43400001525878906
49.700000047683716,50.138999938964844,0.43899989128112793
49.704999923706055,50.10199999809265,0.3970000743865967
49.70900011062622,50.1029999256134,0.3939998149871826
49.717000007629395,50.10199999809265,0.38499999046325684
49.75,50.138999938964844,0.38899993896484375
49.75500011444092,50.1010000705719,0.34599995613098145
49.759000062942505,50.138999938964844,0.37999987602233887
49.76699995994568,50.10199999809265,0.33500003814697266
49.801000118255615,50.138999938964844,0.3379998207092285
49.8050000667572,50.1010000705719,0.29600000381469727
49.80800008773804,50.138999938964844,0.33099985122680664
49.818000078201294,50.138999938964844,0.3209998607635498
49.85000014305115,50.138999938964844,0.2889997959136963
49.85599994659424,50.217000007629395,0.36100006103515625
49.85899996757507,50.138999938964844,0.2799999713897705
49.86800003051758,50.138999938964844,0.2709999084472656
49.90000009536743,50.138999938964844,0.2389998435974121
49.90499997138977,50.41600012779236,0.5110001564025879
49.90900015830994,50.217000007629395,0.307999849319458
49.91700005531311,50.41700005531311,0.5
49.950000047683716,50.217000007629395,0.2669999599456787
49.954999923706055,50.41600012779236,0.4610002040863037
49.95900011062622,50.217000007629395,0.25799989700317383
49.967000007629395,50.41700005531311,0.4500000476837158
50.00099992752075,50.568000078201294,0.567000150680542
50.00500011444092,50.41600012779236,0.41100001335144043
50.009000062942505,50.41600012779236,0.4070000648498535
50.01800012588501,50.41700005531311,0.3989999294281006
50.049999952316284,50.56700015068054,0.5170001983642578
50.0550000667572,50.41600012779236,0.36100006103515625
50.05900001525879,50.56700015068054,0.5080001354217529
50.068000078201294,50.56700015068054,0.49900007247924805
50.10000014305115,50.56700015068054,0.46700000762939453
50.105000019073486,50.41600012779236,0.31100010871887207
50.10899996757507,50.634000062942505,0.5250000953674316
50.117000102996826,50.56700015068054,0.4500000476837158
50.15000009536743,50.63300013542175,0.4830000400543213
50.15499997138977,50.41600012779236,0.2610001564025879
50.15900015830994,50.634000062942505,0.47499990463256836
50.16700005531311,50.65400004386902,0.4869999885559082
50.20099997520447,50.63300013542175,0.43200016021728516
50.204999923706055,50.63300013542175,0.42800021171569824
50.20900011062622,50.634000062942505,0.4249999523162842
50.21799993515015,50.65400004386902,0.43600010871887207
50.25099992752075,50.63300013542175,0.382000207901001
50.25600004196167,50.63300013542175,0.377000093460083
50.259000062942505,50.63300013542175,0.37400007247924805
50.26800012588501,50.782999992370605,0.5149998664855957
50.299999952316284,50.63300013542175,0.33300018310546875
50.3050000667572,50.65400004386902,0.3489999771118164
50.30900001525879,50.63300013542175,0.32400012016296387
50.318000078201294,50.782999992370605,0.4649999141693115
50.35000014305115,50.65400004386902,0.3039999008178711
50.355000019073486,50.782999992370605,0.42799997329711914
50.35899996757507,50.782999992370605,0.4240000247955322
50.367000102996826,50.782999992370605,0.4159998893737793
50.401000022888184,50.860000133514404,0.4590001106262207
50.40499997138977,50.782999992370605,0.37800002098083496
50.40900015830994,50.860000133514404,0.4509999752044678
50.41700005531311,50.782999992370605,0.3659999370574951
50.45099997520447,50.860000133514404,0.4090001583099365
50.456000089645386,50.782999992370605,0.3269999027252197
50.45900011062622,50.860000133514404,0.4010000228881836
50.46799993515015,50.782999992370605,0.315000057220459
50.5,50.926000118255615,0.42600011825561523
50.50500011444092,50.782999992370605,0.2779998779296875
50.509000062942505,50.92700004577637,0.4179999828338623
50.51800012588501,50.85899996757507,0.3409998416900635
50.549999952316284,50.926000118255615,0.37600016593933105
50.5550000667572,50.926000118255615,0.3710000514984131
50.55900001525879,50.92700004577637,0.3680000305175781
50.568000078201294,51.026000022888184,0.45799994468688965
50.60000014305115,50.926000118255615,0.3259999752044678
50.605000019073486,50.926000118255615,0.3210000991821289
50.60899996757507,50.926000118255615,0.317000150680542
50.61800003051758,51.026000022888184,0.40799999237060547
50.651000022888184,50.926000118255615,0.27500009536743164
50.65499997138977,51.2260000705719,0.5710000991821289
50.65900015830994,50.926000118255615,0.2669999599456787
50.66700005531311,51.026000022888184,0.35899996757507324
50.700000047683716,51.026000022888184,0.3259999752044678
50.704999923706055,51.2260000705719,0.5210001468658447
50.70900011062622,51.026000022888184,0.3169999122619629
50.71799993515015,51.2260000705719,0.5080001354217529
50.75,51.229000091552734,0.4790000915527344
50.75500011444092,51.22500014305115,0.4700000286102295
50.759000062942505,51.22500014305115,0.4660000801086426
50.76800012588501,51.2260000705719,0.45799994468688965
50.799999952316284,51.229000091552734,0.4290001392364502
50.805999994277954,51.22500014305115,0.41900014877319336
50.80900001525879,51.22500014305115,0.4160001277923584
50.818000078201294,51.2260000705719,0.40799999237060547
50.85000014305115,51.229000091552734,0.3789999485015869
50.855000019073486,51.22500014305115,0.37000012397766113
50.85899996757507,51.229000091552734,0.37000012397766113
50.86800003051758,51.229000091552734,0.36100006103515625
50.901000022888184,51.3970000743866,0.4960000514984131
50.90499997138977,51.22500014305115,0.32000017166137695
50.90900015830994,51.39800000190735,0.4889998435974121
50.91799998283386,51.229000091552734,0.31100010871887207
50.95099997520447,51.3970000743866,0.4460000991821289
50.954999923706055,51.22500014305115,0.2700002193450928
50.95900011062622,51.3970000743866,0.437999963760376
50.96799993515015,51.3970000743866,0.4290001392364502
51.0,51.3970000743866,0.3970000743865967
51.00500011444092,51.70700001716614,0.7019999027252197
51.009000062942505,51.39800000190735,0.38899993896484375
51.01699995994568,51.3970000743866,0.38000011444091797
51.049999952316284,51.3970000743866,0.3470001220703125
51.0550000667572,51.70700001716614,0.6519999504089355
51.05900001525879,51.3970000743866,0.3380000591278076
51.068000078201294,51.73200011253357,0.6640000343322754
51.10000014305115,51.70700001716614,0.6069998741149902
51.105000019073486,51.70700001716614,0.6019999980926514
51.10899996757507,51.3970000743866,0.28800010681152344
51.11800003051758,51.73200011253357,0.6140000820159912
51.151000022888184,51.70700001716614,0.5559999942779541
51.15499997138977,51.70700001716614,0.5520000457763672
51.157999992370605,51.3970000743866,0.2390000820159912
51.16799998283386,51.73200011253357,0.564000129699707
51.200000047683716,51.70700001716614,0.5069999694824219
51.204999923706055,51.73300004005432,0.5280001163482666
51.20900011062622,51.70700001716614,0.497999906539917
51.217000007629395,51.73200011253357,0.5150001049041748
51.25,51.73300004005432,0.4830000400543213
51.25500011444092,51.73300004005432,0.4779999256134033
51.259000062942505,51.73200011253357,0.47300004959106445
51.26699995994568,51.73200011253357,0.4650001525878906
51.301000118255615,51.829999923706055,0.5289998054504395
51.3050000667572,51.73300004005432,0.42799997329711914
51.30800008773804,51.73300004005432,0.4249999523162842
51.318000078201294,51.73300004005432,0.41499996185302734
51.3510000705719,51.829999923706055,0.4789998531341553
51.355000019073486,51.73300004005432,0.37800002098083496
51.35899996757507,51.73300004005432,0.37400007247924805
51.36800003051758,51.73300004005432,0.36500000953674316
51.40000009536743,51.829999923706055,0.42999982833862305
51.40499997138977,51.73300004005432,0.3280000686645508
51.40900015830994,51.831000089645386,0.4219999313354492
51.41700005531311,51.924999952316284,0.5079998970031738
51.450000047683716,51.829999923706055,0.37999987602233887
51.456000089645386,51.829999923706055,0.37399983406066895
51.45900011062622,51.831000089645386,0.37199997901916504
51.467000007629395,51.924999952316284,0.45799994468688965
51.50099992752075,51.829999923706055,0.32899999618530273
51.50500011444092,51.829999923706055,0.3249998092651367
51.509000062942505,51.829999923706055,0.3209998607635498
51.51800012588501,51.924999952316284,0.4069998264312744
51.551000118255615,51.924999952316284,0.37399983406066895
51.5550000667572,52.170000076293945,0.6150000095367432
51.55900001525879,51.829999923706055,0.2709999084472656
51.568000078201294,51.924999952316284,0.35699987411499023
51.60000014305115,51.924999952316284,0.3249998092651367
51.605000019073486,52.170000076293945,0.565000057220459
51.60800004005432,51.924999952316284,0.3169999122619629
51.61800003051758,52.16900014877319,0.5510001182556152
51.65000009536743,52.170000076293945,0.5199999809265137
51.65499997138977,52.170000076293945,0.5150001049041748
51.65900015830994,52.16900014877319,0.5099999904632568
51.66700005531311,52.16900014877319,0.502000093460083
51.70099997520447,52.170000076293945,0.46900010108947754
51.704999923706055,52.170000076293945,0.4650001525878906
51.70900011062622,52.16900014877319,0.46000003814697266
51.71799993515015,52.16900014877319,0.4510002136230469
51.75099992752075,52.170000076293945,0.41900014877319336
51.75500011444092,52.170000076293945,0.41499996185302734
51.759000062942505,52.170000076293945,0.41100001335144043
51.76800012588501,52.16900014877319,0.4010000228881836
51.799999952316284,52.27800011634827,0.4780001640319824
51.8050000667572,52.170000076293945,0.36500000953674316
51.80900001525879,52.27900004386902,0.4700000286102295
51.818000078201294,52.16900014877319,0.3510000705718994
51.85000014305115,52.27800011634827,0.42799997329711914
51.855000019073486,52.170000076293945,0.315000057220459
51.85800004005432,52.27900004386902,0.42100000381469727
51.867000102996826,52.170000076293945,0.30299997329711914
51.901000022888184,52.27800011634827,0.377000093460083
51.90499997138977,52.27800011634827,0.3730001449584961
51.90900015830994,52.27800011634827,0.3689999580383301
51.91799998283386,52.378000020980835,0.46000003814697266
51.95099997520447,52.27800011634827,0.32700014114379883
51.956000089645386,52.27800011634827,0.32200002670288086
51.95900011062622,52.27800011634827,0.3190000057220459
51.96799993515015,52.378000020980835,0.4100000858306885
52.0,52.378000020980835,0.37800002098083496
52.00500011444092,52.52900004386902,0.5239999294281006
52.00800013542175,52.27800011634827,0.26999998092651367
52.01699995994568,52.378000020980835,0.36100006103515625
52.049999952316284,52.378000020980835,0.3280000686645508
52.0550000667572,52.52900004386902,0.4739999771118164
52.05900001525879,52.27800011634827,0.21900010108947754
52.06700015068054,52.52999997138977,0.4629998207092285
52.10000014305115,52.378000020980835,0.2779998779296875
52.105000019073486,52.52900004386902,0.4240000247955322
52.10899996757507,52.378000020980835,0.2690000534057617
52.11800003051758,52.52999997138977,0.4119999408721924
52.151000022888184,52.575000047683716,0.4240000247955322
52.15499997138977,52.52900004386902,0.37400007247924805
52.15900015830994,52.52900004386902,0.36999988555908203
52.16799998283386,52.52999997138977,0.3619999885559082
52.200000047683716,52.575000047683716,0.375
52.206000089645386,52.52900004386902,0.3229999542236328
52.20900011062622,52.52900004386902,0.31999993324279785
52.217000007629395,52.574000120162964,0.35700011253356934
52.25,52.82800006866455,0.5780000686645508
52.25500011444092,52.52900004386902,0.2739999294281006
52.259000062942505,52.574000120162964,0.315000057220459
52.26699995994568,52.574000120162964,0.30700016021728516
52.299999952316284,52.82800006866455,0.5280001163482666
52.3050000667572,52.52900004386902,0.2239999771118164
52.30900001525879,52.82800006866455,0.5190000534057617
52.318000078201294,52.82800006866455,0.5099999904632568
52.3510000705719,52.82800006866455,0.47699999809265137
52.355000019073486,52.98699998855591,0.6319999694824219
52.35899996757507,52.82800006866455,0.46900010108947754
52.36800003051758,52.82800006866455,0.46000003814697266
52.401000022888184,52.8270001411438,0.42600011825561523
52.40499997138977,52.98699998855591,0.5820000171661377
52.40900015830994,52.82800006866455,0.41899991035461426
52.41799998283386,53.11199998855591,0.6940000057220459
52.450000047683716,52.98699998855591,0.5369999408721924
52.454999923706055,53.111000061035156,0.6560001373291016
52.45900011062622,52.98699998855591,0.5279998779296875
52.467000007629395,53.11199998855591,0.6449999809265137
52.5,53.11500000953674,0.6150000095367432
52.50500011444092,53.111000061035156,0.6059999465942383
52.509000062942505,53.11199998855591,0.6029999256134033
52.51699995994568,53.11199998855591,0.5950000286102295
52.549999952316284,53.11500000953674,0.565000057220459
52.5550000667572,53.111000061035156,0.5559999942779541
52.55900001525879,53.11400008201599,0.5550000667572021
52.568000078201294,53.11199998855591,0.5439999103546143
52.6010000705719,53.11400008201599,0.5130000114440918
52.605000019073486,53.111000061035156,0.5060000419616699
52.60800004005432,53.11400008201599,0.5060000419616699
52.61800003051758,53.11199998855591,0.4939999580383301
52.651000022888184,53.11500000953674,0.46399998664855957
52.6560001373291,53.111000061035156,0.4549999237060547
52.65900015830994,53.11500000953674,0.45599985122680664
52.66799998283386,53.11400008201599,0.4460000991821289
52.700000047683716,53.11500000953674,0.41499996185302734
52.704999923706055,53.11500000953674,0.4100000858306885
52.70900011062622,53.11500000953674,0.40599989891052246
52.717000007629395,53.11400008201599,0.3970000743865967
52.75,53.11500000953674,0.36500000953674316
52.75500011444092,53.11500000953674,0.3599998950958252
52.759000062942505,53.11500000953674,0.3559999465942383
52.76699995994568,53.44200015068054,0.6750001907348633
52.801000118255615,53.443000078201294,0.6419999599456787
52.805999994277954,53.44200015068054,0.6360001564025879
52.80900001525879,53.443000078201294,0.6340000629425049
52.818000078201294,53.44200015068054,0.624000072479248
52.8510000705719,53.44200015068054,0.5910000801086426
52.855000019073486,53.44200015068054,0.5870001316070557
52.85899996757507,53.443000078201294,0.5840001106262207
52.86800003051758,53.509000062942505,0.6410000324249268
52.901000022888184,53.44200015068054,0.5410001277923584
52.90499997138977,53.509000062942505,0.6040000915527344
52.90900015830994,53.443000078201294,0.5339999198913574
52.91799998283386,53.509000062942505,0.5910000801086426
52.95099997520447,53.44200015068054,0.4910001754760742
52.956000089645386,53.509000062942505,0.5529999732971191
52.95900011062622,53.509000062942505,0.5499999523162842
52.96799993515015,53.509000062942505,0.5410001277923584
53.0,53.509000062942505,0.5090000629425049
53.00500011444092,53.50800013542175,0.503000020980835
53.009000062942505,53.509000062942505,0.5
53.01699995994568,53.509000062942505,0.49200010299682617
53.049999952316284,53.69200015068054,0.6420001983642578
53.05800008773804,53.50800013542175,0.4500000476837158
53.05900001525879,53.509000062942505,0.4500000476837158
53.06700015068054,53.509000062942505,0.4419999122619629
53.1010000705719,53.69200015068054,0.5910000801086426
53.105000019073486,53.50800013542175,0.4030001163482666
53.10800004005432,53.693000078201294,0.5850000381469727
53.117000102996826,53.509000062942505,0.3919999599456787
53.151000022888184,53.69200015068054,0.5410001277923584
53.1560001373291,53.69200015068054,0.5360000133514404
53.15900015830994,53.693000078201294,0.5339999198913574
53.16799998283386,53.509000062942505,0.3410000801086426
53.20099997520447,53.69200015068054,0.4910001754760742
53.204999923706055,53.69200015068054,0.4870002269744873
53.20900011062622,53.693000078201294,0.48399996757507324
53.21799993515015,53.878000020980835,0.6600000858306885
53.25,53.69200015068054,0.442000150680542
53.25500011444092,53.693000078201294,0.437999963760376
53.259000062942505,53.693000078201294,0.43400001525878906
53.26800012588501,53.878000020980835,0.6099998950958252
53.299999952316284,53.693000078201294,0.39300012588500977
53.3050000667572,53.693000078201294,0.3880000114440918
53.30900001525879,53.693000078201294,0.3840000629425049
53.31700015068054,53.878000020980835,0.560999870300293
53.3510000705719,53.693000078201294,0.34200000762939453
53.355000019073486,53.87700009346008,0.5220000743865967
53.35899996757507,53.693000078201294,0.3340001106262207
53.36800003051758,53.878000020980835,0.5099999904632568
53.401000022888184,53.99300003051758,0.5920000076293945
53.40499997138977,53.87700009346008,0.4720001220703125
53.407999992370605,53.693000078201294,0.2850000858306885
53.41799998283386,53.878000020980835,0.46000003814697266
53.450000047683716,53.99300003051758,0.5429999828338623
53.454999923706055,53.87700009346008,0.4220001697540283
53.45900011062622,53.878000020980835,0.41899991035461426
53.46799993515015,53.878000020980835,0.4100000858306885
53.5,53.99300003051758,0.4930000305175781
53.50600004196167,53.87700009346008,0.3710000514984131
53.509000062942505,53.99300003051758,0.48399996757507324
53.51800012588501,53.878000020980835,0.3599998950958252
53.549999952316284,54.0770001411438,0.5270001888275146
53.5550000667572,53.87700009346008,0.32200002670288086
53.55900001525879,54.07800006866455,0.5190000534057617
53.56700015068054,53.99300003051758,0.42599987983703613
53.6010000705719,54.0770001411438,0.4760000705718994
53.605000019073486,54.0770001411438,0.4720001220703125
53.60899996757507,54.07800006866455,0.46900010108947754
53.617000102996826,53.99300003051758,0.37599992752075195
53.651000022888184,54.0770001411438,0.42600011825561523
53.65499997138977,54.0770001411438,0.4220001697540283
53.65900015830994,54.07800006866455,0.41899991035461426
53.66799998283386,54.15499997138977,0.4869999885559082
53.700000047683716,54.0770001411438,0.377000093460083
53.704999923706055,54.15400004386902,0.44900012016296387
53.70900011062622,54.07800006866455,0.3689999580383301
53.71799993515015,54.15499997138977,0.437000036239624
53.75,54.15499997138977,0.4049999713897705
53.75500011444092,54.15499997138977,0.39999985694885254
53.759000062942505,54.07800006866455,0.3190000057220459
53.76800012588501,54.3270001411438,0.5590000152587891
53.799999952316284,54.15499997138977,0.35500001907348633
53.8050000667572,54.3270001411438,0.5220000743865967
53.80900001525879,54.3270001411438,0.5180001258850098
53.818000078201294,54.3270001411438,0.5090000629425049
53.8510000705719,54.15499997138977,0.3039999008178711
53.855000019073486,54.3270001411438,0.4720001220703125
53.85899996757507,54.3270001411438,0.4680001735687256
53.867000102996826,54.3270001411438,0.46000003814697266
53.901000022888184,54.32800006866455,0.4270000457763672
53.90499997138977,54.3270001411438,0.4220001697540283
53.90900015830994,54.32800006866455,0.41899991035461426
53.91700005531311,54.3270001411438,0.4100000858306885
53.950000047683716,54.32800006866455,0.37800002098083496
53.954999923706055,54.3270001411438,0.37200021743774414
53.95900011062622,54.65000009536743,0.6909999847412109
53.96799993515015,54.32800006866455,0.3600001335144043
54.0,54.6489999294281,0.6489999294281006
54.00500011444092,54.3270001411438,0.32200002670288086
54.009000062942505,54.65000009536743,0.6410000324249268
54.01800012588501,54.78999996185303,0.7719998359680176
54.049999952316284,54.6489999294281,0.5989999771118164
54.0550000667572,54.65000009536743,0.5950000286102295
54.05900001525879,54.65000009536743,0.5910000801086426
54.068000078201294,54.79100012779236,0.7230000495910645
54.1010000705719,54.6489999294281,0.5479998588562012
54.105000019073486,54.6489999294281,0.5439999103546143
54.10899996757507,54.65000009536743,0.5410001277923584
54.11800003051758,54.78999996185303,0.6719999313354492
54.151000022888184,54.6489999294281,0.497999906539917
54.1560001373291,54.95799994468689,0.8019998073577881
54.15900015830994,54.65000009536743,0.4909999370574951
54.16700005531311,54.78999996185303,0.622999906539917
54.200000047683716,54.79100012779236,0.5910000801086426
54.204999923706055,54.95799994468689,0.753000020980835
54.20900011062622,54.65000009536743,0.44099998474121094
54.21799993515015,54.95799994468689,0.7400000095367432
54.25,54.79100012779236,0.5410001277923584
54.25500011444092,54.95799994468689,0.7029998302459717
54.259000062942505,54.79100012779236,0.5320000648498535
54.26800012588501,54.95799994468689,0.6899998188018799
54.301000118255615,54.95799994468689,0.6569998264312744
54.3050000667572,54.95799994468689,0.6529998779296875
54.30900001525879,54.95900011062622,0.6500000953674316
54.318000078201294,54.95799994468689,0.6399998664855957
54.35000014305115,54.95799994468689,0.6079998016357422
54.355000019073486,54.95799994468689,0.6029999256134033
54.35899996757507,54.95900011062622,0.6000001430511475
54.367000102996826,54.95799994468689,0.5909998416900635
54.40000009536743,54.95900011062622,0.5590000152587891
54.40499997138977,54.95799994468689,0.5529999732971191
54.40900015830994,54.95900011062622,0.5499999523162842
54.41700005531311,54.95799994468689,0.5409998893737793
54.45099997520447,54.97699999809265,0.5260000228881836
54.454999923706055,54.95799994468689,0.503000020980835
54.45900011062622,54.9779999256134,0.5189998149871826
54.467000007629395,54.95900011062622,0.49200010299682617
54.50099992752075,54.97699999809265,0.4760000705718994
54.50500011444092,54.97699999809265,0.4719998836517334
54.509000062942505,54.9779999256134,0.46899986267089844
54.51800012588501,54.95900011062622,0.44099998474121094
54.549999952316284,54.97699999809265,0.4270000457763672
54.5550000667572,54.97699999809265,0.4219999313354492
54.55900001525879,54.9779999256134,0.41899991035461426
54.568000078201294,55.182000160217285,0.6140000820159912
54.60000014305115,54.97699999809265,0.3769998550415039
54.605000019073486,55.00699996948242,0.40199995040893555
54.60899996757507,54.97699999809265,0.3680000305175781
54.617000102996826,55.182000160217285,0.565000057220459
54.651000022888184,55.00699996948242,0.3559999465942383
54.65499997138977,55.00699996948242,0.35199999809265137
54.65900015830994,55.00699996948242,0.34799981117248535
54.66700005531311,55.182000160217285,0.5150001049041748
54.70099997520447,55.00699996948242,0.3059999942779541
54.706000089645386,55.180999994277954,0.47499990463256836
54.70900011062622,55.00699996948242,0.29799985885620117
54.717000007629395,55.182000160217285,0.4650001525878906
54.75099992752075,55.206000089645386,0.4550001621246338
54.75500011444092,55.180999994277954,0.42599987983703613
54.759000062942505,55.180999994277954,0.4219999313354492
54.76800012588501,55.182000160217285,0.4140000343322754
54.799999952316284,55.206000089645386,0.40600013732910156
54.8050000667572,55.180999994277954,0.37599992752075195
54.80900001525879,55.180999994277954,0.37199997901916504
54.818000078201294,55.206000089645386,0.3880000114440918
54.8510000705719,55.206000089645386,0.35500001907348633
54.855000019073486,55.180999994277954,0.3259999752044678
54.85899996757507,55.206000089645386,0.3470001220703125
54.86800003051758,55.206000089645386,0.3380000591278076
54.90000009536743,55.5770001411438,0.6770000457763672
54.90499997138977,55.180999994277954,0.2760000228881836
54.90900015830994,55.206000089645386,0.2969999313354492
54.91700005531311,55.206000089645386,0.2890000343322754
54.950000047683716,55.5770001411438,0.627000093460083
54.956000089645386,55.57800006866455,0.621999979019165
54.95900011062622,55.57800006866455,0.6189999580383301
54.967000007629395,55.206000089645386,0.2390000820159912
55.0,55.5770001411438,0.5770001411437988
55.00500011444092,55.5770001411438,0.5720000267028809
55.009000062942505,55.57800006866455,0.5690000057220459
55.01800012588501,55.63000011444092,0.6119999885559082
55.049999952316284,55.5770001411438,0.5270001888275146
55.0550000667572,55.63000011444092,0.5750000476837158
55.05900001525879,55.57800006866455,0.5190000534057617
55.06700015068054,55.63000011444092,0.562999963760376
55.1010000705719,55.63100004196167,0.5299999713897705
55.105000019073486,55.63000011444092,0.5250000953674316
55.10899996757507,55.57800006866455,0.46900010108947754
55.117000102996826,55.68900012969971,0.5720000267028809
55.15000009536743,55.63100004196167,0.4809999465942383
55.1560001373291,55.687999963760376,0.5319998264312744
55.15900015830994,55.68900012969971,0.5299999713897705
55.16799998283386,55.68900012969971,0.5210001468658447
55.200000047683716,55.63100004196167,0.4309999942779541
55.204999923706055,55.687999963760376,0.4830000400543213
55.20900011062622,55.68900012969971,0.48000001907348633
55.21799993515015,55.687999963760376,0.4700000286102295
55.25,55.69000005722046,0.440000057220459
55.25500011444092,55.687999963760376,0.432999849319458
55.259000062942505,55.68900012969971,0.43000006675720215
55.26800012588501,55.687999963760376,0.4199998378753662
55.301000118255615,55.819000005722046,0.5179998874664307
55.3050000667572,55.687999963760376,0.38299989700317383
55.30900001525879,55.69000005722046,0.3810000419616699
55.31700015068054,55.69000005722046,0.372999906539917
55.35000014305115,55.819000005722046,0.46899986267089844
55.35599994659424,55.687999963760376,0.3320000171661377
55.35899996757507,55.8199999332428,0.4609999656677246
55.367000102996826,55.88100004196167,0.5139999389648438
55.40000009536743,55.819000005722046,0.41899991035461426
55.40499997138977,55.8199999332428,0.41499996185302734
55.40900015830994,55.8199999332428,0.41099977493286133
55.41799998283386,55.88100004196167,0.4630000591278076
55.45099997520447,55.819000005722046,0.3680000305175781
55.454999923706055,55.8199999332428,0.36500000953674316
55.45900011062622,55.8199999332428,0.36099982261657715
55.46799993515015,55.88100004196167,0.41300010681152344
55.50099992752075,55.88100004196167,0.38000011444091797
55.50500011444092,56.079999923706055,0.5749998092651367
55.509000062942505,55.8199999332428,0.31099987030029297
55.51800012588501,55.88100004196167,0.36299991607666016
55.549999952316284,55.88100004196167,0.33100008964538574
55.5550000667572,56.081000089645386,0.5260000228881836
55.55900001525879,55.8199999332428,0.2609999179840088
55.56700015068054,56.081000089645386,0.5139999389648438
55.60000014305115,55.88100004196167,0.28099989891052246
55.605000019073486,56.079999923706055,0.47499990463256836
55.60899996757507,55.88199996948242,0.27300000190734863
55.61800003051758,56.081000089645386,0.4630000591278076
55.651000022888184,56.253000020980835,0.6019999980926514
55.65499997138977,56.079999923706055,0.4249999523162842
55.65900015830994,56.079999923706055,0.42099976539611816
55.66799998283386,56.081000089645386,0.41300010681152344
55.70099997520447,56.253000020980835,0.5520000457763672
55.704999923706055,56.079999923706055,0.375
55.70900011062622,56.25200009346008,0.5429999828338623
55.71799993515015,56.25200009346008,0.5340001583099365
55.75,56.253000020980835,0.503000020980835
55.75500011444092,56.079999923706055,0.3249998092651367
55.759000062942505,56.25200009346008,0.4930000305175781
55.76800012588501,56.25200009346008,0.48399996757507324
55.799999952316284,56.253000020980835,0.4530000686645508
55.805999994277954,56.079999923706055,0.2739999294281006
55.80900001525879,56.253000020980835,0.4440000057220459
55.81700015068054,56.318000078201294,0.500999927520752
55.85000014305115,56.253000020980835,0.4029998779296875
55.855000019073486,56.253000020980835,0.39800000190734863
55.85899996757507,56.253000020980835,0.3940000534057617
55.867000102996826,56.319000005722046,0.4519999027252197
55.901000022888184,56.253000020980835,0.35199999809265137
55.90499997138977,56.253000020980835,0.34800004959106445
55.90900015830994,56.253000020980835,0.34399986267089844
55.91799998283386,56.38100004196167,0.4630000591278076
55.950000047683716,56.319000005722046,0.3689999580383301
55.956000089645386,56.38100004196167,0.4249999523162842
55.95900011062622,56.319000005722046,0.3599998950958252
55.967000007629395,56.38100004196167,0.4140000343322754
56.0,56.38100004196167,0.3810000419616699
56.00500011444092,56.38100004196167,0.37599992752075195
56.00800013542175,56.38100004196167,0.372999906539917
56.01699995994568,56.38100004196167,0.3640000820159912
56.051000118255615,56.407999992370605,0.35699987411499023
56.0550000667572,56.38100004196167,0.3259999752044678
56.05900001525879,56.407999992370605,0.3489999771118164
56.068000078201294,56.38100004196167,0.312999963760376
56.10000014305115,56.407999992370605,0.307999849319458
56.105000019073486,56.38100004196167,0.2760000228881836
56.10899996757507,56.407999992370605,0.2990000247955322
56.11800003051758,56.407999992370605,0.28999996185302734
56.15000009536743,56.58500003814697,0.434999942779541
56.15499997138977,56.407999992370605,0.25300002098083496
56.15900015830994,56.585999965667725,0.4269998073577881
56.16799998283386,56.58500003814697,0.41700005531311035
56.200000047683716,56.58500003814697,0.38499999046325684
56.206000089645386,56.848000049591064,0.6419999599456787
56.20799994468689,56.585999965667725,0.37800002098083496
56.217000007629395,56.58500003814697,0.3680000305175781
56.25099992752075,56.58500003814697,0.3340001106262207
56.25500011444092,56.848000049591064,0.5929999351501465
56.259000062942505,56.585999965667725,0.3269999027252197
56.26800012588501,57.055999994277954,0.7879998683929443
56.301000118255615,56.848000049591064,0.5469999313354492
56.3050000667572,57.0550000667572,0.75
56.30900001525879,56.58500003814697,0.2760000228881836
56.318000078201294,57.055999994277954,0.7379999160766602
56.35000014305115,56.848000049591064,0.497999906539917
56.355000019073486,57.0550000667572,0.7000000476837158
56.35899996757507,56.848000049591064,0.4890000820159912
56.36800003051758,57.055999994277954,0.687999963760376
56.40000009536743,57.055999994277954,0.6559998989105225
56.4060001373291,57.0550000667572,0.6489999294281006
56.40900015830994,57.055999994277954,0.6469998359680176
56.41700005531311,57.055999994277954,0.6389999389648438
56.45099997520447,57.055999994277954,0.6050000190734863
56.454999923706055,57.0550000667572,0.6000001430511475
56.45900011062622,57.055999994277954,0.5969998836517334
56.467000007629395,57.055999994277954,0.5889999866485596
56.5,57.16799998283386,0.6679999828338623
56.50500011444092,57.0550000667572,0.5499999523162842
56.509000062942505,57.055999994277954,0.5469999313354492
56.51800012588501,57.055999994277954,0.5379998683929443
56.549999952316284,57.16799998283386,0.6180000305175781
56.5550000667572,57.0550000667572,0.5
56.55900001525879,57.16900014877319,0.6100001335144043
56.568000078201294,57.055999994277954,0.48799991607666016
56.6010000705719,57.16799998283386,0.5669999122619629
56.605000019073486,57.16900014877319,0.564000129699707
56.60899996757507,57.16900014877319,0.5600001811981201
56.61800003051758,57.170000076293945,0.5520000457763672
56.651000022888184,57.16799998283386,0.5169999599456787
56.6560001373291,57.16900014877319,0.5130000114440918
56.65900015830994,57.16900014877319,0.5099999904632568
56.66799998283386,57.170000076293945,0.502000093460083
56.700000047683716,57.16900014877319,0.46900010108947754
56.704999923706055,57.16900014877319,0.46400022506713867
56.70799994468689,57.16900014877319,0.4610002040863037
56.717000007629395,57.28800010681152,0.5710000991821289
56.75,57.16900014877319,0.41900014877319336
56.75500011444092,57.28699994087219,0.5319998264312744
56.759000062942505,57.16900014877319,0.4100000858306885
56.76800012588501,57.28699994087219,0.5189998149871826
56.801000118255615,57.16900014877319,0.3680000305175781
56.8050000667572,57.28699994087219,0.48199987411499023
56.80900001525879,57.16900014877319,0.3600001335144043
56.818000078201294,57.28699994087219,0.46899986267089844
56.85000014305115,57.28800010681152,0.437999963760376
56.855000019073486,57.28699994087219,0.43199992179870605
56.85899996757507,57.43600010871887,0.5770001411437988
56.86800003051758,57.28699994087219,0.41899991035461426
56.90000009536743,57.43600010871887,0.5360000133514404
56.90499997138977,57.28699994087219,0.3819999694824219
56.907999992370605,57.50200009346008,0.5940001010894775
56.91700005531311,57.28699994087219,0.36999988555908203
56.950000047683716,57.43600010871887,0.48600006103515625
56.954999923706055,57.28699994087219,0.3320000171661377
56.95900011062622,57.50200009346008,0.5429999828338623
56.967000007629395,57.28699994087219,0.31999993324279785
57.00099992752075,57.50200009346008,0.501000165939331
57.00500011444092,57.28699994087219,0.2819998264312744
57.009000062942505,57.50200009346008,0.4930000305175781
57.01800012588501,57.43499994277954,0.41699981689453125
57.051000118255615,57.50200009346008,0.4509999752044678
57.0550000667572,57.50200009346008,0.44700002670288086
57.05900001525879,57.50200009346008,0.44300007820129395
57.068000078201294,57.66799998283386,0.5999999046325684
57.10000014305115,57.66000008583069,0.559999942779541
57.105000019073486,57.65900015830994,0.5540001392364502
57.10899996757507,57.50200009346008,0.39300012588500977
57.117000102996826,57.66799998283386,0.5509998798370361
57.15000009536743,57.66000008583069,0.5099999904632568
57.15499997138977,57.65900015830994,0.504000186920166
57.15900015830994,57.66000008583069,0.500999927520752
57.16700005531311,57.66799998283386,0.500999927520752
57.20099997520447,57.66000008583069,0.4590001106262207
57.204999923706055,57.66799998283386,0.4630000591278076
57.20900011062622,57.66799998283386,0.4589998722076416
57.217000007629395,57.66799998283386,0.4509999752044678
57.25,57.72699999809265,0.47699999809265137
57.25500011444092,57.66799998283386,0.41299986839294434
57.259000062942505,57.72699999809265,0.4679999351501465
57.26800012588501,57.72699999809265,0.4589998722076416
57.299999952316284,57.763999938964844,0.46399998664855957
57.305999994277954,57.66799998283386,0.3619999885559082
57.30900001525879,57.72699999809265,0.4179999828338623
57.318000078201294,57.72699999809265,0.4089999198913574
57.35000014305115,57.763999938964844,0.4139997959136963
57.355000019073486,57.66799998283386,0.312999963760376
57.35899996757507,57.763999938964844,0.4049999713897705
57.367000102996826,57.7260000705719,0.35899996757507324
57.401000022888184,57.763999938964844,0.36299991607666016
57.40499997138977,57.763999938964844,0.35899996757507324
57.40900015830994,57.763999938964844,0.3549997806549072
57.41700005531311,57.7260000705719,0.30900001525878906
57.450000047683716,57.763999938964844,0.31399989128112793
57.454999923706055,57.763999938964844,0.30900001525878906
57.45900011062622,57.763999938964844,0.30499982833862305
57.46799993515015,58.06599998474121,0.5980000495910645
57.5,58.06599998474121,0.5659999847412109
57.50500011444092,58.06500005722046,0.559999942779541
57.509000062942505,58.06599998474121,0.556999921798706
57.51800012588501,58.11300015449524,0.5950000286102295
57.551000118255615,58.06599998474121,0.5149998664855957
57.555999994277954,58.11400008201599,0.5580000877380371
57.55800008773804,58.06599998474121,0.5079998970031738
57.568000078201294,58.11300015449524,0.5450000762939453
57.60000014305115,58.06599998474121,0.4659998416900635
57.605000019073486,58.11400008201599,0.5090000629425049
57.60899996757507,58.11400008201599,0.505000114440918
57.617000102996826,58.11300015449524,0.4960000514984131
57.65000009536743,58.276000022888184,0.625999927520752
57.65499997138977,58.11400008201599,0.4590001106262207
57.65900015830994,58.276000022888184,0.6169998645782471
57.66700005531311,58.11300015449524,0.4460000991821289
57.70099997520447,58.276000022888184,0.5750000476837158
57.704999923706055,58.11400008201599,0.4090001583099365
57.70799994468689,58.276000022888184,0.568000078201294
57.717000007629395,58.276000022888184,0.5590000152587891
57.75099992752075,58.342000007629395,0.5910000801086426
57.75500011444092,58.11400008201599,0.35899996757507324
57.759000062942505,58.276000022888184,0.5169999599456787
57.76800012588501,58.276000022888184,0.5079998970031738
57.799999952316284,58.342000007629395,0.5420000553131104
57.8050000667572,58.11400008201599,0.30900001525878906
57.80900001525879,58.342000007629395,0.5329999923706055
57.818000078201294,58.342000007629395,0.5239999294281006
57.85000014305115,58.342000007629395,0.49199986457824707
57.855000019073486,58.342000007629395,0.4869999885559082
57.85899996757507,58.342000007629395,0.4830000400543213
57.86800003051758,58.342000007629395,0.4739999771118164
57.901000022888184,58.34100008010864,0.440000057220459
57.90499997138977,58.342000007629395,0.437000036239624
57.90900015830994,58.342000007629395,0.432999849319458
57.91799998283386,58.342000007629395,0.4240000247955322
57.95099997520447,58.342000007629395,0.39100003242492676
57.956000089645386,58.426000118255615,0.4700000286102295
57.95900011062622,58.342000007629395,0.38299989700317383
57.967000007629395,58.426000118255615,0.4590001106262207
58.00099992752075,58.47200012207031,0.47100019454956055
58.00500011444092,58.426000118255615,0.42100000381469727
58.00800013542175,58.426000118255615,0.4179999828338623
58.01800012588501,58.426000118255615,0.40799999237060547
58.049999952316284,58.47099995613098,0.42100000381469727
58.0550000667572,58.426000118255615,0.3710000514984131
58.05900001525879,58.426000118255615,0.36700010299682617
58.068000078201294,58.47099995613098,0.4029998779296875
58.10000014305115,58.47099995613098,0.370999813079834
58.105000019073486,58.426000118255615,0.3210000991821289
58.10899996757507,58.47099995613098,0.3619999885559082
58.11800003051758,58.47099995613098,0.3529999256134033
58.151000022888184,58.562999963760376,0.4119999408721924
58.15499997138977,58.426000118255615,0.2710001468658447
58.15900015830994,58.56400012969971,0.4049999713897705
58.16799998283386,58.47099995613098,0.30299997329711914
58.200000047683716,58.562999963760376,0.36299991607666016
58.204999923706055,58.562999963760376,0.3580000400543213
58.20900011062622,58.56400012969971,0.35500001907348633
58.217000007629395,58.47099995613098,0.2539999485015869
58.25,58.562999963760376,0.312999963760376
58.25500011444092,58.562999963760376,0.307999849319458
58.259000062942505,58.56400012969971,0.30500006675720215
58.26699995994568,58.87599992752075,0.6089999675750732
58.301000118255615,58.562999963760376,0.26199984550476074
58.3050000667572,58.746999979019165,0.4419999122619629
58.30800008773804,58.56400012969971,0.2560000419616699
58.318000078201294,58.87599992752075,0.557999849319458
58.35000014305115,58.746999979019165,0.3969998359680176
58.355000019073486,58.746999979019165,0.3919999599456787
58.35899996757507,58.746999979019165,0.3880000114440918
58.36800003051758,58.87599992752075,0.5079998970031738
58.40000009536743,58.746999979019165,0.3469998836517334
58.40499997138977,58.875,0.4700000286102295
58.40900015830994,58.746999979019165,0.3379998207092285
58.41700005531311,58.87599992752075,0.4589998722076416
58.45099997520447,58.920000076293945,0.46900010108947754
58.454999923706055,58.875,0.4200000762939453
58.45799994468689,58.87599992752075,0.4179999828338623
58.467000007629395,58.87599992752075,0.4089999198913574
58.50099992752075,58.920000076293945,0.41900014877319336
58.50500011444092,58.875,0.36999988555908203
58.509000062942505,58.87599992752075,0.36699986457824707
58.51800012588501,58.87599992752075,0.3579998016357422
58.549999952316284,58.920000076293945,0.37000012397766113
58.5550000667572,58.875,0.31999993324279785
58.55900001525879,58.920000076293945,0.36100006103515625
58.568000078201294,58.87599992752075,0.307999849319458
58.60000014305115,59.013999938964844,0.4139997959136963
58.605000019073486,58.875,0.26999998092651367
58.60899996757507,58.920000076293945,0.31100010871887207
58.617000102996826,58.920000076293945,0.30299997329711914
58.651000022888184,59.013999938964844,0.36299991607666016
58.65499997138977,59.013999938964844,0.35899996757507324
58.65900015830994,59.013999938964844,0.3549997806549072
58.66799998283386,59.11899995803833,0.4509999752044678
58.700000047683716,59.013999938964844,0.31399989128112793
58.704999923706055,59.013999938964844,0.30900001525878906
58.70900011062622,59.013999938964844,0.30499982833862305
58.71799993515015,59.11800003051758,0.40000009536743164
58.75,59.013999938964844,0.26399993896484375
58.75500011444092,59.11800003051758,0.36299991607666016
58.759000062942505,59.013999938964844,0.25499987602233887
58.76699995994568,59.11800003051758,0.3510000705718994
58.801000118255615,59.11899995803833,0.31799983978271484
58.8050000667572,59.11800003051758,0.312999963760376
58.80900001525879,59.013999938964844,0.2049999237060547
58.818000078201294,59.35000014305115,0.5320000648498535
58.8510000705719,59.444000005722046,0.5929999351501465
58.855000019073486,59.35000014305115,0.49500012397766113
58.85899996757507,59.35000014305115,0.4910001754760742
58.86800003051758,59.35000014305115,0.48200011253356934
58.90000009536743,59.444000005722046,0.5439999103546143
58.90499997138977,59.35000014305115,0.44500017166137695
58.90900015830994,59.443000078201294,0.5339999198913574
58.91700005531311,59.35000014305115,0.4330000877380371
58.950000047683716,59.444000005722046,0.4939999580383301
58.954999923706055,59.35000014305115,0.3950002193450928
58.95799994468689,59.444000005722046,0.48600006103515625
58.967000007629395,59.443000078201294,0.4760000705718994
59.0,59.444000005722046,0.4440000057220459
59.00600004196167,59.35000014305115,0.34400010108947754
59.009000062942505,59.444000005722046,0.434999942779541
59.01800012588501,59.443000078201294,0.4249999523162842
59.051000118255615,59.444000005722046,0.39299988746643066
59.0550000667572,59.35000014305115,0.2950000762939453
59.05900001525879,59.444000005722046,0.38499999046325684
59.068000078201294,59.4449999332428,0.3769998550415039
59.1010000705719,59.444000005722046,0.3429999351501465
59.105000019073486,59.519999980926514,0.41499996185302734
59.10899996757507,59.444000005722046,0.33500003814697266
59.11800003051758,59.444000005722046,0.3259999752044678
59.15000009536743,59.521000146865845,0.3710000514984131
59.15499997138977,59.521000146865845,0.3660001754760742
59.157999992370605,59.444000005722046,0.28600001335144043
59.16799998283386,59.70799994468689,0.5399999618530273
59.20099997520447,59.521000146865845,0.32000017166137695
59.204999923706055,59.70799994468689,0.503000020980835
59.20900011062622,59.521000146865845,0.312000036239624
59.217000007629395,59.70799994468689,0.4909999370574951
59.25,59.521000146865845,0.2710001468658447
59.25500011444092,59.70799994468689,0.4529998302459717
59.259000062942505,59.70900011062622,0.4500000476837158
59.26800012588501,59.70799994468689,0.4399998188018799
59.299999952316284,59.75600004196167,0.45600008964538574
59.3050000667572,59.70799994468689,0.4029998779296875
59.30900001525879,59.70799994468689,0.3989999294281006
59.318000078201294,59.70799994468689,0.3899998664855957
59.35000014305115,59.75600004196167,0.40599989891052246
59.355000019073486,59.70799994468689,0.3529999256134033
59.35899996757507,59.75600004196167,0.3970000743865967
59.36800003051758,59.70799994468689,0.3399999141693115
59.401000022888184,59.87100005149841,0.4700000286102295
59.4060001373291,59.70799994468689,0.3019998073577881
59.40900015830994,59.87100005149841,0.46199989318847656
59.41799998283386,59.75600004196167,0.3380000591278076
59.45099997520447,59.87100005149841,0.4200000762939453
59.454999923706055,59.87100005149841,0.4160001277923584
59.45799994468689,59.87100005149841,0.41300010681152344
59.467000007629395,60.16199994087219,0.6949999332427979
59.5,59.87100005149841,0.3710000514984131
59.50500011444092,59.87100005149841,0.3659999370574951
59.509000062942505,59.87100005149841,0.3619999885559082
59.51800012588501,60.16199994087219,0.6439998149871826
59.549999952316284,60.16199994087219,0.6119999885559082
59.5550000667572,60.16100001335144,0.6059999465942383
59.55900001525879,59.87100005149841,0.312000036239624
59.568000078201294,60.16199994087219,0.5939998626708984
59.6010000705719,60.16199994087219,0.560999870300293
59.605000019073486,60.16100001335144,0.5559999942779541
59.60899996757507,59.87100005149841,0.26200008392333984
59.61800003051758,60.27900004386902,0.6610000133514404
59.65000009536743,60.16199994087219,0.5119998455047607
59.65499997138977,60.27900004386902,0.624000072479248
59.65900015830994,60.27900004386902,0.619999885559082
59.66700005531311,60.27900004386902,0.6119999885559082
59.700000047683716,60.27999997138977,0.5799999237060547
59.706000089645386,60.27900004386902,0.5729999542236328
59.70900011062622,60.27999997138977,0.5709998607635498
59.71799993515015,60.27900004386902,0.5610001087188721
59.75099992752075,60.3270001411438,0.5760002136230469
59.75500011444092,60.27900004386902,0.5239999294281006
59.759000062942505,60.32800006866455,0.5690000057220459
59.76800012588501,60.27900004386902,0.5109999179840088
59.799999952316284,60.3270001411438,0.5270001888275146
59.8050000667572,60.27900004386902,0.4739999771118164
59.80900001525879,60.32800006866455,0.5190000534057617
59.818000078201294,60.27900004386902,0.4609999656677246
59.85000014305115,60.3270001411438,0.47699999809265137
59.855000019073486,60.27900004386902,0.4240000247955322
59.85899996757507,60.32800006866455,0.46900010108947754
59.867000102996826,60.35800004005432,0.4909999370574951
59.901000022888184,60.3270001411438,0.42600011825561523
59.90499997138977,60.3270001411438,0.4220001697540283
59.90900015830994,60.32800006866455,0.41899991035461426
59.91700005531311,60.35800004005432,0.44099998474121094
59.950000047683716,60.3270001411438,0.377000093460083
59.954999923706055,60.35800004005432,0.4030001163482666
59.95900011062622,60.32800006866455,0.3689999580383301
59.96799993515015,60.35800004005432,0.3900001049041748
60.0,60.35800004005432,0.3580000400543213
60.00500011444092,60.35800004005432,0.3529999256134033
60.009000062942505,60.32800006866455,0.3190000057220459
60.01800012588501,60.51200008392334,0.4939999580383301
60.051000118255615,60.35800004005432,0.30699992179870605
60.0550000667572,60.51200008392334,0.4570000171661377
60.05900001525879,60.35800004005432,0.2990000247955322
60.068000078201294,60.51200008392334,0.4440000057220459
60.10000014305115,60.56599998474121,0.4659998416900635
60.105000019073486,60.51200008392334,0.4070000648498535
60.10800004005432,60.51200008392334,0.40400004386901855
60.117000102996826,60.56599998474121,0.44899988174438477
60.15000009536743,60.56599998474121,0.4159998893737793
60.1560001373291,60.51200008392334,0.3559999465942383
60.15900015830994,60.51200008392334,0.3529999256134033
60.16700005531311,60.56599998474121,0.3989999294281006
60.20099997520447,60.6489999294281,0.4479999542236328
60.204999923706055,60.51200008392334,0.30700016021728516
60.20900011062622,60.65000009536743,0.44099998474121094
60.21799993515015,60.56599998474121,0.34800004959106445
60.25,60.6489999294281,0.3989999294281006
60.25500011444092,60.51200008392334,0.2569999694824219
60.259000062942505,60.65000009536743,0.39100003242492676
60.26800012588501,60.56599998474121,0.29799985885620117
60.299999952316284,60.6489999294281,0.3489999771118164
60.3050000667572,60.56700015068054,0.26200008392333984
60.30900001525879,60.65000009536743,0.3410000801086426
60.318000078201294,61.013999938964844,0.6959998607635498
60.35000014305115,60.6489999294281,0.2989997863769531
60.355000019073486,60.6489999294281,0.29399991035461426
60.35899996757507,60.65000009536743,0.2910001277923584
60.367000102996826,61.01300001144409,0.6459999084472656
60.401000022888184,61.013999938964844,0.6129999160766602
60.40499997138977,60.6489999294281,0.24399995803833008
60.40900015830994,60.65000009536743,0.24099993705749512
60.41700005531311,61.20700001716614,0.7899999618530273
60.450000047683716,61.013999938964844,0.5639998912811279
60.454999923706055,61.20799994468689,0.753000020980835
60.45799994468689,61.013999938964844,0.5559999942779541
60.467000007629395,61.20700001716614,0.7400000095367432
60.5,61.013999938964844,0.5139999389648438
60.50500011444092,61.20799994468689,0.7029998302459717
60.509000062942505,61.013999938964844,0.5049998760223389
60.51800012588501,61.20700001716614,0.6889998912811279
60.551000118255615,61.20799994468689,0.6569998264312744
60.5550000667572,61.20700001716614,0.6519999504089355
60.55900001525879,61.20799994468689,0.6489999294281006
60.568000078201294,61.20700001716614,0.6389999389648438
60.60000014305115,61.20799994468689,0.6079998016357422
60.605000019073486,61.20700001716614,0.6019999980926514
60.60899996757507,61.20799994468689,0.5989999771118164
60.617000102996826,61.20700001716614,0.5899999141693115
60.65000009536743,61.20900011062622,0.5590000152587891
60.6560001373291,61.20700001716614,0.5509998798370361
60.65900015830994,61.20799994468689,0.5489997863769531
60.66700005531311,61.20700001716614,0.5399999618530273
60.700000047683716,61.20900011062622,0.5090000629425049
60.704999923706055,61.20700001716614,0.502000093460083
60.70900011062622,61.20799994468689,0.49899983406066895
60.71799993515015,61.20799994468689,0.49000000953674316
60.75099992752075,61.20900011062622,0.45800018310546875
60.75500011444092,61.20799994468689,0.4529998302459717
60.759000062942505,61.20799994468689,0.44899988174438477
60.76800012588501,61.41199994087219,0.6439998149871826
60.799999952316284,61.20900011062622,0.4090001583099365
60.8050000667572,61.25999999046326,0.4549999237060547
60.80900001525879,61.20799994468689,0.3989999294281006
60.818000078201294,61.41199994087219,0.5939998626708984
60.85000014305115,61.20900011062622,0.35899996757507324
60.855000019073486,61.25999999046326,0.4049999713897705
60.85899996757507,61.20799994468689,0.3489999771118164
60.86800003051758,61.41199994087219,0.5439999103546143
60.90000009536743,61.26100015640259,0.36100006103515625
60.9060001373291,61.41300010681152,0.5069999694824219
60.90900015830994,61.26100015640259,0.35199999809265137
60.91700005531311,61.41199994087219,0.49499988555908203
60.950000047683716,61.25999999046326,0.309999942779541
60.954999923706055,61.41300010681152,0.45800018310546875
60.95900011062622,61.41199994087219,0.4529998302459717
60.967000007629395,61.41199994087219,0.44499993324279785
61.00099992752075,61.45099997520447,0.4500000476837158
61.00500011444092,61.41199994087219,0.4069998264312744
61.009000062942505,61.41199994087219,0.4029998779296875
61.01800012588501,61.41199994087219,0.3939998149871826
61.049999952316284,61.45099997520447,0.4010000228881836
61.0550000667572,61.41199994087219,0.35699987411499023
61.05900001525879,61.41100001335144,0.35199999809265137
61.068000078201294,61.41199994087219,0.34399986267089844
61.10000014305115,61.80900001525879,0.7089998722076416
61.105000019073486,61.41199994087219,0.30699992179870605
61.10800004005432,61.45099997520447,0.3429999351501465
61.117000102996826,61.41199994087219,0.2949998378753662
61.151000022888184,61.80900001525879,0.6579999923706055
61.1560001373291,61.41199994087219,0.2559998035430908
61.15900015830994,61.45099997520447,0.29199981689453125
61.16700005531311,61.45099997520447,0.2839999198913574
61.200000047683716,61.80900001525879,0.6089999675750732
61.204999923706055,61.80900001525879,0.6040000915527344
61.20900011062622,61.80999994277954,0.6009998321533203
61.21799993515015,61.80999994277954,0.5920000076293945
61.25,61.80900001525879,0.5590000152587891
61.25500011444092,61.80999994277954,0.554999828338623
61.259000062942505,61.80999994277954,0.5509998798370361
61.26800012588501,61.80999994277954,0.5419998168945312
61.301000118255615,61.80999994277954,0.5089998245239258
61.3050000667572,61.80999994277954,0.5049998760223389
61.30800008773804,61.80999994277954,0.5019998550415039
61.31700015068054,61.80999994277954,0.492999792098999
61.35000014305115,61.86199998855591,0.5119998455047607
61.355000019073486,61.861000061035156,0.5060000419616699
61.35899996757507,61.80999994277954,0.4509999752044678
61.367000102996826,61.861000061035156,0.4939999580383301
61.40000009536743,61.86199998855591,0.46199989318847656
61.40499997138977,61.861000061035156,0.45600008964538574
61.40900015830994,61.861000061035156,0.4519999027252197
61.41700005531311,61.861000061035156,0.4440000057220459
61.45099997520447,61.86199998855591,0.41100001335144043
61.454999923706055,61.861000061035156,0.40600013732910156
61.45900011062622,61.86199998855591,0.4029998779296875
61.46799993515015,61.861000061035156,0.39300012588500977
61.5,61.86199998855591,0.3619999885559082
61.50500011444092,61.861000061035156,0.3559999465942383
61.509000062942505,61.86199998855591,0.3529999256134033
61.51800012588501,61.86199998855591,0.34399986267089844
61.549999952316284,62.18499994277954,0.6349999904632568
61.5550000667572,61.861000061035156,0.3059999942779541
61.55900001525879,62.18600010871887,0.627000093460083
61.568000078201294,61.86199998855591,0.29399991035461426
61.60000014305115,62.18499994277954,0.5849997997283936
61.605000019073486,61.861000061035156,0.2560000419616699
61.60899996757507,62.18600010871887,0.5770001411437988
61.617000102996826,62.29200005531311,0.6749999523162842
61.651000022888184,62.18499994277954,0.5339999198913574
61.65499997138977,62.18499994277954,0.5299999713897705
61.65900015830994,62.18600010871887,0.5269999504089355
61.66700005531311,62.29200005531311,0.625
61.700000047683716,62.18499994277954,0.4849998950958252
61.704999923706055,62.29100012779236,0.5860002040863037
61.70900011062622,62.18499994277954,0.4759998321533203
61.71799993515015,62.29200005531311,0.5740001201629639
61.75,62.29200005531311,0.5420000553131104
61.75500011444092,62.29100012779236,0.5360000133514404
61.759000062942505,62.18499994277954,0.42599987983703613
61.76800012588501,62.29200005531311,0.5239999294281006
61.801000118255615,62.29200005531311,0.4909999370574951
61.8050000667572,62.40000009536743,0.5950000286102295
61.80900001525879,62.40000009536743,0.5910000801086426
61.818000078201294,62.40000009536743,0.5820000171661377
61.85000014305115,62.29200005531311,0.4419999122619629
61.855000019073486,62.40000009536743,0.5450000762939453
61.85899996757507,62.40000009536743,0.5410001277923584
61.867000102996826,62.40000009536743,0.5329999923706055
61.90000009536743,62.450000047683716,0.5499999523162842
61.90499997138977,62.40000009536743,0.49500012397766113
61.90900015830994,62.450000047683716,0.5409998893737793
61.91700005531311,62.40000009536743,0.4830000400543213
61.95099997520447,62.4760000705719,0.5250000953674316
61.954999923706055,62.40000009536743,0.44500017166137695
61.95900011062622,62.450000047683716,0.4909999370574951
61.967000007629395,62.449000120162964,0.48200011253356934
62.00099992752075,62.4760000705719,0.47500014305114746
62.00500011444092,62.4760000705719,0.47099995613098145
62.009000062942505,62.4760000705719,0.46700000762939453
62.01800012588501,62.51600003242493,0.497999906539917
62.049999952316284,62.4760000705719,0.42600011825561523
62.055999994277954,62.4760000705719,0.4200000762939453
62.05900001525879,62.4760000705719,0.41700005531311035
62.068000078201294,62.51600003242493,0.4479999542236328
62.10000014305115,62.4760000705719,0.37599992752075195
62.105000019073486,62.51699995994568,0.4119999408721924
62.10899996757507,62.4760000705719,0.36700010299682617
62.117000102996826,62.51600003242493,0.3989999294281006
62.151000022888184,62.51699995994568,0.3659999370574951
62.15499997138977,62.51699995994568,0.3619999885559082
62.157999992370605,62.51699995994568,0.35899996757507324
62.16700005531311,62.67199993133545,0.5049998760223389
62.200000047683716,62.51600003242493,0.31599998474121094
62.204999923706055,62.67199993133545,0.46700000762939453
62.20900011062622,62.51699995994568,0.307999849319458
62.21799993515015,62.67199993133545,0.45399999618530273
62.25099992752075,62.67300009727478,0.4220001697540283
62.25500011444092,62.67199993133545,0.41699981689453125
62.259000062942505,62.67199993133545,0.41299986839294434
62.26800012588501,62.67199993133545,0.40399980545043945
62.301000118255615,62.84400010108948,0.5429999828338623
62.305999994277954,62.67199993133545,0.3659999370574951
62.30900001525879,62.67300009727478,0.3640000820159912
62.318000078201294,62.67199993133545,0.3539998531341553
62.35000014305115,62.84400010108948,0.4939999580383301
62.355000019073486,62.67199993133545,0.3169999122619629
62.35899996757507,62.84500002861023,0.48600006103515625
62.367000102996826,62.67199993133545,0.30499982833862305
62.40000009536743,62.84400010108948,0.4440000057220459
62.40499997138977,62.84400010108948,0.43900012969970703
62.40900015830994,62.84500002861023,0.43599987030029297
62.41799998283386,63.07100009918213,0.6530001163482666
62.45099997520447,62.84400010108948,0.39300012588500977
62.454999923706055,62.84400010108948,0.38900017738342285
62.45900011062622,62.84500002861023,0.3859999179840088
62.46799993515015,63.07100009918213,0.6030001640319824
62.50099992752075,63.07200002670288,0.5710000991821289
62.50500011444092,63.07100009918213,0.5659999847412109
62.50800013542175,62.84500002861023,0.33699989318847656
62.51699995994568,63.12700009346008,0.6100001335144043
62.549999952316284,63.07100009918213,0.5210001468658447
62.5550000667572,63.07100009918213,0.5160000324249268
62.55900001525879,62.84500002861023,0.28600001335144043
62.56700015068054,63.12700009346008,0.559999942779541
62.60000014305115,63.07100009918213,0.47099995613098145
62.605000019073486,63.128000020980835,0.5230000019073486
62.60899996757507,63.12700009346008,0.5180001258850098
62.61800003051758,63.12700009346008,0.5090000629425049
62.65000009536743,63.14400005340576,0.4939999580383301
62.65499997138977,63.128000020980835,0.47300004959106445
62.65900015830994,63.13800001144409,0.4789998531341553
62.66799998283386,63.12700009346008,0.4590001106262207
62.70099997520447,63.14400005340576,0.44300007820129395
62.704999923706055,63.128000020980835,0.4230000972747803
62.70900011062622,63.144999980926514,0.43599987030029297
62.71799993515015,63.13800001144409,0.4200000762939453
62.75099992752075,63.14400005340576,0.39300012588500977
62.75500011444092,63.13800001144409,0.38299989700317383
62.759000062942505,63.144999980926514,0.3859999179840088
62.76699995994568,63.14400005340576,0.377000093460083
62.799999952316284,63.14400005340576,0.34400010108947754
62.805999994277954,63.13800001144409,0.3320000171661377
62.80800008773804,63.144999980926514,0.33699989318847656
62.818000078201294,63.14400005340576,0.3259999752044678
62.8510000705719,63.31100010871887,0.46000003814697266
62.85599994659424,63.31100010871887,0.4550001621246338
62.85899996757507,63.144999980926514,0.28600001335144043
62.86800003051758,63.31100010871887,0.44300007820129395
62.901000022888184,63.31100010871887,0.4100000858306885
62.90499997138977,63.31100010871887,0.40600013732910156
62.90900015830994,63.144999980926514,0.23599982261657715
62.91799998283386,63.31100010871887,0.39300012588500977
62.950000047683716,63.31100010871887,0.36100006103515625
62.954999923706055,63.43900012969971,0.48400020599365234
62.95900011062622,63.312000036239624,0.3529999256134033
62.96799993515015,63.43900012969971,0.47100019454956055
63.0,63.31100010871887,0.31100010871887207
63.00600004196167,63.43900012969971,0.4330000877380371
63.009000062942505,63.43900012969971,0.43000006675720215
63.01699995994568,63.43900012969971,0.4220001697540283
63.049999952316284,63.31100010871887,0.2610001564025879
63.0550000667572,63.43900012969971,0.3840000629425049
63.05900001525879,63.43900012969971,0.38000011444091797
63.068000078201294,63.43900012969971,0.3710000514984131
63.1010000705719,63.44700002670288,0.34599995613098145
63.105000019073486,63.437999963760376,0.33299994468688965
63.10899996757507,63.44700002670288,0.3380000591278076
63.11800003051758,63.43900012969971,0.3210000991821289
63.15000009536743,63.74300003051758,0.5929999351501465
63.15499997138977,63.437999963760376,0.28299999237060547
63.157999992370605,63.74399995803833,0.5859999656677246
63.16799998283386,63.44700002670288,0.27900004386901855
63.200000047683716,63.74300003051758,0.5429999828338623
63.204999923706055,63.74300003051758,0.5380001068115234
63.20900011062622,63.74399995803833,0.5349998474121094
63.217000007629395,63.44700002670288,0.23000001907348633
63.25099992752075,63.74300003051758,0.49200010299682617
63.25699996948242,63.74300003051758,0.48600006103515625
63.259000062942505,63.74399995803833,0.4849998950958252
63.26699995994568,63.88300013542175,0.6160001754760742
63.301000118255615,63.74300003051758,0.4419999122619629
63.3050000667572,64.1230001449585,0.818000078201294
63.30900001525879,63.74300003051758,0.43400001525878906
63.318000078201294,63.88300013542175,0.565000057220459
63.35000014305115,63.88300013542175,0.5329999923706055
63.355000019073486,64.1230001449585,0.7680001258850098
63.35899996757507,63.88300013542175,0.5240001678466797
63.36800003051758,64.12400007247925,0.7560000419616699
63.40000009536743,63.88300013542175,0.4830000400543213
63.40499997138977,64.1230001449585,0.7180001735687256
63.40900015830994,63.88300013542175,0.4739999771118164
63.41799998283386,64.12400007247925,0.7060000896453857
63.450000047683716,63.88300013542175,0.4330000877380371
63.454999923706055,64.1230001449585,0.6680002212524414
63.45900011062622,64.1230001449585,0.6640000343322754
63.467000007629395,64.12400007247925,0.6570000648498535
63.50099992752075,64.12400007247925,0.6230001449584961
63.50500011444092,64.1230001449585,0.6180000305175781
63.509000062942505,64.12400007247925,0.6150000095367432
63.51699995994568,64.12400007247925,0.6070001125335693
63.549999952316284,64.16600012779236,0.6160001754760742
63.5550000667572,64.1230001449585,0.568000078201294
63.55900001525879,64.16499996185303,0.6059999465942383
63.568000078201294,64.12400007247925,0.5559999942779541
63.60000014305115,64.16600012779236,0.5659999847412109
63.605000019073486,64.1230001449585,0.5180001258850098
63.60899996757507,64.16499996185303,0.5559999942779541
63.61800003051758,64.12400007247925,0.5060000419616699
63.651000022888184,64.16499996185303,0.5139999389648438
63.65499997138977,64.16499996185303,0.5099999904632568
63.65900015830994,64.16499996185303,0.5059998035430908
63.66799998283386,64.17000007629395,0.502000093460083
63.70099997520447,64.16499996185303,0.46399998664855957
63.704999923706055,64.16499996185303,0.46000003814697266
63.70900011062622,64.16499996185303,0.45599985122680664
63.717000007629395,64.17000007629395,0.4530000686645508
63.75,64.16499996185303,0.41499996185302734
63.75500011444092,64.65400004386902,0.8989999294281006
63.759000062942505,64.16499996185303,0.40599989891052246
63.76699995994568,64.65300011634827,0.8860001564025879
63.799999952316284,64.17000007629395,0.37000012397766113
63.8050000667572,64.65400004386902,0.8489999771118164
63.80900001525879,64.17000007629395,0.36100006103515625
63.818000078201294,64.65300011634827,0.8350000381469727
63.8510000705719,64.65400004386902,0.8029999732971191
63.85599994659424,64.65300011634827,0.7970001697540283
63.85899996757507,64.65400004386902,0.7950000762939453
63.86800003051758,64.65300011634827,0.7850000858306885
63.901000022888184,64.65400004386902,0.753000020980835
63.90499997138977,64.65300011634827,0.7480001449584961
63.90900015830994,64.65400004386902,0.744999885559082
63.91799998283386,64.65300011634827,0.7350001335144043
63.950000047683716,64.65400004386902,0.7039999961853027
63.954999923706055,64.65300011634827,0.6980001926422119
63.95900011062622,64.65400004386902,0.6949999332427979
63.967000007629395,64.65300011634827,0.6860001087188721
64.0,64.65499997138977,0.6549999713897705
64.00500011444092,64.65300011634827,0.6480000019073486
64.0090000629425,64.65400004386902,0.6449999809265137
64.01800012588501,64.65400004386902,0.6359999179840088
64.04999995231628,64.65499997138977,0.6050000190734863
64.0550000667572,64.65300011634827,0.5980000495910645
64.05900001525879,64.65499997138977,0.5959999561309814
64.0680000782013,64.65499997138977,0.5869998931884766
64.1010000705719,64.65499997138977,0.5539999008178711
64.10500001907349,64.65300011634827,0.5480000972747803
64.10899996757507,64.65499997138977,0.5460000038146973
64.11700010299683,64.65499997138977,0.5379998683929443
64.15100002288818,64.65499997138977,0.5039999485015869
64.15499997138977,64.82999992370605,0.6749999523162842
64.15900015830994,64.65499997138977,0.495999813079834
64.16799998283386,64.90400004386902,0.7360000610351562
64.20000004768372,64.82999992370605,0.6299998760223389
64.20499992370605,64.82999992370605,0.625
64.20900011062622,64.65499997138977,0.4459998607635498
64.21799993515015,64.90400004386902,0.6860001087188721
64.25,64.82999992370605,0.5799999237060547
64.25500011444092,64.90499997138977,0.6499998569488525
64.2590000629425,64.82999992370605,0.5709998607635498
64.26699995994568,64.90400004386902,0.6370000839233398
64.30100011825562,64.82999992370605,0.5289998054504395
64.3050000667572,64.90499997138977,0.5999999046325684
64.30900001525879,64.82999992370605,0.5209999084472656
64.31700015068054,64.90400004386902,0.5869998931884766
64.3510000705719,64.90300011634827,0.5520000457763672
64.35500001907349,64.90400004386902,0.5490000247955322
64.35899996757507,64.90400004386902,0.5450000762939453
64.36800003051758,64.90400004386902,0.5360000133514404
64.40100002288818,64.90300011634827,0.502000093460083
64.40499997138977,64.90400004386902,0.49900007247924805
64.40900015830994,64.90400004386902,0.49499988555908203
64.41799998283386,64.90400004386902,0.48600006103515625
64.45000004768372,64.90300011634827,0.4530000686645508
64.45499992370605,64.90400004386902,0.44900012016296387
64.45900011062622,64.90400004386902,0.44499993324279785
64.4670000076294,64.90300011634827,0.43600010871887207
64.5,64.90499997138977,0.4049999713897705
64.50500011444092,64.90400004386902,0.3989999294281006
64.5090000629425,64.90499997138977,0.3959999084472656
64.51800012588501,64.90499997138977,0.38699984550476074
64.55100011825562,64.97500014305115,0.4240000247955322
64.5550000667572,64.90400004386902,0.3489999771118164
64.55900001525879,64.9760000705719,0.41700005531311035
64.5680000782013,64.90499997138977,0.33699989318847656
64.60000014305115,64.97500014305115,0.375
64.60500001907349,64.97500014305115,0.37000012397766113
64.60800004005432,64.9760000705719,0.3680000305175781
64.61800003051758,65.08599996566772,0.4679999351501465
64.65000009536743,64.97500014305115,0.3250000476837158
64.65499997138977,64.9760000705719,0.3210000991821289
64.65900015830994,64.9760000705719,0.3169999122619629
64.66700005531311,65.08599996566772,0.41899991035461426
64.70099997520447,65.08599996566772,0.38499999046325684
64.70600008964539,65.50800013542175,0.8020000457763672
64.70900011062622,64.9760000705719,0.2669999599456787
64.7170000076294,65.50800013542175,0.7910001277923584
64.75,65.08599996566772,0.3359999656677246
64.75500011444092,65.50800013542175,0.753000020980835
64.7590000629425,65.08599996566772,0.3269999027252197
64.76800012588501,65.50800013542175,0.7400000095367432
64.79999995231628,65.50800013542175,0.7080001831054688
64.8050000667572,65.50699996948242,0.7019999027252197
64.80900001525879,65.08599996566772,0.27699995040893555
64.8180000782013,65.50800013542175,0.690000057220459
64.85000014305115,65.50800013542175,0.6579999923706055
64.85500001907349,65.50699996948242,0.6519999504089355
64.85899996757507,65.50800013542175,0.6490001678466797
64.86800003051758,65.50800013542175,0.6400001049041748
64.90100002288818,65.5090000629425,0.6080000400543213
64.90499997138977,65.50699996948242,0.6019999980926514
64.90900015830994,65.50800013542175,0.5989999771118164
64.91700005531311,65.50800013542175,0.5910000801086426
64.95000004768372,65.53699994087219,0.5869998931884766
64.95499992370605,65.50699996948242,0.5520000457763672
64.95900011062622,65.50800013542175,0.5490000247955322
64.96799993515015,65.50800013542175,0.5400002002716064
65.0,65.53699994087219,0.5369999408721924
65.00500011444092,65.50699996948242,0.5019998550415039
65.0090000629425,65.53699994087219,0.5279998779296875
65.01800012588501,65.55999994277954,0.5419998168945312
65.05100011825562,65.53699994087219,0.48599982261657715
65.0550000667572,65.53699994087219,0.48199987411499023
65.05800008773804,65.53699994087219,0.4789998531341553
65.0680000782013,65.55999994277954,0.49199986457824707
65.1010000705719,65.53699994087219,0.43599987030029297
65.10599994659424,65.53600001335144,0.43000006675720215
65.10899996757507,65.53699994087219,0.42799997329711914
65.11700010299683,65.73399996757507,0.6169998645782471
65.15000009536743,65.55999994277954,0.4099998474121094
65.15499997138977,65.7350001335144,0.5800001621246338
65.15900015830994,65.53699994087219,0.37799978256225586
65.16799998283386,65.73399996757507,0.5659999847412109
65.20099997520447,65.56100010871887,0.3600001335144043
65.20499992370605,65.7350001335144,0.5300002098083496
65.20900011062622,65.56100010871887,0.35199999809265137
65.21799993515015,65.73399996757507,0.5160000324249268
65.25099992752075,65.8510000705719,0.6000001430511475
65.25500011444092,65.7350001335144,0.48000001907348633
65.2590000629425,65.73399996757507,0.47499990463256836
65.26800012588501,65.73399996757507,0.4659998416900635
65.29999995231628,65.8510000705719,0.5510001182556152
65.3050000667572,65.7350001335144,0.43000006675720215
65.30900001525879,65.73399996757507,0.4249999523162842
65.31700015068054,65.73399996757507,0.41699981689453125
65.35000014305115,66.03900003433228,0.6889998912811279
65.35500001907349,65.73399996757507,0.3789999485015869
65.35899996757507,65.85000014305115,0.4910001754760742
65.36700010299683,65.73399996757507,0.36699986457824707
65.40100002288818,66.03900003433228,0.6380000114440918
65.40499997138977,65.73399996757507,0.32899999618530273
65.40900015830994,65.85000014305115,0.44099998474121094
65.41799998283386,65.85000014305115,0.43200016021728516
65.45099997520447,66.03900003433228,0.5880000591278076
65.45600008964539,65.73399996757507,0.2779998779296875
65.45900011062622,66.03900003433228,0.5799999237060547
65.46799993515015,66.03900003433228,0.5710000991821289
65.50099992752075,66.03900003433228,0.5380001068115234
65.50500011444092,66.03999996185303,0.5349998474121094
65.5090000629425,66.03900003433228,0.5299999713897705
65.51800012588501,66.03900003433228,0.5209999084472656
65.54999995231628,66.03900003433228,0.4890000820159912
65.5550000667572,66.03999996185303,0.4849998950958252
65.55900001525879,66.03900003433228,0.48000001907348633
65.5680000782013,66.09599995613098,0.5279998779296875
65.60000014305115,66.03999996185303,0.4399998188018799
65.60500001907349,66.09500002861023,0.49000000953674316
65.60899996757507,66.03999996185303,0.4309999942779541
65.61700010299683,66.09599995613098,0.4789998531341553
65.65100002288818,66.03999996185303,0.38899993896484375
65.65499997138977,66.09500002861023,0.440000057220459
65.65900015830994,66.03999996185303,0.3809998035430908
65.66700005531311,66.09599995613098,0.4289999008178711
65.70099997520447,66.09599995613098,0.39499998092651367
65.70499992370605,66.09500002861023,0.3900001049041748
65.70900011062622,66.31299996376038,0.6039998531341553
65.71799993515015,66.09599995613098,0.37800002098083496
65.75,66.31299996376038,0.562999963760376
65.75500011444092,66.09500002861023,0.3399999141693115
65.7590000629425,66.31299996376038,0.5539999008178711
65.76800012588501,66.09500002861023,0.3269999027252197
65.79999995231628,66.31299996376038,0.5130000114440918
65.8050000667572,66.09500002861023,0.28999996185302734
65.80900001525879,66.31299996376038,0.5039999485015869
65.8180000782013,66.09500002861023,0.27699995040893555
65.8510000705719,66.31299996376038,0.46199989318847656
65.85500001907349,66.31299996376038,0.45799994468688965
65.85899996757507,66.31299996376038,0.45399999618530273
65.86700010299683,66.31200003623962,0.44499993324279785
65.90100002288818,66.31299996376038,0.4119999408721924
65.90499997138977,66.31299996376038,0.40799999237060547
65.90900015830994,66.31299996376038,0.40399980545043945
65.91700005531311,66.49900007247925,0.5820000171661377
65.95000004768372,66.31299996376038,0.36299991607666016
65.95499992370605,66.37899994850159,0.4240000247955322
65.95900011062622,66.31299996376038,0.3539998531341553
65.96799993515015,66.49900007247925,0.5310001373291016
66.00099992752075,66.37899994850159,0.37800002098083496
66.00500011444092,66.37899994850159,0.37399983406066895
66.0090000629425,66.37800002098083,0.3689999580383301
66.01800012588501,66.49900007247925,0.4809999465942383
66.05100011825562,66.57200002670288,0.5209999084472656
66.0550000667572,66.4980001449585,0.44300007820129395
66.05900001525879,66.4980001449585,0.43900012969970703
66.06700015068054,66.49900007247925,0.43199992179870605
66.10000014305115,66.57200002670288,0.4719998836517334
66.10500001907349,66.4980001449585,0.39300012588500977
66.10800004005432,66.4980001449585,0.3900001049041748
66.11800003051758,66.49900007247925,0.3810000419616699
66.15000009536743,66.80900001525879,0.6589999198913574
66.15499997138977,66.4980001449585,0.3430001735687256
66.15900015830994,66.57200002670288,0.41299986839294434
66.16799998283386,66.49900007247925,0.33100008964538574
66.20000004768372,66.80900001525879,0.6089999675750732
66.20499992370605,66.4980001449585,0.2930002212524414
66.20900011062622,66.80999994277954,0.6009998321533203
66.2170000076294,66.57200002670288,0.35500001907348633
66.25099992752075,66.80900001525879,0.5580000877380371
66.25600004196167,66.80900001525879,0.5529999732971191
66.2590000629425,66.80999994277954,0.5509998798370361
66.26699995994568,66.9300000667572,0.6630001068115234
66.30100011825562,66.80900001525879,0.5079998970031738
66.3050000667572,66.9300000667572,0.625
66.30900001525879,66.80999994277954,0.500999927520752
66.3180000782013,66.9300000667572,0.6119999885559082
66.35000014305115,66.9300000667572,0.5799999237060547
66.35500001907349,66.9300000667572,0.5750000476837158
66.35800004005432,66.80900001525879,0.4509999752044678
66.36800003051758,66.95499992370605,0.5869998931884766
66.40100002288818,66.9300000667572,0.5290000438690186
66.40499997138977,66.95499992370605,0.5499999523162842
66.40900015830994,66.95499992370605,0.5459997653961182
66.41700005531311,66.95499992370605,0.5379998683929443
66.45099997520447,66.9300000667572,0.4790000915527344
66.45499992370605,66.95499992370605,0.5
66.45900011062622,66.95499992370605,0.495999813079834
66.4670000076294,66.95499992370605,0.48799991607666016
66.5,66.99699997901917,0.49699997901916504
66.50500011444092,66.95499992370605,0.4499998092651367
66.50800013542175,66.95499992370605,0.44699978828430176
66.51800012588501,66.95499992370605,0.4369997978210449
66.54999995231628,66.99699997901917,0.44700002670288086
66.5550000667572,66.95499992370605,0.39999985694885254
66.55900001525879,66.99699997901917,0.437999963760376
66.5680000782013,66.99699997901917,0.4289999008178711
66.6010000705719,66.99699997901917,0.3959999084472656
66.60500001907349,66.95499992370605,0.34999990463256836
66.60899996757507,66.99699997901917,0.3880000114440918
66.61800003051758,66.99699997901917,0.3789999485015869
66.65100002288818,67.22099995613098,0.5699999332427979
66.65499997138977,66.95499992370605,0.2999999523162842
66.65900015830994,67.22200012207031,0.562999963760376
66.66700005531311,66.99699997901917,0.3299999237060547
66.70000004768372,67.22099995613098,0.5209999084472656
66.70499992370605,67.22099995613098,0.5160000324249268
66.70900011062622,67.22099995613098,0.5119998455047607
66.71799993515015,66.99699997901917,0.27900004386901855
66.75,67.22099995613098,0.47099995613098145
66.75500011444092,67.22200012207031,0.46700000762939453
66.7590000629425,67.22099995613098,0.46199989318847656
66.76800012588501,67.22200012207031,0.45399999618530273
66.80100011825562,67.22200012207031,0.42100000381469727
66.8050000667572,67.22200012207031,0.41700005531311035
66.80900001525879,67.22099995613098,0.4119999408721924
66.81700015068054,67.50500011444092,0.687999963760376
66.8510000705719,67.22200012207031,0.3710000514984131
66.85500001907349,67.50399994850159,0.6489999294281006
66.85899996757507,67.50500011444092,0.6460001468658447
66.86800003051758,67.50500011444092,0.6370000839233398
66.90000009536743,67.50500011444092,0.6050000190734863
66.90499997138977,67.50399994850159,0.5989999771118164
66.90900015830994,67.50500011444092,0.5959999561309814
66.91799998283386,67.50399994850159,0.5859999656677246
66.95000004768372,67.50500011444092,0.5550000667572021
66.95499992370605,67.50399994850159,0.5490000247955322
66.95900011062622,67.50500011444092,0.5460000038146973
66.96799993515015,67.50399994850159,0.5360000133514404
67.0,67.50600004196167,0.5060000419616699
67.00500011444092,67.50399994850159,0.49899983406066895
67.0090000629425,67.50600004196167,0.49699997901916504
67.01699995994568,67.50500011444092,0.48800015449523926
67.05100011825562,67.50600004196167,0.4549999237060547
67.0550000667572,67.50500011444092,0.4500000476837158
67.05800008773804,67.50600004196167,0.4479999542236328
67.06700015068054,67.50500011444092,0.437999963760376
67.1010000705719,67.50600004196167,0.4049999713897705
67.10500001907349,67.71300005912781,0.6080000400543213
67.10899996757507,67.50500011444092,0.3960001468658447
67.11800003051758,67.55299997329712,0.434999942779541
67.15000009536743,67.50600004196167,0.3559999465942383
67.15499997138977,67.71300005912781,0.5580000877380371
67.15900015830994,67.50500011444092,0.34599995613098145
67.16799998283386,67.55299997329712,0.38499999046325684
67.20000004768372,67.55299997329712,0.3529999256134033
67.20499992370605,67.71200013160706,0.507000207901001
67.20799994468689,67.55299997329712,0.3450000286102295
67.2170000076294,67.71300005912781,0.4960000514984131
67.25099992752075,67.71300005912781,0.46200013160705566
67.25500011444092,67.71200013160706,0.4570000171661377
67.2590000629425,67.71200013160706,0.4530000686645508
67.26699995994568,67.71300005912781,0.4460000991821289
67.29999995231628,67.71300005912781,0.41300010681152344
67.3050000667572,67.71200013160706,0.4070000648498535
67.30900001525879,67.71200013160706,0.4030001163482666
67.3180000782013,67.71300005912781,0.39499998092651367
67.35000014305115,67.95499992370605,0.6049997806549072
67.35500001907349,67.71200013160706,0.35700011253356934
67.35899996757507,67.95499992370605,0.5959999561309814
67.36800003051758,67.71300005912781,0.3450000286102295
67.40000009536743,68.00200009346008,0.6019999980926514
67.40499997138977,67.71200013160706,0.30700016021728516
67.40900015830994,68.00099992752075,0.5919997692108154
67.41799998283386,67.71300005912781,0.2950000762939453
67.45000004768372,68.00200009346008,0.5520000457763672
67.45499992370605,67.71200013160706,0.257000207901001
67.45900011062622,68.00099992752075,0.5419998168945312
67.4670000076294,67.95499992370605,0.48799991607666016
67.50099992752075,68.00200009346008,0.501000165939331
67.50500011444092,68.00099992752075,0.495999813079834
67.50800013542175,68.00099992752075,0.492999792098999
67.51800012588501,68.46500015258789,0.9470000267028809
67.55100011825562,68.00099992752075,0.4499998092651367
67.55599999427795,68.03900003433228,0.4830000400543213
67.55900001525879,68.00099992752075,0.4419999122619629
67.5680000782013,68.46500015258789,0.8970000743865967
67.60000014305115,68.03999996185303,0.4399998188018799
67.60500001907349,68.03900003433228,0.43400001525878906
67.60899996757507,68.00099992752075,0.3919999599456787
67.61700010299683,68.46500015258789,0.8480000495910645
67.65100002288818,68.03999996185303,0.38899993896484375
67.65499997138977,68.46500015258789,0.8100001811981201
67.65900015830994,68.00099992752075,0.34199976921081543
67.66799998283386,68.46500015258789,0.7970001697540283
67.70099997520447,68.03900003433228,0.3380000591278076
67.70499992370605,68.46399998664856,0.7590000629425049
67.70900011062622,68.03900003433228,0.3299999237060547
67.71799993515015,68.46500015258789,0.7470002174377441
67.75,68.46399998664856,0.7139999866485596
67.75500011444092,68.46399998664856,0.7089998722076416
67.7590000629425,68.46500015258789,0.7060000896453857
67.76800012588501,68.46500015258789,0.6970000267028809
67.79999995231628,68.46399998664856,0.6640000343322754
67.80599999427795,68.46399998664856,0.6579999923706055
67.80900001525879,68.46500015258789,0.6560001373291016
67.81700015068054,68.46500015258789,0.6480000019073486
67.85000014305115,68.46600008010864,0.6159999370574951
67.85500001907349,68.46399998664856,0.6089999675750732
67.85800004005432,68.46500015258789,0.6070001125335693
67.86700010299683,68.46500015258789,0.5980000495910645
67.90100002288818,68.46600008010864,0.565000057220459
67.90499997138977,68.46399998664856,0.5590000152587891
67.90900015830994,68.46600008010864,0.556999921798706
67.91799998283386,68.46500015258789,0.5470001697540283
67.95000004768372,68.46600008010864,0.5160000324249268
67.95499992370605,68.46600008010864,0.5110001564025879
67.95900011062622,68.46600008010864,0.5069999694824219
67.96799993515015,68.65300011634827,0.6850001811981201
68.0,68.46600008010864,0.4660000801086426
68.00600004196167,68.72000002861023,0.7139999866485596
68.0090000629425,68.46600008010864,0.4570000171661377
68.01800012588501,68.65300011634827,0.6349999904632568
68.04999995231628,68.65300011634827,0.6030001640319824
68.0550000667572,68.72000002861023,0.6649999618530273
68.05900001525879,68.65300011634827,0.5940001010894775
68.0680000782013,68.72000002861023,0.6519999504089355
68.1010000705719,68.65300011634827,0.5520000457763672
68.10500001907349,68.72000002861023,0.6150000095367432
68.10899996757507,68.71900010108948,0.6100001335144043
68.11700010299683,68.72000002861023,0.6029999256134033
68.15000009536743,68.65300011634827,0.503000020980835
68.1560001373291,68.72000002861023,0.5639998912811279
68.15900015830994,68.71900010108948,0.559999942779541
68.16700005531311,68.72000002861023,0.5529999732971191
68.20000004768372,68.71900010108948,0.5190000534057617
68.20499992370605,68.72000002861023,0.5150001049041748
68.20900011062622,68.71900010108948,0.5099999904632568
68.21799993515015,68.72000002861023,0.502000093460083
68.25,68.71900010108948,0.46900010108947754
68.25500011444092,68.72000002861023,0.4649999141693115
68.2590000629425,68.72099995613098,0.46199989318847656
68.26800012588501,68.72000002861023,0.4519999027252197
68.29999995231628,68.72099995613098,0.42100000381469727
68.3050000667572,68.72000002861023,0.41499996185302734
68.30900001525879,68.72099995613098,0.4119999408721924
68.3180000782013,68.72099995613098,0.4029998779296875
68.3510000705719,68.72099995613098,0.36999988555908203
68.35500001907349,68.72000002861023,0.36500000953674316
68.35800004005432,68.72099995613098,0.36299991607666016
68.36700010299683,68.72000002861023,0.3529999256134033
68.40000009536743,68.91700005531311,0.5169999599456787
68.40499997138977,68.72000002861023,0.315000057220459
68.40900015830994,68.91700005531311,0.5079998970031738
68.41700005531311,68.91700005531311,0.5
68.45000004768372,68.91700005531311,0.46700000762939453
68.45499992370605,69.10199999809265,0.6470000743865967
68.45900011062622,68.91700005531311,0.45799994468688965
68.46799993515015,68.91700005531311,0.44900012016296387
68.50099992752075,68.91700005531311,0.4160001277923584
68.50600004196167,69.10199999809265,0.5959999561309814
68.5090000629425,68.91700005531311,0.40799999237060547
68.51800012588501,69.2409999370575,0.7229998111724854
68.54999995231628,69.1029999256134,0.5529999732971191
68.5550000667572,69.2409999370575,0.685999870300293
68.55900001525879,69.1029999256134,0.5439999103546143
68.5680000782013,69.2409999370575,0.6729998588562012
68.60000014305115,69.1029999256134,0.5029997825622559
68.60500001907349,69.2409999370575,0.6359999179840088
68.60899996757507,69.24000000953674,0.6310000419616699
68.61700010299683,69.2409999370575,0.623999834060669
68.65100002288818,69.2409999370575,0.5899999141693115
68.65499997138977,69.2409999370575,0.5859999656677246
68.65900015830994,69.2409999370575,0.5819997787475586
68.66700005531311,69.2409999370575,0.5739998817443848
68.70099997520447,69.2409999370575,0.5399999618530273
68.70600008964539,69.2409999370575,0.5349998474121094
68.70900011062622,69.2409999370575,0.5319998264312744
68.71799993515015,69.2409999370575,0.5230000019073486
68.75,69.24200010299683,0.49200010299682617
68.75500011444092,69.2409999370575,0.48599982261657715
68.7590000629425,69.24200010299683,0.4830000400543213
68.76800012588501,69.2940001487732,0.5260000228881836
68.79999995231628,69.24200010299683,0.442000150680542
68.8050000667572,69.2409999370575,0.43599987030029297
68.80900001525879,69.24200010299683,0.4330000877380371
68.8180000782013,69.2940001487732,0.4760000705718994
68.8510000705719,69.2940001487732,0.44300007820129395
68.85500001907349,69.24200010299683,0.38700008392333984
68.85899996757507,69.24200010299683,0.38300013542175293
68.86700010299683,69.2940001487732,0.4270000457763672
68.90100002288818,69.2940001487732,0.39300012588500977
68.9060001373291,69.2940001487732,0.3880000114440918
68.90900015830994,69.24200010299683,0.33299994468688965
68.91700005531311,69.2940001487732,0.377000093460083
68.95099997520447,69.2940001487732,0.3430001735687256
68.95499992370605,69.2940001487732,0.33900022506713867
68.95900011062622,69.29500007629395,0.3359999656677246
68.96799993515015,69.66799998283386,0.7000000476837158
69.0,69.2940001487732,0.29400014877319336
69.00500011444092,69.66799998283386,0.6629998683929443
69.0090000629425,69.29500007629395,0.28600001335144043
69.01800012588501,69.66799998283386,0.6499998569488525
69.05100011825562,69.2940001487732,0.24300003051757812
69.0550000667572,69.66799998283386,0.6129999160766602
69.05900001525879,69.2940001487732,0.2350001335144043
69.06700015068054,69.66799998283386,0.6009998321533203
69.10000014305115,69.6690001487732,0.5690000057220459
69.10500001907349,69.66799998283386,0.562999963760376
69.10899996757507,69.66799998283386,0.5590000152587891
69.11700010299683,69.66799998283386,0.5509998798370361
69.15000009536743,69.6690001487732,0.5190000534057617
69.15499997138977,69.66799998283386,0.5130000114440918
69.15900015830994,69.66799998283386,0.5089998245239258
69.16700005531311,69.66799998283386,0.500999927520752
69.20000004768372,69.6690001487732,0.46900010108947754
69.20499992370605,69.66799998283386,0.4630000591278076
69.20900011062622,69.6690001487732,0.46000003814697266
69.21799993515015,69.7170000076294,0.49900007247924805
69.25099992752075,69.71600008010864,0.4650001525878906
69.25500011444092,69.66799998283386,0.41299986839294434
69.2590000629425,69.6690001487732,0.4100000858306885
69.26800012588501,69.7170000076294,0.44899988174438477
69.30100011825562,69.7170000076294,0.4159998893737793
69.3050000667572,69.6690001487732,0.3640000820159912
69.30900001525879,69.6690001487732,0.3600001335144043
69.3180000782013,69.92499995231628,0.6069998741149902
69.35000014305115,69.71600008010864,0.3659999370574951
69.35500001907349,69.92499995231628,0.5699999332427979
69.35800004005432,69.71600008010864,0.3580000400543213
69.36700010299683,69.92499995231628,0.557999849319458
69.40000009536743,69.71600008010864,0.31599998474121094
69.40499997138977,69.92499995231628,0.5199999809265137
69.40900015830994,69.92600011825562,0.5169999599456787
69.41700005531311,69.92499995231628,0.5079998970031738
69.45000004768372,69.92600011825562,0.4760000705718994
69.45499992370605,69.92499995231628,0.4700000286102295
69.45900011062622,69.92600011825562,0.46700000762939453
69.46799993515015,69.92499995231628,0.4570000171661377
69.50099992752075,69.92600011825562,0.4250001907348633
69.50500011444092,69.92499995231628,0.4199998378753662
69.5090000629425,70.04999995231628,0.5409998893737793
69.51800012588501,69.92499995231628,0.4069998264312744
69.54999995231628,70.17700004577637,0.627000093460083
69.55599999427795,69.92499995231628,0.3689999580383301
69.55900001525879,70.04999995231628,0.4909999370574951
69.5680000782013,70.04900002479553,0.4809999465942383
69.60000014305115,70.17700004577637,0.5769999027252197
69.60500001907349,69.92499995231628,0.31999993324279785
69.60899996757507,70.17799997329712,0.5690000057220459
69.61700010299683,70.04900002479553,0.43199992179870605
69.65000009536743,70.17700004577637,0.5269999504089355
69.65499997138977,70.04999995231628,0.39499998092651367
69.65900015830994,70.17799997329712,0.5189998149871826
69.66700005531311,70.17700004577637,0.5099999904632568
69.70099997520447,70.17700004577637,0.4760000705718994
69.70499992370605,70.04999995231628,0.3450000286102295
69.70900011062622,70.17799997329712,0.46899986267089844
69.71799993515015,70.17700004577637,0.4590001106262207
69.75,70.17700004577637,0.4270000457763672
69.75600004196167,70.18400001525879,0.42799997329711914
69.7590000629425,70.17799997329712,0.41899991035461426
69.76800012588501,70.18400001525879,0.4159998893737793
69.79999995231628,70.18400001525879,0.3840000629425049
69.8050000667572,70.33599996566772,0.5309998989105225
69.80900001525879,70.17799997329712,0.3689999580383301
69.8180000782013,70.18400001525879,0.3659999370574951
69.85000014305115,70.18400001525879,0.3339998722076416
69.85500001907349,70.33599996566772,0.4809999465942383
69.85899996757507,70.17700004577637,0.31800007820129395
69.86800003051758,70.33599996566772,0.4679999351501465
69.90000009536743,70.18400001525879,0.2839999198913574
69.90499997138977,70.33599996566772,0.4309999942779541
69.90900015830994,70.33500003814697,0.42599987983703613
69.91700005531311,70.33599996566772,0.41899991035461426
69.95099997520447,70.53999996185303,0.5889999866485596
69.95600008964539,70.33599996566772,0.37999987602233887
69.95900011062622,70.53999996185303,0.5809998512268066
69.9670000076294,70.53999996185303,0.5729999542236328
70.0,70.53999996185303,0.5399999618530273
70.00500011444092,70.33599996566772,0.33099985122680664
70.0090000629425,70.61199998855591,0.6029999256134033
70.01800012588501,70.53999996185303,0.5219998359680176
70.04999995231628,70.61199998855591,0.562000036239624
70.0550000667572,70.33599996566772,0.28099989891052246
70.05900001525879,70.61199998855591,0.5529999732971191
70.0680000782013,70.53999996185303,0.4719998836517334
70.1010000705719,70.61199998855591,0.5109999179840088
70.10599994659424,70.61199998855591,0.5060000419616699
70.10899996757507,70.61199998855591,0.503000020980835
70.11800003051758,70.64100003242493,0.5230000019073486
70.15000009536743,70.61199998855591,0.46199989318847656
70.15499997138977,70.61199998855591,0.4570000171661377
70.15900015830994,70.61199998855591,0.4529998302459717
70.16700005531311,70.64100003242493,0.4739999771118164
70.20000004768372,70.61199998855591,0.4119999408721924
70.20499992370605,70.64100003242493,0.43600010871887207
70.20900011062622,70.61199998855591,0.4029998779296875
70.2170000076294,70.77300000190735,0.5559999942779541
70.25099992752075,70.64199995994568,0.39100003242492676
70.25500011444092,70.77300000190735,0.5179998874664307
70.2590000629425,70.61199998855591,0.3529999256134033
70.26800012588501,70.77300000190735,0.5049998760223389
70.29999995231628,70.64199995994568,0.34200000762939453
70.3050000667572,70.77300000190735,0.4679999351501465
70.30900001525879,70.77300000190735,0.46399998664855957
70.3180000782013,70.77300000190735,0.4549999237060547
70.35000014305115,70.64199995994568,0.29199981689453125
70.35500001907349,70.77300000190735,0.4179999828338623
70.35899996757507,70.7739999294281,0.41499996185302734
70.36700010299683,70.77300000190735,0.40599989891052246
70.40000009536743,70.7739999294281,0.37399983406066895
70.40499997138977,70.77300000190735,0.3680000305175781
70.40900015830994,70.7739999294281,0.36499977111816406
70.41700005531311,70.77300000190735,0.3559999465942383
70.45099997520447,70.8180000782013,0.36700010299682617
70.45499992370605,70.77300000190735,0.31800007820129395
70.45900011062622,70.81900000572205,0.3599998950958252
70.46799993515015,70.8180000782013,0.35000014305114746
70.5,70.8180000782013,0.31800007820129395
70.50500011444092,70.77300000190735,0.26799988746643066
70.5090000629425,70.8180000782013,0.30900001525878906
70.51800012588501,70.8180000782013,0.2999999523162842
70.54999995231628,70.8180000782013,0.26800012588500977
70.55599999427795,71.1710000038147,0.6150000095367432
70.55900001525879,70.81900000572205,0.25999999046325684
70.5680000782013,71.19700002670288,0.6289999485015869
70.6010000705719,71.1710000038147,0.5699999332427979
70.60500001907349,71.1710000038147,0.5659999847412109
70.60899996757507,70.8180000782013,0.2090001106262207
70.61700010299683,71.19700002670288,0.5799999237060547
70.65000009536743,71.1710000038147,0.5209999084472656
70.65499997138977,71.1710000038147,0.5160000324249268
70.65900015830994,71.1710000038147,0.5119998455047607
70.66799998283386,71.19700002670288,0.5290000438690186
70.70000004768372,71.1710000038147,0.47099995613098145
70.70499992370605,71.19700002670288,0.49200010299682617
70.70900011062622,71.19600009918213,0.4869999885559082
70.71799993515015,71.19700002670288,0.4790000915527344
70.75099992752075,71.21200013160706,0.4610002040863037
70.75500011444092,71.19700002670288,0.4419999122619629
70.75800013542175,71.19600009918213,0.437999963760376
70.76800012588501,71.19700002670288,0.4289999008178711
70.79999995231628,71.21200013160706,0.4120001792907715
70.8050000667572,71.19700002670288,0.3919999599456787
70.80900001525879,71.21200013160706,0.4030001163482666
70.8180000782013,71.19600009918213,0.37800002098083496
70.85000014305115,71.46099996566772,0.6109998226165771
70.85500001907349,71.19700002670288,0.34200000762939453
70.85899996757507,71.46200013160706,0.6030001640319824
70.86700010299683,71.21200013160706,0.3450000286102295
70.90100002288818,71.46099996566772,0.559999942779541
70.90499997138977,71.46099996566772,0.5559999942779541
70.9079999923706,71.46200013160706,0.5540001392364502
70.91799998283386,71.46200013160706,0.5440001487731934
70.95099997520447,71.46099996566772,0.5099999904632568
70.95499992370605,71.46099996566772,0.5060000419616699
70.95900011062622,71.46099996566772,0.5019998550415039
70.96799993515015,71.46200013160706,0.4940001964569092
71.0,71.46200013160706,0.46200013160705566
71.00500011444092,71.46200013160706,0.4570000171661377
71.0090000629425,71.46099996566772,0.4519999027252197
71.01699995994568,71.59400010108948,0.5770001411437988
71.04999995231628,71.46200013160706,0.4120001792907715
71.0550000667572,71.46200013160706,0.4070000648498535
71.05900001525879,71.46200013160706,0.4030001163482666
71.06700015068054,71.59400010108948,0.5269999504089355
71.10000014305115,71.46200013160706,0.3619999885559082
71.10599994659424,71.59400010108948,0.48800015449523926
71.10899996757507,71.46200013160706,0.3530001640319824
71.11800003051758,71.59400010108948,0.4760000705718994
71.15100002288818,71.59500002861023,0.4440000057220459
71.15499997138977,71.59400010108948,0.43900012969970703
71.15900015830994,71.59400010108948,0.434999942779541
71.16799998283386,71.59400010108948,0.42600011825561523
71.20099997520447,71.59500002861023,0.3940000534057617
71.20499992370605,71.59400010108948,0.38900017738342285
71.20900011062622,71.59500002861023,0.3859999179840088
71.2170000076294,71.59500002861023,0.37800002098083496
71.25099992752075,71.59500002861023,0.34400010108947754
71.25500011444092,71.59400010108948,0.33899998664855957
71.25800013542175,71.59500002861023,0.33699989318847656
71.26699995994568,71.59500002861023,0.3280000686645508
71.29999995231628,71.72500014305115,0.4250001907348633
71.3050000667572,71.59400010108948,0.2890000343322754
71.30900001525879,71.7260000705719,0.41700005531311035
71.3180000782013,71.59400010108948,0.2760000228881836
71.35000014305115,71.72500014305115,0.375
71.35500001907349,71.72500014305115,0.37000012397766113
71.35899996757507,71.7260000705719,0.36700010299682617
71.36800003051758,71.94900012016296,0.5810000896453857
71.40100002288818,71.72500014305115,0.32400012016296387
71.40499997138977,71.72500014305115,0.32000017166137695
71.40900015830994,71.7260000705719,0.3169999122619629
71.41700005531311,71.94900012016296,0.5320000648498535
71.45099997520447,71.79999995231628,0.3489999771118164
71.45499992370605,71.79999995231628,0.3450000286102295
71.45900011062622,71.7260000705719,0.2669999599456787
71.4670000076294,71.94900012016296,0.48200011253356934
71.5,71.79999995231628,0.2999999523162842
71.50500011444092,71.79999995231628,0.2949998378753662
71.5090000629425,71.79999995231628,0.2909998893737793
71.51800012588501,71.94900012016296,0.4309999942779541
71.54999995231628,72.125,0.5750000476837158
71.55599999427795,71.94900012016296,0.39300012588500977
71.55800008773804,71.94900012016296,0.39100003242492676
71.5680000782013,72.125,0.556999921798706
71.6010000705719,72.125,0.5239999294281006
71.60500001907349,71.94900012016296,0.34400010108947754
71.60899996757507,71.94900012016296,0.3400001525878906
71.61800003051758,72.125,0.5069999694824219
71.65100002288818,72.24399995803833,0.5929999351501465
71.65499997138977,71.94799995422363,0.2929999828338623
71.65900015830994,72.125,0.4659998416900635
71.66700005531311,72.125,0.45799994468688965
71.70000004768372,72.24399995803833,0.5439999103546143
71.70499992370605,72.24399995803833,0.5390000343322754
71.70900011062622,72.24399995803833,0.5349998474121094
71.7170000076294,72.125,0.40799999237060547
71.75,72.24399995803833,0.4939999580383301
71.75500011444092,72.24399995803833,0.4889998435974121
71.7590000629425,72.24399995803833,0.4849998950958252
71.76800012588501,72.24399995803833,0.4759998321533203
71.79999995231628,72.24399995803833,0.4440000057220459
71.8050000667572,72.33200001716614,0.5269999504089355
71.80900001525879,72.24399995803833,0.434999942779541
71.8180000782013,72.33200001716614,0.5139999389648438
71.8510000705719,72.24399995803833,0.39299988746643066
71.85500001907349,72.33200001716614,0.47699999809265137
71.85899996757507,72.24500012397766,0.3860001564025879
71.86700010299683,72.33200001716614,0.4649999141693115
71.90000009536743,72.64400005340576,0.7439999580383301
71.90499997138977,72.33200001716614,0.4270000457763672
71.9079999923706,72.33100008964539,0.4230000972747803
71.91700005531311,72.35599994659424,0.43899989128112793
71.95000004768372,72.64400005340576,0.6940000057220459
71.95600008964539,72.33200001716614,0.37599992752075195
71.95900011062622,72.35599994659424,0.3969998359680176
71.96799993515015,72.35599994659424,0.3880000114440918
72.0,72.64400005340576,0.6440000534057617
72.00500011444092,72.33200001716614,0.3269999027252197
72.0090000629425,72.35599994659424,0.3469998836517334
72.01800012588501,72.35500001907349,0.33699989318847656
72.05100011825562,72.64400005340576,0.5929999351501465
72.0550000667572,72.35599994659424,0.30099987983703613
72.05900001525879,72.64499998092651,0.5859999656677246
72.0680000782013,72.35500001907349,0.2869999408721924
72.10000014305115,72.64400005340576,0.5439999103546143
72.10500001907349,72.35599994659424,0.25099992752075195
72.10800004005432,72.64499998092651,0.5369999408721924
72.11800003051758,72.64499998092651,0.5269999504089355
72.15000009536743,72.64400005340576,0.4939999580383301
72.15499997138977,72.64400005340576,0.4890000820159912
72.15900015830994,72.64499998092651,0.48599982261657715
72.16700005531311,72.64499998092651,0.4779999256134033
72.20000004768372,72.64499998092651,0.44499993324279785
72.20499992370605,72.64400005340576,0.43900012969970703
72.20900011062622,72.64400005340576,0.434999942779541
72.21799993515015,72.64499998092651,0.4270000457763672
72.25099992752075,72.64499998092651,0.3940000534057617
72.25500011444092,72.75500011444092,0.5
72.2590000629425,72.64499998092651,0.3859999179840088
72.26800012588501,72.75600004196167,0.48799991607666016
72.29999995231628,72.64499998092651,0.3450000286102295
72.30599999427795,72.75600004196167,0.4500000476837158
72.30800008773804,72.64499998092651,0.33699989318847656
72.3180000782013,72.75600004196167,0.437999963760376
72.35000014305115,72.75600004196167,0.40599989891052246
72.35500001907349,72.75500011444092,0.40000009536743164
72.35899996757507,72.86400008201599,0.505000114440918
72.36800003051758,72.86400008201599,0.4960000514984131
72.40000009536743,72.86400008201599,0.46399998664855957
72.40499997138977,72.75500011444092,0.35000014305114746
72.40900015830994,73.0090000629425,0.5999999046325684
72.41700005531311,72.86400008201599,0.44700002670288086
72.45099997520447,73.00800013542175,0.5570001602172852
72.45499992370605,72.75500011444092,0.3000001907348633
72.45900011062622,73.0090000629425,0.5499999523162842
72.4670000076294,73.0090000629425,0.5420000553131104
72.50099992752075,73.00800013542175,0.507000207901001
72.50500011444092,72.75500011444092,0.25
72.50800013542175,73.0090000629425,0.500999927520752
72.51800012588501,73.0090000629425,0.4909999370574951
72.54999995231628,73.00800013542175,0.45800018310546875
72.5550000667572,73.08200001716614,0.5269999504089355
72.55900001525879,73.0090000629425,0.4500000476837158
72.5680000782013,73.17000007629395,0.6019999980926514
72.60000014305115,73.08299994468689,0.4829998016357422
72.60500001907349,73.17000007629395,0.565000057220459
72.60899996757507,73.08299994468689,0.4739999771118164
72.61800003051758,73.17000007629395,0.5520000457763672
72.65100002288818,73.08299994468689,0.43199992179870605
72.65499997138977,73.17000007629395,0.5150001049041748
72.65900015830994,73.08299994468689,0.4239997863769531
72.66700005531311,73.17000007629395,0.503000020980835
72.70099997520447,73.1800000667572,0.4790000915527344
72.70499992370605,73.1690001487732,0.46400022506713867
72.70799994468689,73.17000007629395,0.46200013160705566
72.7170000076294,73.17000007629395,0.4530000686645508
72.75099992752075,73.1800000667572,0.4290001392364502
72.75600004196167,73.1690001487732,0.41300010681152344
72.7590000629425,73.1800000667572,0.42100000381469727
72.76800012588501,73.17000007629395,0.40199995040893555
72.79999995231628,73.3050000667572,0.505000114440918
72.8050000667572,73.1690001487732,0.3640000820159912
72.80900001525879,73.1800000667572,0.3710000514984131
72.8180000782013,73.1800000667572,0.3619999885559082
72.85000014305115,73.3050000667572,0.4549999237060547
72.85500001907349,73.1690001487732,0.31400012969970703
72.85899996757507,73.3050000667572,0.4460000991821289
72.86800003051758,73.1800000667572,0.312000036239624
72.90100002288818,73.3050000667572,0.40400004386901855
72.9060001373291,73.3050000667572,0.3989999294281006
72.9079999923706,73.3050000667572,0.3970000743865967
72.91700005531311,73.32800006866455,0.41100001335144043
72.95099997520447,73.3050000667572,0.3540000915527344
72.95499992370605,73.3050000667572,0.35000014305114746
72.95900011062622,73.3050000667572,0.34599995613098145
72.9670000076294,73.32800006866455,0.36100006103515625
73.0,73.30400013923645,0.3040001392364502
73.00500011444092,73.52500009536743,0.5199999809265137
73.0090000629425,73.3050000667572,0.29600000381469727
73.01800012588501,73.52500009536743,0.5069999694824219
73.04999995231628,73.32800006866455,0.2780001163482666
73.0550000667572,73.52500009536743,0.4700000286102295
73.05900001525879,73.32800006866455,0.2690000534057617
73.0680000782013,73.52500009536743,0.4570000171661377
73.10000014305115,73.52500009536743,0.4249999523162842
73.10599994659424,73.52500009536743,0.41900014877319336
73.10899996757507,73.70900011062622,0.6000001430511475
73.11800003051758,73.52500009536743,0.4070000648498535
73.15000009536743,73.71000003814697,0.559999942779541
73.15499997138977,73.52500009536743,0.37000012397766113
73.15900015830994,73.71000003814697,0.5509998798370361
73.16700005531311,73.70900011062622,0.5420000553131104
73.20099997520447,73.71000003814697,0.5090000629425049
73.20499992370605,73.52500009536743,0.32000017166137695
73.20900011062622,73.71099996566772,0.5019998550415039
73.2170000076294,73.70900011062622,0.49200010299682617
73.25,73.71000003814697,0.46000003814697266
73.25500011444092,73.71000003814697,0.4549999237060547
73.2590000629425,73.71000003814697,0.4509999752044678
73.26699995994568,73.71000003814697,0.44300007820129395
73.29999995231628,73.71000003814697,0.4100000858306885
73.30599999427795,73.71000003814697,0.40400004386901855
73.30900001525879,73.71000003814697,0.4010000228881836
73.3180000782013,73.71000003814697,0.3919999599456787
73.3510000705719,73.71000003814697,0.35899996757507324
73.35500001907349,73.83599996566772,0.4809999465942383
73.35899996757507,73.71000003814697,0.3510000705718994
73.36800003051758,73.93200016021729,0.564000129699707
73.40100002288818,73.83700013160706,0.43600010871887207
73.40499997138977,73.83599996566772,0.4309999942779541
73.40900015830994,73.71000003814697,0.30099987983703613
73.41799998283386,73.93200016021729,0.5140001773834229
73.45000004768372,73.83700013160706,0.38700008392333984
73.45499992370605,73.93200016021729,0.47700023651123047
73.45900011062622,73.83599996566772,0.3769998550415039
73.46799993515015,73.93200016021729,0.46400022506713867
73.5,73.83700013160706,0.33700013160705566
73.50600004196167,73.93200016021729,0.42600011825561523
73.50800013542175,73.93200016021729,0.4240000247955322
73.51699995994568,73.93200016021729,0.41500020027160645
73.54999995231628,73.94700002670288,0.3970000743865967
73.5550000667572,73.93200016021729,0.377000093460083
73.55900001525879,73.94700002670288,0.3880000114440918
73.56700015068054,73.94700002670288,0.37999987602233887
73.6010000705719,74.11300015449524,0.5120000839233398
73.60500001907349,73.93099999427795,0.3259999752044678
73.60899996757507,74.11300015449524,0.504000186920166
73.61700010299683,73.94700002670288,0.3299999237060547
73.65000009536743,74.11300015449524,0.4630000591278076
73.65499997138977,73.93099999427795,0.2760000228881836
73.65900015830994,74.11300015449524,0.45399999618530273
73.66799998283386,73.94700002670288,0.27900004386901855
73.70000004768372,74.11300015449524,0.41300010681152344
73.70600008964539,74.11300015449524,0.4070000648498535
73.70900011062622,74.11300015449524,0.40400004386901855
73.71799993515015,74.1579999923706,0.440000057220459
73.75099992752075,74.11199998855591,0.36100006103515625
73.75500011444092,74.11300015449524,0.3580000400543213
73.7590000629425,74.11300015449524,0.3540000915527344
73.76800012588501,74.1579999923706,0.3899998664855957
73.79999995231628,74.11199998855591,0.312000036239624
73.8050000667572,74.28500008583069,0.48000001907348633
73.80800008773804,74.11300015449524,0.30500006675720215
73.8180000782013,74.28500008583069,0.46700000762939453
73.85000014305115,74.1579999923706,0.307999849319458
73.85599994659424,74.28500008583069,0.4290001392364502
73.85899996757507,74.1579999923706,0.2990000247955322
73.86700010299683,74.28500008583069,0.4179999828338623
73.90000009536743,74.50500011444092,0.6050000190734863
73.90499997138977,74.28500008583069,0.38000011444091797
73.90900015830994,74.28600001335144,0.3769998550415039
73.91700005531311,74.50500011444092,0.5880000591278076
73.95000004768372,74.50500011444092,0.5550000667572021
73.95499992370605,74.28500008583069,0.3300001621246338
73.95900011062622,74.50500011444092,0.5460000038146973
73.96799993515015,74.50500011444092,0.5370001792907715
74.00099992752075,74.50500011444092,0.504000186920166
74.00500011444092,74.28500008583069,0.2799999713897705
74.00800013542175,74.50500011444092,0.49699997901916504
74.01800012588501,74.50500011444092,0.4869999885559082
74.04999995231628,74.5699999332428,0.5199999809265137
74.0550000667572,74.56900000572205,0.5139999389648438
74.05900001525879,74.56900000572205,0.5099999904632568
74.06700015068054,74.75300002098083,0.685999870300293
74.10000014305115,74.5699999332428,0.4699997901916504
74.10599994659424,74.56900000572205,0.4630000591278076
74.10899996757507,74.56900000572205,0.46000003814697266
74.11700010299683,74.75300002098083,0.6359999179840088
74.15100002288818,74.56900000572205,0.4179999828338623
74.15499997138977,74.75300002098083,0.5980000495910645
74.1579999923706,74.56900000572205,0.41100001335144043
74.16700005531311,74.80400013923645,0.6370000839233398
74.20000004768372,74.75300002098083,0.5529999732971191
74.20499992370605,74.75300002098083,0.5480000972747803
74.20900011062622,74.56900000572205,0.3599998950958252
74.21799993515015,74.80400013923645,0.5860002040863037
74.25,74.75300002098083,0.503000020980835
74.25500011444092,74.80400013923645,0.5490000247955322
74.2590000629425,74.80299997329712,0.5439999103546143
74.26800012588501,74.80400013923645,0.5360000133514404
74.30100011825562,74.89000010490417,0.5889999866485596
74.3050000667572,74.80400013923645,0.49900007247924805
74.30900001525879,74.80299997329712,0.4939999580383301
74.3180000782013,74.80400013923645,0.48600006103515625
74.35000014305115,74.89000010490417,0.5399999618530273
74.35599994659424,74.80400013923645,0.4480001926422119
74.35899996757507,74.80299997329712,0.4440000057220459
74.36700010299683,74.89000010490417,0.5230000019073486
74.40000009536743,74.89000010490417,0.49000000953674316
74.40499997138977,74.80400013923645,0.3990001678466797
74.40900015830994,74.89000010490417,0.4809999465942383
74.41700005531311,74.89000010490417,0.47300004959106445
74.45099997520447,75.05900001525879,0.6080000400543213
74.45499992370605,74.80400013923645,0.3490002155303955
74.45900011062622,75.05900001525879,0.5999999046325684
74.46799993515015,74.88899993896484,0.42100000381469727
74.50099992752075,75.05900001525879,0.5580000877380371
74.50500011444092,75.05900001525879,0.5539999008178711
74.5090000629425,75.05900001525879,0.5499999523162842
74.51800012588501,75.05999994277954,0.5419998168945312
74.54999995231628,75.05900001525879,0.5090000629425049
74.55599999427795,75.05900001525879,0.503000020980835
74.55900001525879,75.05900001525879,0.5
74.56700015068054,75.05999994277954,0.492999792098999
74.60000014305115,75.05999994277954,0.45999979972839355
74.60500001907349,75.05999994277954,0.4549999237060547
74.60899996757507,75.05900001525879,0.4500000476837158
74.61700010299683,75.14600014686584,0.5290000438690186
74.65000009536743,75.05999994277954,0.4099998474121094
74.65499997138977,75.05999994277954,0.4049999713897705
74.65900015830994,75.05900001525879,0.39999985694885254
74.66700005531311,75.14600014686584,0.4790000915527344
74.70099997520447,75.05999994277954,0.35899996757507324
74.70499992370605,75.14600014686584,0.44100022315979004
74.70900011062622,75.14600014686584,0.437000036239624
74.71799993515015,75.14600014686584,0.42800021171569824
74.75,75.1470000743866,0.3970000743865967
74.75500011444092,75.14600014686584,0.39100003242492676
74.7590000629425,75.14600014686584,0.38700008392333984
74.76800012588501,75.14600014686584,0.37800002098083496
74.79999995231628,75.25699996948242,0.4570000171661377
74.80599999427795,75.14499998092651,0.33899998664855957
74.80900001525879,75.25699996948242,0.4479999542236328
74.81700015068054,75.14600014686584,0.32899999618530273
74.85000014305115,75.25699996948242,0.4069998264312744
74.85500001907349,75.25699996948242,0.40199995040893555
74.85899996757507,75.25699996948242,0.39800000190734863
74.86800003051758,75.14600014686584,0.2780001163482666
74.90100002288818,75.25600004196167,0.35500001907348633
74.90499997138977,75.25699996948242,0.35199999809265137
74.90900015830994,75.25699996948242,0.34799981117248535
74.91799998283386,75.51300001144409,0.5950000286102295
74.95099997520447,75.25600004196167,0.30500006675720215
74.95499992370605,75.66600012779236,0.7110002040863037
74.95900011062622,75.25699996948242,0.29799985885620117
74.96799993515015,75.66499996185303,0.6970000267028809
75.0,75.51300001144409,0.5130000114440918
75.00600004196167,75.66600012779236,0.6600000858306885
75.0090000629425,75.25699996948242,0.247999906539917
75.01699995994568,75.66499996185303,0.6480000019073486
75.04999995231628,75.51300001144409,0.4630000591278076
75.0550000667572,75.66600012779236,0.6110000610351562
75.05900001525879,75.51300001144409,0.45399999618530273
75.06700015068054,75.66499996185303,0.5979998111724854
75.10000014305115,75.66499996185303,0.5649998188018799
75.10500001907349,75.66600012779236,0.5610001087188721
75.10899996757507,75.66600012779236,0.5570001602172852
75.11800003051758,75.66499996185303,0.5469999313354492
75.15100002288818,75.66700005531311,0.5160000324249268
75.15499997138977,75.66499996185303,0.5099999904632568
75.15900015830994,75.66600012779236,0.5069999694824219
75.16799998283386,75.66499996185303,0.49699997901916504
75.20000004768372,75.66700005531311,0.46700000762939453
75.20499992370605,75.66499996185303,0.46000003814697266
75.20900011062622,75.66600012779236,0.4570000171661377
75.2170000076294,75.66600012779236,0.44900012016296387
75.25,75.66700005531311,0.41700005531311035
75.25600004196167,75.66600012779236,0.4100000858306885
75.2590000629425,75.66700005531311,0.40799999237060547
75.26699995994568,75.66600012779236,0.3990001678466797
75.29999995231628,75.66700005531311,0.36700010299682617
75.3050000667572,75.75699996948242,0.4519999027252197
75.30900001525879,75.66600012779236,0.35700011253356934
75.3180000782013,75.66600012779236,0.34800004959106445
75.35000014305115,75.75699996948242,0.4069998264312744
75.35500001907349,75.75699996948242,0.40199995040893555
75.35899996757507,75.75699996948242,0.39800000190734863
75.36800003051758,75.9430000782013,0.5750000476837158
75.40100002288818,75.75699996948242,0.3559999465942383
75.40499997138977,75.9430000782013,0.5380001068115234
75.40900015830994,75.75699996948242,0.34799981117248535
75.41799998283386,75.9430000782013,0.5250000953674316
75.45000004768372,75.75699996948242,0.30699992179870605
75.45600008964539,75.9430000782013,0.4869999885559082
75.45799994468689,75.9430000782013,0.4850001335144043
75.46799993515015,75.9430000782013,0.47500014305114746
75.5,76.09599995613098,0.5959999561309814
75.50500011444092,75.9430000782013,0.437999963760376
75.5090000629425,76.09599995613098,0.5869998931884766
75.51699995994568,76.09599995613098,0.5789999961853027
75.55100011825562,76.09599995613098,0.5449998378753662
75.5550000667572,75.94200015068054,0.38700008392333984
75.55900001525879,76.09599995613098,0.5369999408721924
75.56700015068054,76.09599995613098,0.5289998054504395
75.6010000705719,76.24600005149841,0.6449999809265137
75.60599994659424,75.9430000782013,0.33700013160705566
75.60800004005432,76.24699997901917,0.6389999389648438
75.61800003051758,76.09599995613098,0.4779999256134033
75.65000009536743,76.24600005149841,0.5959999561309814
75.65499997138977,75.94200015068054,0.2870001792907715
75.65900015830994,76.24699997901917,0.5879998207092285
75.66799998283386,76.09599995613098,0.42799997329711914
75.70099997520447,76.24600005149841,0.5450000762939453
75.70499992370605,76.24600005149841,0.5410001277923584
75.70900011062622,76.24699997901917,0.5379998683929443
75.71799993515015,76.24699997901917,0.5290000438690186
75.75,76.24600005149841,0.4960000514984131
75.75500011444092,76.30900001525879,0.5539999008178711
75.7590000629425,76.24699997901917,0.48799991607666016
75.76800012588501,76.24699997901917,0.4789998531341553
75.79999995231628,76.24699997901917,0.44700002670288086
75.8050000667572,76.30900001525879,0.5039999485015869
75.80900001525879,76.24699997901917,0.437999963760376
75.81700015068054,76.30900001525879,0.49199986457824707
75.85000014305115,76.30999994277954,0.45999979972839355
75.85500001907349,76.30900001525879,0.45399999618530273
75.85899996757507,76.30900001525879,0.4500000476837158
75.86800003051758,76.30900001525879,0.44099998474121094
75.90100002288818,76.30999994277954,0.4089999198913574
75.90499997138977,76.30900001525879,0.40400004386901855
75.90900015830994,76.30900001525879,0.39999985694885254
75.91799998283386,76.30900001525879,0.39100003242492676
75.95000004768372,76.49900007247925,0.5490000247955322
75.95499992370605,76.30900001525879,0.3540000915527344
75.95900011062622,76.30999994277954,0.3509998321533203
75.9670000076294,76.30999994277954,0.3429999351501465
76.00099992752075,76.49900007247925,0.4980001449584961
76.00500011444092,76.30900001525879,0.3039999008178711
76.0090000629425,76.5,0.4909999370574951
76.01699995994568,76.30999994277954,0.2929999828338623
76.05100011825562,76.49900007247925,0.4479999542236328
76.0550000667572,76.49900007247925,0.4440000057220459
76.05900001525879,76.5,0.44099998474121094
76.0680000782013,76.57800006866455,0.5099999904632568
76.10000014305115,76.49900007247925,0.3989999294281006
76.10599994659424,76.49900007247925,0.39300012588500977
76.10899996757507,76.5,0.39100003242492676
76.11800003051758,76.5789999961853,0.4609999656677246
76.15100002288818,76.49900007247925,0.34800004959106445
76.15499997138977,76.72200012207031,0.567000150680542
76.15900015830994,76.49900007247925,0.3399999141693115
76.16799998283386,76.57800006866455,0.4100000858306885
76.20099997520447,76.49900007247925,0.2980000972747803
76.20499992370605,76.72200012207031,0.5170001983642578
76.20900011062622,76.49900007247925,0.28999996185302734
76.2170000076294,76.72099995613098,0.5039999485015869
76.25,76.5789999961853,0.32899999618530273
76.25500011444092,76.72200012207031,0.46700000762939453
76.25800013542175,76.5789999961853,0.3209998607635498
76.26699995994568,76.72099995613098,0.45399999618530273
76.29999995231628,76.87899994850159,0.5789999961853027
76.30599999427795,76.72200012207031,0.4160001277923584
76.30900001525879,76.72099995613098,0.4119999408721924
76.3180000782013,76.87899994850159,0.560999870300293
76.3510000705719,76.88000011444092,0.5290000438690186
76.35500001907349,76.72099995613098,0.3659999370574951
76.35899996757507,76.87899994850159,0.5199999809265137
76.36800003051758,76.87899994850159,0.5109999179840088
76.40000009536743,76.87899994850159,0.4789998531341553
76.40499997138977,76.72099995613098,0.31599998474121094
76.40900015830994,76.87899994850159,0.4699997901916504
76.41799998283386,76.87899994850159,0.4609999656677246
76.45000004768372,76.96200013160706,0.5120000839233398
76.45499992370605,76.72099995613098,0.26600003242492676
76.45900011062622,76.96300005912781,0.5039999485015869
76.4670000076294,76.87899994850159,0.4119999408721924
76.5,76.96200013160706,0.46200013160705566
76.50500011444092,76.96300005912781,0.45799994468688965
76.5090000629425,76.96200013160706,0.4530000686645508
76.51699995994568,76.97000002861023,0.4530000686645508
76.55100011825562,76.96200013160706,0.41100001335144043
76.5550000667572,76.96300005912781,0.40799999237060547
76.55900001525879,76.96200013160706,0.4030001163482666
76.56700015068054,76.97000002861023,0.4029998779296875
76.60000014305115,76.97000002861023,0.36999988555908203
76.60500001907349,76.97000002861023,0.36500000953674316
76.60899996757507,76.96200013160706,0.3530001640319824
76.61800003051758,77.08100008964539,0.4630000591278076
76.65000009536743,76.97000002861023,0.31999993324279785
76.65499997138977,77.08100008964539,0.42600011825561523
76.65900015830994,77.08100008964539,0.4219999313354492
76.66799998283386,77.08100008964539,0.41300010681152344
76.70000004768372,76.97000002861023,0.26999998092651367
76.70499992370605,77.08100008964539,0.37600016593933105
76.70900011062622,77.1159999370575,0.4069998264312744
76.71799993515015,77.08100008964539,0.36300015449523926
76.75099992752075,77.1159999370575,0.36500000953674316
76.75600004196167,77.08100008964539,0.3250000476837158
76.7590000629425,77.1159999370575,0.35699987411499023
76.76699995994568,77.1159999370575,0.3489999771118164
76.79999995231628,77.37199997901917,0.5720000267028809
76.8050000667572,77.08100008964539,0.2760000228881836
76.80900001525879,77.37199997901917,0.562999963760376
76.81700015068054,77.1159999370575,0.2989997863769531
76.85000014305115,77.37199997901917,0.5219998359680176
76.85500001907349,77.37199997901917,0.5169999599456787
76.85899996757507,77.37199997901917,0.5130000114440918
76.86800003051758,77.3730001449585,0.505000114440918
76.90000009536743,77.37199997901917,0.4719998836517334
76.90499997138977,77.37199997901917,0.46700000762939453
76.90900015830994,77.37199997901917,0.4629998207092285
76.91799998283386,77.3730001449585,0.4550001621246338
76.95099997520447,77.37199997901917,0.42100000381469727
76.95600008964539,77.67499995231628,0.7189998626708984
76.95900011062622,77.37199997901917,0.41299986839294434
76.96799993515015,77.67600011825562,0.7080001831054688
77.00099992752075,77.3730001449585,0.37200021743774414
77.00500011444092,77.67499995231628,0.6699998378753662
77.0090000629425,77.3730001449585,0.3640000820159912
77.01800012588501,77.67600011825562,0.6579999923706055
77.04999995231628,77.67700004577637,0.627000093460083
77.0550000667572,77.67499995231628,0.619999885559082
77.05900001525879,77.67600011825562,0.6170001029968262
77.0680000782013,77.67600011825562,0.6080000400543213
77.10000014305115,77.67700004577637,0.5769999027252197
77.10500001907349,77.67499995231628,0.5699999332427979
77.10899996757507,77.67600011825562,0.567000150680542
77.11800003051758,77.67600011825562,0.5580000877380371
77.15100002288818,77.67700004577637,0.5260000228881836
77.1560001373291,77.67499995231628,0.5189998149871826
77.15900015830994,77.67600011825562,0.5169999599456787
77.16799998283386,77.67600011825562,0.5080001354217529
77.20000004768372,77.67700004577637,0.47699999809265137
77.20499992370605,77.67600011825562,0.47100019454956055
77.20799994468689,77.67600011825562,0.4680001735687256
77.2170000076294,77.67700004577637,0.46000003814697266
77.25,77.67700004577637,0.4270000457763672
77.25500011444092,77.67600011825562,0.42100000381469727
77.2590000629425,77.67600011825562,0.41700005531311035
77.26699995994568,77.67700004577637,0.4100000858306885
77.30100011825562,77.67700004577637,0.37599992752075195
77.3050000667572,77.7260000705719,0.42100000381469727
77.30900001525879,77.67600011825562,0.36700010299682617
77.3180000782013,78.13499999046326,0.8169999122619629
77.35000014305115,77.7260000705719,0.37599992752075195
77.35500001907349,78.13499999046326,0.7799999713897705
77.35899996757507,77.7260000705719,0.36700010299682617
77.36800003051758,78.13499999046326,0.7669999599456787
77.40000009536743,78.13499999046326,0.7349998950958252
77.40499997138977,78.13499999046326,0.7300000190734863
77.40900015830994,78.13499999046326,0.7259998321533203
77.41799998283386,78.1340000629425,0.7160000801086426
77.45099997520447,78.13499999046326,0.6840000152587891
77.45499992370605,78.13499999046326,0.6800000667572021
77.45900011062622,78.13499999046326,0.6759998798370361
77.4670000076294,78.1340000629425,0.6670000553131104
77.5,78.13600015640259,0.6360001564025879
77.50500011444092,78.13499999046326,0.6299998760223389
77.5090000629425,78.13499999046326,0.625999927520752
77.51800012588501,78.1340000629425,0.6159999370574951
77.55100011825562,78.13600015640259,0.5850000381469727
77.5550000667572,78.13499999046326,0.5799999237060547
77.55800008773804,78.13600015640259,0.5780000686645508
77.5680000782013,78.1340000629425,0.5659999847412109
77.6010000705719,78.13600015640259,0.5350000858306885
77.60500001907349,78.13499999046326,0.5299999713897705
77.60899996757507,78.13600015640259,0.5270001888275146
77.61700010299683,78.13600015640259,0.5190000534057617
77.65000009536743,78.13600015640259,0.48600006103515625
77.65499997138977,78.13600015640259,0.4810001850128174
77.65900015830994,78.13600015640259,0.47699999809265137
77.66700005531311,78.3659999370575,0.6989998817443848
77.70000004768372,78.13600015640259,0.43600010871887207
77.70499992370605,78.13700008392334,0.43200016021728516
77.70900011062622,78.13600015640259,0.4270000457763672
77.71799993515015,78.3659999370575,0.6480000019073486
77.75,78.13600015640259,0.3860001564025879
77.75500011444092,78.4060001373291,0.6510000228881836
77.7590000629425,78.36700010299683,0.6080000400543213
77.76800012588501,78.40499997138977,0.6369998455047607
77.80100011825562,78.36700010299683,0.5659999847412109
77.8050000667572,78.4060001373291,0.6010000705718994
77.80900001525879,78.36700010299683,0.5580000877380371
77.8180000782013,78.40499997138977,0.5869998931884766
77.8510000705719,78.36700010299683,0.5160000324249268
77.85500001907349,78.40499997138977,0.5499999523162842
77.85899996757507,78.40499997138977,0.5460000038146973
77.86700010299683,78.40499997138977,0.5379998683929443
77.90000009536743,78.4060001373291,0.5060000419616699
77.90499997138977,78.40499997138977,0.5
77.9079999923706,78.40499997138977,0.49699997901916504
77.91700005531311,78.40499997138977,0.48799991607666016
77.95000004768372,78.4060001373291,0.45600008964538574
77.95499992370605,78.40499997138977,0.4500000476837158
77.95900011062622,78.40400004386902,0.44499993324279785
77.96799993515015,78.40499997138977,0.437000036239624
78.00099992752075,78.43400001525879,0.4330000877380371
78.00500011444092,78.40499997138977,0.39999985694885254
78.0090000629425,78.43400001525879,0.4249999523162842
78.01800012588501,78.40499997138977,0.38699984550476074
78.05100011825562,78.65000009536743,0.5989999771118164
78.05599999427795,78.40499997138977,0.3489999771118164
78.05900001525879,78.65000009536743,0.5910000801086426
78.0680000782013,78.43400001525879,0.3659999370574951
78.10000014305115,78.6489999294281,0.5489997863769531
78.10500001907349,78.65000009536743,0.5450000762939453
78.10899996757507,78.65000009536743,0.5410001277923584
78.11700010299683,78.65100002288818,0.5339999198913574
78.15000009536743,78.6489999294281,0.49899983406066895
78.15499997138977,78.65000009536743,0.49500012397766113
78.15900015830994,78.65000009536743,0.4909999370574951
78.16700005531311,78.65000009536743,0.4830000400543213
78.20099997520447,78.65000009536743,0.44900012016296387
78.20499992370605,78.78699994087219,0.5820000171661377
78.20900011062622,78.65000009536743,0.44099998474121094
78.21799993515015,78.78800010681152,0.570000171661377
78.25099992752075,78.65000009536743,0.3990001678466797
78.25500011444092,78.78699994087219,0.5319998264312744
78.2590000629425,78.65000009536743,0.39100003242492676
78.26800012588501,78.78800010681152,0.5199999809265137
78.29999995231628,78.65000009536743,0.35000014305114746
78.3050000667572,78.78699994087219,0.48199987411499023
78.30900001525879,78.65000009536743,0.3410000801086426
78.3180000782013,78.78699994087219,0.46899986267089844
78.35000014305115,78.79100012779236,0.44099998474121094
78.35500001907349,78.78699994087219,0.43199992179870605
78.35899996757507,78.78800010681152,0.4290001392364502
78.36700010299683,78.78699994087219,0.4199998378753662
78.40100002288818,78.79100012779236,0.3900001049041748
78.4060001373291,78.78699994087219,0.3809998035430908
78.40900015830994,78.79100012779236,0.3819999694824219
78.41799998283386,78.79100012779236,0.3730001449584961
78.45000004768372,78.79100012779236,0.3410000801086426
78.45499992370605,78.78699994087219,0.3320000171661377
78.45900011062622,78.79100012779236,0.3320000171661377
78.46799993515015,78.79100012779236,0.3230001926422119
78.5,78.91400003433228,0.4140000343322754
78.50500011444092,78.78699994087219,0.2819998264312744
78.5090000629425,78.91499996185303,0.40599989891052246
78.51800012588501,78.91499996185303,0.3969998359680176
78.54999995231628,78.91400003433228,0.3640000820159912
78.5550000667572,79.01300001144409,0.45799994468688965
78.55900001525879,78.91499996185303,0.3559999465942383
78.56700015068054,79.01399993896484,0.44699978828430176
78.6010000705719,79.01399993896484,0.41299986839294434
78.60500001907349,79.01399993896484,0.4089999198913574
78.60899996757507,78.91499996185303,0.3059999942779541
78.61800003051758,79.01399993896484,0.3959999084472656
78.65000009536743,79.01399993896484,0.3639998435974121
78.65499997138977,79.15000009536743,0.49500012397766113
78.65900015830994,78.91499996185303,0.2559998035430908
78.66799998283386,79.15000009536743,0.48200011253356934
78.70000004768372,79.01399993896484,0.31399989128112793
78.70499992370605,79.15000009536743,0.44500017166137695
78.70799994468689,79.1489999294281,0.44099998474121094
78.71799993515015,79.15000009536743,0.43200016021728516
78.75,79.15100002288818,0.4010000228881836
78.75600004196167,79.15000009536743,0.3940000534057617
78.7590000629425,79.15100002288818,0.3919999599456787
78.76699995994568,79.15000009536743,0.38300013542175293
78.79999995231628,79.1800000667572,0.38000011444091797
78.8050000667572,79.15000009536743,0.3450000286102295
78.80900001525879,79.15000009536743,0.3410000801086426
78.81700015068054,79.15000009536743,0.33299994468688965
78.8510000705719,79.1800000667572,0.32899999618530273
78.85500001907349,79.15000009536743,0.2950000762939453
78.85899996757507,79.18099999427795,0.32200002670288086
78.86800003051758,79.18099999427795,0.312999963760376
78.90000009536743,79.1800000667572,0.2799999713897705
78.90499997138977,79.53600001335144,0.6310000419616699
78.90900015830994,79.18099999427795,0.2719998359680176
78.91799998283386,79.18099999427795,0.2630000114440918
78.95000004768372,79.53600001335144,0.5859999656677246
78.95600008964539,79.53600001335144,0.5799999237060547
78.95900011062622,79.53600001335144,0.5769999027252197
78.96799993515015,79.55999994277954,0.5920000076293945
79.0,79.53600001335144,0.5360000133514404
79.00500011444092,79.55999994277954,0.554999828338623
79.0090000629425,79.53600001335144,0.5269999504089355
79.01699995994568,79.55999994277954,0.5429999828338623
79.05100011825562,79.53600001335144,0.4849998950958252
79.0550000667572,79.55999994277954,0.5049998760223389
79.05900001525879,79.55999994277954,0.500999927520752
79.06700015068054,79.55999994277954,0.492999792098999
79.10000014305115,79.62700009346008,0.5269999504089355
79.10500001907349,79.55999994277954,0.4549999237060547
79.10899996757507,79.62700009346008,0.5180001258850098
79.11800003051758,79.62700009346008,0.5090000629425049
79.15000009536743,79.79900002479553,0.6489999294281006
79.1560001373291,79.55999994277954,0.40399980545043945
79.15900015830994,79.62700009346008,0.4679999351501465
79.16799998283386,79.62700009346008,0.4590001106262207
79.20000004768372,79.79900002479553,0.5989999771118164
79.20499992370605,79.55999994277954,0.35500001907348633
79.20900011062622,79.79900002479553,0.5899999141693115
79.21799993515015,79.62599992752075,0.40799999237060547
79.25099992752075,79.79900002479553,0.5480000972747803
79.25500011444092,79.55999994277954,0.30499982833862305
79.25800013542175,79.79900002479553,0.5409998893737793
79.26699995994568,79.62599992752075,0.35899996757507324
79.29999995231628,79.79999995231628,0.5
79.3050000667572,79.79900002479553,0.4939999580383301
79.30900001525879,79.79900002479553,0.49000000953674316
79.3180000782013,79.79999995231628,0.48199987411499023
79.35000014305115,79.79999995231628,0.4499998092651367
79.35500001907349,79.86899995803833,0.5139999389648438
79.35899996757507,79.79900002479553,0.440000057220459
79.36800003051758,79.79999995231628,0.43199992179870605
79.40100002288818,79.79999995231628,0.3989999294281006
79.4060001373291,79.86899995803833,0.4629998207092285
79.40900015830994,79.79900002479553,0.3899998664855957
79.41799998283386,79.86800003051758,0.4500000476837158
79.45099997520447,79.79900002479553,0.34800004959106445
79.45499992370605,79.86800003051758,0.41300010681152344
79.45900011062622,79.86899995803833,0.4099998474121094
79.4670000076294,79.86800003051758,0.4010000228881836
79.5,80.04900002479553,0.5490000247955322
79.50500011444092,79.86800003051758,0.36299991607666016
79.5090000629425,79.86899995803833,0.3599998950958252
79.51800012588501,79.86800003051758,0.34999990463256836
79.54999995231628,80.04900002479553,0.49900007247924805
79.5550000667572,79.86800003051758,0.312999963760376
79.55800008773804,80.04900002479553,0.4909999370574951
79.5680000782013,80.04900002479553,0.4809999465942383
79.60000014305115,80.13000011444092,0.5299999713897705
79.60500001907349,79.86800003051758,0.2630000114440918
79.60899996757507,80.13000011444092,0.5210001468658447
79.61800003051758,80.04900002479553,0.4309999942779541
79.65100002288818,80.13000011444092,0.4790000915527344
79.65499997138977,80.13000011444092,0.47500014305114746
79.65900015830994,80.13000011444092,0.47099995613098145
79.66700005531311,80.15499997138977,0.48799991607666016
79.70000004768372,80.13000011444092,0.43000006675720215
79.70499992370605,80.13000011444092,0.4250001907348633
79.70900011062622,80.13000011444092,0.42100000381469727
79.71799993515015,80.15499997138977,0.437000036239624
79.75,80.15499997138977,0.4049999713897705
79.75500011444092,80.35899996757507,0.6039998531341553
79.7590000629425,80.13000011444092,0.3710000514984131
79.76800012588501,80.3600001335144,0.5920000076293945
79.79999995231628,80.15499997138977,0.35500001907348633
79.8050000667572,80.35899996757507,0.5539999008178711
79.80900001525879,80.1560001373291,0.3470001220703125
79.81700015068054,80.3600001335144,0.5429999828338623
79.8510000705719,80.36500000953674,0.5139999389648438
79.85500001907349,80.35899996757507,0.5039999485015869
79.85899996757507,80.1560001373291,0.2970001697540283
79.86700010299683,80.35899996757507,0.49199986457824707
79.90100002288818,80.36500000953674,0.46399998664855957
79.90499997138977,80.35899996757507,0.45399999618530273
79.90900015830994,80.3600001335144,0.4509999752044678
79.91799998283386,80.35899996757507,0.44099998474121094
79.95000004768372,80.50600004196167,0.5559999942779541
79.95499992370605,80.35899996757507,0.40400004386901855
79.95900011062622,80.36500000953674,0.40599989891052246
79.96799993515015,80.35899996757507,0.39100003242492676
80.0,80.50600004196167,0.5060000419616699
80.00500011444092,80.35899996757507,0.3539998531341553
80.0090000629425,80.36500000953674,0.3559999465942383
80.01800012588501,80.36400008201599,0.34599995613098145
80.05100011825562,80.50600004196167,0.4549999237060547
80.05599999427795,80.35899996757507,0.30299997329711914
80.05900001525879,80.50699996948242,0.4479999542236328
80.06700015068054,80.36400008201599,0.2969999313354492
80.1010000705719,80.50600004196167,0.4049999713897705
80.10500001907349,80.50600004196167,0.4010000228881836
80.10899996757507,80.50699996948242,0.39800000190734863
80.11700010299683,80.53500008583069,0.4179999828338623
80.15000009536743,80.50600004196167,0.3559999465942383
80.15499997138977,80.50600004196167,0.3510000705718994
80.15900015830994,80.50600004196167,0.3469998836517334
80.16799998283386,80.53500008583069,0.36700010299682617
80.20000004768372,80.53500008583069,0.33500003814697266
80.20499992370605,80.79299998283386,0.5880000591278076
80.20900011062622,80.50600004196167,0.2969999313354492
80.21799993515015,80.79299998283386,0.5750000476837158
80.25,80.53500008583069,0.2850000858306885
80.25600004196167,80.79299998283386,0.5369999408721924
80.2590000629425,80.53500008583069,0.2760000228881836
80.26800012588501,80.79299998283386,0.5249998569488525
80.30100011825562,80.53500008583069,0.23399996757507324
80.3050000667572,80.79299998283386,0.48799991607666016
80.30900001525879,80.7940001487732,0.4850001335144043
80.3180000782013,80.79299998283386,0.47499990463256836
80.3510000705719,80.8140001296997,0.4630000591278076
80.35500001907349,80.79299998283386,0.437999963760376
80.35899996757507,80.7940001487732,0.4350001811981201
80.36700010299683,80.8140001296997,0.44700002670288086
80.40000009536743,80.87899994850159,0.4789998531341553
80.4060001373291,80.79299998283386,0.38699984550476074
80.40900015830994,80.8140001296997,0.4049999713897705
80.41799998283386,80.8140001296997,0.3960001468658447
80.45099997520447,80.87899994850159,0.42799997329711914
80.45499992370605,80.79200005531311,0.33700013160705566
80.45900011062622,80.88000011444092,0.42100000381469727
80.46799993515015,80.8140001296997,0.34600019454956055
80.50099992752075,80.87899994850159,0.37800002098083496
80.50500011444092,80.79200005531311,0.2869999408721924
80.5090000629425,80.88000011444092,0.3710000514984131
80.51699995994568,80.8140001296997,0.2970001697540283
80.54999995231628,80.87899994850159,0.32899999618530273
80.5550000667572,80.87899994850159,0.32399988174438477
80.55900001525879,80.88000011444092,0.3210000991821289
80.56700015068054,81.20000004768372,0.6329998970031738
80.60000014305115,80.87899994850159,0.27899980545043945
80.60599994659424,80.87899994850159,0.27300000190734863
80.60899996757507,80.87899994850159,0.26999998092651367
80.61700010299683,81.20000004768372,0.5829999446868896
80.65000009536743,81.20000004768372,0.5499999523162842
80.65499997138977,81.35700011253357,0.7020001411437988
80.65900015830994,81.20000004768372,0.5409998893737793
80.66799998283386,81.35599994659424,0.687999963760376
80.70099997520447,81.20000004768372,0.49900007247924805
80.70499992370605,81.35700011253357,0.6520001888275146
80.70900011062622,81.20000004768372,0.4909999370574951
80.71799993515015,81.35599994659424,0.6380000114440918
80.75,81.20000004768372,0.4500000476837158
80.75600004196167,81.35700011253357,0.6010000705718994
80.7590000629425,81.35700011253357,0.5980000495910645
80.76800012588501,81.35599994659424,0.5879998207092285
80.79999995231628,81.39800000190735,0.5980000495910645
80.8050000667572,81.35599994659424,0.5509998798370361
80.80900001525879,81.35700011253357,0.5480000972747803
80.81700015068054,81.39800000190735,0.5809998512268066
80.85000014305115,81.39800000190735,0.5479998588562012
80.85500001907349,81.35700011253357,0.502000093460083
80.85899996757507,81.39800000190735,0.5390000343322754
80.86800003051758,81.39800000190735,0.5299999713897705
80.90000009536743,81.3989999294281,0.49899983406066895
80.90499997138977,81.35599994659424,0.4509999752044678
80.90900015830994,81.39800000190735,0.4889998435974121
80.91799998283386,81.39800000190735,0.48000001907348633
80.95099997520447,81.3989999294281,0.4479999542236328
80.95499992370605,81.35599994659424,0.4010000228881836
80.95900011062622,81.3989999294281,0.4399998188018799
80.96799993515015,81.39800000190735,0.43000006675720215
81.0,81.39800000190735,0.39800000190734863
81.00500011444092,81.3989999294281,0.3939998149871826
81.0090000629425,81.3989999294281,0.3899998664855957
81.01699995994568,81.46399998664856,0.44700002670288086
81.04999995231628,81.3989999294281,0.3489999771118164
81.0550000667572,81.3989999294281,0.34399986267089844
81.05900001525879,81.3989999294281,0.3399999141693115
81.0680000782013,81.46399998664856,0.3959999084472656
81.1010000705719,81.46399998664856,0.36299991607666016
81.10599994659424,81.61500000953674,0.5090000629425049
81.10899996757507,81.46399998664856,0.35500001907348633
81.11800003051758,81.61500000953674,0.49699997901916504
81.15000009536743,81.6159999370575,0.4659998416900635
81.15499997138977,81.61500000953674,0.46000003814697266
81.15900015830994,81.61500000953674,0.45599985122680664
81.16799998283386,81.61500000953674,0.44700002670288086
81.20000004768372,81.6159999370575,0.4159998893737793
81.20499992370605,81.61500000953674,0.4100000858306885
81.20900011062622,81.625,0.4159998893737793
81.2170000076294,81.61500000953674,0.39800000190734863
81.25,81.625,0.375
81.25500011444092,81.61500000953674,0.3599998950958252
81.25800013542175,81.625,0.36699986457824707
81.26800012588501,81.625,0.35699987411499023
81.30100011825562,81.89100003242493,0.5899999141693115
81.3050000667572,81.89100003242493,0.5859999656677246
81.30900001525879,81.89100003242493,0.5820000171661377
81.3180000782013,81.625,0.30699992179870605
81.35000014305115,81.89000010490417,0.5399999618530273
81.35599994659424,81.89100003242493,0.5350000858306885
81.35899996757507,81.89100003242493,0.5320000648498535
81.36800003051758,81.98399996757507,0.6159999370574951
81.40000009536743,81.89000010490417,0.49000000953674316
81.40499997138977,81.89100003242493,0.48600006103515625
81.40900015830994,81.89100003242493,0.48199987411499023
81.41700005531311,81.98399996757507,0.5669999122619629
81.45099997520447,81.89000010490417,0.43900012969970703
81.45499992370605,81.89100003242493,0.43600010871887207
81.45900011062622,81.89100003242493,0.43199992179870605
81.4670000076294,81.98399996757507,0.5169999599456787
81.50099992752075,81.89100003242493,0.3900001049041748
81.50600004196167,81.89100003242493,0.38499999046325684
81.5090000629425,81.89100003242493,0.3819999694824219
81.51800012588501,81.98399996757507,0.4659998416900635
81.54999995231628,82.16300010681152,0.6130001544952393
81.5550000667572,81.98399996757507,0.4289999008178711
81.55900001525879,81.89100003242493,0.3320000171661377
81.5680000782013,81.98399996757507,0.4159998893737793
81.60000014305115,82.16300010681152,0.562999963760376
81.60500001907349,81.98399996757507,0.3789999485015869
81.60800004005432,81.98399996757507,0.37599992752075195
81.61700010299683,81.98399996757507,0.36699986457824707
81.65000009536743,82.16400003433228,0.5139999389648438
81.65499997138977,81.98399996757507,0.32899999618530273
81.65900015830994,82.16400003433228,0.5049998760223389
81.66700005531311,82.16300010681152,0.4960000514984131
81.70099997520447,82.16400003433228,0.4630000591278076
81.70499992370605,82.16300010681152,0.45800018310546875
81.70900011062622,82.16400003433228,0.4549999237060547
81.7170000076294,82.16400003433228,0.44700002670288086
81.75099992752075,82.16400003433228,0.41300010681152344
81.75500011444092,82.16300010681152,0.40799999237060547
81.7590000629425,82.16400003433228,0.4049999713897705
81.76800012588501,82.16400003433228,0.3959999084472656
81.79999995231628,82.16400003433228,0.3640000820159912
81.8050000667572,82.23000001907349,0.4249999523162842
81.80900001525879,82.16400003433228,0.35500001907348633
81.8180000782013,82.54900002479553,0.7309999465942383
81.85000014305115,82.23000001907349,0.37999987602233887
81.85500001907349,82.54900002479553,0.6940000057220459
81.85899996757507,82.23000001907349,0.3710000514984131
81.86700010299683,82.54900002479553,0.681999921798706
81.90100002288818,82.54900002479553,0.6480000019073486
81.90499997138977,82.54900002479553,0.6440000534057617
81.90900015830994,82.23000001907349,0.3209998607635498
81.91700005531311,82.54900002479553,0.6319999694824219
81.95000004768372,82.54900002479553,0.5989999771118164
81.95499992370605,82.54900002479553,0.5940001010894775
81.95900011062622,82.54999995231628,0.5909998416900635
81.9670000076294,82.54900002479553,0.5820000171661377
82.0,82.58500003814697,0.5850000381469727
82.00500011444092,82.54900002479553,0.5439999103546143
82.0090000629425,82.54999995231628,0.5409998893737793
82.01800012588501,82.54999995231628,0.5319998264312744
82.05100011825562,82.58500003814697,0.5339999198913574
82.0550000667572,82.54999995231628,0.49499988555908203
82.05900001525879,82.58500003814697,0.5260000228881836
82.0680000782013,82.54999995231628,0.48199987411499023
82.10000014305115,82.58500003814697,0.4849998950958252
82.10500001907349,82.54999995231628,0.44499993324279785
82.10899996757507,82.58500003814697,0.4760000705718994
82.11800003051758,82.58599996566772,0.4679999351501465
82.15000009536743,82.58500003814697,0.434999942779541
82.15499997138977,82.6029999256134,0.4479999542236328
82.15900015830994,82.58500003814697,0.42599987983703613
82.16700005531311,82.91700005531311,0.75
82.20000004768372,82.58500003814697,0.38499999046325684
82.20499992370605,82.6029999256134,0.39800000190734863
82.20900011062622,82.58500003814697,0.37599992752075195
82.21799993515015,82.91700005531311,0.6990001201629639
82.25099992752075,82.58500003814697,0.3340001106262207
82.25500011444092,82.91600012779236,0.6610000133514404
82.2590000629425,82.58500003814697,0.3259999752044678
82.26800012588501,82.91700005531311,0.6489999294281006
82.29999995231628,82.6029999256134,0.30299997329711914
82.3050000667572,82.91600012779236,0.6110000610351562
82.30900001525879,82.6029999256134,0.29399991035461426
82.3180000782013,82.91700005531311,0.5989999771118164
82.35000014305115,82.91700005531311,0.5669999122619629
82.35500001907349,82.91600012779236,0.5610001087188721
82.35899996757507,82.91700005531311,0.5580000877380371
82.36700010299683,82.91700005531311,0.5499999523162842
82.40000009536743,82.94600009918213,0.5460000038146973
82.40499997138977,82.91600012779236,0.5110001564025879
82.40900015830994,82.91700005531311,0.5079998970031738
82.41700005531311,82.91700005531311,0.5
82.45099997520447,82.94600009918213,0.49500012397766113
82.45499992370605,82.91600012779236,0.4610002040863037
82.45900011062622,82.91700005531311,0.45799994468688965
82.46799993515015,82.91700005531311,0.44900012016296387
82.5,82.94600009918213,0.4460000991821289
82.50500011444092,82.94600009918213,0.44099998474121094
82.5090000629425,82.94600009918213,0.437000036239624
82.51800012588501,82.91700005531311,0.3989999294281006
82.54999995231628,82.94600009918213,0.3960001468658447
82.5550000667572,82.94600009918213,0.39100003242492676
82.55900001525879,82.94600009918213,0.38700008392333984
82.5680000782013,82.97000002861023,0.40199995040893555
82.60000014305115,82.94600009918213,0.34599995613098145
82.60500001907349,83.33899998664856,0.7339999675750732
82.60899996757507,82.94600009918213,0.33700013160705566
82.61800003051758,83.33899998664856,0.7209999561309814
82.65000009536743,82.97000002861023,0.31999993324279785
82.65499997138977,83.33899998664856,0.6840000152587891
82.65900015830994,82.97000002861023,0.31099987030029297
82.66700005531311,83.33899998664856,0.6719999313354492
82.70099997520447,83.33800005912781,0.6370000839233398
82.70499992370605,83.33800005912781,0.6330001354217529
82.70900011062622,83.33899998664856,0.6299998760223389
82.71799993515015,83.33899998664856,0.6210000514984131
82.75099992752075,83.36800003051758,0.6170001029968262
82.75500011444092,83.33800005912781,0.5829999446868896
82.7590000629425,83.33899998664856,0.5799999237060547
82.76800012588501,83.33899998664856,0.5709998607635498
82.79999995231628,83.36800003051758,0.568000078201294
82.8050000667572,83.33800005912781,0.5329999923706055
82.80900001525879,83.33899998664856,0.5299999713897705
82.8180000782013,83.33899998664856,0.5209999084472656
82.85000014305115,83.36800003051758,0.5179998874664307
82.85500001907349,83.33800005912781,0.4830000400543213
82.85899996757507,83.36800003051758,0.5090000629425049
82.86700010299683,83.33899998664856,0.4719998836517334
82.90100002288818,83.36800003051758,0.46700000762939453
82.90499997138977,83.33899998664856,0.43400001525878906
82.90900015830994,83.36800003051758,0.4589998722076416
82.91700005531311,83.36800003051758,0.4509999752044678
82.95000004768372,83.36800003051758,0.4179999828338623
82.95499992370605,83.3989999294281,0.4440000057220459
82.95900011062622,83.36700010299683,0.40799999237060547
82.96799993515015,83.36800003051758,0.40000009536743164
83.00099992752075,83.36800003051758,0.36700010299682617
83.00500011444092,83.3989999294281,0.3939998149871826
83.0090000629425,83.36700010299683,0.3580000400543213
83.01800012588501,83.76100015640259,0.7430000305175781
83.04999995231628,83.3989999294281,0.3489999771118164
83.0550000667572,83.76100015640259,0.7060000896453857
83.05900001525879,83.3989999294281,0.3399999141693115
83.0680000782013,83.76100015640259,0.693000078201294
83.10000014305115,83.76100015640259,0.6610000133514404
83.10500001907349,83.76100015640259,0.6560001373291016
83.10899996757507,83.76200008392334,0.6530001163482666
83.11700010299683,83.76100015640259,0.6440000534057617
83.15000009536743,83.76100015640259,0.6110000610351562
83.15499997138977,83.76100015640259,0.6060001850128174
83.15900015830994,83.76200008392334,0.6029999256134033
83.16700005531311,83.76100015640259,0.5940001010894775
83.20099997520447,83.76200008392334,0.5610001087188721
83.20499992370605,83.76100015640259,0.5560002326965332
83.20900011062622,83.76200008392334,0.5529999732971191
83.21799993515015,83.76100015640259,0.5430002212524414
83.25,83.87199997901917,0.621999979019165
83.25500011444092,83.76100015640259,0.5060000419616699
83.2590000629425,83.8730001449585,0.6140000820159912
83.26800012588501,83.76200008392334,0.4939999580383301
83.29999995231628,83.87199997901917,0.5720000267028809
83.3050000667572,83.76100015640259,0.45600008964538574
83.30900001525879,83.8730001449585,0.564000129699707
83.3180000782013,83.76200008392334,0.4440000057220459
83.35000014305115,83.87199997901917,0.5219998359680176
83.35500001907349,83.8730001449585,0.5180001258850098
83.35800004005432,83.8730001449585,0.5150001049041748
83.36700010299683,83.8730001449585,0.5060000419616699
83.40100002288818,83.87199997901917,0.47099995613098145
83.4060001373291,83.8730001449585,0.46700000762939453
83.40900015830994,83.8730001449585,0.46399998664855957
83.41700005531311,83.8730001449585,0.45600008964538574
83.45099997520447,83.87400007247925,0.4230000972747803
83.45499992370605,83.8730001449585,0.4180002212524414
83.45900011062622,83.8730001449585,0.4140000343322754
83.46799993515015,83.98699998855591,0.5190000534057617
83.5,83.87400007247925,0.37400007247924805
83.50500011444092,83.98699998855591,0.48199987411499023
83.5090000629425,83.8730001449585,0.3640000820159912
83.51800012588501,83.98699998855591,0.46899986267089844
83.54999995231628,84.00800013542175,0.45800018310546875
83.5550000667572,83.98600006103516,0.4309999942779541
83.55900001525879,83.98699998855591,0.42799997329711914
83.56700015068054,83.98699998855591,0.4199998378753662
83.60000014305115,84.00800013542175,0.40799999237060547
83.60500001907349,83.98600006103516,0.3810000419616699
83.60899996757507,84.00800013542175,0.3990001678466797
83.61700010299683,84.00800013542175,0.39100003242492676
83.65100002288818,84.00800013542175,0.35700011253356934
83.65499997138977,83.98600006103516,0.33100008964538574
83.65900015830994,84.00800013542175,0.3489999771118164
83.66799998283386,84.00800013542175,0.3400001525878906
83.70099997520447,84.05400013923645,0.3530001640319824
83.70600008964539,83.98600006103516,0.2799999713897705
83.70799994468689,84.05400013923645,0.34600019454956055
83.71799993515015,84.05400013923645,0.3360002040863037
83.75,84.05400013923645,0.3040001392364502
83.75600004196167,84.12800002098083,0.37199997901916504
83.7590000629425,84.05400013923645,0.2950000762939453
83.76699995994568,84.05400013923645,0.2870001792907715
83.79999995231628,84.12800002098083,0.3280000686645508
83.80599999427795,84.12800002098083,0.32200002670288086
83.80900001525879,84.05400013923645,0.24500012397766113
83.8180000782013,84.30200004577637,0.48399996757507324
83.85000014305115,84.12800002098083,0.2779998779296875
83.85500001907349,84.30100011825562,0.4460000991821289
83.85899996757507,84.12800002098083,0.2690000534057617
83.86800003051758,84.30200004577637,0.43400001525878906
83.90000009536743,84.30200004577637,0.40199995040893555
83.90499997138977,84.30100011825562,0.3960001468658447
83.90900015830994,84.32299995422363,0.4139997959136963
83.91799998283386,84.30100011825562,0.38300013542175293
83.95099997520447,84.48399996757507,0.5329999923706055
83.95499992370605,84.30100011825562,0.34600019454956055
83.95900011062622,84.4850001335144,0.5260000228881836
83.96799993515015,84.32299995422363,0.35500001907348633
84.0,84.48399996757507,0.48399996757507324
84.00500011444092,84.30100011825562,0.29600000381469727
84.0090000629425,84.4850001335144,0.4760000705718994
84.01699995994568,84.32299995422363,0.3059999942779541
84.04999995231628,84.48399996757507,0.43400001525878906
84.0550000667572,84.32299995422363,0.26799988746643066
84.05900001525879,84.48399996757507,0.4249999523162842
84.0680000782013,84.48399996757507,0.4159998893737793
84.10000014305115,84.48399996757507,0.3839998245239258
84.10500001907349,84.32299995422363,0.21799993515014648
84.10899996757507,84.48399996757507,0.375
84.11800003051758,84.48399996757507,0.3659999370574951
84.15100002288818,84.48399996757507,0.33299994468688965
84.15499997138977,84.58400011062622,0.4290001392364502
84.15900015830994,84.48399996757507,0.3249998092651367
84.16700005531311,84.58400011062622,0.41700005531311035
84.20099997520447,84.48399996757507,0.28299999237060547
84.20499992370605,84.58400011062622,0.379000186920166
84.20799994468689,84.48399996757507,0.2760000228881836
84.2170000076294,84.58400011062622,0.36700010299682617
84.25,84.58400011062622,0.3340001106262207
84.25500011444092,84.58299994468689,0.3279998302459717
84.2590000629425,84.7260000705719,0.46700000762939453
84.26800012588501,84.7260000705719,0.45799994468688965
84.29999995231628,84.58400011062622,0.2840001583099365
84.30599999427795,84.7260000705719,0.4200000762939453
84.30900001525879,84.91000008583069,0.6010000705718994
84.3180000782013,84.7260000705719,0.40799999237060547
84.3510000705719,84.91000008583069,0.5590000152587891
84.35500001907349,84.7260000705719,0.3710000514984131
84.35899996757507,84.91000008583069,0.5510001182556152
84.36800003051758,84.91000008583069,0.5420000553131104
84.40100002288818,84.91100001335144,0.5099999904632568
84.40499997138977,84.7260000705719,0.3210000991821289
84.40900015830994,84.91000008583069,0.500999927520752
84.41799998283386,84.91000008583069,0.49200010299682617
84.45000004768372,84.91100001335144,0.4609999656677246
84.45499992370605,84.7260000705719,0.2710001468658447
84.45900011062622,84.91000008583069,0.4509999752044678
84.4670000076294,84.90900015830994,0.442000150680542
84.5,84.91100001335144,0.41100001335144043
84.50500011444092,84.91100001335144,0.40599989891052246
84.5090000629425,84.91000008583069,0.4010000228881836
84.51800012588501,84.9760000705719,0.45799994468688965
84.55100011825562,84.91100001335144,0.3599998950958252
84.5550000667572,84.91000008583069,0.35500001907348633
84.55900001525879,84.91000008583069,0.3510000705718994
84.5680000782013,84.9760000705719,0.40799999237060547
84.6010000705719,84.9760000705719,0.375
84.60500001907349,85.13100004196167,0.5260000228881836
84.60899996757507,84.9760000705719,0.36700010299682617
84.61800003051758,85.13199996948242,0.5139999389648438
84.65000009536743,85.13100004196167,0.4809999465942383
84.65499997138977,85.13100004196167,0.4760000705718994
84.65900015830994,85.26900005340576,0.6099998950958252
84.66700005531311,85.13199996948242,0.4649999141693115
84.70000004768372,85.13100004196167,0.4309999942779541
84.70499992370605,85.13100004196167,0.42600011825561523
84.70799994468689,85.26900005340576,0.5610001087188721
84.71799993515015,85.26800012588501,0.5500001907348633
84.75,85.26999998092651,0.5199999809265137
84.75500011444092,85.13100004196167,0.37599992752075195
84.7590000629425,85.26900005340576,0.5099999904632568
84.76800012588501,85.26800012588501,0.5
84.80100011825562,85.26999998092651,0.46899986267089844
84.8050000667572,85.13100004196167,0.3259999752044678
84.80900001525879,85.26900005340576,0.46000003814697266
84.8180000782013,85.26800012588501,0.4500000476837158
84.85000014305115,85.26900005340576,0.41899991035461426
84.85500001907349,85.26900005340576,0.4140000343322754
84.85899996757507,85.26900005340576,0.4100000858306885
84.86700010299683,85.56100010871887,0.6940000057220459
84.90000009536743,85.26900005340576,0.3689999580383301
84.9060001373291,85.26900005340576,0.36299991607666016
84.90900015830994,85.26900005340576,0.3599998950958252
84.91700005531311,85.56100010871887,0.6440000534057617
84.95099997520447,85.56100010871887,0.6100001335144043
84.95499992370605,85.26999998092651,0.315000057220459
84.95900011062622,85.26900005340576,0.309999942779541
84.96799993515015,85.58599996566772,0.6180000305175781
85.00099992752075,85.56200003623962,0.5610001087188721
85.00500011444092,85.58700013160706,0.5820000171661377
85.0090000629425,85.26900005340576,0.25999999046325684
85.01800012588501,85.58599996566772,0.5679998397827148
85.04999995231628,85.56100010871887,0.5110001564025879
85.0550000667572,85.58700013160706,0.5320000648498535
85.05900001525879,85.56200003623962,0.503000020980835
85.0680000782013,85.58599996566772,0.5179998874664307
85.10000014305115,85.58700013160706,0.4869999885559082
85.10599994659424,85.58700013160706,0.4810001850128174
85.10899996757507,85.58700013160706,0.4780001640319824
85.11700010299683,85.58599996566772,0.46899986267089844
85.15100002288818,85.58700013160706,0.43600010871887207
85.15499997138977,85.58700013160706,0.43200016021728516
85.15900015830994,85.61100006103516,0.4519999027252197
85.16700005531311,85.58700013160706,0.4200000762939453
85.20000004768372,85.58700013160706,0.38700008392333984
85.20499992370605,85.58700013160706,0.382000207901001
85.20900011062622,85.6100001335144,0.4010000228881836
85.21799993515015,85.58800005912781,0.37000012397766113
85.25,85.6100001335144,0.3600001335144043
85.25500011444092,85.58700013160706,0.3320000171661377
85.2590000629425,85.6100001335144,0.3510000705718994
85.26800012588501,85.58700013160706,0.3190000057220459
85.29999995231628,85.6100001335144,0.3100001811981201
85.3050000667572,85.6100001335144,0.30500006675720215
85.30900001525879,85.6100001335144,0.30100011825561523
85.3180000782013,85.76699995994568,0.44899988174438477
85.3510000705719,85.6100001335144,0.2590000629425049
85.35599994659424,85.6100001335144,0.254000186920166
85.35899996757507,85.6100001335144,0.25100016593933105
85.36700010299683,85.76699995994568,0.39999985694885254
85.40000009536743,85.76800012588501,0.3680000305175781
85.40499997138977,85.76699995994568,0.3619999885559082
85.4079999923706,85.76800012588501,0.3600001335144043
85.41799998283386,86.01200008392334,0.5940001010894775
85.45000004768372,85.76800012588501,0.31800007820129395
85.45499992370605,85.76699995994568,0.312000036239624
85.45900011062622,85.76800012588501,0.30900001525878906
85.46799993515015,86.01200008392334,0.5440001487731934
85.5,86.11300015449524,0.6130001544952393
85.50600004196167,86.01100015640259,0.505000114440918
85.5090000629425,86.01200008392334,0.503000020980835
85.51699995994568,86.01200008392334,0.49500012397766113
85.55100011825562,86.11300015449524,0.562000036239624
85.5550000667572,86.01100015640259,0.45600008964538574
85.55900001525879,86.01200008392334,0.4530000686645508
85.56700015068054,86.01200008392334,0.44499993324279785
85.6010000705719,86.11300015449524,0.5120000839233398
85.60500001907349,86.01100015640259,0.40600013732910156
85.60800004005432,86.11300015449524,0.505000114440918
85.61800003051758,86.11300015449524,0.49500012397766113
85.65000009536743,86.11300015449524,0.4630000591278076
85.65499997138977,86.01100015640259,0.3560001850128174
85.65900015830994,86.11400008201599,0.4549999237060547
85.66799998283386,86.11300015449524,0.44500017166137695
85.70099997520447,86.11300015449524,0.4120001792907715
85.70499992370605,86.01100015640259,0.3060002326965332
85.70900011062622,86.11400008201599,0.4049999713897705
85.71799993515015,86.11400008201599,0.3960001468658447
85.75,86.11300015449524,0.36300015449523926
85.75500011444092,86.19700002670288,0.4419999122619629
85.7590000629425,86.11400008201599,0.35500001907348633
85.76699995994568,86.50999999046326,0.7430000305175781
85.79999995231628,86.19700002670288,0.3970000743865967
85.8050000667572,86.19700002670288,0.3919999599456787
85.80900001525879,86.19700002670288,0.3880000114440918
85.81700015068054,86.50999999046326,0.6929998397827148
85.85000014305115,86.19700002670288,0.3469998836517334
85.85500001907349,86.50999999046326,0.6549999713897705
85.85899996757507,86.51100015640259,0.6520001888275146
85.86800003051758,86.50999999046326,0.6419999599456787
85.90000009536743,86.19700002670288,0.2969999313354492
85.90499997138977,86.50999999046326,0.6050000190734863
85.90900015830994,86.51100015640259,0.6019999980926514
85.91799998283386,86.50999999046326,0.5920000076293945
85.95099997520447,86.51100015640259,0.5600001811981201
85.95600008964539,86.50999999046326,0.5539999008178711
85.95900011062622,86.51100015640259,0.5520000457763672
85.96799993515015,86.50999999046326,0.5420000553131104
86.00099992752075,86.55900001525879,0.5580000877380371
86.00500011444092,86.50999999046326,0.5049998760223389
86.0090000629425,86.55999994277954,0.5509998798370361
86.01699995994568,86.51100015640259,0.4940001964569092
86.04999995231628,86.55900001525879,0.5090000629425049
86.0550000667572,86.50999999046326,0.4549999237060547
86.05900001525879,86.55999994277954,0.500999927520752
86.0680000782013,86.51100015640259,0.44300007820129395
86.10000014305115,86.55900001525879,0.4589998722076416
86.10500001907349,86.75800013542175,0.6530001163482666
86.10800004005432,86.55900001525879,0.4509999752044678
86.11800003051758,86.55900001525879,0.44099998474121094
86.15000009536743,86.55900001525879,0.4089999198913574
86.15499997138977,86.7590000629425,0.6040000915527344
86.15900015830994,86.55900001525879,0.39999985694885254
86.16799998283386,86.7590000629425,0.5910000801086426
86.20099997520447,86.7590000629425,0.5580000877380371
86.20499992370605,86.75800013542175,0.5530002117156982
86.20900011062622,86.55900001525879,0.34999990463256836
86.2170000076294,86.7590000629425,0.5420000553131104
86.25099992752075,86.7590000629425,0.5080001354217529
86.25500011444092,86.75800013542175,0.503000020980835
86.25800013542175,86.55900001525879,0.30099987983703613
86.26800012588501,86.7739999294281,0.5059998035430908
86.29999995231628,86.7590000629425,0.4590001106262207
86.3050000667572,86.77300000190735,0.4679999351501465
86.30900001525879,86.7739999294281,0.4649999141693115
86.3180000782013,86.77300000190735,0.4549999237060547
86.35000014305115,86.91799998283386,0.5679998397827148
86.35500001907349,86.77300000190735,0.4179999828338623
86.35899996757507,86.91799998283386,0.5590000152587891
86.36700010299683,86.77300000190735,0.40599989891052246
86.40100002288818,86.91799998283386,0.5169999599456787
86.4060001373291,86.77300000190735,0.36699986457824707
86.40900015830994,86.91799998283386,0.5089998245239258
86.41799998283386,86.77300000190735,0.35500001907348633
86.45000004768372,86.99600005149841,0.5460000038146973
86.45499992370605,86.77300000190735,0.31800007820129395
86.45799994468689,86.99699997901917,0.5390000343322754
86.46799993515015,86.91799998283386,0.4500000476837158
86.5,86.99600005149841,0.4960000514984131
86.50500011444092,86.99699997901917,0.49199986457824707
86.5090000629425,86.99699997901917,0.48799991607666016
86.51800012588501,87.02800011634827,0.5099999904632568
86.55100011825562,87.02900004386902,0.4779999256134033
86.5550000667572,87.02800011634827,0.47300004959106445
86.55900001525879,87.02900004386902,0.4700000286102295
86.56700015068054,87.02800011634827,0.4609999656677246
86.60000014305115,87.02900004386902,0.4289999008178711
86.60599994659424,87.02800011634827,0.4220001697540283
86.60899996757507,87.02900004386902,0.4200000762939453
86.61800003051758,87.15499997138977,0.5369999408721924
86.65000009536743,87.02900004386902,0.3789999485015869
86.65499997138977,87.15499997138977,0.5
86.65900015830994,87.02900004386902,0.36999988555908203
86.66799998283386,87.15499997138977,0.4869999885559082
86.70000004768372,87.02800011634827,0.3280000686645508
86.70499992370605,87.15499997138977,0.4500000476837158
86.70900011062622,87.15499997138977,0.4459998607635498
86.71799993515015,87.15499997138977,0.437000036239624
86.75099992752075,87.02800011634827,0.27700018882751465
86.75500011444092,87.15499997138977,0.39999985694885254
86.7590000629425,87.15499997138977,0.3959999084472656
86.76800012588501,87.15499997138977,0.38699984550476074
86.79999995231628,87.1560001373291,0.3560001850128174
86.80599999427795,87.15499997138977,0.3489999771118164
86.80900001525879,87.1560001373291,0.3470001220703125
86.81700015068054,87.15499997138977,0.3379998207092285
86.85000014305115,87.26800012588501,0.4179999828338623
86.85500001907349,87.15499997138977,0.2999999523162842
86.85899996757507,87.26800012588501,0.4090001583099365
86.86700010299683,87.15499997138977,0.28799986839294434
86.90100002288818,87.26800012588501,0.36700010299682617
86.90499997138977,87.15499997138977,0.25
86.90900015830994,87.26800012588501,0.35899996757507324
86.91799998283386,87.36100006103516,0.44300007820129395
86.95000004768372,87.26800012588501,0.31800007820129395
86.95499992370605,87.26800012588501,0.3130002021789551
86.95900011062622,87.26800012588501,0.30900001525878906
86.9670000076294,87.3600001335144,0.39300012588500977
87.0,87.36100006103516,0.36100006103515625
87.00500011444092,87.51800012588501,0.5130000114440918
87.00800013542175,87.26800012588501,0.25999999046325684
87.01800012588501,87.51800012588501,0.5
87.05100011825562,87.36100006103516,0.309999942779541
87.05599999427795,87.51800012588501,0.46200013160705566
87.05900001525879,87.36100006103516,0.3020000457763672
87.0680000782013,87.51800012588501,0.4500000476837158
87.1010000705719,87.36100006103516,0.25999999046325684
87.10500001907349,87.51699995994568,0.4119999408721924
87.10899996757507,87.51800012588501,0.4090001583099365
87.11800003051758,87.51800012588501,0.40000009536743164
87.15000009536743,87.55200004577637,0.40199995040893555
87.15499997138977,87.51699995994568,0.3619999885559082
87.1579999923706,87.55200004577637,0.3940000534057617
87.16700005531311,87.51800012588501,0.3510000705718994
87.20000004768372,87.6690001487732,0.46900010108947754
87.20600008964539,87.51699995994568,0.31099987030029297
87.20900011062622,87.55200004577637,0.3429999351501465
87.2170000076294,87.51800012588501,0.30100011825561523
87.25099992752075,87.6690001487732,0.4180002212524414
87.25500011444092,87.51699995994568,0.26199984550476074
87.2590000629425,87.55100011825562,0.29200005531311035
87.26699995994568,87.55100011825562,0.2840001583099365
87.29999995231628,87.6690001487732,0.3690001964569092
87.3050000667572,87.6690001487732,0.3640000820159912
87.30900001525879,87.67000007629395,0.36100006103515625
87.3180000782013,87.80599999427795,0.48799991607666016
87.35000014305115,87.6690001487732,0.3190000057220459
87.35500001907349,87.6690001487732,0.31400012969970703
87.35899996757507,87.67000007629395,0.31100010871887207
87.36800003051758,87.80599999427795,0.437999963760376
87.40000009536743,87.6690001487732,0.2690000534057617
87.4060001373291,87.80599999427795,0.39999985694885254
87.40900015830994,87.6690001487732,0.25999999046325684
87.41799998283386,87.80599999427795,0.3880000114440918
87.45099997520447,87.80700016021729,0.3560001850128174
87.45499992370605,87.9190001487732,0.46400022506713867
87.45900011062622,87.6690001487732,0.21000003814697266
87.4670000076294,87.9190001487732,0.45200014114379883
87.5,87.80700016021729,0.30700016021728516
87.50500011444092,87.9190001487732,0.4140000343322754
87.5090000629425,87.9190001487732,0.4100000858306885
87.51800012588501,87.9190001487732,0.4010000228881836
87.54999995231628,87.80700016021729,0.257000207901001
87.5550000667572,87.9190001487732,0.3640000820159912
87.55900001525879,87.9190001487732,0.3600001335144043
87.56700015068054,87.9190001487732,0.35199999809265137
87.60000014305115,87.96900010108948,0.3689999580383301
87.60599994659424,87.9190001487732,0.3130002021789551
87.60899996757507,87.9190001487732,0.3100001811981201
87.61800003051758,87.96900010108948,0.3510000705718994
87.65100002288818,88.10400009155273,0.4530000686645508
87.65499997138977,87.9190001487732,0.26400017738342285
87.65900015830994,87.96900010108948,0.309999942779541
87.66799998283386,87.96799993515015,0.2999999523162842
87.70000004768372,88.10400009155273,0.40400004386901855
87.70499992370605,87.9190001487732,0.21400022506713867
87.70900011062622,88.10400009155273,0.39499998092651367
87.7170000076294,88.14300012588501,0.42600011825561523
87.75,88.10400009155273,0.3540000915527344
87.75600004196167,88.10400009155273,0.34800004959106445
87.7590000629425,88.10400009155273,0.3450000286102295
87.76699995994568,88.14300012588501,0.37600016593933105
87.79999995231628,88.10400009155273,0.3040001392364502
87.8050000667572,88.14300012588501,0.3380000591278076
87.80900001525879,88.10400009155273,0.2950000762939453
87.8180000782013,88.14300012588501,0.3250000476837158
87.8510000705719,88.14300012588501,0.29200005531311035
87.85500001907349,88.14300012588501,0.28800010681152344
87.85899996757507,88.10400009155273,0.24500012397766113
87.86800003051758,88.14300012588501,0.27500009536743164
87.90100002288818,88.36899995803833,0.4679999351501465
87.90499997138977,88.35800004005432,0.4530000686645508
87.9079999923706,88.35899996757507,0.4509999752044678
87.9190001487732,88.35800004005432,0.43899989128112793
87.95000004768372,88.36899995803833,0.41899991035461426
87.95600008964539,88.35800004005432,0.40199995040893555
87.95900011062622,88.35800004005432,0.3989999294281006
87.96799993515015,88.35800004005432,0.3900001049041748
88.0,88.36899995803833,0.3689999580383301
88.00500011444092,88.35800004005432,0.3529999256134033
88.0090000629425,88.36899995803833,0.3599998950958252
88.01800012588501,88.35800004005432,0.3399999141693115
88.05100011825562,88.4779999256134,0.4269998073577881
88.0550000667572,88.35800004005432,0.30299997329711914
88.05900001525879,88.4779999256134,0.41899991035461426
88.0680000782013,88.36899995803833,0.30099987983703613
88.1010000705719,88.4779999256134,0.3769998550415039
88.10500001907349,88.4779999256134,0.372999906539917
88.10800004005432,88.4779999256134,0.36999988555908203
88.11800003051758,88.7279999256134,0.6099998950958252
88.15000009536743,88.4779999256134,0.3279998302459717
88.15499997138977,88.4779999256134,0.3229999542236328
88.15900015830994,88.4779999256134,0.3189997673034668
88.16700005531311,88.7279999256134,0.560999870300293
88.20000004768372,88.59400010108948,0.3940000534057617
88.20499992370605,88.59400010108948,0.38900017738342285
88.20900011062622,88.4779999256134,0.2689998149871826
88.21799993515015,88.7279999256134,0.5099999904632568
88.25,88.59400010108948,0.34400010108947754
88.25500011444092,88.7279999256134,0.47299981117248535
88.25800013542175,88.59400010108948,0.3359999656677246
88.26800012588501,88.7279999256134,0.45999979972839355
88.30100011825562,88.59400010108948,0.2929999828338623
88.3050000667572,88.7279999256134,0.42299985885620117
88.30900001525879,88.59400010108948,0.2850000858306885
88.3180000782013,88.72699999809265,0.4089999198913574
88.3510000705719,88.7350001335144,0.3840000629425049
88.35500001907349,88.7279999256134,0.372999906539917
88.35899996757507,88.7279999256134,0.3689999580383301
88.36700010299683,88.72699999809265,0.3599998950958252
88.40000009536743,88.93600010871887,0.5360000133514404
88.40499997138977,88.7279999256134,0.3229999542236328
88.4079999923706,88.7350001335144,0.32700014114379883
88.41799998283386,88.7350001335144,0.317000150680542
88.45000004768372,88.93600010871887,0.48600006103515625
88.45499992370605,88.93600010871887,0.4810001850128174
88.45900011062622,88.93600010871887,0.47699999809265137
88.46799993515015,88.7350001335144,0.2670001983642578
88.5,88.93499994277954,0.434999942779541
88.50500011444092,88.93600010871887,0.4309999942779541
88.5090000629425,88.93600010871887,0.4270000457763672
88.51800012588501,89.04200005531311,0.5239999294281006
88.55100011825562,88.94900012016296,0.39800000190734863
88.5550000667572,88.94900012016296,0.3940000534057617
88.55900001525879,88.93600010871887,0.377000093460083
88.56700015068054,89.04200005531311,0.47499990463256836
88.6010000705719,88.94900012016296,0.34800004959106445
88.60500001907349,88.94900012016296,0.34400010108947754
88.60899996757507,88.94900012016296,0.3400001525878906
88.61700010299683,89.04200005531311,0.4249999523162842
88.65000009536743,88.94900012016296,0.2990000247955322
88.65499997138977,89.04299998283386,0.3880000114440918
88.65900015830994,88.94900012016296,0.28999996185302734
88.66799998283386,89.04200005531311,0.37400007247924805
88.70000004768372,89.04299998283386,0.3429999351501465
88.70499992370605,89.04299998283386,0.3380000591278076
88.70799994468689,89.29299998283386,0.5850000381469727
88.71799993515015,89.04200005531311,0.32400012016296387
88.75099992752075,89.34800004959106,0.5970001220703125
88.75600004196167,89.04299998283386,0.2869999408721924
88.7590000629425,89.34800004959106,0.5889999866485596
88.76800012588501,89.04200005531311,0.2739999294281006
88.79999995231628,89.34800004959106,0.5480000972747803
88.8050000667572,89.29299998283386,0.48799991607666016
88.80900001525879,89.34800004959106,0.5390000343322754
88.81700015068054,89.29299998283386,0.4759998321533203
88.85000014305115,89.34800004959106,0.497999906539917
88.85500001907349,89.29299998283386,0.437999963760376
88.85899996757507,89.34800004959106,0.4890000820159912
88.86700010299683,89.34800004959106,0.4809999465942383
88.90100002288818,89.34800004959106,0.44700002670288086
88.9060001373291,89.38100004196167,0.47499990463256836
88.90900015830994,89.34800004959106,0.43899989128112793
88.91799998283386,89.34800004959106,0.43000006675720215
88.95099997520447,89.38100004196167,0.43000006675720215
88.95499992370605,89.38100004196167,0.42600011825561523
88.95900011062622,89.34800004959106,0.38899993896484375
88.96799993515015,89.49000000953674,0.5220000743865967
89.0,89.38100004196167,0.3810000419616699
89.00500011444092,89.49000000953674,0.4849998950958252
89.0090000629425,89.34800004959106,0.33899998664855957
89.01800012588501,89.49000000953674,0.4719998836517334
89.04999995231628,89.38100004196167,0.33100008964538574
89.0550000667572,89.49000000953674,0.434999942779541
89.05900001525879,89.38100004196167,0.32200002670288086
89.0680000782013,89.49000000953674,0.4219999313354492
89.10000014305115,89.64100003242493,0.5409998893737793
89.10500001907349,89.49000000953674,0.38499999046325684
89.10899996757507,89.49000000953674,0.3810000419616699
89.11700010299683,89.49000000953674,0.372999906539917
89.15100002288818,89.64100003242493,0.49000000953674316
89.15499997138977,89.48900008201599,0.3340001106262207
89.15900015830994,89.49000000953674,0.33099985122680664
89.16799998283386,89.49000000953674,0.32200002670288086
89.20000004768372,89.73699998855591,0.5369999408721924
89.20499992370605,89.48900008201599,0.2840001583099365
89.20799994468689,89.64100003242493,0.4330000877380371
89.21799993515015,89.49000000953674,0.2720000743865967
89.25,89.73699998855591,0.4869999885559082
89.25500011444092,89.73699998855591,0.48199987411499023
89.2590000629425,89.73699998855591,0.4779999256134033
89.26800012588501,89.64100003242493,0.372999906539917
89.29999995231628,89.92199993133545,0.621999979019165
89.3050000667572,89.73699998855591,0.43199992179870605
89.30900001525879,89.73699998855591,0.42799997329711914
89.31700015068054,89.9980001449585,0.6809999942779541
89.3510000705719,89.92199993133545,0.5709998607635498
89.35500001907349,89.92199993133545,0.5669999122619629
89.35899996757507,89.73699998855591,0.37800002098083496
89.36800003051758,89.9980001449585,0.630000114440918
89.40000009536743,89.92199993133545,0.5219998359680176
89.40499997138977,89.92199993133545,0.5169999599456787
89.40900015830994,89.92199993133545,0.5129997730255127
89.41799998283386,89.9980001449585,0.5800001621246338
89.45000004768372,89.92199993133545,0.4719998836517334
89.45499992370605,89.9980001449585,0.5430002212524414
89.45900011062622,89.9980001449585,0.5390000343322754
89.46799993515015,89.9980001449585,0.5300002098083496
89.5,89.92199993133545,0.4219999313354492
89.50500011444092,89.9980001449585,0.4930000305175781
89.5090000629425,89.9980001449585,0.4890000820159912
89.51699995994568,89.9980001449585,0.4810001850128174
89.55100011825562,89.99900007247925,0.4479999542236328
89.5550000667572,89.99699997901917,0.4419999122619629
89.55900001525879,89.9980001449585,0.43900012969970703
89.56700015068054,89.9980001449585,0.4309999942779541
89.60000014305115,89.99900007247925,0.3989999294281006
89.60599994659424,89.99699997901917,0.39100003242492676
89.60899996757507,89.99900007247925,0.3900001049041748
89.61800003051758,89.9980001449585,0.38000011444091797
89.65000009536743,90.27800011634827,0.628000020980835
89.65499997138977,89.99699997901917,0.34200000762939453
89.65900015830994,90.27900004386902,0.619999885559082
89.66799998283386,89.9980001449585,0.3300001621246338
89.70099997520447,90.27800011634827,0.5770001411437988
89.70499992370605,90.27800011634827,0.5730001926422119
89.70900011062622,90.27900004386902,0.5699999332427979
89.71799993515015,89.9980001449585,0.2800002098083496
89.75099992752075,90.27800011634827,0.5270001888275146
89.75500011444092,90.27800011634827,0.5230000019073486
89.7590000629425,90.27900004386902,0.5199999809265137
89.76699995994568,90.34599995613098,0.5789999961853027
89.79999995231628,90.27800011634827,0.4780001640319824
89.8050000667572,90.27900004386902,0.4739999771118164
89.80900001525879,90.27900004386902,0.4700000286102295
89.8180000782013,90.34599995613098,0.5279998779296875
89.85000014305115,90.27800011634827,0.42799997329711914
89.85500001907349,90.27900004386902,0.4240000247955322
89.85899996757507,90.27800011634827,0.41900014877319336
89.86800003051758,90.34599995613098,0.4779999256134033
89.90100002288818,90.27900004386902,0.37800002098083496
89.9060001373291,90.34599995613098,0.4399998188018799
89.90900015830994,90.27900004386902,0.36999988555908203
89.91799998283386,90.34599995613098,0.42799997329711914
89.95099997520447,90.34700012207031,0.3960001468658447
89.95499992370605,90.34599995613098,0.39100003242492676
89.95900011062622,90.34700012207031,0.3880000114440918
89.9670000076294,90.34700012207031,0.38000011444091797
90.0,90.68300008773804,0.6830000877380371
90.00500011444092,90.34599995613098,0.3409998416900635
90.0090000629425,90.68400001525879,0.6749999523162842
90.01800012588501,90.34700012207031,0.32899999618530273
90.04999995231628,90.68300008773804,0.6330001354217529
90.0550000667572,90.34700012207031,0.29200005531311035
90.05800008773804,90.68300008773804,0.625
90.0680000782013,90.34700012207031,0.27900004386901855
90.1010000705719,90.68300008773804,0.5820000171661377
90.10500001907349,90.34700012207031,0.24200010299682617
90.10899996757507,90.68300008773804,0.5740001201629639
90.11700010299683,90.34700012207031,0.23000001907348633
90.15000009536743,90.68300008773804,0.5329999923706055
90.15499997138977,90.68300008773804,0.5280001163482666
90.15900015830994,90.68300008773804,0.5239999294281006
90.16700005531311,90.68400001525879,0.5169999599456787
90.20000004768372,90.68400001525879,0.48399996757507324
90.20499992370605,90.68300008773804,0.4780001640319824
90.20900011062622,90.68300008773804,0.4739999771118164
90.2170000076294,91.03500008583069,0.818000078201294
90.25099992752075,90.68400001525879,0.4330000877380371
90.25500011444092,91.03400015830994,0.7790000438690186
90.2590000629425,90.68300008773804,0.4240000247955322
90.26800012588501,91.03500008583069,0.7669999599456787
90.29999995231628,90.68400001525879,0.3840000629425049
90.3050000667572,91.03400015830994,0.7290000915527344
90.30900001525879,90.68400001525879,0.375
90.3180000782013,91.03500008583069,0.7170000076293945
90.35000014305115,91.03500008583069,0.684999942779541
90.35599994659424,91.03400015830994,0.6780002117156982
90.35899996757507,91.03500008583069,0.6760001182556152
90.36800003051758,91.03500008583069,0.6670000553131104
90.40000009536743,91.03500008583069,0.6349999904632568
90.40499997138977,91.03400015830994,0.629000186920166
90.4079999923706,91.03500008583069,0.627000093460083
90.41799998283386,91.03400015830994,0.6160001754760742
90.45000004768372,91.03500008583069,0.5850000381469727
90.45499992370605,91.03400015830994,0.5790002346038818
90.45900011062622,91.03500008583069,0.5759999752044678
90.4670000076294,91.03400015830994,0.567000150680542
90.50099992752075,91.03900003433228,0.5380001068115234
90.50600004196167,91.03400015830994,0.5280001163482666
90.5090000629425,91.03900003433228,0.5299999713897705
90.51800012588501,91.03500008583069,0.5169999599456787
90.54999995231628,91.03800010681152,0.48800015449523926
90.5550000667572,91.03400015830994,0.4790000915527344
90.55900001525879,91.03900003433228,0.48000001907348633
90.5680000782013,91.03500008583069,0.46700000762939453
90.6010000705719,91.03800010681152,0.437000036239624
90.60500001907349,91.03900003433228,0.43400001525878906
90.60899996757507,91.03900003433228,0.43000006675720215
90.61800003051758,91.08700013160706,0.46900010108947754
90.65100002288818,91.08800005912781,0.437000036239624
90.6560001373291,91.03900003433228,0.38299989700317383
90.65900015830994,91.03900003433228,0.37999987602233887
90.66799998283386,91.47200012207031,0.8040001392364502
90.70000004768372,91.08700013160706,0.38700008392333984
90.70499992370605,91.47200012207031,0.7670001983642578
90.70900011062622,91.03900003433228,0.3299999237060547
90.7170000076294,91.47200012207031,0.755000114440918
90.75,91.08700013160706,0.33700013160705566
90.75500011444092,91.47200012207031,0.7170000076293945
90.7590000629425,91.08800005912781,0.32899999618530273
90.76699995994568,91.47200012207031,0.7050001621246338
90.80100011825562,91.47099995613098,0.6699998378753662
90.8050000667572,91.47200012207031,0.6670000553131104
90.80900001525879,91.47200012207031,0.6630001068115234
90.8180000782013,91.47200012207031,0.6540000438690186
90.8510000705719,91.47300004959106,0.621999979019165
90.85599994659424,91.47200012207031,0.6160001754760742
90.85899996757507,91.47200012207031,0.6130001544952393
90.86800003051758,91.47200012207031,0.6040000915527344
90.90000009536743,91.47300004959106,0.5729999542236328
90.90499997138977,91.47200012207031,0.567000150680542
90.9079999923706,91.47200012207031,0.564000129699707
90.91700005531311,91.47200012207031,0.5550000667572021
90.95000004768372,91.47300004959106,0.5230000019073486
90.95499992370605,91.47200012207031,0.5170001983642578
90.95900011062622,91.47300004959106,0.5139999389648438
90.9670000076294,91.47300004959106,0.5060000419616699
91.00099992752075,91.47300004959106,0.4720001220703125
91.00500011444092,91.47200012207031,0.46700000762939453
91.0090000629425,91.52100014686584,0.5120000839233398
91.01800012588501,91.47300004959106,0.4549999237060547
91.05100011825562,91.52100014686584,0.4700000286102295
91.05599999427795,91.54200005531311,0.48600006103515625
91.05900001525879,91.52100014686584,0.46200013160705566
91.0680000782013,91.52100014686584,0.4530000686645508
91.10000014305115,91.51999998092651,0.4199998378753662
91.10500001907349,91.54200005531311,0.437000036239624
91.10899996757507,91.52100014686584,0.4120001792907715
91.11700010299683,91.68700003623962,0.5699999332427979
91.15000009536743,91.54200005531311,0.3919999599456787
91.1560001373291,91.68700003623962,0.5309998989105225
91.15900015830994,91.52100014686584,0.3619999885559082
91.16700005531311,91.68700003623962,0.5199999809265137
91.20000004768372,91.54200005531311,0.34200000762939453
91.20499992370605,91.68700003623962,0.48200011253356934
91.20900011062622,91.54200005531311,0.33299994468688965
91.21799993515015,91.68700003623962,0.46900010108947754
91.25099992752075,91.54200005531311,0.2910001277923584
91.25500011444092,91.68700003623962,0.43199992179870605
91.2590000629425,91.54200005531311,0.28299999237060547
91.26800012588501,91.68700003623962,0.41899991035461426
91.30100011825562,91.70300006866455,0.40199995040893555
91.3050000667572,91.68700003623962,0.3819999694824219
91.30900001525879,91.68700003623962,0.37800002098083496
91.3180000782013,91.68700003623962,0.3689999580383301
91.35000014305115,91.70300006866455,0.3529999256134033
91.35599994659424,91.68700003623962,0.33100008964538574
91.35899996757507,91.8970000743866,0.5380001068115234
91.36800003051758,91.68700003623962,0.3190000057220459
91.40000009536743,91.89600014686584,0.4960000514984131
91.40499997138977,91.68700003623962,0.2820000648498535
91.40900015830994,91.8970000743866,0.48799991607666016
91.41700005531311,91.7020001411438,0.2850000858306885
91.45000004768372,91.89600014686584,0.4460000991821289
91.45499992370605,91.70300006866455,0.2480001449584961
91.45900011062622,91.8970000743866,0.437999963760376
91.46799993515015,91.7020001411438,0.23400020599365234
91.50099992752075,91.89600014686584,0.3950002193450928
91.50500011444092,91.89600014686584,0.39100003242492676
91.5090000629425,91.8970000743866,0.3880000114440918
91.51800012588501,91.9909999370575,0.47299981117248535
91.54999995231628,91.89600014686584,0.34600019454956055
91.55599999427795,91.89600014686584,0.3400001525878906
91.55900001525879,91.8970000743866,0.3380000591278076
91.5680000782013,92.2810001373291,0.7130000591278076
91.60000014305115,91.9909999370575,0.39099979400634766
91.60500001907349,92.2810001373291,0.6760001182556152
91.60899996757507,91.8970000743866,0.28800010681152344
91.61800003051758,92.2810001373291,0.6630001068115234
91.65100002288818,91.9909999370575,0.3399999141693115
91.65499997138977,92.2810001373291,0.626000165939331
91.65900015830994,91.9909999370575,0.3319997787475586
91.66700005531311,92.2810001373291,0.6140000820159912
91.70000004768372,92.34700012207031,0.6470000743865967
91.70499992370605,92.27999997138977,0.5750000476837158
91.70900011062622,92.2810001373291,0.5720000267028809
91.71799993515015,92.2810001373291,0.5630002021789551
91.75,92.34700012207031,0.5970001220703125
91.75500011444092,92.27999997138977,0.5249998569488525
91.7590000629425,92.2810001373291,0.5220000743865967
91.76800012588501,92.2810001373291,0.5130000114440918
91.79999995231628,92.34700012207031,0.5470001697540283
91.8050000667572,92.27999997138977,0.47499990463256836
91.80900001525879,92.2810001373291,0.4720001220703125
91.8180000782013,92.2810001373291,0.4630000591278076
91.8510000705719,92.34700012207031,0.4960000514984131
91.85500001907349,92.27999997138977,0.4249999523162842
91.85899996757507,92.34700012207031,0.48800015449523926
91.86800003051758,92.2810001373291,0.41300010681152344
91.90000009536743,92.34700012207031,0.44700002670288086
91.90499997138977,92.28200006484985,0.377000093460083
91.90900015830994,92.34700012207031,0.437999963760376
91.91700005531311,92.2810001373291,0.3640000820159912
91.95000004768372,92.34599995613098,0.3959999084472656
91.95499992370605,92.45600008964539,0.501000165939331
91.95900011062622,92.34700012207031,0.3880000114440918
91.9670000076294,92.34700012207031,0.38000011444091797
92.0,92.34599995613098,0.34599995613098145
92.00600004196167,92.45600008964539,0.4500000476837158
92.0090000629425,92.34700012207031,0.3380000591278076
92.01800012588501,92.59500002861023,0.5769999027252197
92.05100011825562,92.45700001716614,0.40599989891052246
92.0550000667572,92.45600008964539,0.4010000228881836
92.05900001525879,92.34700012207031,0.28800010681152344
92.0680000782013,92.59500002861023,0.5269999504089355
92.1010000705719,92.45700001716614,0.3559999465942383
92.10500001907349,92.45600008964539,0.3510000705718994
92.10899996757507,92.34700012207031,0.23800015449523926
92.11800003051758,92.59500002861023,0.47699999809265137
92.15000009536743,92.45700001716614,0.30699992179870605
92.15499997138977,92.59400010108948,0.43900012969970703
92.15900015830994,92.45700001716614,0.29799985885620117
92.16700005531311,92.59500002861023,0.42799997329711914
92.20000004768372,92.62800002098083,0.42799997329711914
92.20600008964539,92.59400010108948,0.3880000114440918
92.20900011062622,92.59500002861023,0.3859999179840088
92.21799993515015,92.59500002861023,0.377000093460083
92.25099992752075,92.62800002098083,0.377000093460083
92.25500011444092,92.59400010108948,0.33899998664855957
92.2590000629425,92.62800002098083,0.3689999580383301
92.26800012588501,92.59500002861023,0.3269999027252197
92.30100011825562,92.70499992370605,0.40399980545043945
92.3050000667572,92.59400010108948,0.2890000343322754
92.30900001525879,92.62800002098083,0.3190000057220459
92.3180000782013,92.62800002098083,0.309999942779541
92.35000014305115,92.70499992370605,0.3549997806549072
92.35500001907349,92.70600008964539,0.3510000705718994
92.35899996757507,92.70600008964539,0.3470001220703125
92.36700010299683,92.83200001716614,0.4649999141693115
92.40000009536743,92.70499992370605,0.30499982833862305
92.40499997138977,92.83100008964539,0.42600011825561523
92.4079999923706,92.70600008964539,0.2980000972747803
92.41700005531311,92.83200001716614,0.41499996185302734
92.45000004768372,92.70499992370605,0.25499987602233887
92.45600008964539,92.83100008964539,0.375
92.45900011062622,92.70600008964539,0.24699997901916504
92.46799993515015,93.19600009918213,0.7280001640319824
92.50099992752075,92.83200001716614,0.33100008964538574
92.50500011444092,93.1949999332428,0.6899998188018799
92.5090000629425,93.19600009918213,0.687000036239624
92.51800012588501,93.19600009918213,0.6779999732971191
92.54999995231628,93.19600009918213,0.6460001468658447
92.5550000667572,93.1949999332428,0.6399998664855957
92.55800008773804,93.19600009918213,0.6380000114440918
92.5680000782013,93.19600009918213,0.628000020980835
92.60000014305115,93.19600009918213,0.5959999561309814
92.60500001907349,93.1949999332428,0.5899999141693115
92.60899996757507,93.19600009918213,0.5870001316070557
92.61700010299683,93.1949999332428,0.5779998302459717
92.65100002288818,93.24399995803833,0.5929999351501465
92.65499997138977,93.1949999332428,0.5399999618530273
92.65900015830994,93.19600009918213,0.5369999408721924
92.66700005531311,93.19600009918213,0.5290000438690186
92.70000004768372,93.24399995803833,0.5439999103546143
92.70499992370605,93.24399995803833,0.5390000343322754
92.70799994468689,93.24399995803833,0.5360000133514404
92.71799993515015,93.68600010871887,0.9680001735687256
92.75,93.24399995803833,0.4939999580383301
92.75500011444092,93.25800013542175,0.503000020980835
92.7590000629425,93.24399995803833,0.4849998950958252
92.76800012588501,93.68600010871887,0.9179999828338623
92.79999995231628,93.24399995803833,0.4440000057220459
92.8050000667572,93.25800013542175,0.4530000686645508
92.80900001525879,93.24399995803833,0.434999942779541
92.81700015068054,93.68600010871887,0.8689999580383301
92.8510000705719,93.25800013542175,0.4070000648498535
92.85500001907349,93.68499994277954,0.8299999237060547
92.85899996757507,93.25800013542175,0.3990001678466797
92.86700010299683,93.68600010871887,0.8190000057220459
92.90100002288818,93.25800013542175,0.35700011253356934
92.90499997138977,93.68499994277954,0.7799999713897705
92.90900015830994,93.68600010871887,0.7769999504089355
92.91700005531311,93.68600010871887,0.7690000534057617
92.95000004768372,93.25800013542175,0.3080000877380371
92.95600008964539,93.68499994277954,0.7289998531341553
92.95900011062622,93.68600010871887,0.7269999980926514
92.96799993515015,93.68600010871887,0.7180001735687256
93.0,93.68700003623962,0.687000036239624
93.00500011444092,93.68499994277954,0.679999828338623
93.0090000629425,93.68600010871887,0.6770000457763672
93.01800012588501,93.68600010871887,0.6679999828338623
93.04999995231628,93.68700003623962,0.6370000839233398
93.0550000667572,93.68499994277954,0.6299998760223389
93.05900001525879,93.68600010871887,0.627000093460083
93.0680000782013,93.68600010871887,0.6180000305175781
93.1010000705719,93.7350001335144,0.6340000629425049
93.10500001907349,93.68499994277954,0.5799999237060547
93.10899996757507,93.68700003623962,0.5780000686645508
93.11700010299683,93.68700003623962,0.5699999332427979
93.15100002288818,93.7350001335144,0.5840001106262207
93.15499997138977,93.68499994277954,0.5299999713897705
93.1579999923706,93.68700003623962,0.5290000438690186
93.16799998283386,93.68600010871887,0.5180001258850098
93.20099997520447,93.7350001335144,0.5340001583099365
93.20499992370605,93.73600006103516,0.5310001373291016
93.20900011062622,93.73600006103516,0.5269999504089355
93.21799993515015,93.7350001335144,0.5170001983642578
93.25,93.73600006103516,0.48600006103515625
93.25600004196167,93.73600006103516,0.48000001907348633
93.2590000629425,93.73600006103516,0.47699999809265137
93.26800012588501,93.98600006103516,0.7179999351501465
93.29999995231628,93.73600006103516,0.43600010871887207
93.3050000667572,93.9850001335144,0.6800000667572021
93.30800008773804,93.7350001335144,0.4270000457763672
93.31700015068054,93.98600006103516,0.6689999103546143
93.3510000705719,93.73600006103516,0.38499999046325684
93.35500001907349,93.9850001335144,0.630000114440918
93.35899996757507,93.73600006103516,0.377000093460083
93.36700010299683,93.98600006103516,0.6189999580383301
93.40000009536743,93.98600006103516,0.5859999656677246
93.40499997138977,93.9850001335144,0.5800001621246338
93.40900015830994,93.98600006103516,0.5769999027252197
93.41799998283386,93.9850001335144,0.567000150680542
93.45000004768372,93.98600006103516,0.5360000133514404
93.45600008964539,93.9850001335144,0.5290000438690186
93.45900011062622,93.98600006103516,0.5269999504089355
93.46799993515015,93.9850001335144,0.5170001983642578
93.5,93.98600006103516,0.48600006103515625
93.50500011444092,93.9850001335144,0.48000001907348633
93.5090000629425,93.98600006103516,0.47699999809265137
93.51699995994568,93.9850001335144,0.4680001735687256
93.55100011825562,93.99000000953674,0.43899989128112793
93.5550000667572,93.9850001335144,0.43000006675720215
93.55900001525879,93.99000000953674,0.4309999942779541
93.56700015068054,93.99000000953674,0.42299985885620117
93.6010000705719,94.03200006484985,0.4309999942779541
93.60500001907349,93.9850001335144,0.38000011444091797
93.60899996757507,94.03200006484985,0.4230000972747803
93.61800003051758,93.99000000953674,0.37199997901916504
93.65000009536743,94.03200006484985,0.3819999694824219
93.65499997138977,94.03200006484985,0.377000093460083
93.65900015830994,94.03200006484985,0.372999906539917
93.66799998283386,94.16700005531311,0.49900007247924805
93.70000004768372,94.03200006484985,0.3320000171661377
93.70499992370605,94.03200006484985,0.32700014114379883
93.70900011062622,94.03200006484985,0.3229999542236328
93.71799993515015,94.29200005531311,0.5740001201629639
93.75099992752075,94.0310001373291,0.2800002098083496
93.75500011444092,94.29200005531311,0.5369999408721924
93.7590000629425,94.03200006484985,0.27300000190734863
93.76699995994568,94.29200005531311,0.5250000953674316
93.80100011825562,94.16700005531311,0.3659999370574951
93.8050000667572,94.29200005531311,0.4869999885559082
93.80900001525879,94.16700005531311,0.3580000400543213
93.81700015068054,94.29200005531311,0.47499990463256836
93.85000014305115,94.16700005531311,0.3169999122619629
93.85500001907349,94.29100012779236,0.43600010871887207
93.85899996757507,94.16700005531311,0.3080000877380371
93.86800003051758,94.29200005531311,0.4240000247955322
93.90000009536743,94.48699998855591,0.5869998931884766
93.9060001373291,94.29100012779236,0.38499999046325684
93.90900015830994,94.29200005531311,0.38299989700317383
93.91799998283386,94.29200005531311,0.37400007247924805
93.95099997520447,94.48600006103516,0.5350000858306885
93.95499992370605,94.29100012779236,0.3360002040863037
93.95900011062622,94.48600006103516,0.5269999504089355
93.96799993515015,94.29200005531311,0.32400012016296387
94.0,94.48600006103516,0.48600006103515625
94.00500011444092,94.29100012779236,0.28600001335144043
94.0090000629425,94.48600006103516,0.47699999809265137
94.01699995994568,94.48600006103516,0.46900010108947754
94.04999995231628,94.48699998855591,0.437000036239624
94.0550000667572,94.48699998855591,0.43199992179870605
94.05900001525879,94.48699998855591,0.42799997329711914
94.06700015068054,94.48600006103516,0.41899991035461426
94.10000014305115,94.48699998855591,0.38699984550476074
94.10599994659424,94.67499995231628,0.5690000057220459
94.10899996757507,94.48699998855591,0.37800002098083496
94.11800003051758,94.87800002098083,0.7599999904632568
94.15100002288818,94.67499995231628,0.5239999294281006
94.15499997138977,94.67499995231628,0.5199999809265137
94.15900015830994,94.67499995231628,0.5159997940063477
94.16799998283386,94.87800002098083,0.7100000381469727
94.20000004768372,94.67499995231628,0.47499990463256836
94.20499992370605,94.87800002098083,0.6730000972747803
94.20900011062622,94.67499995231628,0.4659998416900635
94.21799993515015,94.87800002098083,0.6600000858306885
94.25,94.87800002098083,0.628000020980835
94.25500011444092,94.87800002098083,0.622999906539917
94.2590000629425,94.87899994850159,0.619999885559082
94.26699995994568,94.87800002098083,0.6110000610351562
94.29999995231628,94.87899994850159,0.5789999961853027
94.3050000667572,94.87800002098083,0.5729999542236328
94.30900001525879,94.87899994850159,0.5699999332427979
94.31700015068054,94.87800002098083,0.560999870300293
94.35000014305115,94.87899994850159,0.5289998054504395
94.35500001907349,94.87800002098083,0.5230000019073486
94.35899996757507,94.87899994850159,0.5199999809265137
94.36800003051758,94.87800002098083,0.5099999904632568
94.40100002288818,95.09100008010864,0.690000057220459
94.40499997138977,94.87899994850159,0.4739999771118164
94.40900015830994,95.09100008010864,0.681999921798706
94.41700005531311,95.09100008010864,0.6740000247955322
94.45099997520447,95.09100008010864,0.6400001049041748
94.45499992370605,94.87899994850159,0.4240000247955322
94.45799994468689,95.09100008010864,0.6330001354217529
94.4670000076294,95.09100008010864,0.624000072479248
94.5,95.09100008010864,0.5910000801086426
94.50500011444092,95.0920000076294,0.5869998931884766
94.5090000629425,95.09100008010864,0.5820000171661377
94.51800012588501,95.09100008010864,0.5729999542236328
94.54999995231628,95.09000015258789,0.5400002002716064
94.5550000667572,95.0920000076294,0.5369999408721924
94.55900001525879,95.09100008010864,0.5320000648498535
94.5680000782013,95.0920000076294,0.5239999294281006
94.6010000705719,95.0920000076294,0.4909999370574951
94.60500001907349,95.0920000076294,0.4869999885559082
94.60899996757507,95.09100008010864,0.48200011253356934
94.61700010299683,95.3050000667572,0.687999963760376
94.65000009536743,95.0920000076294,0.4419999122619629
94.65499997138977,95.3050000667572,0.6500000953674316
94.65900015830994,95.30400013923645,0.6449999809265137
94.66700005531311,95.3050000667572,0.6380000114440918
94.70000004768372,95.3050000667572,0.6050000190734863
94.70600008964539,95.3050000667572,0.5989999771118164
94.70900011062622,95.30400013923645,0.5950000286102295
94.71799993515015,95.3050000667572,0.5870001316070557
94.75099992752075,95.3050000667572,0.5540001392364502
94.75500011444092,95.30400013923645,0.5490000247955322
94.7590000629425,95.3050000667572,0.5460000038146973
94.76800012588501,95.3050000667572,0.5369999408721924
94.79999995231628,95.3529999256134,0.5529999732971191
94.8050000667572,95.30400013923645,0.49900007247924805
94.80900001525879,95.35400009155273,0.5450000762939453
94.81700015068054,95.3050000667572,0.48799991607666016
94.85000014305115,95.3529999256134,0.5029997825622559
94.85500001907349,95.3529999256134,0.497999906539917
94.85899996757507,95.35400009155273,0.49500012397766113
94.86800003051758,95.3050000667572,0.437000036239624
94.90000009536743,95.3529999256134,0.4529998302459717
94.90499997138977,95.3529999256134,0.4479999542236328
94.9079999923706,95.35400009155273,0.4460000991821289
94.91799998283386,95.35800004005432,0.440000057220459
94.95099997520447,95.3529999256134,0.40199995040893555
94.95499992370605,95.3529999256134,0.39800000190734863
94.95900011062622,95.35400009155273,0.39499998092651367
94.96799993515015,95.35800004005432,0.3900001049041748
95.0,95.3529999256134,0.3529999256134033
95.00500011444092,95.35800004005432,0.3529999256134033
95.0090000629425,95.3529999256134,0.34399986267089844
95.01699995994568,95.74900007247925,0.7320001125335693
95.04999995231628,95.35800004005432,0.3080000877380371
95.0550000667572,95.35800004005432,0.30299997329711914
95.05900001525879,95.35400009155273,0.2950000762939453
95.0680000782013,95.74900007247925,0.6809999942779541
95.10000014305115,95.75699996948242,0.6569998264312744
95.10500001907349,95.74900007247925,0.6440000534057617
95.10800004005432,95.74900007247925,0.6410000324249268
95.11800003051758,95.74900007247925,0.6310000419616699
95.15100002288818,95.75699996948242,0.6059999465942383
95.1560001373291,95.74900007247925,0.5929999351501465
95.15900015830994,95.75600004196167,0.5969998836517334
95.16799998283386,95.74900007247925,0.5810000896453857
95.20099997520447,95.75800013542175,0.5570001602172852
95.20499992370605,95.74900007247925,0.5440001487731934
95.20900011062622,95.75600004196167,0.5469999313354492
95.2170000076294,95.74900007247925,0.5320000648498535
95.25,95.75699996948242,0.5069999694824219
95.25500011444092,95.74900007247925,0.4939999580383301
95.2590000629425,95.75699996948242,0.497999906539917
95.26699995994568,95.75600004196167,0.4890000820159912
95.29999995231628,95.75699996948242,0.4570000171661377
95.3050000667572,95.75699996948242,0.4519999027252197
95.30900001525879,95.75699996948242,0.4479999542236328
95.3180000782013,95.94600009918213,0.628000020980835
95.3510000705719,95.75699996948242,0.40599989891052246
95.35500001907349,95.75699996948242,0.40199995040893555
95.35899996757507,95.75699996948242,0.39800000190734863
95.36800003051758,95.94700002670288,0.5789999961853027
95.40000009536743,95.75699996948242,0.35699987411499023
95.40499997138977,96.01900005340576,0.6140000820159912
95.40900015830994,95.75699996948242,0.34799981117248535
95.41799998283386,95.94700002670288,0.5290000438690186
95.45000004768372,95.94700002670288,0.49699997901916504
95.45499992370605,96.01900005340576,0.564000129699707
95.45900011062622,95.94700002670288,0.48799991607666016
95.46799993515015,96.01900005340576,0.5510001182556152
95.5,96.01900005340576,0.5190000534057617
95.50500011444092,96.01900005340576,0.5139999389648438
95.5090000629425,96.01900005340576,0.5099999904632568
95.51699995994568,96.01900005340576,0.502000093460083
95.55100011825562,96.01900005340576,0.4679999351501465
95.5550000667572,96.01900005340576,0.46399998664855957
95.55800008773804,96.01999998092651,0.46199989318847656
95.5680000782013,96.01900005340576,0.4509999752044678
95.60000014305115,96.02500009536743,0.4249999523162842
95.60599994659424,96.01900005340576,0.41300010681152344
95.60899996757507,96.02500009536743,0.4160001277923584
95.61800003051758,96.02500009536743,0.4070000648498535
95.65000009536743,96.26900005340576,0.6189999580383301
95.65499997138977,96.01900005340576,0.3640000820159912
95.65900015830994,96.26900005340576,0.6099998950958252
95.66799998283386,96.02500009536743,0.35700011253356934
95.70099997520447,96.26900005340576,0.568000078201294
95.70499992370605,96.01800012588501,0.3130002021789551
95.70799994468689,96.26900005340576,0.5610001087188721
95.7170000076294,96.26900005340576,0.5520000457763672
95.75,96.26900005340576,0.5190000534057617
95.75500011444092,96.2739999294281,0.5189998149871826
95.7590000629425,96.26900005340576,0.5099999904632568
95.76800012588501,96.26900005340576,0.500999927520752
95.79999995231628,96.27300000190735,0.47300004959106445
95.80599999427795,96.2739999294281,0.4679999351501465
95.80900001525879,96.26900005340576,0.46000003814697266
95.8180000782013,96.3970000743866,0.5789999961853027
95.85000014305115,96.27300000190735,0.42299985885620117
95.85500001907349,96.2739999294281,0.41899991035461426
95.85899996757507,96.2739999294281,0.41499996185302734
95.86700010299683,96.3970000743866,0.5299999713897705
95.90000009536743,96.27300000190735,0.372999906539917
95.90499997138977,96.39600014686584,0.4910001754760742
95.90900015830994,96.2739999294281,0.36499977111816406
95.91700005531311,96.39600014686584,0.4790000915527344
95.95099997520447,96.41799998283386,0.46700000762939453
95.95499992370605,96.39600014686584,0.44100022315979004
95.95900011062622,96.3970000743866,0.437999963760376
95.96799993515015,96.39600014686584,0.42800021171569824
96.00099992752075,96.48399996757507,0.4830000400543213
96.00500011444092,96.39600014686584,0.39100003242492676
96.0090000629425,96.41799998283386,0.4089999198913574
96.01800012588501,96.39600014686584,0.37800002098083496
96.04999995231628,96.48399996757507,0.43400001525878906
96.0550000667572,96.39600014686584,0.3410000801086426
96.05900001525879,96.41799998283386,0.35899996757507324
96.0680000782013,96.41700005531311,0.3489999771118164
96.10000014305115,96.48300004005432,0.38299989700317383
96.10500001907349,96.48399996757507,0.3789999485015869
96.10899996757507,96.48399996757507,0.375
96.11700010299683,96.41700005531311,0.2999999523162842
96.15100002288818,96.48300004005432,0.3320000171661377
96.15499997138977,96.48399996757507,0.32899999618530273
96.15900015830994,96.48399996757507,0.3249998092651367
96.16700005531311,96.57800006866455,0.41100001335144043
96.20099997520447,96.57800006866455,0.377000093460083
96.20499992370605,96.57800006866455,0.3730001449584961
96.20799994468689,96.48399996757507,0.2760000228881836
96.21799993515015,96.57800006866455,0.3600001335144043
96.25,96.57800006866455,0.3280000686645508
96.25600004196167,96.57800006866455,0.32200002670288086
96.2590000629425,96.48399996757507,0.22499990463256836
96.26800012588501,96.73099994659424,0.4629998207092285
96.29999995231628,96.57800006866455,0.2780001163482666
96.3050000667572,96.73200011253357,0.4270000457763672
96.30900001525879,96.73200011253357,0.4230000972747803
96.3180000782013,96.73099994659424,0.41299986839294434
96.35000014305115,96.87100005149841,0.5209999084472656
96.35500001907349,96.73099994659424,0.37599992752075195
96.35899996757507,96.73200011253357,0.3730001449584961
96.36700010299683,96.73099994659424,0.3639998435974121
96.40100002288818,96.87100005149841,0.4700000286102295
96.40499997138977,96.73200011253357,0.32700014114379883
96.40900015830994,96.73200011253357,0.3229999542236328
96.41700005531311,96.73200011253357,0.315000057220459
96.45000004768372,96.87100005149841,0.42100000381469727
96.45499992370605,96.73200011253357,0.27700018882751465
96.45900011062622,96.87199997901917,0.41299986839294434
96.46799993515015,96.73200011253357,0.26400017738342285
96.5,96.87100005149841,0.3710000514984131
96.50600004196167,96.73200011253357,0.22600007057189941
96.5090000629425,96.87199997901917,0.36299991607666016
96.51800012588501,96.93799996376038,0.4199998378753662
96.54999995231628,96.87100005149841,0.3210000991821289
96.5550000667572,96.87100005149841,0.31599998474121094
96.55900001525879,96.87100005149841,0.312000036239624
96.5680000782013,96.93799996376038,0.36999988555908203
96.6010000705719,96.87100005149841,0.26999998092651367
96.60500001907349,96.87100005149841,0.26600003242492676
96.60899996757507,96.87100005149841,0.26200008392333984
96.61700010299683,97.0920000076294,0.47499990463256836
96.65100002288818,96.93799996376038,0.2869999408721924
96.65499997138977,97.0920000076294,0.437000036239624
96.65900015830994,96.93799996376038,0.27899980545043945
96.66700005531311,97.0920000076294,0.4249999523162842
96.70000004768372,97.125,0.4249999523162842
96.70499992370605,97.0920000076294,0.38700008392333984
96.70900011062622,97.09299993515015,0.3839998245239258
96.71799993515015,97.0920000076294,0.37400007247924805
96.75,97.125,0.375
96.75500011444092,97.0920000076294,0.33699989318847656
96.7590000629425,97.0920000076294,0.33299994468688965
96.76800012588501,97.0920000076294,0.32399988174438477
96.79999995231628,97.29200005531311,0.49200010299682617
96.8050000667572,97.0920000076294,0.2869999408721924
96.80900001525879,97.29299998283386,0.48399996757507324
96.8180000782013,97.125,0.30699992179870605
96.8510000705719,97.29200005531311,0.44099998474121094
96.85500001907349,97.125,0.26999998092651367
96.85899996757507,97.29299998283386,0.43400001525878906
96.86700010299683,97.38800001144409,0.5209999084472656
96.90100002288818,97.29200005531311,0.39100003242492676
96.90499997138977,97.29299998283386,0.3880000114440918
96.90900015830994,97.29299998283386,0.3839998245239258
96.91799998283386,97.38800001144409,0.4700000286102295
96.95000004768372,97.29200005531311,0.34200000762939453
96.95499992370605,97.29299998283386,0.3380000591278076
96.95900011062622,97.29299998283386,0.3339998722076416
96.96799993515015,97.49600005149841,0.5280001163482666
97.0,97.38800001144409,0.3880000114440918
97.00600004196167,97.38700008392334,0.3810000419616699
97.0090000629425,97.29299998283386,0.2839999198913574
97.01800012588501,97.49699997901917,0.4789998531341553
97.04999995231628,97.38800001144409,0.3380000591278076
97.0550000667572,97.38700008392334,0.3320000171661377
97.05900001525879,97.49699997901917,0.437999963760376
97.06700015068054,97.49600005149841,0.4289999008178711
97.1010000705719,97.38800001144409,0.2869999408721924
97.10500001907349,97.49699997901917,0.3919999599456787
97.10899996757507,97.49699997901917,0.3880000114440918
97.11800003051758,97.49600005149841,0.37800002098083496
97.15100002288818,97.69700002670288,0.5460000038146973
97.15499997138977,97.49699997901917,0.34200000762939453
97.15900015830994,97.69700002670288,0.5379998683929443
97.16799998283386,97.69600009918213,0.5280001163482666
97.20000004768372,97.69700002670288,0.49699997901916504
97.20499992370605,97.49699997901917,0.29200005531311035
97.20900011062622,97.69700002670288,0.48799991607666016
97.21799993515015,97.69700002670288,0.4790000915527344
97.25,97.69700002670288,0.44700002670288086
97.25600004196167,97.76900005340576,0.5130000114440918
97.2590000629425,97.69700002670288,0.437999963760376
97.26699995994568,97.69700002670288,0.43000006675720215
97.29999995231628,97.69700002670288,0.3970000743865967
97.3050000667572,97.76900005340576,0.46399998664855957
97.30900001525879,97.69700002670288,0.3880000114440918
97.31700015068054,97.8730001449585,0.5559999942779541
97.3510000705719,97.76900005340576,0.4179999828338623
97.35500001907349,97.8730001449585,0.5180001258850098
97.35899996757507,97.69700002670288,0.3380000591278076
97.36800003051758,97.8730001449585,0.505000114440918
97.40100002288818,97.76900005340576,0.3680000305175781
97.40499997138977,97.8730001449585,0.4680001735687256
97.40900015830994,97.76999998092651,0.36099982261657715
97.41799998283386,97.8730001449585,0.4550001621246338
97.45000004768372,97.76900005340576,0.3190000057220459
97.45600008964539,97.8730001449585,0.41700005531311035
97.45900011062622,97.76999998092651,0.31099987030029297
97.46799993515015,97.8730001449585,0.4050002098083496
97.5,97.91600012779236,0.4160001277923584
97.50500011444092,97.8730001449585,0.3680000305175781
97.50800013542175,97.8730001449585,0.36500000953674316
97.51699995994568,97.8730001449585,0.3560001850128174
97.55100011825562,98.01200008392334,0.4609999656677246
97.5550000667572,97.8730001449585,0.31800007820129395
97.55900001525879,97.91600012779236,0.35700011253356934
97.5680000782013,97.8730001449585,0.30500006675720215
97.6010000705719,98.01200008392334,0.41100001335144043
97.60500001907349,97.8730001449585,0.26800012588500977
97.60899996757507,98.01300001144409,0.40400004386901855
97.61800003051758,97.91600012779236,0.2980000972747803
97.65000009536743,98.01200008392334,0.3619999885559082
97.65499997138977,98.01200008392334,0.35700011253356934
97.65900015830994,98.01300001144409,0.3539998531341553
97.66799998283386,98.10700011253357,0.43900012969970703
97.70000004768372,98.01200008392334,0.312000036239624
97.70499992370605,98.10700011253357,0.40200018882751465
97.70900011062622,98.01300001144409,0.3039999008178711
97.7170000076294,98.10700011253357,0.3900001049041748
97.75,98.10700011253357,0.35700011253356934
97.75500011444092,98.10700011253357,0.35199999809265137
97.7590000629425,98.01300001144409,0.2539999485015869
97.76699995994568,98.45700001716614,0.690000057220459
97.80100011825562,98.10700011253357,0.3059999942779541
97.8050000667572,98.45799994468689,0.6529998779296875
97.80900001525879,98.01300001144409,0.20399999618530273
97.8180000782013,98.45700001716614,0.6389999389648438
97.8510000705719,98.10700011253357,0.2560000419616699
97.85500001907349,98.45799994468689,0.6029999256134033
97.85899996757507,98.45799994468689,0.5989999771118164
97.86800003051758,98.45700001716614,0.5889999866485596
97.90000009536743,98.45799994468689,0.557999849319458
97.90499997138977,98.45799994468689,0.5529999732971191
97.90900015830994,98.45799994468689,0.5489997863769531
97.91799998283386,98.45700001716614,0.5390000343322754
97.95000004768372,98.5,0.5499999523162842
97.95499992370605,98.45799994468689,0.503000020980835
97.95900011062622,98.45799994468689,0.49899983406066895
97.9670000076294,98.45799994468689,0.4909999370574951
98.0,98.5,0.5
98.00500011444092,98.45799994468689,0.4529998302459717
98.0090000629425,98.50099992752075,0.49199986457824707
98.01699995994568,98.45799994468689,0.44099998474121094
98.05100011825562,98.5,0.44899988174438477
98.0550000667572,98.45799994468689,0.4029998779296875
98.05900001525879,98.50099992752075,0.4419999122619629
98.0680000782013,98.65199995040894,0.5839998722076416
98.10000014305115,98.5,0.39999985694885254
98.10500001907349,98.50099992752075,0.3959999084472656
98.10899996757507,98.50099992752075,0.3919999599456787
98.11700010299683,98.65199995040894,0.5349998474121094
98.15000009536743,98.5,0.34999990463256836
98.15499997138977,98.7590000629425,0.6040000915527344
98.15900015830994,98.50099992752075,0.34199976921081543
98.16700005531311,98.7590000629425,0.5920000076293945
98.20000004768372,98.65199995040894,0.4519999027252197
98.20499992370605,98.7590000629425,0.5540001392364502
98.20900011062622,98.65199995040894,0.44299983978271484
98.2170000076294,98.7590000629425,0.5420000553131104
98.25099992752075,98.88899993896484,0.6380000114440918
98.25500011444092,98.7590000629425,0.5039999485015869
98.2590000629425,98.7590000629425,0.5
98.26800012588501,98.7590000629425,0.4909999370574951
98.30100011825562,98.88899993896484,0.5879998207092285
98.30599999427795,98.7590000629425,0.4530000686645508
98.30900001525879,98.7590000629425,0.4500000476837158
98.3180000782013,98.7590000629425,0.44099998474121094
98.35000014305115,98.88899993896484,0.5389997959136963
98.35500001907349,98.7590000629425,0.40400004386901855
98.35800004005432,98.88899993896484,0.5309998989105225
98.36700010299683,98.7590000629425,0.3919999599456787
98.40000009536743,98.89000010490417,0.49000000953674316
98.40499997138977,98.7590000629425,0.3540000915527344
98.40900015830994,98.89000010490417,0.4809999465942383
98.41799998283386,98.88899993896484,0.47099995613098145
98.45000004768372,98.89000010490417,0.440000057220459
98.45499992370605,98.89000010490417,0.4350001811981201
98.45900011062622,98.89000010490417,0.4309999942779541
98.46799993515015,98.95900011062622,0.4910001754760742
98.5,98.89000010490417,0.3900001049041748
98.50500011444092,98.89000010490417,0.38499999046325684
98.50800013542175,98.89000010490417,0.3819999694824219
98.51800012588501,98.95900011062622,0.44099998474121094
98.54999995231628,98.89000010490417,0.3400001525878906
98.5550000667572,98.95900011062622,0.40400004386901855
98.55900001525879,98.89000010490417,0.33100008964538574
98.56700015068054,98.95900011062622,0.3919999599456787
98.6010000705719,98.95900011062622,0.3580000400543213
98.60500001907349,99.27100014686584,0.6660001277923584
98.60899996757507,99.2720000743866,0.6630001068115234
98.61700010299683,99.27300000190735,0.6559998989105225
98.65000009536743,99.2739999294281,0.623999834060669
98.65499997138977,99.27100014686584,0.6160001754760742
98.65900015830994,99.27300000190735,0.6139998435974121
98.66799998283386,99.27300000190735,0.6050000190734863
98.70000004768372,99.2739999294281,0.5739998817443848
98.70499992370605,99.27100014686584,0.56600022315979
98.70900011062622,99.2739999294281,0.5649998188018799
98.71799993515015,99.27300000190735,0.5550000667572021
98.75,99.27600002288818,0.5260000228881836
98.75500011444092,99.27100014686584,0.5160000324249268
98.7590000629425,99.27300000190735,0.5139999389648438
98.76699995994568,99.27300000190735,0.5060000419616699
98.80100011825562,99.27600002288818,0.47499990463256836
98.8050000667572,99.27500009536743,0.4700000286102295
98.80900001525879,99.27600002288818,0.46700000762939453
98.81700015068054,99.46399998664856,0.6469998359680176
98.8510000705719,99.27600002288818,0.4249999523162842
98.85500001907349,99.27500009536743,0.4200000762939453
98.85899996757507,99.27600002288818,0.41700005531311035
98.86800003051758,99.46399998664856,0.5959999561309814
98.90000009536743,99.27600002288818,0.37599992752075195
98.90499997138977,99.54699993133545,0.6419999599456787
98.90900015830994,99.27600002288818,0.36699986457824707
98.91799998283386,99.46399998664856,0.5460000038146973
98.95000004768372,99.27600002288818,0.3259999752044678
98.95499992370605,99.54800009727478,0.5930001735687256
98.95900011062622,99.46399998664856,0.5049998760223389
98.96799993515015,99.54699993133545,0.5789999961853027
99.0,99.46399998664856,0.46399998664855957
99.00500011444092,99.54699993133545,0.5419998168945312
99.0090000629425,99.46399998664856,0.4549999237060547
99.01699995994568,99.54699993133545,0.5299999713897705
99.05100011825562,99.54699993133545,0.495999813079834
99.0550000667572,99.54699993133545,0.49199986457824707
99.05900001525879,99.5460000038147,0.4869999885559082
99.0680000782013,99.54699993133545,0.4789998531341553
99.1010000705719,99.54800009727478,0.44700002670288086
99.10500001907349,99.54699993133545,0.4419999122619629
99.10899996757507,99.5460000038147,0.437000036239624
99.11800003051758,99.54699993133545,0.4289999008178711
99.15100002288818,99.54800009727478,0.3970000743865967
99.15499997138977,99.54699993133545,0.3919999599456787
99.15900015830994,99.54800009727478,0.38899993896484375
99.16799998283386,99.54699993133545,0.3789999485015869
99.20000004768372,99.76699995994568,0.5669999122619629
99.20499992370605,99.54699993133545,0.34200000762939453
99.20799994468689,99.54800009727478,0.3400001525878906
99.2170000076294,99.54800009727478,0.33100008964538574
99.25,99.76699995994568,0.5169999599456787
99.25500011444092,99.76699995994568,0.5119998455047607
99.2590000629425,99.76800012588501,0.5090000629425049
99.26699995994568,99.54800009727478,0.28100013732910156
99.29999995231628,99.76699995994568,0.46700000762939453
99.3050000667572,99.76699995994568,0.46199989318847656
99.30900001525879,99.76800012588501,0.4590001106262207
99.3180000782013,99.76800012588501,0.4500000476837158
99.35000014305115,99.76699995994568,0.41699981689453125
99.35500001907349,99.76800012588501,0.41300010681152344
99.35899996757507,99.76800012588501,0.4090001583099365
99.36800003051758,99.91799998283386,0.5499999523162842
99.40100002288818,99.76800012588501,0.36700010299682617
99.40499997138977,99.91700005531311,0.5120000839233398
99.40900015830994,99.76800012588501,0.35899996757507324
99.41799998283386,99.91700005531311,0.49900007247924805
99.45099997520447,100.09100008010864,0.6400001049041748
99.45499992370605,99.91700005531311,0.46200013160705566
99.45900011062622,99.91799998283386,0.4589998722076416
99.4670000076294,99.91799998283386,0.4509999752044678
99.5,100.09100008010864,0.5910000801086426
99.50500011444092,99.91700005531311,0.4119999408721924
99.50800013542175,100.09100008010864,0.5829999446868896
99.51699995994568,99.91799998283386,0.4010000228881836
99.54999995231628,100.12700009346008,0.5770001411437988
99.5550000667572,99.91700005531311,0.3619999885559082
99.55900001525879,100.09100008010864,0.5320000648498535
99.5680000782013,100.09100008010864,0.5230000019073486
99.60000014305115,100.12700009346008,0.5269999504089355
99.60500001907349,99.91700005531311,0.312000036239624
99.60899996757507,100.12700009346008,0.5180001258850098
99.61800003051758,100.12700009346008,0.5090000629425049
99.65100002288818,100.12700009346008,0.4760000705718994
99.65499997138977,100.1579999923706,0.503000020980835
99.65900015830994,100.12700009346008,0.4679999351501465
99.66700005531311,100.12700009346008,0.46000003814697266
99.70099997520447,100.12700009346008,0.42600011825561523
99.70600008964539,100.1579999923706,0.4519999027252197
99.70900011062622,100.12700009346008,0.4179999828338623
99.7170000076294,100.1579999923706,0.44099998474121094
99.75,100.12700009346008,0.377000093460083
99.75500011444092,100.28500008583069,0.5299999713897705
99.7590000629425,100.12700009346008,0.3680000305175781
99.76800012588501,100.1579999923706,0.3899998664855957
99.79999995231628,100.1579999923706,0.3580000400543213
99.8050000667572,100.28500008583069,0.48000001907348633
99.80900001525879,100.28500008583069,0.4760000705718994
99.8180000782013,100.28600001335144,0.4679999351501465
99.8510000705719,100.44400000572205,0.5929999351501465
99.85500001907349,100.28500008583069,0.43000006675720215
99.85800004005432,100.28500008583069,0.4270000457763672
99.86800003051758,100.28600001335144,0.4179999828338623
99.90000009536743,100.44400000572205,0.5439999103546143
99.90499997138977,100.28500008583069,0.38000011444091797
99.90900015830994,100.44400000572205,0.5349998474121094
99.91700005531311,100.28500008583069,0.3680000305175781
99.95000004768372,100.54900002479553,0.5989999771118164
99.95499992370605,100.28500008583069,0.3300001621246338
99.95900011062622,100.44400000572205,0.4849998950958252
99.9670000076294,100.28500008583069,0.31800007820129395
100.0,100.54900002479553,0.5490000247955322
100.00500011444092,100.54900002479553,0.5439999103546143
100.0090000629425,100.54999995231628,0.5409998893737793
100.01800012588501,100.44400000572205,0.42599987983703613
100.05100011825562,100.54900002479553,0.497999906539917
100.0550000667572,100.54999995231628,0.49499988555908203
100.05900001525879,100.54999995231628,0.4909999370574951
100.0680000782013,100.54999995231628,0.48199987411499023
100.1010000705719,100.54999995231628,0.44899988174438477
100.10500001907349,100.85199999809265,0.746999979019165
100.10899996757507,100.54999995231628,0.44099998474121094
100.11700010299683,100.54999995231628,0.432999849319458
100.15000009536743,100.54999995231628,0.39999985694885254
100.15499997138977,100.85199999809265,0.6970000267028809
100.1579999923706,100.54999995231628,0.3919999599456787
100.16700005531311,100.85199999809265,0.684999942779541
100.20000004768372,100.54999995231628,0.34999990463256836
100.20499992370605,100.85199999809265,0.6470000743865967
100.20900011062622,100.54999995231628,0.3409998416900635
100.2170000076294,100.85199999809265,0.6349999904632568
100.25099992752075,100.86500000953674,0.6140000820159912
100.25500011444092,100.85199999809265,0.5969998836517334
100.2590000629425,100.8510000705719,0.5920000076293945
100.26800012588501,100.85199999809265,0.5839998722076416
100.30100011825562,100.86500000953674,0.5639998912811279
100.3050000667572,100.85199999809265,0.5469999313354492
100.30900001525879,100.86500000953674,0.5559999942779541
100.31700015068054,100.85199999809265,0.5349998474121094
100.35000014305115,100.86500000953674,0.5149998664855957
100.35599994659424,100.8510000705719,0.49500012397766113
100.35899996757507,100.86500000953674,0.5060000419616699
100.36700010299683,100.86500000953674,0.497999906539917
100.40100002288818,100.93600010871887,0.5350000858306885
100.40499997138977,100.8510000705719,0.4460000991821289
100.4079999923706,100.93600010871887,0.5280001163482666
100.41799998283386,100.86400008201599,0.4460000991821289
100.45000004768372,100.93600010871887,0.48600006103515625
100.45499992370605,100.93499994277954,0.48000001907348633
100.45900011062622,100.93600010871887,0.47699999809265137
100.46799993515015,100.86400008201599,0.3960001468658447
100.5,100.93600010871887,0.43600010871887207
100.50500011444092,100.93499994277954,0.42999982833862305
100.50800013542175,100.93499994277954,0.4269998073577881
100.51699995994568,100.95499992370605,0.437999963760376
100.54999995231628,100.93600010871887,0.3860001564025879
100.5550000667572,101.05700016021729,0.502000093460083
100.55900001525879,100.93499994277954,0.37599992752075195
100.56700015068054,100.95499992370605,0.3879997730255127
100.6010000705719,100.95499992370605,0.3539998531341553
100.60599994659424,101.05700016021729,0.4510002136230469
100.60899996757507,100.95499992370605,0.34599995613098145
100.61800003051758,101.05800008773804,0.440000057220459
100.65000009536743,100.95499992370605,0.30499982833862305
100.65499997138977,101.05700016021729,0.40200018882751465
100.65900015830994,100.95499992370605,0.29599976539611816
100.66799998283386,101.05800008773804,0.3900001049041748
100.70000004768372,101.2350001335144,0.5350000858306885
100.70499992370605,101.05700016021729,0.35200023651123047
100.70900011062622,101.05700016021729,0.34800004959106445
100.7170000076294,101.05700016021729,0.3400001525878906
100.75099992752075,101.28900003433228,0.5380001068115234
100.75500011444092,101.05700016021729,0.3020000457763672
100.7590000629425,101.2350001335144,0.4760000705718994
100.76800012588501,101.05800008773804,0.28999996185302734
100.80100011825562,101.28900003433228,0.48799991607666016
100.8050000667572,101.05700016021729,0.252000093460083
100.80800008773804,101.2350001335144,0.4270000457763672
100.8180000782013,101.2350001335144,0.41700005531311035
100.85000014305115,101.28900003433228,0.43899989128112793
100.85500001907349,101.28900003433228,0.43400001525878906
100.85899996757507,101.28900003433228,0.43000006675720215
100.86700010299683,101.30900001525879,0.4419999122619629
100.90000009536743,101.28900003433228,0.38899993896484375
100.90499997138977,101.77100014686584,0.8660001754760742
100.90900015830994,101.28900003433228,0.37999987602233887
100.91700005531311,101.77100014686584,0.8540000915527344
100.95000004768372,101.30900001525879,0.35899996757507324
100.95499992370605,101.77100014686584,0.81600022315979
100.95900011062622,101.30900001525879,0.34999990463256836
100.96799993515015,101.77100014686584,0.8030002117156982
101.00099992752075,101.30900001525879,0.3080000877380371
101.00500011444092,101.77100014686584,0.7660000324249268
101.0090000629425,101.30900001525879,0.2999999523162842
101.01800012588501,101.77100014686584,0.753000020980835
101.04999995231628,101.7720000743866,0.7220001220703125
101.05599999427795,101.77100014686584,0.7150001525878906
101.05900001525879,101.77100014686584,0.7120001316070557
101.06700015068054,101.77100014686584,0.7039999961853027
101.10000014305115,101.7720000743866,0.6719999313354492
101.10500001907349,101.77100014686584,0.6660001277923584
101.10899996757507,101.77100014686584,0.6620001792907715
101.11700010299683,101.77100014686584,0.6540000438690186
101.15000009536743,101.81599998474121,0.6659998893737793
101.15499997138977,101.77100014686584,0.6160001754760742
101.15900015830994,101.7720000743866,0.6129999160766602
101.16799998283386,101.7720000743866,0.6040000915527344
101.20099997520447,101.81599998474121,0.6150000095367432
101.20499992370605,101.76999998092651,0.565000057220459
101.20900011062622,101.81599998474121,0.6069998741149902
101.21799993515015,101.7720000743866,0.5540001392364502
101.25099992752075,101.81599998474121,0.565000057220459
101.25600004196167,101.76999998092651,0.5139999389648438
101.2590000629425,101.81599998474121,0.556999921798706
101.26699995994568,101.93700003623962,0.6700000762939453
101.29999995231628,101.81599998474121,0.5160000324249268
101.3050000667572,101.81599998474121,0.5109999179840088
101.30900001525879,101.81599998474121,0.5069999694824219
101.31700015068054,101.93700003623962,0.619999885559082
101.35000014305115,101.81599998474121,0.4659998416900635
101.35500001907349,102.01200008392334,0.6570000648498535
101.35899996757507,101.93700003623962,0.5780000686645508
101.36800003051758,102.01100015640259,0.6430001258850098
101.40100002288818,101.93700003623962,0.5360000133514404
101.40499997138977,102.01200008392334,0.6070001125335693
101.40900015830994,101.93700003623962,0.5279998779296875
101.41799998283386,102.01100015640259,0.5930001735687256
101.45099997520447,102.01200008392334,0.5610001087188721
101.45499992370605,102.01200008392334,0.5570001602172852
101.45900011062622,102.01200008392334,0.5529999732971191
101.46799993515015,102.01100015640259,0.5430002212524414
101.5,102.01200008392334,0.5120000839233398
101.50600004196167,102.01200008392334,0.5060000419616699
101.5090000629425,102.01100015640259,0.502000093460083
101.51699995994568,102.01100015640259,0.4940001964569092
101.54999995231628,102.01200008392334,0.46200013160705566
101.5550000667572,102.01200008392334,0.4570000171661377
101.55900001525879,102.01100015640259,0.45200014114379883
101.5680000782013,102.01100015640259,0.44300007820129395
101.6010000705719,102.01200008392334,0.41100001335144043
101.60500001907349,102.01200008392334,0.4070000648498535
101.60899996757507,102.01100015640259,0.40200018882751465
101.61800003051758,102.01100015640259,0.39300012588500977
101.65000009536743,102.3840000629425,0.7339999675750732
101.65499997138977,102.01200008392334,0.35700011253356934
101.65900015830994,102.02900004386902,0.36999988555908203
101.66700005531311,102.01100015640259,0.34400010108947754
101.70000004768372,102.38300013542175,0.6830000877380371
101.70600008964539,102.02900004386902,0.3229999542236328
101.70900011062622,102.3840000629425,0.6749999523162842
101.71799993515015,102.02800011634827,0.3100001811981201
101.75,102.38300013542175,0.6330001354217529
101.75500011444092,102.02900004386902,0.2739999294281006
101.7590000629425,102.3840000629425,0.625
101.76800012588501,102.4980001449585,0.7300000190734863
101.80100011825562,102.38300013542175,0.5820000171661377
101.8050000667572,102.3840000629425,0.5789999961853027
101.80900001525879,102.3840000629425,0.5750000476837158
101.8180000782013,102.4980001449585,0.6800000667572021
101.8510000705719,102.38300013542175,0.5320000648498535
101.85500001907349,102.3840000629425,0.5290000438690186
101.85899996757507,102.3840000629425,0.5250000953674316
101.86800003051758,102.4980001449585,0.630000114440918
101.90000009536743,102.38300013542175,0.4830000400543213
101.90499997138977,102.3840000629425,0.4790000915527344
101.90900015830994,102.3840000629425,0.47499990463256836
101.95000004768372,102.4980001449585,0.5480000972747803
101.95900011062622,102.3840000629425,0.4249999523162842
102.0,102.4980001449585,0.4980001449584961
102.0090000629425,102.4980001449585,0.4890000820159912
102.05100011825562,102.4980001449585,0.44700002670288086
