2026-02-03 23:51:46,150 - __main__ - INFO - Starting Autobahn Continuous CMAB Training
2026-02-03 23:51:46,151 - __main__ - INFO - metrics_dir=/home/ccclr0302/autobahn/metrics-0 parameters_file=/home/ccclr0302/autobahn-test/benchmark/.parameters-0.json
2026-02-03 23:51:46,157 - __main__ - INFO - Loaded CMAB policy from /home/ccclr0302/autobahn-test/experiment-log/S3-dynamic/cmab_checkpoint_50.pkl
2026-02-03 23:51:46,158 - cmab.trainer - INFO - Initializing CMAB training loop...
2026-02-03 23:51:46,158 - cmab.trainer - INFO - Policy: rf_ts
2026-02-03 23:51:46,158 - cmab.trainer - INFO - Iterations: 200
2026-02-03 23:51:46,158 - cmab.trainer - INFO - No existing metrics file, waiting for epoch 0...
2026-02-03 23:52:10,427 - cmab.policy - INFO - ================================================================================
2026-02-03 23:52:10,427 - cmab.policy - INFO - SELECT ARM - Detailed Prediction Analysis
2026-02-03 23:52:10,427 - cmab.policy - INFO - Context: [0.         0.05837912 0.05837912 0.         0.        ]
2026-02-03 23:52:10,427 - cmab.policy - INFO - Number of trees in forest: 10
2026-02-03 23:52:10,427 - cmab.policy - INFO - 
2026-02-03 23:52:10,427 - cmab.policy - INFO - Prediction statistics across all trees:
2026-02-03 23:52:10,427 - cmab.policy - INFO -   Mean predictions (top 5 arms): [0.909780, 0.909780, 0.901881, 0.901881, 0.898747]
2026-02-03 23:52:10,427 - cmab.policy - INFO -   Std predictions (top 5 arms): [0.076158, 0.076158, 0.054519, 0.054519, 0.071666]
2026-02-03 23:52:10,427 - cmab.policy - INFO - 
2026-02-03 23:52:10,427 - cmab.policy - INFO - Top 5 arms by mean prediction:
2026-02-03 23:52:10,428 - cmab.policy - INFO -   #1: arm=batch_size=100000,header_size=128,cut_condition_type=3,fast_path_timeout=0,k=1, mean=0.909780, std=0.076158
2026-02-03 23:52:10,428 - cmab.policy - INFO -   #2: arm=batch_size=100000,header_size=128,cut_condition_type=3,fast_path_timeout=0,k=3, mean=0.909780, std=0.076158
2026-02-03 23:52:10,428 - cmab.policy - INFO -   #3: arm=batch_size=100000,header_size=128,cut_condition_type=1,fast_path_timeout=0,k=3, mean=0.901881, std=0.054519
2026-02-03 23:52:10,428 - cmab.policy - INFO -   #4: arm=batch_size=100000,header_size=128,cut_condition_type=1,fast_path_timeout=0,k=1, mean=0.901881, std=0.054519
2026-02-03 23:52:10,428 - cmab.policy - INFO -   #5: arm=batch_size=100000,header_size=64,cut_condition_type=3,fast_path_timeout=0,k=3, mean=0.898747, std=0.071666
2026-02-03 23:52:10,428 - cmab.policy - INFO - 
2026-02-03 23:52:10,428 - cmab.policy - INFO - Selected tree #1 for Thompson Sampling:
2026-02-03 23:52:10,428 - cmab.policy - INFO -   Tree depth: 9
2026-02-03 23:52:10,428 - cmab.policy - INFO -   Tree nodes: 69
2026-02-03 23:52:10,428 - cmab.policy - INFO -   Tree leaves: 35
2026-02-03 23:52:10,428 - cmab.policy - INFO -   Tree shape: (nodes=69, leaves=35, depth=9)
2026-02-03 23:52:10,428 - cmab.policy - INFO -   Tree feature importances: [0.0066138  0.18515783 0.05040367 0.18606526 0.         0.32145572
 0.07897918 0.04894524 0.02114815 0.10123115]
2026-02-03 23:52:10,430 - cmab.policy - INFO -   Forest feature importances: [0.14981723 0.09416015 0.09661084 0.08551773 0.0137866  0.37978886
 0.08614069 0.02099577 0.03553057 0.03765155]
2026-02-03 23:52:10,430 - cmab.policy - INFO -   Top 5 predictions from this tree:
2026-02-03 23:52:10,430 - cmab.policy - INFO -     #1: arm=batch_size=100000,header_size=64,cut_condition_type=3,fast_path_timeout=100,k=3, pred=1.074166
2026-02-03 23:52:10,430 - cmab.policy - INFO -     #2: arm=batch_size=100000,header_size=128,cut_condition_type=3,fast_path_timeout=0,k=1, pred=1.074166
2026-02-03 23:52:10,430 - cmab.policy - INFO -     #3: arm=batch_size=100000,header_size=64,cut_condition_type=3,fast_path_timeout=100,k=1, pred=1.074166
2026-02-03 23:52:10,430 - cmab.policy - INFO -     #4: arm=batch_size=100000,header_size=64,cut_condition_type=3,fast_path_timeout=400,k=1, pred=1.074166
2026-02-03 23:52:10,430 - cmab.policy - INFO -     #5: arm=batch_size=100000,header_size=64,cut_condition_type=3,fast_path_timeout=400,k=3, pred=1.074166
2026-02-03 23:52:10,430 - cmab.policy - INFO - 
2026-02-03 23:52:10,430 - cmab.policy - INFO -   Found 12 arms with same max prediction (1.074166), randomly selecting one...
2026-02-03 23:52:10,430 - cmab.policy - INFO - 
2026-02-03 23:52:10,431 - cmab.policy - INFO - ✓ SELECTED ARM: batch_size=100000,header_size=128,cut_condition_type=3,fast_path_timeout=0,k=3 (prediction=1.074166)
2026-02-03 23:52:10,431 - cmab.policy - INFO - ================================================================================
2026-02-03 23:52:10,434 - cmab.trainer - INFO - Updated parameters file: /home/ccclr0302/autobahn-test/benchmark/.parameters-0.json
2026-02-03 23:52:10,435 - cmab.trainer - INFO - 🚩 Created RL parameter update signal file (epoch 0): /tmp/autobahn_rl_param_update_0.signal
2026-02-03 23:52:10,435 - cmab.trainer - INFO - Applied params: {'batch_size': 100000, 'header_size': 128, 'cut_condition_type': 3, 'fast_path_timeout': 0, 'k': 3}
2026-02-03 23:52:10,435 - cmab.trainer - INFO - Waiting for next metrics file...
2026-02-03 23:52:34,298 - cmab.trainer - INFO - Iteration 1 : context=[0.         0.05837912 0.05837912 0.         0.        ] arm=batch_size=100000,header_size=128,cut_condition_type=3,fast_path_timeout=0,k=3 params={'batch_size': 100000, 'header_size': 128, 'cut_condition_type': 3, 'fast_path_timeout': 0, 'k': 3}
2026-02-03 23:52:34,298 - cmab.trainer - INFO - Iteration 1 reward=1.024430 avg_reward(20)=1.024430 last_metrics=epoch_1_slot_36.json top_arm=batch_size=100000,header_size=128,cut_condition_type=3,fast_path_timeout=0,k=3 top_ratio=1.00
2026-02-03 23:52:34,300 - cmab.policy - INFO - ================================================================================
2026-02-03 23:52:34,300 - cmab.policy - INFO - SELECT ARM - Detailed Prediction Analysis
2026-02-03 23:52:34,300 - cmab.policy - INFO - Context: [5.470221   0.15842797 0.12301602 0.         0.        ]
2026-02-03 23:52:34,301 - cmab.policy - INFO - Number of trees in forest: 10
2026-02-03 23:52:34,301 - cmab.policy - INFO - 
2026-02-03 23:52:34,301 - cmab.policy - INFO - Prediction statistics across all trees:
2026-02-03 23:52:34,301 - cmab.policy - INFO -   Mean predictions (top 5 arms): [0.901531, 0.901531, 0.897726, 0.897726, 0.894668]
2026-02-03 23:52:34,301 - cmab.policy - INFO -   Std predictions (top 5 arms): [0.208135, 0.208135, 0.209043, 0.209043, 0.207096]
2026-02-03 23:52:34,301 - cmab.policy - INFO - 
2026-02-03 23:52:34,301 - cmab.policy - INFO - Top 5 arms by mean prediction:
2026-02-03 23:52:34,301 - cmab.policy - INFO -   #1: arm=batch_size=100000,header_size=64,cut_condition_type=1,fast_path_timeout=0,k=1, mean=0.901531, std=0.208135
2026-02-03 23:52:34,301 - cmab.policy - INFO -   #2: arm=batch_size=100000,header_size=64,cut_condition_type=1,fast_path_timeout=0,k=3, mean=0.901531, std=0.208135
2026-02-03 23:52:34,301 - cmab.policy - INFO -   #3: arm=batch_size=100000,header_size=32,cut_condition_type=1,fast_path_timeout=0,k=1, mean=0.897726, std=0.209043
2026-02-03 23:52:34,301 - cmab.policy - INFO -   #4: arm=batch_size=100000,header_size=32,cut_condition_type=1,fast_path_timeout=0,k=3, mean=0.897726, std=0.209043
2026-02-03 23:52:34,301 - cmab.policy - INFO -   #5: arm=batch_size=100000,header_size=64,cut_condition_type=1,fast_path_timeout=100,k=3, mean=0.894668, std=0.207096
2026-02-03 23:52:34,301 - cmab.policy - INFO - 
2026-02-03 23:52:34,301 - cmab.policy - INFO - Selected tree #10 for Thompson Sampling:
2026-02-03 23:52:34,301 - cmab.policy - INFO -   Tree depth: 11
2026-02-03 23:52:34,301 - cmab.policy - INFO -   Tree nodes: 75
2026-02-03 23:52:34,301 - cmab.policy - INFO -   Tree leaves: 38
2026-02-03 23:52:34,301 - cmab.policy - INFO -   Tree shape: (nodes=75, leaves=38, depth=11)
2026-02-03 23:52:34,301 - cmab.policy - INFO -   Tree feature importances: [0.28429491 0.06134637 0.02297097 0.07147235 0.         0.370138
 0.08901018 0.         0.01791717 0.08285005]
2026-02-03 23:52:34,303 - cmab.policy - INFO -   Forest feature importances: [0.14981723 0.09416015 0.09661084 0.08551773 0.0137866  0.37978886
 0.08614069 0.02099577 0.03553057 0.03765155]
2026-02-03 23:52:34,303 - cmab.policy - INFO -   Top 5 predictions from this tree:
2026-02-03 23:52:34,303 - cmab.policy - INFO -     #1: arm=batch_size=750000,header_size=32,cut_condition_type=1,fast_path_timeout=100,k=1, pred=0.687805
2026-02-03 23:52:34,304 - cmab.policy - INFO -     #2: arm=batch_size=750000,header_size=32,cut_condition_type=3,fast_path_timeout=100,k=1, pred=0.687805
2026-02-03 23:52:34,304 - cmab.policy - INFO -     #3: arm=batch_size=750000,header_size=64,cut_condition_type=1,fast_path_timeout=100,k=3, pred=0.687805
2026-02-03 23:52:34,304 - cmab.policy - INFO -     #4: arm=batch_size=750000,header_size=64,cut_condition_type=1,fast_path_timeout=0,k=3, pred=0.687805
2026-02-03 23:52:34,304 - cmab.policy - INFO -     #5: arm=batch_size=750000,header_size=64,cut_condition_type=1,fast_path_timeout=0,k=1, pred=0.687805
2026-02-03 23:52:34,304 - cmab.policy - INFO - 
2026-02-03 23:52:34,304 - cmab.policy - INFO -   Found 24 arms with same max prediction (0.687805), randomly selecting one...
2026-02-03 23:52:34,304 - cmab.policy - INFO - 
2026-02-03 23:52:34,304 - cmab.policy - INFO - ✓ SELECTED ARM: batch_size=750000,header_size=64,cut_condition_type=1,fast_path_timeout=0,k=1 (prediction=0.687805)
2026-02-03 23:52:34,304 - cmab.policy - INFO - ================================================================================
2026-02-03 23:52:34,307 - cmab.trainer - INFO - Updated parameters file: /home/ccclr0302/autobahn-test/benchmark/.parameters-0.json
2026-02-03 23:52:34,307 - cmab.trainer - INFO - 🚩 Created RL parameter update signal file (epoch 1): /tmp/autobahn_rl_param_update_1.signal
2026-02-03 23:52:34,307 - cmab.trainer - INFO - Applied params: {'batch_size': 750000, 'header_size': 64, 'cut_condition_type': 1, 'fast_path_timeout': 0, 'k': 1}
2026-02-03 23:52:34,307 - cmab.trainer - INFO - Waiting for next metrics file...
2026-02-03 23:52:52,456 - cmab.trainer - INFO - Iteration 2 : context=[5.470221   0.15842797 0.12301602 0.         0.        ] arm=batch_size=750000,header_size=64,cut_condition_type=1,fast_path_timeout=0,k=1 params={'batch_size': 750000, 'header_size': 64, 'cut_condition_type': 1, 'fast_path_timeout': 0, 'k': 1}
2026-02-03 23:52:52,456 - cmab.trainer - INFO - Iteration 2 reward=0.913677 avg_reward(20)=0.969053 last_metrics=epoch_2_slot_66.json top_arm=batch_size=100000,header_size=128,cut_condition_type=3,fast_path_timeout=0,k=3 top_ratio=0.50
2026-02-03 23:52:52,459 - cmab.policy - INFO - ================================================================================
2026-02-03 23:52:52,459 - cmab.policy - INFO - SELECT ARM - Detailed Prediction Analysis
2026-02-03 23:52:52,459 - cmab.policy - INFO - Context: [0.         0.16407155 1.2131687  0.06869908 0.        ]
2026-02-03 23:52:52,459 - cmab.policy - INFO - Number of trees in forest: 10
2026-02-03 23:52:52,459 - cmab.policy - INFO - 
2026-02-03 23:52:52,459 - cmab.policy - INFO - Prediction statistics across all trees:
2026-02-03 23:52:52,459 - cmab.policy - INFO -   Mean predictions (top 5 arms): [0.931518, 0.929631, 0.923619, 0.914869, 0.910636]
2026-02-03 23:52:52,459 - cmab.policy - INFO -   Std predictions (top 5 arms): [0.122128, 0.123197, 0.111494, 0.111847, 0.088546]
2026-02-03 23:52:52,459 - cmab.policy - INFO - 
2026-02-03 23:52:52,459 - cmab.policy - INFO - Top 5 arms by mean prediction:
2026-02-03 23:52:52,459 - cmab.policy - INFO -   #1: arm=batch_size=100000,header_size=128,cut_condition_type=3,fast_path_timeout=0,k=1, mean=0.931518, std=0.122128
2026-02-03 23:52:52,459 - cmab.policy - INFO -   #2: arm=batch_size=100000,header_size=128,cut_condition_type=3,fast_path_timeout=100,k=1, mean=0.929631, std=0.123197
2026-02-03 23:52:52,459 - cmab.policy - INFO -   #3: arm=batch_size=100000,header_size=128,cut_condition_type=1,fast_path_timeout=0,k=1, mean=0.923619, std=0.111494
2026-02-03 23:52:52,459 - cmab.policy - INFO -   #4: arm=batch_size=100000,header_size=128,cut_condition_type=1,fast_path_timeout=100,k=1, mean=0.914869, std=0.111847
2026-02-03 23:52:52,459 - cmab.policy - INFO -   #5: arm=batch_size=100000,header_size=128,cut_condition_type=3,fast_path_timeout=0,k=3, mean=0.910636, std=0.088546
2026-02-03 23:52:52,459 - cmab.policy - INFO - 
2026-02-03 23:52:52,459 - cmab.policy - INFO - Selected tree #1 for Thompson Sampling:
2026-02-03 23:52:52,460 - cmab.policy - INFO -   Tree depth: 9
2026-02-03 23:52:52,460 - cmab.policy - INFO -   Tree nodes: 69
2026-02-03 23:52:52,460 - cmab.policy - INFO -   Tree leaves: 35
2026-02-03 23:52:52,460 - cmab.policy - INFO -   Tree shape: (nodes=69, leaves=35, depth=9)
2026-02-03 23:52:52,460 - cmab.policy - INFO -   Tree feature importances: [0.0066138  0.18515783 0.05040367 0.18606526 0.         0.32145572
 0.07897918 0.04894524 0.02114815 0.10123115]
2026-02-03 23:52:52,462 - cmab.policy - INFO -   Forest feature importances: [0.14981723 0.09416015 0.09661084 0.08551773 0.0137866  0.37978886
 0.08614069 0.02099577 0.03553057 0.03765155]
2026-02-03 23:52:52,462 - cmab.policy - INFO -   Top 5 predictions from this tree:
2026-02-03 23:52:52,462 - cmab.policy - INFO -     #1: arm=batch_size=100000,header_size=64,cut_condition_type=3,fast_path_timeout=100,k=3, pred=1.074166
2026-02-03 23:52:52,462 - cmab.policy - INFO -     #2: arm=batch_size=100000,header_size=128,cut_condition_type=3,fast_path_timeout=0,k=1, pred=1.074166
2026-02-03 23:52:52,462 - cmab.policy - INFO -     #3: arm=batch_size=100000,header_size=64,cut_condition_type=3,fast_path_timeout=100,k=1, pred=1.074166
2026-02-03 23:52:52,462 - cmab.policy - INFO -     #4: arm=batch_size=100000,header_size=64,cut_condition_type=3,fast_path_timeout=400,k=1, pred=1.074166
2026-02-03 23:52:52,462 - cmab.policy - INFO -     #5: arm=batch_size=100000,header_size=64,cut_condition_type=3,fast_path_timeout=400,k=3, pred=1.074166
2026-02-03 23:52:52,462 - cmab.policy - INFO - 
2026-02-03 23:52:52,462 - cmab.policy - INFO -   Found 12 arms with same max prediction (1.074166), randomly selecting one...
2026-02-03 23:52:52,462 - cmab.policy - INFO - 
2026-02-03 23:52:52,462 - cmab.policy - INFO - ✓ SELECTED ARM: batch_size=100000,header_size=64,cut_condition_type=3,fast_path_timeout=0,k=3 (prediction=1.074166)
2026-02-03 23:52:52,462 - cmab.policy - INFO - ================================================================================
2026-02-03 23:52:52,465 - cmab.trainer - INFO - Updated parameters file: /home/ccclr0302/autobahn-test/benchmark/.parameters-0.json
2026-02-03 23:52:52,465 - cmab.trainer - INFO - 🚩 Created RL parameter update signal file (epoch 2): /tmp/autobahn_rl_param_update_2.signal
2026-02-03 23:52:52,466 - cmab.trainer - INFO - Applied params: {'batch_size': 100000, 'header_size': 64, 'cut_condition_type': 3, 'fast_path_timeout': 0, 'k': 3}
2026-02-03 23:52:52,466 - cmab.trainer - INFO - Waiting for next metrics file...
2026-02-03 23:53:12,719 - cmab.trainer - INFO - Iteration 3 : context=[0.         0.16407155 1.2131687  0.06869908 0.        ] arm=batch_size=100000,header_size=64,cut_condition_type=3,fast_path_timeout=0,k=3 params={'batch_size': 100000, 'header_size': 64, 'cut_condition_type': 3, 'fast_path_timeout': 0, 'k': 3}
2026-02-03 23:53:12,720 - cmab.trainer - INFO - Iteration 3 reward=1.095318 avg_reward(20)=1.011142 last_metrics=epoch_3_slot_96.json top_arm=batch_size=100000,header_size=128,cut_condition_type=3,fast_path_timeout=0,k=3 top_ratio=0.33
2026-02-03 23:53:12,722 - cmab.policy - INFO - ================================================================================
2026-02-03 23:53:12,722 - cmab.policy - INFO - SELECT ARM - Detailed Prediction Analysis
2026-02-03 23:53:12,722 - cmab.policy - INFO - Context: [ 0.59092253  0.6741797   0.         11.331095    0.        ]
2026-02-03 23:53:12,723 - cmab.policy - INFO - Number of trees in forest: 10
2026-02-03 23:53:12,723 - cmab.policy - INFO - 
2026-02-03 23:53:12,723 - cmab.policy - INFO - Prediction statistics across all trees:
2026-02-03 23:53:12,723 - cmab.policy - INFO -   Mean predictions (top 5 arms): [0.962983, 0.962983, 0.961207, 0.961207, 0.959281]
2026-02-03 23:53:12,723 - cmab.policy - INFO -   Std predictions (top 5 arms): [0.121039, 0.121039, 0.126569, 0.126569, 0.128745]
2026-02-03 23:53:12,723 - cmab.policy - INFO - 
2026-02-03 23:53:12,723 - cmab.policy - INFO - Top 5 arms by mean prediction:
2026-02-03 23:53:12,723 - cmab.policy - INFO -   #1: arm=batch_size=100000,header_size=128,cut_condition_type=3,fast_path_timeout=0,k=3, mean=0.962983, std=0.121039
2026-02-03 23:53:12,723 - cmab.policy - INFO -   #2: arm=batch_size=100000,header_size=128,cut_condition_type=3,fast_path_timeout=100,k=3, mean=0.962983, std=0.121039
2026-02-03 23:53:12,723 - cmab.policy - INFO -   #3: arm=batch_size=100000,header_size=32,cut_condition_type=3,fast_path_timeout=0,k=3, mean=0.961207, std=0.126569
2026-02-03 23:53:12,723 - cmab.policy - INFO -   #4: arm=batch_size=100000,header_size=32,cut_condition_type=3,fast_path_timeout=100,k=3, mean=0.961207, std=0.126569
2026-02-03 23:53:12,723 - cmab.policy - INFO -   #5: arm=batch_size=100000,header_size=64,cut_condition_type=3,fast_path_timeout=100,k=3, mean=0.959281, std=0.128745
2026-02-03 23:53:12,723 - cmab.policy - INFO - 
2026-02-03 23:53:12,723 - cmab.policy - INFO - Selected tree #10 for Thompson Sampling:
2026-02-03 23:53:12,723 - cmab.policy - INFO -   Tree depth: 11
2026-02-03 23:53:12,723 - cmab.policy - INFO -   Tree nodes: 75
2026-02-03 23:53:12,723 - cmab.policy - INFO -   Tree leaves: 38
2026-02-03 23:53:12,723 - cmab.policy - INFO -   Tree shape: (nodes=75, leaves=38, depth=11)
2026-02-03 23:53:12,723 - cmab.policy - INFO -   Tree feature importances: [0.28429491 0.06134637 0.02297097 0.07147235 0.         0.370138
 0.08901018 0.         0.01791717 0.08285005]
2026-02-03 23:53:12,725 - cmab.policy - INFO -   Forest feature importances: [0.14981723 0.09416015 0.09661084 0.08551773 0.0137866  0.37978886
 0.08614069 0.02099577 0.03553057 0.03765155]
2026-02-03 23:53:12,725 - cmab.policy - INFO -   Top 5 predictions from this tree:
2026-02-03 23:53:12,725 - cmab.policy - INFO -     #1: arm=batch_size=100000,header_size=128,cut_condition_type=1,fast_path_timeout=400,k=3, pred=0.805337
2026-02-03 23:53:12,725 - cmab.policy - INFO -     #2: arm=batch_size=100000,header_size=32,cut_condition_type=3,fast_path_timeout=400,k=1, pred=0.805337
2026-02-03 23:53:12,726 - cmab.policy - INFO -     #3: arm=batch_size=100000,header_size=64,cut_condition_type=3,fast_path_timeout=400,k=3, pred=0.805337
2026-02-03 23:53:12,726 - cmab.policy - INFO -     #4: arm=batch_size=100000,header_size=64,cut_condition_type=1,fast_path_timeout=400,k=3, pred=0.805337
2026-02-03 23:53:12,726 - cmab.policy - INFO -     #5: arm=batch_size=100000,header_size=64,cut_condition_type=1,fast_path_timeout=400,k=1, pred=0.805337
2026-02-03 23:53:12,726 - cmab.policy - INFO - 
2026-02-03 23:53:12,726 - cmab.policy - INFO -   Found 12 arms with same max prediction (0.805337), randomly selecting one...
2026-02-03 23:53:12,726 - cmab.policy - INFO - 
2026-02-03 23:53:12,726 - cmab.policy - INFO - ✓ SELECTED ARM: batch_size=100000,header_size=32,cut_condition_type=3,fast_path_timeout=400,k=1 (prediction=0.805337)
2026-02-03 23:53:12,726 - cmab.policy - INFO - ================================================================================
2026-02-03 23:53:12,831 - cmab.trainer - INFO - Updated parameters file: /home/ccclr0302/autobahn-test/benchmark/.parameters-0.json
2026-02-03 23:53:12,831 - cmab.trainer - INFO - 🚩 Created RL parameter update signal file (epoch 3): /tmp/autobahn_rl_param_update_3.signal
2026-02-03 23:53:12,831 - cmab.trainer - INFO - Applied params: {'batch_size': 100000, 'header_size': 32, 'cut_condition_type': 3, 'fast_path_timeout': 400, 'k': 1}
2026-02-03 23:53:12,831 - cmab.trainer - INFO - Waiting for next metrics file...
2026-02-03 23:53:37,396 - cmab.trainer - INFO - Iteration 4 : context=[ 0.59092253  0.6741797   0.         11.331095    0.        ] arm=batch_size=100000,header_size=32,cut_condition_type=3,fast_path_timeout=400,k=1 params={'batch_size': 100000, 'header_size': 32, 'cut_condition_type': 3, 'fast_path_timeout': 400, 'k': 1}
2026-02-03 23:53:37,396 - cmab.trainer - INFO - Iteration 4 reward=0.852062 avg_reward(20)=0.971372 last_metrics=epoch_4_slot_126.json top_arm=batch_size=100000,header_size=128,cut_condition_type=3,fast_path_timeout=0,k=3 top_ratio=0.25
2026-02-03 23:53:37,399 - cmab.policy - INFO - ================================================================================
2026-02-03 23:53:37,399 - cmab.policy - INFO - SELECT ARM - Detailed Prediction Analysis
2026-02-03 23:53:37,399 - cmab.policy - INFO - Context: [ 1.7134535  1.6212093 20.         0.         0.       ]
2026-02-03 23:53:37,399 - cmab.policy - INFO - Number of trees in forest: 10
2026-02-03 23:53:37,399 - cmab.policy - INFO - 
2026-02-03 23:53:37,399 - cmab.policy - INFO - Prediction statistics across all trees:
2026-02-03 23:53:37,399 - cmab.policy - INFO -   Mean predictions (top 5 arms): [0.916895, 0.916895, 0.913687, 0.913687, 0.913687]
2026-02-03 23:53:37,399 - cmab.policy - INFO -   Std predictions (top 5 arms): [0.059897, 0.059897, 0.057370, 0.057370, 0.057370]
2026-02-03 23:53:37,399 - cmab.policy - INFO - 
2026-02-03 23:53:37,399 - cmab.policy - INFO - Top 5 arms by mean prediction:
2026-02-03 23:53:37,399 - cmab.policy - INFO -   #1: arm=batch_size=100000,header_size=32,cut_condition_type=1,fast_path_timeout=0,k=1, mean=0.916895, std=0.059897
2026-02-03 23:53:37,399 - cmab.policy - INFO -   #2: arm=batch_size=100000,header_size=32,cut_condition_type=1,fast_path_timeout=0,k=3, mean=0.916895, std=0.059897
2026-02-03 23:53:37,399 - cmab.policy - INFO -   #3: arm=batch_size=100000,header_size=32,cut_condition_type=3,fast_path_timeout=0,k=1, mean=0.913687, std=0.057370
2026-02-03 23:53:37,399 - cmab.policy - INFO -   #4: arm=batch_size=100000,header_size=32,cut_condition_type=3,fast_path_timeout=100,k=3, mean=0.913687, std=0.057370
2026-02-03 23:53:37,399 - cmab.policy - INFO -   #5: arm=batch_size=100000,header_size=32,cut_condition_type=3,fast_path_timeout=0,k=3, mean=0.913687, std=0.057370
2026-02-03 23:53:37,399 - cmab.policy - INFO - 
2026-02-03 23:53:37,399 - cmab.policy - INFO - Selected tree #5 for Thompson Sampling:
2026-02-03 23:53:37,399 - cmab.policy - INFO -   Tree depth: 10
2026-02-03 23:53:37,399 - cmab.policy - INFO -   Tree nodes: 71
2026-02-03 23:53:37,400 - cmab.policy - INFO -   Tree leaves: 36
2026-02-03 23:53:37,400 - cmab.policy - INFO -   Tree shape: (nodes=71, leaves=36, depth=10)
2026-02-03 23:53:37,400 - cmab.policy - INFO -   Tree feature importances: [0.11970857 0.08484583 0.06111031 0.03158679 0.01716632 0.52532099
 0.08960045 0.0207721  0.03183707 0.01805159]
2026-02-03 23:53:37,402 - cmab.policy - INFO -   Forest feature importances: [0.14981723 0.09416015 0.09661084 0.08551773 0.0137866  0.37978886
 0.08614069 0.02099577 0.03553057 0.03765155]
2026-02-03 23:53:37,402 - cmab.policy - INFO -   Top 5 predictions from this tree:
2026-02-03 23:53:37,402 - cmab.policy - INFO -     #1: arm=batch_size=100000,header_size=32,cut_condition_type=1,fast_path_timeout=0,k=1, pred=0.921823
2026-02-03 23:53:37,402 - cmab.policy - INFO -     #2: arm=batch_size=100000,header_size=64,cut_condition_type=3,fast_path_timeout=0,k=1, pred=0.921823
2026-02-03 23:53:37,402 - cmab.policy - INFO -     #3: arm=batch_size=100000,header_size=128,cut_condition_type=3,fast_path_timeout=100,k=3, pred=0.921823
2026-02-03 23:53:37,402 - cmab.policy - INFO -     #4: arm=batch_size=100000,header_size=128,cut_condition_type=3,fast_path_timeout=100,k=1, pred=0.921823
2026-02-03 23:53:37,402 - cmab.policy - INFO -     #5: arm=batch_size=100000,header_size=128,cut_condition_type=3,fast_path_timeout=0,k=3, pred=0.921823
2026-02-03 23:53:37,402 - cmab.policy - INFO - 
2026-02-03 23:53:37,402 - cmab.policy - INFO -   Found 24 arms with same max prediction (0.921823), randomly selecting one...
2026-02-03 23:53:37,402 - cmab.policy - INFO - 
2026-02-03 23:53:37,402 - cmab.policy - INFO - ✓ SELECTED ARM: batch_size=100000,header_size=64,cut_condition_type=1,fast_path_timeout=0,k=3 (prediction=0.921823)
2026-02-03 23:53:37,402 - cmab.policy - INFO - ================================================================================
2026-02-03 23:53:37,405 - cmab.trainer - INFO - Updated parameters file: /home/ccclr0302/autobahn-test/benchmark/.parameters-0.json
2026-02-03 23:53:37,406 - cmab.trainer - INFO - 🚩 Created RL parameter update signal file (epoch 4): /tmp/autobahn_rl_param_update_4.signal
2026-02-03 23:53:37,406 - cmab.trainer - INFO - Applied params: {'batch_size': 100000, 'header_size': 64, 'cut_condition_type': 1, 'fast_path_timeout': 0, 'k': 3}
2026-02-03 23:53:37,406 - cmab.trainer - INFO - Waiting for next metrics file...
[Parallel(n_jobs=1)]: Done  10 out of  10 | elapsed:    0.0s finished
[Parallel(n_jobs=1)]: Done  10 out of  10 | elapsed:    0.0s finished
2026-02-03 23:53:57,672 - cmab.policy - INFO - RF Updated: samples=135, MSE=0.014873
2026-02-03 23:53:57,672 - cmab.trainer - INFO - Iteration 5 : context=[ 1.7134535  1.6212093 20.         0.         0.       ] arm=batch_size=100000,header_size=64,cut_condition_type=1,fast_path_timeout=0,k=3 params={'batch_size': 100000, 'header_size': 64, 'cut_condition_type': 1, 'fast_path_timeout': 0, 'k': 3}
2026-02-03 23:53:57,672 - cmab.trainer - INFO - Iteration 5 reward=0.960624 avg_reward(20)=0.969222 last_metrics=epoch_5_slot_156.json top_arm=batch_size=100000,header_size=128,cut_condition_type=3,fast_path_timeout=0,k=3 top_ratio=0.20
2026-02-03 23:53:57,674 - cmab.policy - INFO - ================================================================================
2026-02-03 23:53:57,674 - cmab.policy - INFO - SELECT ARM - Detailed Prediction Analysis
2026-02-03 23:53:57,675 - cmab.policy - INFO - Context: [ 0.54987884 11.290035    0.          0.65072536  0.        ]
2026-02-03 23:53:57,675 - cmab.policy - INFO - Number of trees in forest: 10
2026-02-03 23:53:57,675 - cmab.policy - INFO - 
2026-02-03 23:53:57,675 - cmab.policy - INFO - Prediction statistics across all trees:
2026-02-03 23:53:57,675 - cmab.policy - INFO -   Mean predictions (top 5 arms): [1.043069, 1.043069, 1.021804, 1.021804, 1.011200]
2026-02-03 23:53:57,675 - cmab.policy - INFO -   Std predictions (top 5 arms): [0.281488, 0.281488, 0.279000, 0.279000, 0.262114]
2026-02-03 23:53:57,675 - cmab.policy - INFO - 
2026-02-03 23:53:57,675 - cmab.policy - INFO - Top 5 arms by mean prediction:
2026-02-03 23:53:57,675 - cmab.policy - INFO -   #1: arm=batch_size=100000,header_size=64,cut_condition_type=3,fast_path_timeout=100,k=3, mean=1.043069, std=0.281488
2026-02-03 23:53:57,675 - cmab.policy - INFO -   #2: arm=batch_size=100000,header_size=64,cut_condition_type=3,fast_path_timeout=0,k=3, mean=1.043069, std=0.281488
2026-02-03 23:53:57,675 - cmab.policy - INFO -   #3: arm=batch_size=100000,header_size=32,cut_condition_type=3,fast_path_timeout=0,k=3, mean=1.021804, std=0.279000
2026-02-03 23:53:57,675 - cmab.policy - INFO -   #4: arm=batch_size=100000,header_size=32,cut_condition_type=3,fast_path_timeout=100,k=3, mean=1.021804, std=0.279000
2026-02-03 23:53:57,675 - cmab.policy - INFO -   #5: arm=batch_size=100000,header_size=64,cut_condition_type=3,fast_path_timeout=100,k=1, mean=1.011200, std=0.262114
2026-02-03 23:53:57,675 - cmab.policy - INFO - 
2026-02-03 23:53:57,675 - cmab.policy - INFO - Selected tree #6 for Thompson Sampling:
2026-02-03 23:53:57,675 - cmab.policy - INFO -   Tree depth: 9
2026-02-03 23:53:57,675 - cmab.policy - INFO -   Tree nodes: 73
2026-02-03 23:53:57,675 - cmab.policy - INFO -   Tree leaves: 37
2026-02-03 23:53:57,675 - cmab.policy - INFO -   Tree shape: (nodes=73, leaves=37, depth=9)
2026-02-03 23:53:57,676 - cmab.policy - INFO -   Tree feature importances: [0.01494287 0.05327926 0.05755407 0.21243077 0.         0.42583326
 0.15289495 0.03184767 0.05121714 0.        ]
2026-02-03 23:53:57,678 - cmab.policy - INFO -   Forest feature importances: [0.06784186 0.09825937 0.08865222 0.10753177 0.02965455 0.39115838
 0.11787427 0.01598929 0.04442026 0.03861803]
2026-02-03 23:53:57,678 - cmab.policy - INFO -   Top 5 predictions from this tree:
2026-02-03 23:53:57,678 - cmab.policy - INFO -     #1: arm=batch_size=100000,header_size=64,cut_condition_type=3,fast_path_timeout=100,k=1, pred=1.179100
2026-02-03 23:53:57,678 - cmab.policy - INFO -     #2: arm=batch_size=100000,header_size=64,cut_condition_type=3,fast_path_timeout=100,k=3, pred=1.179100
2026-02-03 23:53:57,678 - cmab.policy - INFO -     #3: arm=batch_size=100000,header_size=64,cut_condition_type=3,fast_path_timeout=0,k=3, pred=1.179100
2026-02-03 23:53:57,678 - cmab.policy - INFO -     #4: arm=batch_size=100000,header_size=64,cut_condition_type=3,fast_path_timeout=0,k=1, pred=1.179100
2026-02-03 23:53:57,678 - cmab.policy - INFO -     #5: arm=batch_size=100000,header_size=128,cut_condition_type=3,fast_path_timeout=0,k=1, pred=1.179100
2026-02-03 23:53:57,678 - cmab.policy - INFO - 
2026-02-03 23:53:57,678 - cmab.policy - INFO -   Found 8 arms with same max prediction (1.179100), randomly selecting one...
2026-02-03 23:53:57,678 - cmab.policy - INFO - 
2026-02-03 23:53:57,678 - cmab.policy - INFO - ✓ SELECTED ARM: batch_size=100000,header_size=128,cut_condition_type=3,fast_path_timeout=0,k=1 (prediction=1.179100)
2026-02-03 23:53:57,678 - cmab.policy - INFO - ================================================================================
2026-02-03 23:53:57,681 - cmab.trainer - INFO - Updated parameters file: /home/ccclr0302/autobahn-test/benchmark/.parameters-0.json
2026-02-03 23:53:57,682 - cmab.trainer - INFO - 🚩 Created RL parameter update signal file (epoch 5): /tmp/autobahn_rl_param_update_5.signal
2026-02-03 23:53:57,682 - cmab.trainer - INFO - Applied params: {'batch_size': 100000, 'header_size': 128, 'cut_condition_type': 3, 'fast_path_timeout': 0, 'k': 1}
2026-02-03 23:53:57,682 - cmab.trainer - INFO - Waiting for next metrics file...
2026-02-03 23:54:19,441 - cmab.trainer - INFO - Iteration 6 : context=[ 0.54987884 11.290035    0.          0.65072536  0.        ] arm=batch_size=100000,header_size=128,cut_condition_type=3,fast_path_timeout=0,k=1 params={'batch_size': 100000, 'header_size': 128, 'cut_condition_type': 3, 'fast_path_timeout': 0, 'k': 1}
2026-02-03 23:54:19,441 - cmab.trainer - INFO - Iteration 6 reward=1.296673 avg_reward(20)=1.023797 last_metrics=epoch_6_slot_186.json top_arm=batch_size=100000,header_size=128,cut_condition_type=3,fast_path_timeout=0,k=3 top_ratio=0.17
2026-02-03 23:54:19,444 - cmab.policy - INFO - ================================================================================
2026-02-03 23:54:19,444 - cmab.policy - INFO - SELECT ARM - Detailed Prediction Analysis
2026-02-03 23:54:19,444 - cmab.policy - INFO - Context: [0.06955185 0.         5.4547043  0.15640914 0.        ]
2026-02-03 23:54:19,444 - cmab.policy - INFO - Number of trees in forest: 10
2026-02-03 23:54:19,444 - cmab.policy - INFO - 
2026-02-03 23:54:19,444 - cmab.policy - INFO - Prediction statistics across all trees:
2026-02-03 23:54:19,444 - cmab.policy - INFO -   Mean predictions (top 5 arms): [1.018577, 1.012184, 1.007179, 1.000786, 0.988663]
2026-02-03 23:54:19,444 - cmab.policy - INFO -   Std predictions (top 5 arms): [0.136923, 0.133871, 0.139135, 0.135596, 0.099132]
2026-02-03 23:54:19,444 - cmab.policy - INFO - 
2026-02-03 23:54:19,444 - cmab.policy - INFO - Top 5 arms by mean prediction:
2026-02-03 23:54:19,444 - cmab.policy - INFO -   #1: arm=batch_size=100000,header_size=64,cut_condition_type=3,fast_path_timeout=100,k=3, mean=1.018577, std=0.136923
2026-02-03 23:54:19,444 - cmab.policy - INFO -   #2: arm=batch_size=100000,header_size=64,cut_condition_type=3,fast_path_timeout=0,k=3, mean=1.012184, std=0.133871
2026-02-03 23:54:19,445 - cmab.policy - INFO -   #3: arm=batch_size=100000,header_size=128,cut_condition_type=3,fast_path_timeout=100,k=3, mean=1.007179, std=0.139135
2026-02-03 23:54:19,445 - cmab.policy - INFO -   #4: arm=batch_size=100000,header_size=128,cut_condition_type=3,fast_path_timeout=0,k=3, mean=1.000786, std=0.135596
2026-02-03 23:54:19,445 - cmab.policy - INFO -   #5: arm=batch_size=100000,header_size=128,cut_condition_type=1,fast_path_timeout=100,k=3, mean=0.988663, std=0.099132
2026-02-03 23:54:19,445 - cmab.policy - INFO - 
2026-02-03 23:54:19,445 - cmab.policy - INFO - Selected tree #7 for Thompson Sampling:
2026-02-03 23:54:19,445 - cmab.policy - INFO -   Tree depth: 11
2026-02-03 23:54:19,445 - cmab.policy - INFO -   Tree nodes: 75
2026-02-03 23:54:19,445 - cmab.policy - INFO -   Tree leaves: 38
2026-02-03 23:54:19,445 - cmab.policy - INFO -   Tree shape: (nodes=75, leaves=38, depth=11)
2026-02-03 23:54:19,445 - cmab.policy - INFO -   Tree feature importances: [1.59007096e-02 1.09991635e-01 6.44509508e-02 1.35521269e-01
 9.22969846e-03 4.36065137e-01 1.74925031e-01 2.39529215e-03
 5.12917223e-02 2.28554995e-04]
2026-02-03 23:54:19,447 - cmab.policy - INFO -   Forest feature importances: [0.06784186 0.09825937 0.08865222 0.10753177 0.02965455 0.39115838
 0.11787427 0.01598929 0.04442026 0.03861803]
2026-02-03 23:54:19,447 - cmab.policy - INFO -   Top 5 predictions from this tree:
2026-02-03 23:54:19,447 - cmab.policy - INFO -     #1: arm=batch_size=100000,header_size=32,cut_condition_type=1,fast_path_timeout=0,k=1, pred=1.153416
2026-02-03 23:54:19,447 - cmab.policy - INFO -     #2: arm=batch_size=100000,header_size=32,cut_condition_type=3,fast_path_timeout=400,k=3, pred=1.153416
2026-02-03 23:54:19,447 - cmab.policy - INFO -     #3: arm=batch_size=100000,header_size=64,cut_condition_type=1,fast_path_timeout=0,k=3, pred=1.153416
2026-02-03 23:54:19,447 - cmab.policy - INFO -     #4: arm=batch_size=100000,header_size=64,cut_condition_type=1,fast_path_timeout=100,k=1, pred=1.153416
2026-02-03 23:54:19,447 - cmab.policy - INFO -     #5: arm=batch_size=100000,header_size=64,cut_condition_type=1,fast_path_timeout=100,k=3, pred=1.153416
2026-02-03 23:54:19,447 - cmab.policy - INFO - 
2026-02-03 23:54:19,447 - cmab.policy - INFO -   Found 24 arms with same max prediction (1.153416), randomly selecting one...
2026-02-03 23:54:19,447 - cmab.policy - INFO - 
2026-02-03 23:54:19,447 - cmab.policy - INFO - ✓ SELECTED ARM: batch_size=100000,header_size=64,cut_condition_type=3,fast_path_timeout=100,k=1 (prediction=1.153416)
2026-02-03 23:54:19,447 - cmab.policy - INFO - ================================================================================
2026-02-03 23:54:19,451 - cmab.trainer - INFO - Updated parameters file: /home/ccclr0302/autobahn-test/benchmark/.parameters-0.json
2026-02-03 23:54:19,451 - cmab.trainer - INFO - 🚩 Created RL parameter update signal file (epoch 6): /tmp/autobahn_rl_param_update_6.signal
2026-02-03 23:54:19,451 - cmab.trainer - INFO - Applied params: {'batch_size': 100000, 'header_size': 64, 'cut_condition_type': 3, 'fast_path_timeout': 100, 'k': 1}
2026-02-03 23:54:19,451 - cmab.trainer - INFO - Waiting for next metrics file...
2026-02-03 23:54:42,514 - cmab.trainer - INFO - Iteration 7 : context=[0.06955185 0.         5.4547043  0.15640914 0.        ] arm=batch_size=100000,header_size=64,cut_condition_type=3,fast_path_timeout=100,k=1 params={'batch_size': 100000, 'header_size': 64, 'cut_condition_type': 3, 'fast_path_timeout': 100, 'k': 1}
2026-02-03 23:54:42,515 - cmab.trainer - INFO - Iteration 7 reward=0.919228 avg_reward(20)=1.008859 last_metrics=epoch_7_slot_216.json top_arm=batch_size=100000,header_size=128,cut_condition_type=3,fast_path_timeout=0,k=3 top_ratio=0.14
2026-02-03 23:54:42,517 - cmab.policy - INFO - ================================================================================
2026-02-03 23:54:42,517 - cmab.policy - INFO - SELECT ARM - Detailed Prediction Analysis
2026-02-03 23:54:42,517 - cmab.policy - INFO - Context: [ 0.6525977 11.301006   0.6117992  0.         0.       ]
2026-02-03 23:54:42,518 - cmab.policy - INFO - Number of trees in forest: 10
2026-02-03 23:54:42,518 - cmab.policy - INFO - 
2026-02-03 23:54:42,518 - cmab.policy - INFO - Prediction statistics across all trees:
2026-02-03 23:54:42,518 - cmab.policy - INFO -   Mean predictions (top 5 arms): [0.939285, 0.931170, 0.928468, 0.927747, 0.922068]
2026-02-03 23:54:42,518 - cmab.policy - INFO -   Std predictions (top 5 arms): [0.143275, 0.140300, 0.147808, 0.143082, 0.151779]
2026-02-03 23:54:42,518 - cmab.policy - INFO - 
2026-02-03 23:54:42,518 - cmab.policy - INFO - Top 5 arms by mean prediction:
2026-02-03 23:54:42,518 - cmab.policy - INFO -   #1: arm=batch_size=100000,header_size=64,cut_condition_type=3,fast_path_timeout=0,k=1, mean=0.939285, std=0.143275
2026-02-03 23:54:42,518 - cmab.policy - INFO -   #2: arm=batch_size=100000,header_size=32,cut_condition_type=3,fast_path_timeout=0,k=1, mean=0.931170, std=0.140300
2026-02-03 23:54:42,518 - cmab.policy - INFO -   #3: arm=batch_size=100000,header_size=64,cut_condition_type=3,fast_path_timeout=0,k=3, mean=0.928468, std=0.147808
2026-02-03 23:54:42,518 - cmab.policy - INFO -   #4: arm=batch_size=100000,header_size=64,cut_condition_type=3,fast_path_timeout=100,k=1, mean=0.927747, std=0.143082
2026-02-03 23:54:42,518 - cmab.policy - INFO -   #5: arm=batch_size=100000,header_size=128,cut_condition_type=3,fast_path_timeout=0,k=3, mean=0.922068, std=0.151779
2026-02-03 23:54:42,518 - cmab.policy - INFO - 
2026-02-03 23:54:42,518 - cmab.policy - INFO - Selected tree #3 for Thompson Sampling:
2026-02-03 23:54:42,518 - cmab.policy - INFO -   Tree depth: 11
2026-02-03 23:54:42,518 - cmab.policy - INFO -   Tree nodes: 65
2026-02-03 23:54:42,518 - cmab.policy - INFO -   Tree leaves: 33
2026-02-03 23:54:42,518 - cmab.policy - INFO -   Tree shape: (nodes=65, leaves=33, depth=11)
2026-02-03 23:54:42,518 - cmab.policy - INFO -   Tree feature importances: [0.003491   0.21247875 0.18659337 0.03466629 0.06642848 0.32756467
 0.10290066 0.01048587 0.03287051 0.02252041]
2026-02-03 23:54:42,520 - cmab.policy - INFO -   Forest feature importances: [0.06784186 0.09825937 0.08865222 0.10753177 0.02965455 0.39115838
 0.11787427 0.01598929 0.04442026 0.03861803]
2026-02-03 23:54:42,520 - cmab.policy - INFO -   Top 5 predictions from this tree:
2026-02-03 23:54:42,520 - cmab.policy - INFO -     #1: arm=batch_size=100000,header_size=128,cut_condition_type=3,fast_path_timeout=100,k=1, pred=1.067668
2026-02-03 23:54:42,520 - cmab.policy - INFO -     #2: arm=batch_size=100000,header_size=64,cut_condition_type=3,fast_path_timeout=100,k=3, pred=1.067668
2026-02-03 23:54:42,520 - cmab.policy - INFO -     #3: arm=batch_size=100000,header_size=128,cut_condition_type=3,fast_path_timeout=100,k=3, pred=1.067668
2026-02-03 23:54:42,520 - cmab.policy - INFO -     #4: arm=batch_size=100000,header_size=128,cut_condition_type=3,fast_path_timeout=0,k=3, pred=1.067668
2026-02-03 23:54:42,520 - cmab.policy - INFO -     #5: arm=batch_size=100000,header_size=128,cut_condition_type=3,fast_path_timeout=0,k=1, pred=1.067668
2026-02-03 23:54:42,520 - cmab.policy - INFO - 
2026-02-03 23:54:42,520 - cmab.policy - INFO -   Found 12 arms with same max prediction (1.067668), randomly selecting one...
2026-02-03 23:54:42,521 - cmab.policy - INFO - 
2026-02-03 23:54:42,521 - cmab.policy - INFO - ✓ SELECTED ARM: batch_size=100000,header_size=32,cut_condition_type=3,fast_path_timeout=0,k=3 (prediction=1.067668)
2026-02-03 23:54:42,521 - cmab.policy - INFO - ================================================================================
2026-02-03 23:54:42,524 - cmab.trainer - INFO - Updated parameters file: /home/ccclr0302/autobahn-test/benchmark/.parameters-0.json
2026-02-03 23:54:42,524 - cmab.trainer - INFO - 🚩 Created RL parameter update signal file (epoch 7): /tmp/autobahn_rl_param_update_7.signal
2026-02-03 23:54:42,524 - cmab.trainer - INFO - Applied params: {'batch_size': 100000, 'header_size': 32, 'cut_condition_type': 3, 'fast_path_timeout': 0, 'k': 3}
2026-02-03 23:54:42,524 - cmab.trainer - INFO - Waiting for next metrics file...
2026-02-03 23:55:00,171 - cmab.trainer - INFO - Iteration 8 : context=[ 0.6525977 11.301006   0.6117992  0.         0.       ] arm=batch_size=100000,header_size=32,cut_condition_type=3,fast_path_timeout=0,k=3 params={'batch_size': 100000, 'header_size': 32, 'cut_condition_type': 3, 'fast_path_timeout': 0, 'k': 3}
2026-02-03 23:55:00,171 - cmab.trainer - INFO - Iteration 8 reward=1.201429 avg_reward(20)=1.032930 last_metrics=epoch_8_slot_246.json top_arm=batch_size=100000,header_size=128,cut_condition_type=3,fast_path_timeout=0,k=3 top_ratio=0.12
2026-02-03 23:55:00,174 - cmab.policy - INFO - ================================================================================
2026-02-03 23:55:00,174 - cmab.policy - INFO - SELECT ARM - Detailed Prediction Analysis
2026-02-03 23:55:00,174 - cmab.policy - INFO - Context: [ 0.         1.6334037  1.7119255 20.         0.       ]
2026-02-03 23:55:00,174 - cmab.policy - INFO - Number of trees in forest: 10
2026-02-03 23:55:00,174 - cmab.policy - INFO - 
2026-02-03 23:55:00,174 - cmab.policy - INFO - Prediction statistics across all trees:
2026-02-03 23:55:00,174 - cmab.policy - INFO -   Mean predictions (top 5 arms): [1.034515, 1.034515, 1.007332, 1.007332, 0.994106]
2026-02-03 23:55:00,174 - cmab.policy - INFO -   Std predictions (top 5 arms): [0.105786, 0.105786, 0.116742, 0.116742, 0.080304]
2026-02-03 23:55:00,174 - cmab.policy - INFO - 
2026-02-03 23:55:00,174 - cmab.policy - INFO - Top 5 arms by mean prediction:
2026-02-03 23:55:00,175 - cmab.policy - INFO -   #1: arm=batch_size=100000,header_size=64,cut_condition_type=3,fast_path_timeout=100,k=3, mean=1.034515, std=0.105786
2026-02-03 23:55:00,175 - cmab.policy - INFO -   #2: arm=batch_size=100000,header_size=32,cut_condition_type=3,fast_path_timeout=100,k=3, mean=1.034515, std=0.105786
2026-02-03 23:55:00,175 - cmab.policy - INFO -   #3: arm=batch_size=100000,header_size=32,cut_condition_type=3,fast_path_timeout=0,k=3, mean=1.007332, std=0.116742
2026-02-03 23:55:00,175 - cmab.policy - INFO -   #4: arm=batch_size=100000,header_size=64,cut_condition_type=3,fast_path_timeout=0,k=3, mean=1.007332, std=0.116742
2026-02-03 23:55:00,175 - cmab.policy - INFO -   #5: arm=batch_size=100000,header_size=32,cut_condition_type=1,fast_path_timeout=100,k=3, mean=0.994106, std=0.080304
2026-02-03 23:55:00,175 - cmab.policy - INFO - 
2026-02-03 23:55:00,175 - cmab.policy - INFO - Selected tree #8 for Thompson Sampling:
2026-02-03 23:55:00,175 - cmab.policy - INFO -   Tree depth: 8
2026-02-03 23:55:00,175 - cmab.policy - INFO -   Tree nodes: 65
2026-02-03 23:55:00,175 - cmab.policy - INFO -   Tree leaves: 33
2026-02-03 23:55:00,175 - cmab.policy - INFO -   Tree shape: (nodes=65, leaves=33, depth=8)
2026-02-03 23:55:00,175 - cmab.policy - INFO -   Tree feature importances: [0.13376863 0.02357234 0.02715768 0.05942722 0.06701683 0.46273778
 0.11280415 0.02057803 0.04632502 0.04661233]
2026-02-03 23:55:00,177 - cmab.policy - INFO -   Forest feature importances: [0.06784186 0.09825937 0.08865222 0.10753177 0.02965455 0.39115838
 0.11787427 0.01598929 0.04442026 0.03861803]
2026-02-03 23:55:00,177 - cmab.policy - INFO -   Top 5 predictions from this tree:
2026-02-03 23:55:00,177 - cmab.policy - INFO -     #1: arm=batch_size=100000,header_size=32,cut_condition_type=1,fast_path_timeout=0,k=1, pred=1.096274
2026-02-03 23:55:00,177 - cmab.policy - INFO -     #2: arm=batch_size=100000,header_size=64,cut_condition_type=1,fast_path_timeout=0,k=1, pred=1.096274
2026-02-03 23:55:00,177 - cmab.policy - INFO -     #3: arm=batch_size=100000,header_size=128,cut_condition_type=1,fast_path_timeout=0,k=3, pred=1.096274
2026-02-03 23:55:00,177 - cmab.policy - INFO -     #4: arm=batch_size=100000,header_size=128,cut_condition_type=1,fast_path_timeout=0,k=1, pred=1.096274
2026-02-03 23:55:00,177 - cmab.policy - INFO -     #5: arm=batch_size=100000,header_size=64,cut_condition_type=3,fast_path_timeout=100,k=3, pred=1.096274
2026-02-03 23:55:00,177 - cmab.policy - INFO - 
2026-02-03 23:55:00,177 - cmab.policy - INFO -   Found 24 arms with same max prediction (1.096274), randomly selecting one...
2026-02-03 23:55:00,177 - cmab.policy - INFO - 
2026-02-03 23:55:00,177 - cmab.policy - INFO - ✓ SELECTED ARM: batch_size=100000,header_size=32,cut_condition_type=1,fast_path_timeout=0,k=1 (prediction=1.096274)
2026-02-03 23:55:00,177 - cmab.policy - INFO - ================================================================================
2026-02-03 23:55:00,180 - cmab.trainer - INFO - Updated parameters file: /home/ccclr0302/autobahn-test/benchmark/.parameters-0.json
2026-02-03 23:55:00,180 - cmab.trainer - INFO - 🚩 Created RL parameter update signal file (epoch 8): /tmp/autobahn_rl_param_update_8.signal
2026-02-03 23:55:00,180 - cmab.trainer - INFO - Applied params: {'batch_size': 100000, 'header_size': 32, 'cut_condition_type': 1, 'fast_path_timeout': 0, 'k': 1}
2026-02-03 23:55:00,180 - cmab.trainer - INFO - Waiting for next metrics file...
2026-02-03 23:55:17,727 - cmab.trainer - INFO - Iteration 9 : context=[ 0.         1.6334037  1.7119255 20.         0.       ] arm=batch_size=100000,header_size=32,cut_condition_type=1,fast_path_timeout=0,k=1 params={'batch_size': 100000, 'header_size': 32, 'cut_condition_type': 1, 'fast_path_timeout': 0, 'k': 1}
2026-02-03 23:55:17,728 - cmab.trainer - INFO - Iteration 9 reward=0.969561 avg_reward(20)=1.025889 last_metrics=epoch_9_slot_276.json top_arm=batch_size=100000,header_size=128,cut_condition_type=3,fast_path_timeout=0,k=3 top_ratio=0.11
2026-02-03 23:55:17,730 - cmab.policy - INFO - ================================================================================
2026-02-03 23:55:17,730 - cmab.policy - INFO - SELECT ARM - Detailed Prediction Analysis
2026-02-03 23:55:17,730 - cmab.policy - INFO - Context: [ 1.6605903  1.5596756  0.        20.         0.       ]
2026-02-03 23:55:17,731 - cmab.policy - INFO - Number of trees in forest: 10
2026-02-03 23:55:17,731 - cmab.policy - INFO - 
2026-02-03 23:55:17,731 - cmab.policy - INFO - Prediction statistics across all trees:
2026-02-03 23:55:17,731 - cmab.policy - INFO -   Mean predictions (top 5 arms): [0.977671, 0.977671, 0.971278, 0.971278, 0.928137]
2026-02-03 23:55:17,731 - cmab.policy - INFO -   Std predictions (top 5 arms): [0.131523, 0.131523, 0.126289, 0.126289, 0.092215]
2026-02-03 23:55:17,731 - cmab.policy - INFO - 
2026-02-03 23:55:17,731 - cmab.policy - INFO - Top 5 arms by mean prediction:
2026-02-03 23:55:17,731 - cmab.policy - INFO -   #1: arm=batch_size=100000,header_size=32,cut_condition_type=3,fast_path_timeout=100,k=3, mean=0.977671, std=0.131523
2026-02-03 23:55:17,731 - cmab.policy - INFO -   #2: arm=batch_size=100000,header_size=64,cut_condition_type=3,fast_path_timeout=100,k=3, mean=0.977671, std=0.131523
2026-02-03 23:55:17,731 - cmab.policy - INFO -   #3: arm=batch_size=100000,header_size=64,cut_condition_type=3,fast_path_timeout=0,k=3, mean=0.971278, std=0.126289
2026-02-03 23:55:17,731 - cmab.policy - INFO -   #4: arm=batch_size=100000,header_size=32,cut_condition_type=3,fast_path_timeout=0,k=3, mean=0.971278, std=0.126289
2026-02-03 23:55:17,731 - cmab.policy - INFO -   #5: arm=batch_size=100000,header_size=32,cut_condition_type=1,fast_path_timeout=100,k=3, mean=0.928137, std=0.092215
2026-02-03 23:55:17,731 - cmab.policy - INFO - 
2026-02-03 23:55:17,731 - cmab.policy - INFO - Selected tree #5 for Thompson Sampling:
2026-02-03 23:55:17,731 - cmab.policy - INFO -   Tree depth: 9
2026-02-03 23:55:17,731 - cmab.policy - INFO -   Tree nodes: 77
2026-02-03 23:55:17,731 - cmab.policy - INFO -   Tree leaves: 39
2026-02-03 23:55:17,731 - cmab.policy - INFO -   Tree shape: (nodes=77, leaves=39, depth=9)
2026-02-03 23:55:17,731 - cmab.policy - INFO -   Tree feature importances: [0.06716505 0.03138993 0.09333739 0.16143663 0.02522257 0.29188563
 0.10819662 0.00700506 0.04701536 0.16734574]
2026-02-03 23:55:17,733 - cmab.policy - INFO -   Forest feature importances: [0.06784186 0.09825937 0.08865222 0.10753177 0.02965455 0.39115838
 0.11787427 0.01598929 0.04442026 0.03861803]
2026-02-03 23:55:17,733 - cmab.policy - INFO -   Top 5 predictions from this tree:
2026-02-03 23:55:17,733 - cmab.policy - INFO -     #1: arm=batch_size=100000,header_size=128,cut_condition_type=1,fast_path_timeout=400,k=3, pred=1.034143
2026-02-03 23:55:17,733 - cmab.policy - INFO -     #2: arm=batch_size=100000,header_size=32,cut_condition_type=3,fast_path_timeout=100,k=3, pred=1.034143
2026-02-03 23:55:17,733 - cmab.policy - INFO -     #3: arm=batch_size=100000,header_size=32,cut_condition_type=3,fast_path_timeout=400,k=3, pred=1.034143
2026-02-03 23:55:17,733 - cmab.policy - INFO -     #4: arm=batch_size=100000,header_size=64,cut_condition_type=1,fast_path_timeout=0,k=3, pred=1.034143
2026-02-03 23:55:17,733 - cmab.policy - INFO -     #5: arm=batch_size=100000,header_size=128,cut_condition_type=1,fast_path_timeout=100,k=3, pred=1.034143
2026-02-03 23:55:17,733 - cmab.policy - INFO - 
2026-02-03 23:55:17,734 - cmab.policy - INFO -   Found 18 arms with same max prediction (1.034143), randomly selecting one...
2026-02-03 23:55:17,734 - cmab.policy - INFO - 
2026-02-03 23:55:17,734 - cmab.policy - INFO - ✓ SELECTED ARM: batch_size=100000,header_size=32,cut_condition_type=3,fast_path_timeout=400,k=3 (prediction=1.034143)
2026-02-03 23:55:17,734 - cmab.policy - INFO - ================================================================================
2026-02-03 23:55:17,738 - cmab.trainer - INFO - Updated parameters file: /home/ccclr0302/autobahn-test/benchmark/.parameters-0.json
2026-02-03 23:55:17,738 - cmab.trainer - INFO - 🚩 Created RL parameter update signal file (epoch 9): /tmp/autobahn_rl_param_update_9.signal
2026-02-03 23:55:17,738 - cmab.trainer - INFO - Applied params: {'batch_size': 100000, 'header_size': 32, 'cut_condition_type': 3, 'fast_path_timeout': 400, 'k': 3}
2026-02-03 23:55:17,738 - cmab.trainer - INFO - Waiting for next metrics file...
[Parallel(n_jobs=1)]: Done  10 out of  10 | elapsed:    0.0s finished
[Parallel(n_jobs=1)]: Done  10 out of  10 | elapsed:    0.0s finished
2026-02-03 23:55:32,590 - cmab.policy - INFO - RF Updated: samples=140, MSE=0.012869
2026-02-03 23:55:32,590 - cmab.trainer - INFO - Iteration 10 : context=[ 1.6605903  1.5596756  0.        20.         0.       ] arm=batch_size=100000,header_size=32,cut_condition_type=3,fast_path_timeout=400,k=3 params={'batch_size': 100000, 'header_size': 32, 'cut_condition_type': 3, 'fast_path_timeout': 400, 'k': 3}
2026-02-03 23:55:32,590 - cmab.trainer - INFO - Iteration 10 reward=0.817310 avg_reward(20)=1.005031 last_metrics=epoch_10_slot_306.json top_arm=batch_size=100000,header_size=128,cut_condition_type=3,fast_path_timeout=0,k=3 top_ratio=0.10
2026-02-03 23:55:32,600 - cmab.trainer - INFO - Saved checkpoint: /tmp/cmab_continuous_checkpoints/cmab_checkpoint_10.pkl
2026-02-03 23:55:32,603 - cmab.policy - INFO - ================================================================================
2026-02-03 23:55:32,603 - cmab.policy - INFO - SELECT ARM - Detailed Prediction Analysis
2026-02-03 23:55:32,603 - cmab.policy - INFO - Context: [ 0.         1.6981223  1.5528612 20.         0.       ]
2026-02-03 23:55:32,603 - cmab.policy - INFO - Number of trees in forest: 10
2026-02-03 23:55:32,603 - cmab.policy - INFO - 
2026-02-03 23:55:32,603 - cmab.policy - INFO - Prediction statistics across all trees:
2026-02-03 23:55:32,603 - cmab.policy - INFO -   Mean predictions (top 5 arms): [1.032861, 1.022071, 1.022071, 1.007338, 0.994190]
2026-02-03 23:55:32,603 - cmab.policy - INFO -   Std predictions (top 5 arms): [0.176166, 0.095731, 0.095731, 0.190256, 0.118305]
2026-02-03 23:55:32,603 - cmab.policy - INFO - 
2026-02-03 23:55:32,603 - cmab.policy - INFO - Top 5 arms by mean prediction:
2026-02-03 23:55:32,603 - cmab.policy - INFO -   #1: arm=batch_size=100000,header_size=32,cut_condition_type=3,fast_path_timeout=0,k=3, mean=1.032861, std=0.176166
2026-02-03 23:55:32,603 - cmab.policy - INFO -   #2: arm=batch_size=100000,header_size=64,cut_condition_type=1,fast_path_timeout=0,k=3, mean=1.022071, std=0.095731
2026-02-03 23:55:32,603 - cmab.policy - INFO -   #3: arm=batch_size=100000,header_size=32,cut_condition_type=1,fast_path_timeout=0,k=3, mean=1.022071, std=0.095731
2026-02-03 23:55:32,603 - cmab.policy - INFO -   #4: arm=batch_size=100000,header_size=32,cut_condition_type=3,fast_path_timeout=100,k=3, mean=1.007338, std=0.190256
2026-02-03 23:55:32,603 - cmab.policy - INFO -   #5: arm=batch_size=100000,header_size=128,cut_condition_type=1,fast_path_timeout=0,k=3, mean=0.994190, std=0.118305
2026-02-03 23:55:32,603 - cmab.policy - INFO - 
2026-02-03 23:55:32,603 - cmab.policy - INFO - Selected tree #2 for Thompson Sampling:
2026-02-03 23:55:32,603 - cmab.policy - INFO -   Tree depth: 10
2026-02-03 23:55:32,603 - cmab.policy - INFO -   Tree nodes: 75
2026-02-03 23:55:32,603 - cmab.policy - INFO -   Tree leaves: 38
2026-02-03 23:55:32,604 - cmab.policy - INFO -   Tree shape: (nodes=75, leaves=38, depth=10)
2026-02-03 23:55:32,604 - cmab.policy - INFO -   Tree feature importances: [0.17008786 0.00872663 0.12025565 0.05750072 0.00794208 0.38383438
 0.12833447 0.03742688 0.07259248 0.01329886]
2026-02-03 23:55:32,605 - cmab.policy - INFO -   Forest feature importances: [0.089718   0.07899125 0.11087236 0.08402994 0.02031065 0.35967367
 0.11835483 0.03937906 0.04453373 0.05413651]
2026-02-03 23:55:32,605 - cmab.policy - INFO -   Top 5 predictions from this tree:
2026-02-03 23:55:32,606 - cmab.policy - INFO -     #1: arm=batch_size=100000,header_size=64,cut_condition_type=3,fast_path_timeout=0,k=3, pred=1.030525
2026-02-03 23:55:32,606 - cmab.policy - INFO -     #2: arm=batch_size=100000,header_size=64,cut_condition_type=3,fast_path_timeout=100,k=3, pred=1.030525
2026-02-03 23:55:32,606 - cmab.policy - INFO -     #3: arm=batch_size=100000,header_size=64,cut_condition_type=3,fast_path_timeout=100,k=1, pred=1.030525
2026-02-03 23:55:32,606 - cmab.policy - INFO -     #4: arm=batch_size=100000,header_size=64,cut_condition_type=3,fast_path_timeout=0,k=1, pred=1.030525
2026-02-03 23:55:32,606 - cmab.policy - INFO -     #5: arm=batch_size=100000,header_size=32,cut_condition_type=3,fast_path_timeout=0,k=1, pred=1.030525
2026-02-03 23:55:32,606 - cmab.policy - INFO - 
2026-02-03 23:55:32,606 - cmab.policy - INFO -   Found 8 arms with same max prediction (1.030525), randomly selecting one...
2026-02-03 23:55:32,606 - cmab.policy - INFO - 
2026-02-03 23:55:32,606 - cmab.policy - INFO - ✓ SELECTED ARM: batch_size=100000,header_size=32,cut_condition_type=3,fast_path_timeout=0,k=1 (prediction=1.030525)
2026-02-03 23:55:32,606 - cmab.policy - INFO - ================================================================================
2026-02-03 23:55:32,609 - cmab.trainer - INFO - Updated parameters file: /home/ccclr0302/autobahn-test/benchmark/.parameters-0.json
2026-02-03 23:55:32,609 - cmab.trainer - INFO - 🚩 Created RL parameter update signal file (epoch 10): /tmp/autobahn_rl_param_update_10.signal
2026-02-03 23:55:32,610 - cmab.trainer - INFO - Applied params: {'batch_size': 100000, 'header_size': 32, 'cut_condition_type': 3, 'fast_path_timeout': 0, 'k': 1}
2026-02-03 23:55:32,610 - cmab.trainer - INFO - Waiting for next metrics file...
2026-02-03 23:55:51,661 - cmab.trainer - INFO - Iteration 11 : context=[ 0.         1.6981223  1.5528612 20.         0.       ] arm=batch_size=100000,header_size=32,cut_condition_type=3,fast_path_timeout=0,k=1 params={'batch_size': 100000, 'header_size': 32, 'cut_condition_type': 3, 'fast_path_timeout': 0, 'k': 1}
2026-02-03 23:55:51,662 - cmab.trainer - INFO - Iteration 11 reward=1.037655 avg_reward(20)=1.007997 last_metrics=epoch_11_slot_336.json top_arm=batch_size=100000,header_size=128,cut_condition_type=3,fast_path_timeout=0,k=3 top_ratio=0.09
2026-02-03 23:55:51,664 - cmab.policy - INFO - ================================================================================
2026-02-03 23:55:51,664 - cmab.policy - INFO - SELECT ARM - Detailed Prediction Analysis
2026-02-03 23:55:51,664 - cmab.policy - INFO - Context: [20.         1.6546986  0.         1.7463814  0.       ]
2026-02-03 23:55:51,664 - cmab.policy - INFO - Number of trees in forest: 10
2026-02-03 23:55:51,664 - cmab.policy - INFO - 
2026-02-03 23:55:51,664 - cmab.policy - INFO - Prediction statistics across all trees:
2026-02-03 23:55:51,664 - cmab.policy - INFO -   Mean predictions (top 5 arms): [1.078441, 1.078441, 1.078441, 1.078441, 1.053226]
2026-02-03 23:55:51,665 - cmab.policy - INFO -   Std predictions (top 5 arms): [0.171771, 0.171771, 0.171771, 0.171771, 0.161983]
2026-02-03 23:55:51,665 - cmab.policy - INFO - 
2026-02-03 23:55:51,665 - cmab.policy - INFO - Top 5 arms by mean prediction:
2026-02-03 23:55:51,665 - cmab.policy - INFO -   #1: arm=batch_size=100000,header_size=64,cut_condition_type=3,fast_path_timeout=100,k=1, mean=1.078441, std=0.171771
2026-02-03 23:55:51,665 - cmab.policy - INFO -   #2: arm=batch_size=100000,header_size=32,cut_condition_type=3,fast_path_timeout=0,k=1, mean=1.078441, std=0.171771
2026-02-03 23:55:51,665 - cmab.policy - INFO -   #3: arm=batch_size=100000,header_size=32,cut_condition_type=3,fast_path_timeout=100,k=1, mean=1.078441, std=0.171771
2026-02-03 23:55:51,665 - cmab.policy - INFO -   #4: arm=batch_size=100000,header_size=64,cut_condition_type=3,fast_path_timeout=0,k=1, mean=1.078441, std=0.171771
2026-02-03 23:55:51,665 - cmab.policy - INFO -   #5: arm=batch_size=100000,header_size=64,cut_condition_type=3,fast_path_timeout=100,k=3, mean=1.053226, std=0.161983
2026-02-03 23:55:51,665 - cmab.policy - INFO - 
2026-02-03 23:55:51,665 - cmab.policy - INFO - Selected tree #2 for Thompson Sampling:
2026-02-03 23:55:51,665 - cmab.policy - INFO -   Tree depth: 10
2026-02-03 23:55:51,665 - cmab.policy - INFO -   Tree nodes: 75
2026-02-03 23:55:51,665 - cmab.policy - INFO -   Tree leaves: 38
2026-02-03 23:55:51,665 - cmab.policy - INFO -   Tree shape: (nodes=75, leaves=38, depth=10)
2026-02-03 23:55:51,665 - cmab.policy - INFO -   Tree feature importances: [0.17008786 0.00872663 0.12025565 0.05750072 0.00794208 0.38383438
 0.12833447 0.03742688 0.07259248 0.01329886]
2026-02-03 23:55:51,667 - cmab.policy - INFO -   Forest feature importances: [0.089718   0.07899125 0.11087236 0.08402994 0.02031065 0.35967367
 0.11835483 0.03937906 0.04453373 0.05413651]
2026-02-03 23:55:51,667 - cmab.policy - INFO -   Top 5 predictions from this tree:
2026-02-03 23:55:51,667 - cmab.policy - INFO -     #1: arm=batch_size=100000,header_size=32,cut_condition_type=1,fast_path_timeout=0,k=1, pred=1.057521
2026-02-03 23:55:51,667 - cmab.policy - INFO -     #2: arm=batch_size=100000,header_size=64,cut_condition_type=1,fast_path_timeout=0,k=1, pred=1.057521
2026-02-03 23:55:51,667 - cmab.policy - INFO -     #3: arm=batch_size=100000,header_size=64,cut_condition_type=3,fast_path_timeout=400,k=3, pred=1.057521
2026-02-03 23:55:51,667 - cmab.policy - INFO -     #4: arm=batch_size=100000,header_size=64,cut_condition_type=3,fast_path_timeout=400,k=1, pred=1.057521
2026-02-03 23:55:51,667 - cmab.policy - INFO -     #5: arm=batch_size=100000,header_size=64,cut_condition_type=3,fast_path_timeout=100,k=3, pred=1.057521
2026-02-03 23:55:51,667 - cmab.policy - INFO - 
2026-02-03 23:55:51,667 - cmab.policy - INFO -   Found 24 arms with same max prediction (1.057521), randomly selecting one...
2026-02-03 23:55:51,667 - cmab.policy - INFO - 
2026-02-03 23:55:51,667 - cmab.policy - INFO - ✓ SELECTED ARM: batch_size=100000,header_size=64,cut_condition_type=3,fast_path_timeout=400,k=3 (prediction=1.057521)
2026-02-03 23:55:51,667 - cmab.policy - INFO - ================================================================================
2026-02-03 23:55:51,671 - cmab.trainer - INFO - Updated parameters file: /home/ccclr0302/autobahn-test/benchmark/.parameters-0.json
2026-02-03 23:55:51,671 - cmab.trainer - INFO - 🚩 Created RL parameter update signal file (epoch 11): /tmp/autobahn_rl_param_update_11.signal
2026-02-03 23:55:51,671 - cmab.trainer - INFO - Applied params: {'batch_size': 100000, 'header_size': 64, 'cut_condition_type': 3, 'fast_path_timeout': 400, 'k': 3}
2026-02-03 23:55:51,672 - cmab.trainer - INFO - Waiting for next metrics file...
2026-02-03 23:56:11,126 - cmab.trainer - INFO - Iteration 12 : context=[20.         1.6546986  0.         1.7463814  0.       ] arm=batch_size=100000,header_size=64,cut_condition_type=3,fast_path_timeout=400,k=3 params={'batch_size': 100000, 'header_size': 64, 'cut_condition_type': 3, 'fast_path_timeout': 400, 'k': 3}
2026-02-03 23:56:11,126 - cmab.trainer - INFO - Iteration 12 reward=0.854521 avg_reward(20)=0.995207 last_metrics=epoch_12_slot_366.json top_arm=batch_size=100000,header_size=128,cut_condition_type=3,fast_path_timeout=0,k=3 top_ratio=0.08
2026-02-03 23:56:11,128 - cmab.policy - INFO - ================================================================================
2026-02-03 23:56:11,128 - cmab.policy - INFO - SELECT ARM - Detailed Prediction Analysis
2026-02-03 23:56:11,129 - cmab.policy - INFO - Context: [ 0.58154327  0.6433999   0.         11.282745    0.        ]
2026-02-03 23:56:11,129 - cmab.policy - INFO - Number of trees in forest: 10
2026-02-03 23:56:11,129 - cmab.policy - INFO - 
2026-02-03 23:56:11,129 - cmab.policy - INFO - Prediction statistics across all trees:
2026-02-03 23:56:11,129 - cmab.policy - INFO -   Mean predictions (top 5 arms): [1.098222, 1.087956, 1.080845, 1.065730, 1.063018]
2026-02-03 23:56:11,129 - cmab.policy - INFO -   Std predictions (top 5 arms): [0.169598, 0.159170, 0.198696, 0.192855, 0.113109]
2026-02-03 23:56:11,129 - cmab.policy - INFO - 
2026-02-03 23:56:11,129 - cmab.policy - INFO - Top 5 arms by mean prediction:
2026-02-03 23:56:11,129 - cmab.policy - INFO -   #1: arm=batch_size=100000,header_size=32,cut_condition_type=3,fast_path_timeout=0,k=1, mean=1.098222, std=0.169598
2026-02-03 23:56:11,129 - cmab.policy - INFO -   #2: arm=batch_size=100000,header_size=128,cut_condition_type=3,fast_path_timeout=0,k=1, mean=1.087956, std=0.159170
2026-02-03 23:56:11,129 - cmab.policy - INFO -   #3: arm=batch_size=100000,header_size=64,cut_condition_type=3,fast_path_timeout=0,k=1, mean=1.080845, std=0.198696
2026-02-03 23:56:11,129 - cmab.policy - INFO -   #4: arm=batch_size=100000,header_size=32,cut_condition_type=3,fast_path_timeout=100,k=1, mean=1.065730, std=0.192855
2026-02-03 23:56:11,129 - cmab.policy - INFO -   #5: arm=batch_size=100000,header_size=32,cut_condition_type=3,fast_path_timeout=0,k=3, mean=1.063018, std=0.113109
2026-02-03 23:56:11,129 - cmab.policy - INFO - 
2026-02-03 23:56:11,129 - cmab.policy - INFO - Selected tree #8 for Thompson Sampling:
2026-02-03 23:56:11,129 - cmab.policy - INFO -   Tree depth: 10
2026-02-03 23:56:11,129 - cmab.policy - INFO -   Tree nodes: 75
2026-02-03 23:56:11,129 - cmab.policy - INFO -   Tree leaves: 38
2026-02-03 23:56:11,129 - cmab.policy - INFO -   Tree shape: (nodes=75, leaves=38, depth=10)
2026-02-03 23:56:11,130 - cmab.policy - INFO -   Tree feature importances: [0.06616581 0.0445011  0.17451549 0.13698258 0.03892841 0.28414294
 0.096175   0.06351994 0.0193369  0.07573183]
2026-02-03 23:56:11,131 - cmab.policy - INFO -   Forest feature importances: [0.089718   0.07899125 0.11087236 0.08402994 0.02031065 0.35967367
 0.11835483 0.03937906 0.04453373 0.05413651]
2026-02-03 23:56:11,131 - cmab.policy - INFO -   Top 5 predictions from this tree:
2026-02-03 23:56:11,132 - cmab.policy - INFO -     #1: arm=batch_size=100000,header_size=32,cut_condition_type=1,fast_path_timeout=0,k=1, pred=1.184506
2026-02-03 23:56:11,132 - cmab.policy - INFO -     #2: arm=batch_size=100000,header_size=64,cut_condition_type=1,fast_path_timeout=0,k=1, pred=1.184506
2026-02-03 23:56:11,132 - cmab.policy - INFO -     #3: arm=batch_size=100000,header_size=128,cut_condition_type=1,fast_path_timeout=100,k=1, pred=1.184506
2026-02-03 23:56:11,132 - cmab.policy - INFO -     #4: arm=batch_size=100000,header_size=128,cut_condition_type=1,fast_path_timeout=400,k=1, pred=1.184506
2026-02-03 23:56:11,132 - cmab.policy - INFO -     #5: arm=batch_size=100000,header_size=128,cut_condition_type=3,fast_path_timeout=0,k=1, pred=1.184506
2026-02-03 23:56:11,132 - cmab.policy - INFO - 
2026-02-03 23:56:11,132 - cmab.policy - INFO -   Found 18 arms with same max prediction (1.184506), randomly selecting one...
2026-02-03 23:56:11,132 - cmab.policy - INFO - 
2026-02-03 23:56:11,132 - cmab.policy - INFO - ✓ SELECTED ARM: batch_size=100000,header_size=128,cut_condition_type=3,fast_path_timeout=100,k=1 (prediction=1.184506)
2026-02-03 23:56:11,132 - cmab.policy - INFO - ================================================================================
2026-02-03 23:56:11,135 - cmab.trainer - INFO - Updated parameters file: /home/ccclr0302/autobahn-test/benchmark/.parameters-0.json
2026-02-03 23:56:11,135 - cmab.trainer - INFO - 🚩 Created RL parameter update signal file (epoch 12): /tmp/autobahn_rl_param_update_12.signal
2026-02-03 23:56:11,135 - cmab.trainer - INFO - Applied params: {'batch_size': 100000, 'header_size': 128, 'cut_condition_type': 3, 'fast_path_timeout': 100, 'k': 1}
2026-02-03 23:56:11,135 - cmab.trainer - INFO - Waiting for next metrics file...
2026-02-03 23:56:36,004 - cmab.trainer - INFO - Iteration 13 : context=[ 0.58154327  0.6433999   0.         11.282745    0.        ] arm=batch_size=100000,header_size=128,cut_condition_type=3,fast_path_timeout=100,k=1 params={'batch_size': 100000, 'header_size': 128, 'cut_condition_type': 3, 'fast_path_timeout': 100, 'k': 1}
2026-02-03 23:56:36,005 - cmab.trainer - INFO - Iteration 13 reward=0.931989 avg_reward(20)=0.990344 last_metrics=epoch_13_slot_396.json top_arm=batch_size=100000,header_size=128,cut_condition_type=3,fast_path_timeout=0,k=3 top_ratio=0.08
2026-02-03 23:56:36,007 - cmab.policy - INFO - ================================================================================
2026-02-03 23:56:36,007 - cmab.policy - INFO - SELECT ARM - Detailed Prediction Analysis
2026-02-03 23:56:36,007 - cmab.policy - INFO - Context: [0.         0.14980537 5.450507   0.11493233 0.        ]
2026-02-03 23:56:36,008 - cmab.policy - INFO - Number of trees in forest: 10
2026-02-03 23:56:36,008 - cmab.policy - INFO - 
2026-02-03 23:56:36,008 - cmab.policy - INFO - Prediction statistics across all trees:
2026-02-03 23:56:36,008 - cmab.policy - INFO -   Mean predictions (top 5 arms): [1.008207, 1.003211, 1.001840, 0.984168, 0.984067]
2026-02-03 23:56:36,008 - cmab.policy - INFO -   Std predictions (top 5 arms): [0.178892, 0.196359, 0.146274, 0.123961, 0.046806]
2026-02-03 23:56:36,008 - cmab.policy - INFO - 
2026-02-03 23:56:36,008 - cmab.policy - INFO - Top 5 arms by mean prediction:
2026-02-03 23:56:36,008 - cmab.policy - INFO -   #1: arm=batch_size=100000,header_size=64,cut_condition_type=3,fast_path_timeout=0,k=3, mean=1.008207, std=0.178892
2026-02-03 23:56:36,008 - cmab.policy - INFO -   #2: arm=batch_size=100000,header_size=32,cut_condition_type=3,fast_path_timeout=0,k=3, mean=1.003211, std=0.196359
2026-02-03 23:56:36,008 - cmab.policy - INFO -   #3: arm=batch_size=100000,header_size=128,cut_condition_type=3,fast_path_timeout=0,k=3, mean=1.001840, std=0.146274
2026-02-03 23:56:36,008 - cmab.policy - INFO -   #4: arm=batch_size=100000,header_size=64,cut_condition_type=3,fast_path_timeout=0,k=1, mean=0.984168, std=0.123961
2026-02-03 23:56:36,008 - cmab.policy - INFO -   #5: arm=batch_size=100000,header_size=128,cut_condition_type=1,fast_path_timeout=0,k=3, mean=0.984067, std=0.046806
2026-02-03 23:56:36,008 - cmab.policy - INFO - 
2026-02-03 23:56:36,008 - cmab.policy - INFO - Selected tree #5 for Thompson Sampling:
2026-02-03 23:56:36,008 - cmab.policy - INFO -   Tree depth: 10
2026-02-03 23:56:36,008 - cmab.policy - INFO -   Tree nodes: 75
2026-02-03 23:56:36,008 - cmab.policy - INFO -   Tree leaves: 38
2026-02-03 23:56:36,008 - cmab.policy - INFO -   Tree shape: (nodes=75, leaves=38, depth=10)
2026-02-03 23:56:36,009 - cmab.policy - INFO -   Tree feature importances: [0.01488873 0.04961812 0.13057361 0.10052343 0.         0.49881751
 0.15070632 0.00148133 0.02173059 0.03166036]
2026-02-03 23:56:36,010 - cmab.policy - INFO -   Forest feature importances: [0.089718   0.07899125 0.11087236 0.08402994 0.02031065 0.35967367
 0.11835483 0.03937906 0.04453373 0.05413651]
2026-02-03 23:56:36,011 - cmab.policy - INFO -   Top 5 predictions from this tree:
2026-02-03 23:56:36,011 - cmab.policy - INFO -     #1: arm=batch_size=100000,header_size=32,cut_condition_type=1,fast_path_timeout=0,k=1, pred=1.017221
2026-02-03 23:56:36,011 - cmab.policy - INFO -     #2: arm=batch_size=100000,header_size=128,cut_condition_type=1,fast_path_timeout=100,k=3, pred=1.017221
2026-02-03 23:56:36,011 - cmab.policy - INFO -     #3: arm=batch_size=100000,header_size=64,cut_condition_type=3,fast_path_timeout=0,k=3, pred=1.017221
2026-02-03 23:56:36,011 - cmab.policy - INFO -     #4: arm=batch_size=100000,header_size=64,cut_condition_type=3,fast_path_timeout=100,k=1, pred=1.017221
2026-02-03 23:56:36,011 - cmab.policy - INFO -     #5: arm=batch_size=100000,header_size=64,cut_condition_type=3,fast_path_timeout=400,k=1, pred=1.017221
2026-02-03 23:56:36,011 - cmab.policy - INFO - 
2026-02-03 23:56:36,011 - cmab.policy - INFO -   Found 36 arms with same max prediction (1.017221), randomly selecting one...
2026-02-03 23:56:36,011 - cmab.policy - INFO - 
2026-02-03 23:56:36,011 - cmab.policy - INFO - ✓ SELECTED ARM: batch_size=100000,header_size=64,cut_condition_type=3,fast_path_timeout=100,k=1 (prediction=1.017221)
2026-02-03 23:56:36,011 - cmab.policy - INFO - ================================================================================
2026-02-03 23:56:36,014 - cmab.trainer - INFO - Updated parameters file: /home/ccclr0302/autobahn-test/benchmark/.parameters-0.json
2026-02-03 23:56:36,014 - cmab.trainer - INFO - 🚩 Created RL parameter update signal file (epoch 13): /tmp/autobahn_rl_param_update_13.signal
2026-02-03 23:56:36,014 - cmab.trainer - INFO - Applied params: {'batch_size': 100000, 'header_size': 64, 'cut_condition_type': 3, 'fast_path_timeout': 100, 'k': 1}
2026-02-03 23:56:36,014 - cmab.trainer - INFO - Waiting for next metrics file...
2026-02-03 23:56:57,173 - cmab.trainer - INFO - Iteration 14 : context=[0.         0.14980537 5.450507   0.11493233 0.        ] arm=batch_size=100000,header_size=64,cut_condition_type=3,fast_path_timeout=100,k=1 params={'batch_size': 100000, 'header_size': 64, 'cut_condition_type': 3, 'fast_path_timeout': 100, 'k': 1}
2026-02-03 23:56:57,174 - cmab.trainer - INFO - Iteration 14 reward=1.070501 avg_reward(20)=0.996070 last_metrics=epoch_14_slot_426.json top_arm=batch_size=100000,header_size=64,cut_condition_type=3,fast_path_timeout=100,k=1 top_ratio=0.14
2026-02-03 23:56:57,176 - cmab.policy - INFO - ================================================================================
2026-02-03 23:56:57,176 - cmab.policy - INFO - SELECT ARM - Detailed Prediction Analysis
2026-02-03 23:56:57,176 - cmab.policy - INFO - Context: [ 0.64575356  0.          0.5837585  11.246917    0.        ]
2026-02-03 23:56:57,177 - cmab.policy - INFO - Number of trees in forest: 10
2026-02-03 23:56:57,177 - cmab.policy - INFO - 
2026-02-03 23:56:57,177 - cmab.policy - INFO - Prediction statistics across all trees:
2026-02-03 23:56:57,177 - cmab.policy - INFO -   Mean predictions (top 5 arms): [1.035855, 1.005951, 1.001549, 0.996378, 0.988945]
2026-02-03 23:56:57,177 - cmab.policy - INFO -   Std predictions (top 5 arms): [0.143821, 0.152327, 0.106481, 0.128962, 0.098826]
2026-02-03 23:56:57,177 - cmab.policy - INFO - 
2026-02-03 23:56:57,177 - cmab.policy - INFO - Top 5 arms by mean prediction:
2026-02-03 23:56:57,177 - cmab.policy - INFO -   #1: arm=batch_size=100000,header_size=32,cut_condition_type=3,fast_path_timeout=0,k=3, mean=1.035855, std=0.143821
2026-02-03 23:56:57,177 - cmab.policy - INFO -   #2: arm=batch_size=100000,header_size=32,cut_condition_type=3,fast_path_timeout=100,k=3, mean=1.005951, std=0.152327
2026-02-03 23:56:57,177 - cmab.policy - INFO -   #3: arm=batch_size=100000,header_size=128,cut_condition_type=3,fast_path_timeout=0,k=3, mean=1.001549, std=0.106481
2026-02-03 23:56:57,177 - cmab.policy - INFO -   #4: arm=batch_size=100000,header_size=64,cut_condition_type=3,fast_path_timeout=0,k=3, mean=0.996378, std=0.128962
2026-02-03 23:56:57,177 - cmab.policy - INFO -   #5: arm=batch_size=100000,header_size=128,cut_condition_type=3,fast_path_timeout=100,k=3, mean=0.988945, std=0.098826
2026-02-03 23:56:57,177 - cmab.policy - INFO - 
2026-02-03 23:56:57,177 - cmab.policy - INFO - Selected tree #3 for Thompson Sampling:
2026-02-03 23:56:57,177 - cmab.policy - INFO -   Tree depth: 9
2026-02-03 23:56:57,177 - cmab.policy - INFO -   Tree nodes: 77
2026-02-03 23:56:57,177 - cmab.policy - INFO -   Tree leaves: 39
2026-02-03 23:56:57,177 - cmab.policy - INFO -   Tree shape: (nodes=77, leaves=39, depth=9)
2026-02-03 23:56:57,177 - cmab.policy - INFO -   Tree feature importances: [0.04980978 0.08884217 0.07831652 0.1174606  0.05011247 0.40933768
 0.09120898 0.05347879 0.03504124 0.02639177]
2026-02-03 23:56:57,180 - cmab.policy - INFO -   Forest feature importances: [0.089718   0.07899125 0.11087236 0.08402994 0.02031065 0.35967367
 0.11835483 0.03937906 0.04453373 0.05413651]
2026-02-03 23:56:57,180 - cmab.policy - INFO -   Top 5 predictions from this tree:
2026-02-03 23:56:57,180 - cmab.policy - INFO -     #1: arm=batch_size=100000,header_size=32,cut_condition_type=1,fast_path_timeout=0,k=1, pred=0.977619
2026-02-03 23:56:57,180 - cmab.policy - INFO -     #2: arm=batch_size=100000,header_size=32,cut_condition_type=1,fast_path_timeout=0,k=3, pred=0.977619
2026-02-03 23:56:57,180 - cmab.policy - INFO -     #3: arm=batch_size=100000,header_size=64,cut_condition_type=1,fast_path_timeout=0,k=3, pred=0.977619
2026-02-03 23:56:57,180 - cmab.policy - INFO -     #4: arm=batch_size=100000,header_size=64,cut_condition_type=1,fast_path_timeout=0,k=1, pred=0.977619
2026-02-03 23:56:57,180 - cmab.policy - INFO -     #5: arm=batch_size=100000,header_size=32,cut_condition_type=3,fast_path_timeout=400,k=1, pred=0.868079
2026-02-03 23:56:57,180 - cmab.policy - INFO - 
2026-02-03 23:56:57,180 - cmab.policy - INFO -   Found 4 arms with same max prediction (0.977619), randomly selecting one...
2026-02-03 23:56:57,180 - cmab.policy - INFO - 
2026-02-03 23:56:57,180 - cmab.policy - INFO - ✓ SELECTED ARM: batch_size=100000,header_size=64,cut_condition_type=1,fast_path_timeout=0,k=1 (prediction=0.977619)
2026-02-03 23:56:57,180 - cmab.policy - INFO - ================================================================================
2026-02-03 23:56:57,183 - cmab.trainer - INFO - Updated parameters file: /home/ccclr0302/autobahn-test/benchmark/.parameters-0.json
2026-02-03 23:56:57,183 - cmab.trainer - INFO - 🚩 Created RL parameter update signal file (epoch 14): /tmp/autobahn_rl_param_update_14.signal
2026-02-03 23:56:57,183 - cmab.trainer - INFO - Applied params: {'batch_size': 100000, 'header_size': 64, 'cut_condition_type': 1, 'fast_path_timeout': 0, 'k': 1}
2026-02-03 23:56:57,183 - cmab.trainer - INFO - Waiting for next metrics file...
[Parallel(n_jobs=1)]: Done  10 out of  10 | elapsed:    0.0s finished
[Parallel(n_jobs=1)]: Done  10 out of  10 | elapsed:    0.0s finished
2026-02-03 23:57:15,847 - cmab.policy - INFO - RF Updated: samples=145, MSE=0.014079
2026-02-03 23:57:15,847 - cmab.trainer - INFO - Iteration 15 : context=[ 0.64575356  0.          0.5837585  11.246917    0.        ] arm=batch_size=100000,header_size=64,cut_condition_type=1,fast_path_timeout=0,k=1 params={'batch_size': 100000, 'header_size': 64, 'cut_condition_type': 1, 'fast_path_timeout': 0, 'k': 1}
2026-02-03 23:57:15,847 - cmab.trainer - INFO - Iteration 15 reward=0.959257 avg_reward(20)=0.993616 last_metrics=epoch_15_slot_456.json top_arm=batch_size=100000,header_size=64,cut_condition_type=3,fast_path_timeout=100,k=1 top_ratio=0.13
2026-02-03 23:57:15,850 - cmab.policy - INFO - ================================================================================
2026-02-03 23:57:15,850 - cmab.policy - INFO - SELECT ARM - Detailed Prediction Analysis
2026-02-03 23:57:15,850 - cmab.policy - INFO - Context: [ 0.65178525 11.200797    0.55083776  0.          0.        ]
2026-02-03 23:57:15,850 - cmab.policy - INFO - Number of trees in forest: 10
2026-02-03 23:57:15,850 - cmab.policy - INFO - 
2026-02-03 23:57:15,850 - cmab.policy - INFO - Prediction statistics across all trees:
2026-02-03 23:57:15,850 - cmab.policy - INFO -   Mean predictions (top 5 arms): [1.151884, 1.151884, 1.112732, 1.112732, 1.090759]
2026-02-03 23:57:15,850 - cmab.policy - INFO -   Std predictions (top 5 arms): [0.115545, 0.115545, 0.157320, 0.157320, 0.139215]
2026-02-03 23:57:15,850 - cmab.policy - INFO - 
2026-02-03 23:57:15,850 - cmab.policy - INFO - Top 5 arms by mean prediction:
2026-02-03 23:57:15,850 - cmab.policy - INFO -   #1: arm=batch_size=100000,header_size=32,cut_condition_type=3,fast_path_timeout=0,k=3, mean=1.151884, std=0.115545
2026-02-03 23:57:15,850 - cmab.policy - INFO -   #2: arm=batch_size=100000,header_size=64,cut_condition_type=3,fast_path_timeout=0,k=3, mean=1.151884, std=0.115545
2026-02-03 23:57:15,850 - cmab.policy - INFO -   #3: arm=batch_size=100000,header_size=64,cut_condition_type=3,fast_path_timeout=0,k=1, mean=1.112732, std=0.157320
2026-02-03 23:57:15,850 - cmab.policy - INFO -   #4: arm=batch_size=100000,header_size=32,cut_condition_type=3,fast_path_timeout=0,k=1, mean=1.112732, std=0.157320
2026-02-03 23:57:15,850 - cmab.policy - INFO -   #5: arm=batch_size=100000,header_size=32,cut_condition_type=1,fast_path_timeout=0,k=3, mean=1.090759, std=0.139215
2026-02-03 23:57:15,850 - cmab.policy - INFO - 
2026-02-03 23:57:15,850 - cmab.policy - INFO - Selected tree #1 for Thompson Sampling:
2026-02-03 23:57:15,850 - cmab.policy - INFO -   Tree depth: 8
2026-02-03 23:57:15,850 - cmab.policy - INFO -   Tree nodes: 67
2026-02-03 23:57:15,850 - cmab.policy - INFO -   Tree leaves: 34
2026-02-03 23:57:15,851 - cmab.policy - INFO -   Tree shape: (nodes=67, leaves=34, depth=8)
2026-02-03 23:57:15,851 - cmab.policy - INFO -   Tree feature importances: [1.85234089e-01 1.54024539e-01 8.99071246e-02 7.23991728e-02
 0.00000000e+00 3.82349800e-01 7.71679689e-02 0.00000000e+00
 3.86218290e-02 2.95476854e-04]
2026-02-03 23:57:15,852 - cmab.policy - INFO -   Forest feature importances: [0.1138327  0.1363152  0.08488109 0.05828675 0.01581614 0.40269084
 0.10101096 0.01696353 0.05476423 0.01543856]
2026-02-03 23:57:15,853 - cmab.policy - INFO -   Top 5 predictions from this tree:
2026-02-03 23:57:15,853 - cmab.policy - INFO -     #1: arm=batch_size=100000,header_size=32,cut_condition_type=1,fast_path_timeout=0,k=1, pred=1.318417
2026-02-03 23:57:15,853 - cmab.policy - INFO -     #2: arm=batch_size=100000,header_size=64,cut_condition_type=3,fast_path_timeout=0,k=1, pred=1.318417
2026-02-03 23:57:15,853 - cmab.policy - INFO -     #3: arm=batch_size=100000,header_size=128,cut_condition_type=3,fast_path_timeout=0,k=3, pred=1.318417
2026-02-03 23:57:15,853 - cmab.policy - INFO -     #4: arm=batch_size=100000,header_size=128,cut_condition_type=1,fast_path_timeout=0,k=3, pred=1.318417
2026-02-03 23:57:15,853 - cmab.policy - INFO -     #5: arm=batch_size=100000,header_size=128,cut_condition_type=1,fast_path_timeout=0,k=1, pred=1.318417
2026-02-03 23:57:15,853 - cmab.policy - INFO - 
2026-02-03 23:57:15,853 - cmab.policy - INFO -   Found 12 arms with same max prediction (1.318417), randomly selecting one...
2026-02-03 23:57:15,853 - cmab.policy - INFO - 
2026-02-03 23:57:15,853 - cmab.policy - INFO - ✓ SELECTED ARM: batch_size=100000,header_size=128,cut_condition_type=3,fast_path_timeout=0,k=3 (prediction=1.318417)
2026-02-03 23:57:15,853 - cmab.policy - INFO - ================================================================================
2026-02-03 23:57:15,856 - cmab.trainer - INFO - Updated parameters file: /home/ccclr0302/autobahn-test/benchmark/.parameters-0.json
2026-02-03 23:57:15,856 - cmab.trainer - INFO - 🚩 Created RL parameter update signal file (epoch 15): /tmp/autobahn_rl_param_update_15.signal
2026-02-03 23:57:15,856 - cmab.trainer - INFO - Applied params: {'batch_size': 100000, 'header_size': 128, 'cut_condition_type': 3, 'fast_path_timeout': 0, 'k': 3}
2026-02-03 23:57:15,856 - cmab.trainer - INFO - Waiting for next metrics file...
2026-02-03 23:57:36,613 - cmab.trainer - INFO - Iteration 16 : context=[ 0.65178525 11.200797    0.55083776  0.          0.        ] arm=batch_size=100000,header_size=128,cut_condition_type=3,fast_path_timeout=0,k=3 params={'batch_size': 100000, 'header_size': 128, 'cut_condition_type': 3, 'fast_path_timeout': 0, 'k': 3}
2026-02-03 23:57:36,613 - cmab.trainer - INFO - Iteration 16 reward=1.175446 avg_reward(20)=1.004980 last_metrics=epoch_16_slot_486.json top_arm=batch_size=100000,header_size=128,cut_condition_type=3,fast_path_timeout=0,k=3 top_ratio=0.12
2026-02-03 23:57:36,616 - cmab.policy - INFO - ================================================================================
2026-02-03 23:57:36,616 - cmab.policy - INFO - SELECT ARM - Detailed Prediction Analysis
2026-02-03 23:57:36,616 - cmab.policy - INFO - Context: [5.1211805  0.18589844 0.         0.09450433 0.        ]
2026-02-03 23:57:36,616 - cmab.policy - INFO - Number of trees in forest: 10
2026-02-03 23:57:36,616 - cmab.policy - INFO - 
2026-02-03 23:57:36,616 - cmab.policy - INFO - Prediction statistics across all trees:
2026-02-03 23:57:36,616 - cmab.policy - INFO -   Mean predictions (top 5 arms): [1.060219, 1.059151, 1.056359, 1.056359, 1.043726]
2026-02-03 23:57:36,616 - cmab.policy - INFO -   Std predictions (top 5 arms): [0.083632, 0.086006, 0.080412, 0.080412, 0.103221]
2026-02-03 23:57:36,616 - cmab.policy - INFO - 
2026-02-03 23:57:36,616 - cmab.policy - INFO - Top 5 arms by mean prediction:
2026-02-03 23:57:36,616 - cmab.policy - INFO -   #1: arm=batch_size=100000,header_size=32,cut_condition_type=3,fast_path_timeout=100,k=3, mean=1.060219, std=0.083632
2026-02-03 23:57:36,616 - cmab.policy - INFO -   #2: arm=batch_size=100000,header_size=64,cut_condition_type=3,fast_path_timeout=100,k=3, mean=1.059151, std=0.086006
2026-02-03 23:57:36,616 - cmab.policy - INFO -   #3: arm=batch_size=100000,header_size=64,cut_condition_type=3,fast_path_timeout=100,k=1, mean=1.056359, std=0.080412
2026-02-03 23:57:36,616 - cmab.policy - INFO -   #4: arm=batch_size=100000,header_size=32,cut_condition_type=3,fast_path_timeout=100,k=1, mean=1.056359, std=0.080412
2026-02-03 23:57:36,616 - cmab.policy - INFO -   #5: arm=batch_size=100000,header_size=32,cut_condition_type=3,fast_path_timeout=0,k=3, mean=1.043726, std=0.103221
2026-02-03 23:57:36,616 - cmab.policy - INFO - 
2026-02-03 23:57:36,616 - cmab.policy - INFO - Selected tree #4 for Thompson Sampling:
2026-02-03 23:57:36,616 - cmab.policy - INFO -   Tree depth: 12
2026-02-03 23:57:36,616 - cmab.policy - INFO -   Tree nodes: 87
2026-02-03 23:57:36,617 - cmab.policy - INFO -   Tree leaves: 44
2026-02-03 23:57:36,617 - cmab.policy - INFO -   Tree shape: (nodes=87, leaves=44, depth=12)
2026-02-03 23:57:36,617 - cmab.policy - INFO -   Tree feature importances: [7.01764849e-02 8.68373985e-02 1.10623846e-01 8.99184993e-02
 0.00000000e+00 4.26178072e-01 1.72742575e-01 5.64490139e-05
 3.25180576e-02 1.09486171e-02]
2026-02-03 23:57:36,619 - cmab.policy - INFO -   Forest feature importances: [0.1138327  0.1363152  0.08488109 0.05828675 0.01581614 0.40269084
 0.10101096 0.01696353 0.05476423 0.01543856]
2026-02-03 23:57:36,619 - cmab.policy - INFO -   Top 5 predictions from this tree:
2026-02-03 23:57:36,619 - cmab.policy - INFO -     #1: arm=batch_size=100000,header_size=32,cut_condition_type=1,fast_path_timeout=0,k=1, pred=1.195416
2026-02-03 23:57:36,619 - cmab.policy - INFO -     #2: arm=batch_size=100000,header_size=32,cut_condition_type=3,fast_path_timeout=100,k=3, pred=1.195416
2026-02-03 23:57:36,619 - cmab.policy - INFO -     #3: arm=batch_size=100000,header_size=64,cut_condition_type=3,fast_path_timeout=0,k=1, pred=1.195416
2026-02-03 23:57:36,619 - cmab.policy - INFO -     #4: arm=batch_size=100000,header_size=64,cut_condition_type=1,fast_path_timeout=100,k=1, pred=1.195416
2026-02-03 23:57:36,619 - cmab.policy - INFO -     #5: arm=batch_size=100000,header_size=64,cut_condition_type=1,fast_path_timeout=0,k=3, pred=1.195416
2026-02-03 23:57:36,619 - cmab.policy - INFO - 
2026-02-03 23:57:36,619 - cmab.policy - INFO -   Found 16 arms with same max prediction (1.195416), randomly selecting one...
2026-02-03 23:57:36,619 - cmab.policy - INFO - 
2026-02-03 23:57:36,619 - cmab.policy - INFO - ✓ SELECTED ARM: batch_size=100000,header_size=32,cut_condition_type=1,fast_path_timeout=100,k=3 (prediction=1.195416)
2026-02-03 23:57:36,619 - cmab.policy - INFO - ================================================================================
2026-02-03 23:57:36,623 - cmab.trainer - INFO - Updated parameters file: /home/ccclr0302/autobahn-test/benchmark/.parameters-0.json
2026-02-03 23:57:36,623 - cmab.trainer - INFO - 🚩 Created RL parameter update signal file (epoch 16): /tmp/autobahn_rl_param_update_16.signal
2026-02-03 23:57:36,623 - cmab.trainer - INFO - Applied params: {'batch_size': 100000, 'header_size': 32, 'cut_condition_type': 1, 'fast_path_timeout': 100, 'k': 3}
2026-02-03 23:57:36,623 - cmab.trainer - INFO - Waiting for next metrics file...
2026-02-03 23:57:57,080 - cmab.trainer - INFO - Iteration 17 : context=[5.1211805  0.18589844 0.         0.09450433 0.        ] arm=batch_size=100000,header_size=32,cut_condition_type=1,fast_path_timeout=100,k=3 params={'batch_size': 100000, 'header_size': 32, 'cut_condition_type': 1, 'fast_path_timeout': 100, 'k': 3}
2026-02-03 23:57:57,080 - cmab.trainer - INFO - Iteration 17 reward=0.879206 avg_reward(20)=0.997582 last_metrics=epoch_17_slot_517.json top_arm=batch_size=100000,header_size=128,cut_condition_type=3,fast_path_timeout=0,k=3 top_ratio=0.12
2026-02-03 23:57:57,082 - cmab.policy - INFO - ================================================================================
2026-02-03 23:57:57,082 - cmab.policy - INFO - SELECT ARM - Detailed Prediction Analysis
2026-02-03 23:57:57,083 - cmab.policy - INFO - Context: [ 0.         1.6087201  1.7071047 20.         0.       ]
2026-02-03 23:57:57,083 - cmab.policy - INFO - Number of trees in forest: 10
2026-02-03 23:57:57,083 - cmab.policy - INFO - 
2026-02-03 23:57:57,083 - cmab.policy - INFO - Prediction statistics across all trees:
2026-02-03 23:57:57,083 - cmab.policy - INFO -   Mean predictions (top 5 arms): [1.011945, 1.003418, 1.003418, 0.995969, 0.990174]
2026-02-03 23:57:57,083 - cmab.policy - INFO -   Std predictions (top 5 arms): [0.049092, 0.051304, 0.051304, 0.087857, 0.051875]
2026-02-03 23:57:57,083 - cmab.policy - INFO - 
2026-02-03 23:57:57,083 - cmab.policy - INFO - Top 5 arms by mean prediction:
2026-02-03 23:57:57,083 - cmab.policy - INFO -   #1: arm=batch_size=100000,header_size=64,cut_condition_type=3,fast_path_timeout=0,k=3, mean=1.011945, std=0.049092
2026-02-03 23:57:57,083 - cmab.policy - INFO -   #2: arm=batch_size=100000,header_size=64,cut_condition_type=3,fast_path_timeout=0,k=1, mean=1.003418, std=0.051304
2026-02-03 23:57:57,083 - cmab.policy - INFO -   #3: arm=batch_size=100000,header_size=32,cut_condition_type=3,fast_path_timeout=0,k=1, mean=1.003418, std=0.051304
2026-02-03 23:57:57,083 - cmab.policy - INFO -   #4: arm=batch_size=100000,header_size=64,cut_condition_type=3,fast_path_timeout=100,k=3, mean=0.995969, std=0.087857
2026-02-03 23:57:57,083 - cmab.policy - INFO -   #5: arm=batch_size=100000,header_size=32,cut_condition_type=3,fast_path_timeout=0,k=3, mean=0.990174, std=0.051875
2026-02-03 23:57:57,083 - cmab.policy - INFO - 
2026-02-03 23:57:57,083 - cmab.policy - INFO - Selected tree #8 for Thompson Sampling:
2026-02-03 23:57:57,083 - cmab.policy - INFO -   Tree depth: 8
2026-02-03 23:57:57,083 - cmab.policy - INFO -   Tree nodes: 71
2026-02-03 23:57:57,083 - cmab.policy - INFO -   Tree leaves: 36
2026-02-03 23:57:57,083 - cmab.policy - INFO -   Tree shape: (nodes=71, leaves=36, depth=8)
2026-02-03 23:57:57,084 - cmab.policy - INFO -   Tree feature importances: [0.1631504  0.10367083 0.0644697  0.036091   0.         0.43847005
 0.07094874 0.03194472 0.08746807 0.00378649]
2026-02-03 23:57:57,085 - cmab.policy - INFO -   Forest feature importances: [0.1138327  0.1363152  0.08488109 0.05828675 0.01581614 0.40269084
 0.10101096 0.01696353 0.05476423 0.01543856]
2026-02-03 23:57:57,086 - cmab.policy - INFO -   Top 5 predictions from this tree:
2026-02-03 23:57:57,086 - cmab.policy - INFO -     #1: arm=batch_size=100000,header_size=64,cut_condition_type=3,fast_path_timeout=0,k=1, pred=1.039787
2026-02-03 23:57:57,086 - cmab.policy - INFO -     #2: arm=batch_size=100000,header_size=128,cut_condition_type=3,fast_path_timeout=100,k=3, pred=1.039787
2026-02-03 23:57:57,086 - cmab.policy - INFO -     #3: arm=batch_size=100000,header_size=64,cut_condition_type=3,fast_path_timeout=0,k=3, pred=1.039787
2026-02-03 23:57:57,086 - cmab.policy - INFO -     #4: arm=batch_size=100000,header_size=64,cut_condition_type=3,fast_path_timeout=100,k=1, pred=1.039787
2026-02-03 23:57:57,086 - cmab.policy - INFO -     #5: arm=batch_size=100000,header_size=64,cut_condition_type=3,fast_path_timeout=100,k=3, pred=1.039787
2026-02-03 23:57:57,086 - cmab.policy - INFO - 
2026-02-03 23:57:57,086 - cmab.policy - INFO -   Found 12 arms with same max prediction (1.039787), randomly selecting one...
2026-02-03 23:57:57,086 - cmab.policy - INFO - 
2026-02-03 23:57:57,086 - cmab.policy - INFO - ✓ SELECTED ARM: batch_size=100000,header_size=32,cut_condition_type=3,fast_path_timeout=100,k=1 (prediction=1.039787)
2026-02-03 23:57:57,086 - cmab.policy - INFO - ================================================================================
2026-02-03 23:57:57,089 - cmab.trainer - INFO - Updated parameters file: /home/ccclr0302/autobahn-test/benchmark/.parameters-0.json
2026-02-03 23:57:57,089 - cmab.trainer - INFO - 🚩 Created RL parameter update signal file (epoch 17): /tmp/autobahn_rl_param_update_17.signal
2026-02-03 23:57:57,089 - cmab.trainer - INFO - Applied params: {'batch_size': 100000, 'header_size': 32, 'cut_condition_type': 3, 'fast_path_timeout': 100, 'k': 1}
2026-02-03 23:57:57,090 - cmab.trainer - INFO - Waiting for next metrics file...
2026-02-03 23:58:13,937 - cmab.trainer - INFO - Iteration 18 : context=[ 0.         1.6087201  1.7071047 20.         0.       ] arm=batch_size=100000,header_size=32,cut_condition_type=3,fast_path_timeout=100,k=1 params={'batch_size': 100000, 'header_size': 32, 'cut_condition_type': 3, 'fast_path_timeout': 100, 'k': 1}
2026-02-03 23:58:13,937 - cmab.trainer - INFO - Iteration 18 reward=1.062143 avg_reward(20)=1.001168 last_metrics=epoch_18_slot_546.json top_arm=batch_size=100000,header_size=128,cut_condition_type=3,fast_path_timeout=0,k=3 top_ratio=0.11
2026-02-03 23:58:13,940 - cmab.policy - INFO - ================================================================================
2026-02-03 23:58:13,940 - cmab.policy - INFO - SELECT ARM - Detailed Prediction Analysis
2026-02-03 23:58:13,940 - cmab.policy - INFO - Context: [ 1.7894088  1.6378522 20.         0.         0.       ]
2026-02-03 23:58:13,940 - cmab.policy - INFO - Number of trees in forest: 10
2026-02-03 23:58:13,940 - cmab.policy - INFO - 
2026-02-03 23:58:13,940 - cmab.policy - INFO - Prediction statistics across all trees:
2026-02-03 23:58:13,940 - cmab.policy - INFO -   Mean predictions (top 5 arms): [0.964847, 0.955352, 0.948863, 0.943039, 0.935082]
2026-02-03 23:58:13,940 - cmab.policy - INFO -   Std predictions (top 5 arms): [0.177749, 0.177481, 0.179015, 0.185405, 0.184089]
2026-02-03 23:58:13,940 - cmab.policy - INFO - 
2026-02-03 23:58:13,940 - cmab.policy - INFO - Top 5 arms by mean prediction:
2026-02-03 23:58:13,940 - cmab.policy - INFO -   #1: arm=batch_size=100000,header_size=32,cut_condition_type=3,fast_path_timeout=0,k=1, mean=0.964847, std=0.177749
2026-02-03 23:58:13,940 - cmab.policy - INFO -   #2: arm=batch_size=100000,header_size=32,cut_condition_type=1,fast_path_timeout=0,k=1, mean=0.955352, std=0.177481
2026-02-03 23:58:13,940 - cmab.policy - INFO -   #3: arm=batch_size=100000,header_size=32,cut_condition_type=1,fast_path_timeout=0,k=3, mean=0.948863, std=0.179015
2026-02-03 23:58:13,940 - cmab.policy - INFO -   #4: arm=batch_size=100000,header_size=32,cut_condition_type=3,fast_path_timeout=100,k=1, mean=0.943039, std=0.185405
2026-02-03 23:58:13,940 - cmab.policy - INFO -   #5: arm=batch_size=100000,header_size=32,cut_condition_type=3,fast_path_timeout=0,k=3, mean=0.935082, std=0.184089
2026-02-03 23:58:13,940 - cmab.policy - INFO - 
2026-02-03 23:58:13,940 - cmab.policy - INFO - Selected tree #9 for Thompson Sampling:
2026-02-03 23:58:13,940 - cmab.policy - INFO -   Tree depth: 11
2026-02-03 23:58:13,940 - cmab.policy - INFO -   Tree nodes: 75
2026-02-03 23:58:13,940 - cmab.policy - INFO -   Tree leaves: 38
2026-02-03 23:58:13,941 - cmab.policy - INFO -   Tree shape: (nodes=75, leaves=38, depth=11)
2026-02-03 23:58:13,941 - cmab.policy - INFO -   Tree feature importances: [0.01414065 0.13801732 0.07904919 0.13848885 0.00129929 0.46247295
 0.10249325 0.         0.02606683 0.03797168]
2026-02-03 23:58:13,942 - cmab.policy - INFO -   Forest feature importances: [0.1138327  0.1363152  0.08488109 0.05828675 0.01581614 0.40269084
 0.10101096 0.01696353 0.05476423 0.01543856]
2026-02-03 23:58:13,943 - cmab.policy - INFO -   Top 5 predictions from this tree:
2026-02-03 23:58:13,943 - cmab.policy - INFO -     #1: arm=batch_size=100000,header_size=32,cut_condition_type=1,fast_path_timeout=0,k=1, pred=1.058061
2026-02-03 23:58:13,943 - cmab.policy - INFO -     #2: arm=batch_size=100000,header_size=32,cut_condition_type=3,fast_path_timeout=100,k=3, pred=1.058061
2026-02-03 23:58:13,943 - cmab.policy - INFO -     #3: arm=batch_size=100000,header_size=64,cut_condition_type=3,fast_path_timeout=100,k=1, pred=1.058061
2026-02-03 23:58:13,943 - cmab.policy - INFO -     #4: arm=batch_size=100000,header_size=64,cut_condition_type=3,fast_path_timeout=0,k=3, pred=1.058061
2026-02-03 23:58:13,943 - cmab.policy - INFO -     #5: arm=batch_size=100000,header_size=64,cut_condition_type=3,fast_path_timeout=0,k=1, pred=1.058061
2026-02-03 23:58:13,943 - cmab.policy - INFO - 
2026-02-03 23:58:13,943 - cmab.policy - INFO -   Found 16 arms with same max prediction (1.058061), randomly selecting one...
2026-02-03 23:58:13,943 - cmab.policy - INFO - 
2026-02-03 23:58:13,943 - cmab.policy - INFO - ✓ SELECTED ARM: batch_size=100000,header_size=32,cut_condition_type=1,fast_path_timeout=100,k=3 (prediction=1.058061)
2026-02-03 23:58:13,943 - cmab.policy - INFO - ================================================================================
2026-02-03 23:58:13,995 - cmab.trainer - INFO - Updated parameters file: /home/ccclr0302/autobahn-test/benchmark/.parameters-0.json
2026-02-03 23:58:13,995 - cmab.trainer - INFO - 🚩 Created RL parameter update signal file (epoch 18): /tmp/autobahn_rl_param_update_18.signal
2026-02-03 23:58:13,995 - cmab.trainer - INFO - Applied params: {'batch_size': 100000, 'header_size': 32, 'cut_condition_type': 1, 'fast_path_timeout': 100, 'k': 3}
2026-02-03 23:58:13,995 - cmab.trainer - INFO - Waiting for next metrics file...
2026-02-03 23:58:31,945 - cmab.trainer - INFO - Iteration 19 : context=[ 1.7894088  1.6378522 20.         0.         0.       ] arm=batch_size=100000,header_size=32,cut_condition_type=1,fast_path_timeout=100,k=3 params={'batch_size': 100000, 'header_size': 32, 'cut_condition_type': 1, 'fast_path_timeout': 100, 'k': 3}
2026-02-03 23:58:31,945 - cmab.trainer - INFO - Iteration 19 reward=0.875789 avg_reward(20)=0.994569 last_metrics=epoch_19_slot_577.json top_arm=batch_size=100000,header_size=128,cut_condition_type=3,fast_path_timeout=0,k=3 top_ratio=0.11
2026-02-03 23:58:31,948 - cmab.policy - INFO - ================================================================================
2026-02-03 23:58:31,948 - cmab.policy - INFO - SELECT ARM - Detailed Prediction Analysis
2026-02-03 23:58:31,948 - cmab.policy - INFO - Context: [20.         1.6117923  1.7103267  0.         0.       ]
2026-02-03 23:58:31,948 - cmab.policy - INFO - Number of trees in forest: 10
2026-02-03 23:58:31,948 - cmab.policy - INFO - 
2026-02-03 23:58:31,948 - cmab.policy - INFO - Prediction statistics across all trees:
2026-02-03 23:58:31,948 - cmab.policy - INFO -   Mean predictions (top 5 arms): [1.030777, 1.030777, 1.025188, 1.025188, 1.020881]
2026-02-03 23:58:31,948 - cmab.policy - INFO -   Std predictions (top 5 arms): [0.146910, 0.146910, 0.149087, 0.149087, 0.138499]
2026-02-03 23:58:31,948 - cmab.policy - INFO - 
2026-02-03 23:58:31,948 - cmab.policy - INFO - Top 5 arms by mean prediction:
2026-02-03 23:58:31,949 - cmab.policy - INFO -   #1: arm=batch_size=100000,header_size=64,cut_condition_type=3,fast_path_timeout=100,k=3, mean=1.030777, std=0.146910
2026-02-03 23:58:31,949 - cmab.policy - INFO -   #2: arm=batch_size=100000,header_size=32,cut_condition_type=3,fast_path_timeout=100,k=3, mean=1.030777, std=0.146910
2026-02-03 23:58:31,949 - cmab.policy - INFO -   #3: arm=batch_size=100000,header_size=64,cut_condition_type=3,fast_path_timeout=100,k=1, mean=1.025188, std=0.149087
2026-02-03 23:58:31,949 - cmab.policy - INFO -   #4: arm=batch_size=100000,header_size=32,cut_condition_type=3,fast_path_timeout=100,k=1, mean=1.025188, std=0.149087
2026-02-03 23:58:31,949 - cmab.policy - INFO -   #5: arm=batch_size=100000,header_size=32,cut_condition_type=3,fast_path_timeout=0,k=3, mean=1.020881, std=0.138499
2026-02-03 23:58:31,949 - cmab.policy - INFO - 
2026-02-03 23:58:31,949 - cmab.policy - INFO - Selected tree #8 for Thompson Sampling:
2026-02-03 23:58:31,949 - cmab.policy - INFO -   Tree depth: 8
2026-02-03 23:58:31,949 - cmab.policy - INFO -   Tree nodes: 71
2026-02-03 23:58:31,949 - cmab.policy - INFO -   Tree leaves: 36
2026-02-03 23:58:31,949 - cmab.policy - INFO -   Tree shape: (nodes=71, leaves=36, depth=8)
2026-02-03 23:58:31,949 - cmab.policy - INFO -   Tree feature importances: [0.1631504  0.10367083 0.0644697  0.036091   0.         0.43847005
 0.07094874 0.03194472 0.08746807 0.00378649]
2026-02-03 23:58:31,951 - cmab.policy - INFO -   Forest feature importances: [0.1138327  0.1363152  0.08488109 0.05828675 0.01581614 0.40269084
 0.10101096 0.01696353 0.05476423 0.01543856]
2026-02-03 23:58:31,951 - cmab.policy - INFO -   Top 5 predictions from this tree:
2026-02-03 23:58:31,951 - cmab.policy - INFO -     #1: arm=batch_size=100000,header_size=32,cut_condition_type=1,fast_path_timeout=0,k=1, pred=1.248445
2026-02-03 23:58:31,951 - cmab.policy - INFO -     #2: arm=batch_size=100000,header_size=64,cut_condition_type=1,fast_path_timeout=0,k=1, pred=1.248445
2026-02-03 23:58:31,951 - cmab.policy - INFO -     #3: arm=batch_size=100000,header_size=128,cut_condition_type=1,fast_path_timeout=0,k=1, pred=1.248445
2026-02-03 23:58:31,951 - cmab.policy - INFO -     #4: arm=batch_size=100000,header_size=64,cut_condition_type=3,fast_path_timeout=0,k=3, pred=1.248445
2026-02-03 23:58:31,951 - cmab.policy - INFO -     #5: arm=batch_size=100000,header_size=128,cut_condition_type=3,fast_path_timeout=0,k=1, pred=1.248445
2026-02-03 23:58:31,951 - cmab.policy - INFO - 
2026-02-03 23:58:31,951 - cmab.policy - INFO -   Found 12 arms with same max prediction (1.248445), randomly selecting one...
2026-02-03 23:58:31,951 - cmab.policy - INFO - 
2026-02-03 23:58:31,951 - cmab.policy - INFO - ✓ SELECTED ARM: batch_size=100000,header_size=64,cut_condition_type=1,fast_path_timeout=0,k=1 (prediction=1.248445)
2026-02-03 23:58:31,951 - cmab.policy - INFO - ================================================================================
2026-02-03 23:58:31,955 - cmab.trainer - INFO - Updated parameters file: /home/ccclr0302/autobahn-test/benchmark/.parameters-0.json
2026-02-03 23:58:31,956 - cmab.trainer - INFO - 🚩 Created RL parameter update signal file (epoch 19): /tmp/autobahn_rl_param_update_19.signal
2026-02-03 23:58:31,956 - cmab.trainer - INFO - Applied params: {'batch_size': 100000, 'header_size': 64, 'cut_condition_type': 1, 'fast_path_timeout': 0, 'k': 1}
2026-02-03 23:58:31,956 - cmab.trainer - INFO - Waiting for next metrics file...
[Parallel(n_jobs=1)]: Done  10 out of  10 | elapsed:    0.0s finished
[Parallel(n_jobs=1)]: Done  10 out of  10 | elapsed:    0.0s finished
2026-02-03 23:58:44,203 - cmab.policy - INFO - RF Updated: samples=150, MSE=0.012726
2026-02-03 23:58:44,203 - cmab.trainer - INFO - Iteration 20 : context=[20.         1.6117923  1.7103267  0.         0.       ] arm=batch_size=100000,header_size=64,cut_condition_type=1,fast_path_timeout=0,k=1 params={'batch_size': 100000, 'header_size': 64, 'cut_condition_type': 1, 'fast_path_timeout': 0, 'k': 1}
2026-02-03 23:58:44,204 - cmab.trainer - INFO - Iteration 20 reward=0.987816 avg_reward(20)=0.994232 last_metrics=epoch_20_slot_606.json top_arm=batch_size=100000,header_size=128,cut_condition_type=3,fast_path_timeout=0,k=3 top_ratio=0.10
2026-02-03 23:58:44,213 - cmab.trainer - INFO - Saved checkpoint: /tmp/cmab_continuous_checkpoints/cmab_checkpoint_20.pkl
2026-02-03 23:58:44,216 - cmab.policy - INFO - ================================================================================
2026-02-03 23:58:44,216 - cmab.policy - INFO - SELECT ARM - Detailed Prediction Analysis
2026-02-03 23:58:44,216 - cmab.policy - INFO - Context: [11.314078    0.          0.58524704  0.78392905  0.        ]
2026-02-03 23:58:44,216 - cmab.policy - INFO - Number of trees in forest: 10
2026-02-03 23:58:44,216 - cmab.policy - INFO - 
2026-02-03 23:58:44,216 - cmab.policy - INFO - Prediction statistics across all trees:
2026-02-03 23:58:44,216 - cmab.policy - INFO -   Mean predictions (top 5 arms): [1.105514, 1.093543, 1.093543, 1.083429, 1.071459]
2026-02-03 23:58:44,216 - cmab.policy - INFO -   Std predictions (top 5 arms): [0.150828, 0.116261, 0.116261, 0.168962, 0.137065]
2026-02-03 23:58:44,216 - cmab.policy - INFO - 
2026-02-03 23:58:44,216 - cmab.policy - INFO - Top 5 arms by mean prediction:
2026-02-03 23:58:44,216 - cmab.policy - INFO -   #1: arm=batch_size=100000,header_size=32,cut_condition_type=3,fast_path_timeout=0,k=3, mean=1.105514, std=0.150828
2026-02-03 23:58:44,216 - cmab.policy - INFO -   #2: arm=batch_size=100000,header_size=128,cut_condition_type=3,fast_path_timeout=0,k=3, mean=1.093543, std=0.116261
2026-02-03 23:58:44,216 - cmab.policy - INFO -   #3: arm=batch_size=100000,header_size=64,cut_condition_type=3,fast_path_timeout=0,k=3, mean=1.093543, std=0.116261
2026-02-03 23:58:44,216 - cmab.policy - INFO -   #4: arm=batch_size=100000,header_size=32,cut_condition_type=3,fast_path_timeout=100,k=3, mean=1.083429, std=0.168962
2026-02-03 23:58:44,216 - cmab.policy - INFO -   #5: arm=batch_size=100000,header_size=128,cut_condition_type=3,fast_path_timeout=100,k=3, mean=1.071459, std=0.137065
2026-02-03 23:58:44,216 - cmab.policy - INFO - 
2026-02-03 23:58:44,216 - cmab.policy - INFO - Selected tree #8 for Thompson Sampling:
2026-02-03 23:58:44,216 - cmab.policy - INFO -   Tree depth: 12
2026-02-03 23:58:44,216 - cmab.policy - INFO -   Tree nodes: 77
2026-02-03 23:58:44,217 - cmab.policy - INFO -   Tree leaves: 39
2026-02-03 23:58:44,217 - cmab.policy - INFO -   Tree shape: (nodes=77, leaves=39, depth=12)
2026-02-03 23:58:44,217 - cmab.policy - INFO -   Tree feature importances: [0.04852183 0.17437197 0.01508467 0.06290618 0.         0.49714622
 0.07029961 0.00873837 0.09573498 0.02719618]
2026-02-03 23:58:44,218 - cmab.policy - INFO -   Forest feature importances: [0.0842729  0.10992679 0.0815203  0.08480129 0.02299543 0.38136058
 0.09636832 0.03058212 0.06326694 0.04490533]
2026-02-03 23:58:44,219 - cmab.policy - INFO -   Top 5 predictions from this tree:
2026-02-03 23:58:44,219 - cmab.policy - INFO -     #1: arm=batch_size=100000,header_size=64,cut_condition_type=3,fast_path_timeout=0,k=3, pred=1.122119
2026-02-03 23:58:44,219 - cmab.policy - INFO -     #2: arm=batch_size=100000,header_size=32,cut_condition_type=3,fast_path_timeout=100,k=3, pred=1.122119
2026-02-03 23:58:44,219 - cmab.policy - INFO -     #3: arm=batch_size=100000,header_size=128,cut_condition_type=3,fast_path_timeout=0,k=3, pred=1.122119
2026-02-03 23:58:44,219 - cmab.policy - INFO -     #4: arm=batch_size=100000,header_size=128,cut_condition_type=1,fast_path_timeout=100,k=3, pred=1.122119
2026-02-03 23:58:44,219 - cmab.policy - INFO -     #5: arm=batch_size=100000,header_size=128,cut_condition_type=1,fast_path_timeout=0,k=3, pred=1.122119
2026-02-03 23:58:44,219 - cmab.policy - INFO - 
2026-02-03 23:58:44,219 - cmab.policy - INFO -   Found 12 arms with same max prediction (1.122119), randomly selecting one...
2026-02-03 23:58:44,219 - cmab.policy - INFO - 
2026-02-03 23:58:44,219 - cmab.policy - INFO - ✓ SELECTED ARM: batch_size=100000,header_size=64,cut_condition_type=3,fast_path_timeout=100,k=3 (prediction=1.122119)
2026-02-03 23:58:44,219 - cmab.policy - INFO - ================================================================================
2026-02-03 23:58:44,222 - cmab.trainer - INFO - Updated parameters file: /home/ccclr0302/autobahn-test/benchmark/.parameters-0.json
2026-02-03 23:58:44,222 - cmab.trainer - INFO - 🚩 Created RL parameter update signal file (epoch 20): /tmp/autobahn_rl_param_update_20.signal
2026-02-03 23:58:44,222 - cmab.trainer - INFO - Applied params: {'batch_size': 100000, 'header_size': 64, 'cut_condition_type': 3, 'fast_path_timeout': 100, 'k': 3}
2026-02-03 23:58:44,222 - cmab.trainer - INFO - Waiting for next metrics file...
2026-02-03 23:59:04,579 - cmab.trainer - INFO - Iteration 21 : context=[11.314078    0.          0.58524704  0.78392905  0.        ] arm=batch_size=100000,header_size=64,cut_condition_type=3,fast_path_timeout=100,k=3 params={'batch_size': 100000, 'header_size': 64, 'cut_condition_type': 3, 'fast_path_timeout': 100, 'k': 3}
2026-02-03 23:59:04,579 - cmab.trainer - INFO - Iteration 21 reward=0.979884 avg_reward(20)=0.992004 last_metrics=epoch_21_slot_636.json top_arm=batch_size=100000,header_size=128,cut_condition_type=3,fast_path_timeout=0,k=3 top_ratio=0.10
2026-02-03 23:59:04,582 - cmab.policy - INFO - ================================================================================
2026-02-03 23:59:04,582 - cmab.policy - INFO - SELECT ARM - Detailed Prediction Analysis
2026-02-03 23:59:04,582 - cmab.policy - INFO - Context: [ 0.674049  11.2880535  0.         0.6324254  0.       ]
2026-02-03 23:59:04,582 - cmab.policy - INFO - Number of trees in forest: 10
2026-02-03 23:59:04,582 - cmab.policy - INFO - 
2026-02-03 23:59:04,582 - cmab.policy - INFO - Prediction statistics across all trees:
2026-02-03 23:59:04,582 - cmab.policy - INFO -   Mean predictions (top 5 arms): [1.272924, 1.272924, 1.256386, 1.256386, 1.223182]
2026-02-03 23:59:04,582 - cmab.policy - INFO -   Std predictions (top 5 arms): [0.095664, 0.095664, 0.096548, 0.096548, 0.105540]
2026-02-03 23:59:04,582 - cmab.policy - INFO - 
2026-02-03 23:59:04,582 - cmab.policy - INFO - Top 5 arms by mean prediction:
2026-02-03 23:59:04,582 - cmab.policy - INFO -   #1: arm=batch_size=100000,header_size=32,cut_condition_type=3,fast_path_timeout=0,k=3, mean=1.272924, std=0.095664
2026-02-03 23:59:04,582 - cmab.policy - INFO -   #2: arm=batch_size=100000,header_size=32,cut_condition_type=3,fast_path_timeout=100,k=3, mean=1.272924, std=0.095664
2026-02-03 23:59:04,582 - cmab.policy - INFO -   #3: arm=batch_size=100000,header_size=64,cut_condition_type=3,fast_path_timeout=0,k=3, mean=1.256386, std=0.096548
2026-02-03 23:59:04,582 - cmab.policy - INFO -   #4: arm=batch_size=100000,header_size=64,cut_condition_type=3,fast_path_timeout=100,k=3, mean=1.256386, std=0.096548
2026-02-03 23:59:04,582 - cmab.policy - INFO -   #5: arm=batch_size=100000,header_size=128,cut_condition_type=3,fast_path_timeout=100,k=3, mean=1.223182, std=0.105540
2026-02-03 23:59:04,582 - cmab.policy - INFO - 
2026-02-03 23:59:04,582 - cmab.policy - INFO - Selected tree #4 for Thompson Sampling:
2026-02-03 23:59:04,583 - cmab.policy - INFO -   Tree depth: 10
2026-02-03 23:59:04,583 - cmab.policy - INFO -   Tree nodes: 77
2026-02-03 23:59:04,583 - cmab.policy - INFO -   Tree leaves: 39
2026-02-03 23:59:04,583 - cmab.policy - INFO -   Tree shape: (nodes=77, leaves=39, depth=10)
2026-02-03 23:59:04,583 - cmab.policy - INFO -   Tree feature importances: [0.04095783 0.0696042  0.09559661 0.09175258 0.05044803 0.4213361
 0.07704046 0.04957731 0.0556921  0.04799477]
2026-02-03 23:59:04,585 - cmab.policy - INFO -   Forest feature importances: [0.0842729  0.10992679 0.0815203  0.08480129 0.02299543 0.38136058
 0.09636832 0.03058212 0.06326694 0.04490533]
2026-02-03 23:59:04,585 - cmab.policy - INFO -   Top 5 predictions from this tree:
2026-02-03 23:59:04,585 - cmab.policy - INFO -     #1: arm=batch_size=100000,header_size=32,cut_condition_type=3,fast_path_timeout=100,k=1, pred=1.245358
2026-02-03 23:59:04,585 - cmab.policy - INFO -     #2: arm=batch_size=100000,header_size=128,cut_condition_type=3,fast_path_timeout=0,k=1, pred=1.245358
2026-02-03 23:59:04,585 - cmab.policy - INFO -     #3: arm=batch_size=100000,header_size=64,cut_condition_type=3,fast_path_timeout=100,k=1, pred=1.245358
2026-02-03 23:59:04,585 - cmab.policy - INFO -     #4: arm=batch_size=100000,header_size=32,cut_condition_type=3,fast_path_timeout=0,k=1, pred=1.245358
2026-02-03 23:59:04,585 - cmab.policy - INFO -     #5: arm=batch_size=100000,header_size=64,cut_condition_type=3,fast_path_timeout=0,k=1, pred=1.245358
2026-02-03 23:59:04,585 - cmab.policy - INFO - 
2026-02-03 23:59:04,585 - cmab.policy - INFO -   Found 6 arms with same max prediction (1.245358), randomly selecting one...
2026-02-03 23:59:04,585 - cmab.policy - INFO - 
2026-02-03 23:59:04,585 - cmab.policy - INFO - ✓ SELECTED ARM: batch_size=100000,header_size=64,cut_condition_type=3,fast_path_timeout=100,k=1 (prediction=1.245358)
2026-02-03 23:59:04,585 - cmab.policy - INFO - ================================================================================
2026-02-03 23:59:04,633 - cmab.trainer - INFO - Updated parameters file: /home/ccclr0302/autobahn-test/benchmark/.parameters-0.json
2026-02-03 23:59:04,633 - cmab.trainer - INFO - 🚩 Created RL parameter update signal file (epoch 21): /tmp/autobahn_rl_param_update_21.signal
2026-02-03 23:59:04,633 - cmab.trainer - INFO - Applied params: {'batch_size': 100000, 'header_size': 64, 'cut_condition_type': 3, 'fast_path_timeout': 100, 'k': 1}
2026-02-03 23:59:04,633 - cmab.trainer - INFO - Waiting for next metrics file...
2026-02-03 23:59:24,589 - cmab.trainer - INFO - Iteration 22 : context=[ 0.674049  11.2880535  0.         0.6324254  0.       ] arm=batch_size=100000,header_size=64,cut_condition_type=3,fast_path_timeout=100,k=1 params={'batch_size': 100000, 'header_size': 64, 'cut_condition_type': 3, 'fast_path_timeout': 100, 'k': 1}
2026-02-03 23:59:24,589 - cmab.trainer - INFO - Iteration 22 reward=1.071451 avg_reward(20)=0.999893 last_metrics=epoch_22_slot_666.json top_arm=batch_size=100000,header_size=64,cut_condition_type=3,fast_path_timeout=100,k=1 top_ratio=0.14
2026-02-03 23:59:24,592 - cmab.policy - INFO - ================================================================================
2026-02-03 23:59:24,592 - cmab.policy - INFO - SELECT ARM - Detailed Prediction Analysis
2026-02-03 23:59:24,592 - cmab.policy - INFO - Context: [11.1779995  0.         0.5993291  0.6622974  0.       ]
2026-02-03 23:59:24,592 - cmab.policy - INFO - Number of trees in forest: 10
2026-02-03 23:59:24,592 - cmab.policy - INFO - 
2026-02-03 23:59:24,592 - cmab.policy - INFO - Prediction statistics across all trees:
2026-02-03 23:59:24,592 - cmab.policy - INFO -   Mean predictions (top 5 arms): [1.105514, 1.093543, 1.093543, 1.083429, 1.071459]
2026-02-03 23:59:24,592 - cmab.policy - INFO -   Std predictions (top 5 arms): [0.150828, 0.116261, 0.116261, 0.168962, 0.137065]
2026-02-03 23:59:24,592 - cmab.policy - INFO - 
2026-02-03 23:59:24,592 - cmab.policy - INFO - Top 5 arms by mean prediction:
2026-02-03 23:59:24,592 - cmab.policy - INFO -   #1: arm=batch_size=100000,header_size=32,cut_condition_type=3,fast_path_timeout=0,k=3, mean=1.105514, std=0.150828
2026-02-03 23:59:24,592 - cmab.policy - INFO -   #2: arm=batch_size=100000,header_size=128,cut_condition_type=3,fast_path_timeout=0,k=3, mean=1.093543, std=0.116261
2026-02-03 23:59:24,592 - cmab.policy - INFO -   #3: arm=batch_size=100000,header_size=64,cut_condition_type=3,fast_path_timeout=0,k=3, mean=1.093543, std=0.116261
2026-02-03 23:59:24,592 - cmab.policy - INFO -   #4: arm=batch_size=100000,header_size=32,cut_condition_type=3,fast_path_timeout=100,k=3, mean=1.083429, std=0.168962
2026-02-03 23:59:24,592 - cmab.policy - INFO -   #5: arm=batch_size=100000,header_size=128,cut_condition_type=3,fast_path_timeout=100,k=3, mean=1.071459, std=0.137065
2026-02-03 23:59:24,592 - cmab.policy - INFO - 
2026-02-03 23:59:24,592 - cmab.policy - INFO - Selected tree #7 for Thompson Sampling:
2026-02-03 23:59:24,592 - cmab.policy - INFO -   Tree depth: 9
2026-02-03 23:59:24,593 - cmab.policy - INFO -   Tree nodes: 75
2026-02-03 23:59:24,593 - cmab.policy - INFO -   Tree leaves: 38
2026-02-03 23:59:24,593 - cmab.policy - INFO -   Tree shape: (nodes=75, leaves=38, depth=9)
2026-02-03 23:59:24,593 - cmab.policy - INFO -   Tree feature importances: [0.0716795  0.08722586 0.02786161 0.09158366 0.         0.38239673
 0.20517677 0.06391071 0.06030677 0.0098584 ]
2026-02-03 23:59:24,595 - cmab.policy - INFO -   Forest feature importances: [0.0842729  0.10992679 0.0815203  0.08480129 0.02299543 0.38136058
 0.09636832 0.03058212 0.06326694 0.04490533]
2026-02-03 23:59:24,595 - cmab.policy - INFO -   Top 5 predictions from this tree:
2026-02-03 23:59:24,595 - cmab.policy - INFO -     #1: arm=batch_size=100000,header_size=128,cut_condition_type=3,fast_path_timeout=100,k=3, pred=1.132696
2026-02-03 23:59:24,595 - cmab.policy - INFO -     #2: arm=batch_size=100000,header_size=128,cut_condition_type=3,fast_path_timeout=100,k=1, pred=1.132696
2026-02-03 23:59:24,595 - cmab.policy - INFO -     #3: arm=batch_size=100000,header_size=64,cut_condition_type=3,fast_path_timeout=100,k=3, pred=1.132696
2026-02-03 23:59:24,595 - cmab.policy - INFO -     #4: arm=batch_size=100000,header_size=64,cut_condition_type=3,fast_path_timeout=100,k=1, pred=1.132696
2026-02-03 23:59:24,595 - cmab.policy - INFO -     #5: arm=batch_size=100000,header_size=128,cut_condition_type=3,fast_path_timeout=0,k=3, pred=1.132696
2026-02-03 23:59:24,595 - cmab.policy - INFO - 
2026-02-03 23:59:24,595 - cmab.policy - INFO -   Found 8 arms with same max prediction (1.132696), randomly selecting one...
2026-02-03 23:59:24,595 - cmab.policy - INFO - 
2026-02-03 23:59:24,595 - cmab.policy - INFO - ✓ SELECTED ARM: batch_size=100000,header_size=128,cut_condition_type=3,fast_path_timeout=0,k=1 (prediction=1.132696)
2026-02-03 23:59:24,595 - cmab.policy - INFO - ================================================================================
2026-02-03 23:59:24,598 - cmab.trainer - INFO - Updated parameters file: /home/ccclr0302/autobahn-test/benchmark/.parameters-0.json
2026-02-03 23:59:24,598 - cmab.trainer - INFO - 🚩 Created RL parameter update signal file (epoch 22): /tmp/autobahn_rl_param_update_22.signal
2026-02-03 23:59:24,598 - cmab.trainer - INFO - Applied params: {'batch_size': 100000, 'header_size': 128, 'cut_condition_type': 3, 'fast_path_timeout': 0, 'k': 1}
2026-02-03 23:59:24,599 - cmab.trainer - INFO - Waiting for next metrics file...
2026-02-03 23:59:49,769 - cmab.trainer - INFO - Iteration 23 : context=[11.1779995  0.         0.5993291  0.6622974  0.       ] arm=batch_size=100000,header_size=128,cut_condition_type=3,fast_path_timeout=0,k=1 params={'batch_size': 100000, 'header_size': 128, 'cut_condition_type': 3, 'fast_path_timeout': 0, 'k': 1}
2026-02-03 23:59:49,769 - cmab.trainer - INFO - Iteration 23 reward=1.036857 avg_reward(20)=0.996970 last_metrics=epoch_23_slot_696.json top_arm=batch_size=100000,header_size=64,cut_condition_type=3,fast_path_timeout=100,k=1 top_ratio=0.13
2026-02-03 23:59:49,772 - cmab.policy - INFO - ================================================================================
2026-02-03 23:59:49,772 - cmab.policy - INFO - SELECT ARM - Detailed Prediction Analysis
2026-02-03 23:59:49,772 - cmab.policy - INFO - Context: [0.16958652 5.4415536  0.         0.13347717 0.        ]
2026-02-03 23:59:49,772 - cmab.policy - INFO - Number of trees in forest: 10
2026-02-03 23:59:49,772 - cmab.policy - INFO - 
2026-02-03 23:59:49,772 - cmab.policy - INFO - Prediction statistics across all trees:
2026-02-03 23:59:49,772 - cmab.policy - INFO -   Mean predictions (top 5 arms): [1.289125, 1.289125, 1.285346, 1.285346, 1.252142]
2026-02-03 23:59:49,772 - cmab.policy - INFO -   Std predictions (top 5 arms): [0.170447, 0.170447, 0.167988, 0.167988, 0.178774]
2026-02-03 23:59:49,772 - cmab.policy - INFO - 
2026-02-03 23:59:49,772 - cmab.policy - INFO - Top 5 arms by mean prediction:
2026-02-03 23:59:49,772 - cmab.policy - INFO -   #1: arm=batch_size=100000,header_size=32,cut_condition_type=3,fast_path_timeout=0,k=3, mean=1.289125, std=0.170447
2026-02-03 23:59:49,772 - cmab.policy - INFO -   #2: arm=batch_size=100000,header_size=32,cut_condition_type=3,fast_path_timeout=100,k=3, mean=1.289125, std=0.170447
2026-02-03 23:59:49,772 - cmab.policy - INFO -   #3: arm=batch_size=100000,header_size=64,cut_condition_type=3,fast_path_timeout=100,k=3, mean=1.285346, std=0.167988
2026-02-03 23:59:49,772 - cmab.policy - INFO -   #4: arm=batch_size=100000,header_size=64,cut_condition_type=3,fast_path_timeout=0,k=3, mean=1.285346, std=0.167988
2026-02-03 23:59:49,772 - cmab.policy - INFO -   #5: arm=batch_size=100000,header_size=128,cut_condition_type=3,fast_path_timeout=0,k=3, mean=1.252142, std=0.178774
2026-02-03 23:59:49,772 - cmab.policy - INFO - 
2026-02-03 23:59:49,772 - cmab.policy - INFO - Selected tree #8 for Thompson Sampling:
2026-02-03 23:59:49,772 - cmab.policy - INFO -   Tree depth: 12
2026-02-03 23:59:49,772 - cmab.policy - INFO -   Tree nodes: 77
2026-02-03 23:59:49,772 - cmab.policy - INFO -   Tree leaves: 39
2026-02-03 23:59:49,773 - cmab.policy - INFO -   Tree shape: (nodes=77, leaves=39, depth=12)
2026-02-03 23:59:49,773 - cmab.policy - INFO -   Tree feature importances: [0.04852183 0.17437197 0.01508467 0.06290618 0.         0.49714622
 0.07029961 0.00873837 0.09573498 0.02719618]
2026-02-03 23:59:49,774 - cmab.policy - INFO -   Forest feature importances: [0.0842729  0.10992679 0.0815203  0.08480129 0.02299543 0.38136058
 0.09636832 0.03058212 0.06326694 0.04490533]
2026-02-03 23:59:49,775 - cmab.policy - INFO -   Top 5 predictions from this tree:
2026-02-03 23:59:49,775 - cmab.policy - INFO -     #1: arm=batch_size=100000,header_size=128,cut_condition_type=3,fast_path_timeout=100,k=1, pred=1.347455
2026-02-03 23:59:49,775 - cmab.policy - INFO -     #2: arm=batch_size=100000,header_size=128,cut_condition_type=3,fast_path_timeout=100,k=3, pred=1.347455
2026-02-03 23:59:49,775 - cmab.policy - INFO -     #3: arm=batch_size=100000,header_size=64,cut_condition_type=3,fast_path_timeout=100,k=3, pred=1.347455
2026-02-03 23:59:49,775 - cmab.policy - INFO -     #4: arm=batch_size=100000,header_size=64,cut_condition_type=3,fast_path_timeout=100,k=1, pred=1.347455
2026-02-03 23:59:49,775 - cmab.policy - INFO -     #5: arm=batch_size=100000,header_size=32,cut_condition_type=3,fast_path_timeout=0,k=1, pred=1.347455
2026-02-03 23:59:49,775 - cmab.policy - INFO - 
2026-02-03 23:59:49,775 - cmab.policy - INFO -   Found 12 arms with same max prediction (1.347455), randomly selecting one...
2026-02-03 23:59:49,775 - cmab.policy - INFO - 
2026-02-03 23:59:49,775 - cmab.policy - INFO - ✓ SELECTED ARM: batch_size=100000,header_size=64,cut_condition_type=3,fast_path_timeout=0,k=3 (prediction=1.347455)
2026-02-03 23:59:49,775 - cmab.policy - INFO - ================================================================================
2026-02-03 23:59:49,778 - cmab.trainer - INFO - Updated parameters file: /home/ccclr0302/autobahn-test/benchmark/.parameters-0.json
2026-02-03 23:59:49,778 - cmab.trainer - INFO - 🚩 Created RL parameter update signal file (epoch 23): /tmp/autobahn_rl_param_update_23.signal
2026-02-03 23:59:49,778 - cmab.trainer - INFO - Applied params: {'batch_size': 100000, 'header_size': 64, 'cut_condition_type': 3, 'fast_path_timeout': 0, 'k': 3}
2026-02-03 23:59:49,778 - cmab.trainer - INFO - Waiting for next metrics file...
2026-02-04 00:00:10,925 - cmab.trainer - INFO - Iteration 24 : context=[0.16958652 5.4415536  0.         0.13347717 0.        ] arm=batch_size=100000,header_size=64,cut_condition_type=3,fast_path_timeout=0,k=3 params={'batch_size': 100000, 'header_size': 64, 'cut_condition_type': 3, 'fast_path_timeout': 0, 'k': 3}
2026-02-04 00:00:10,926 - cmab.trainer - INFO - Iteration 24 reward=1.303734 avg_reward(20)=1.019554 last_metrics=epoch_24_slot_726.json top_arm=batch_size=100000,header_size=64,cut_condition_type=3,fast_path_timeout=100,k=1 top_ratio=0.12
2026-02-04 00:00:10,928 - cmab.policy - INFO - ================================================================================
2026-02-04 00:00:10,967 - cmab.policy - INFO - SELECT ARM - Detailed Prediction Analysis
2026-02-04 00:00:10,967 - cmab.policy - INFO - Context: [ 0.5811936  11.278615    0.          0.64302844  0.        ]
2026-02-04 00:00:10,967 - cmab.policy - INFO - Number of trees in forest: 10
2026-02-04 00:00:10,967 - cmab.policy - INFO - 
2026-02-04 00:00:10,967 - cmab.policy - INFO - Prediction statistics across all trees:
2026-02-04 00:00:10,967 - cmab.policy - INFO -   Mean predictions (top 5 arms): [1.272924, 1.272924, 1.256386, 1.256386, 1.223182]
2026-02-04 00:00:10,967 - cmab.policy - INFO -   Std predictions (top 5 arms): [0.095664, 0.095664, 0.096548, 0.096548, 0.105540]
2026-02-04 00:00:10,967 - cmab.policy - INFO - 
2026-02-04 00:00:10,967 - cmab.policy - INFO - Top 5 arms by mean prediction:
2026-02-04 00:00:10,967 - cmab.policy - INFO -   #1: arm=batch_size=100000,header_size=32,cut_condition_type=3,fast_path_timeout=0,k=3, mean=1.272924, std=0.095664
2026-02-04 00:00:10,967 - cmab.policy - INFO -   #2: arm=batch_size=100000,header_size=32,cut_condition_type=3,fast_path_timeout=100,k=3, mean=1.272924, std=0.095664
2026-02-04 00:00:10,967 - cmab.policy - INFO -   #3: arm=batch_size=100000,header_size=64,cut_condition_type=3,fast_path_timeout=0,k=3, mean=1.256386, std=0.096548
2026-02-04 00:00:10,967 - cmab.policy - INFO -   #4: arm=batch_size=100000,header_size=64,cut_condition_type=3,fast_path_timeout=100,k=3, mean=1.256386, std=0.096548
2026-02-04 00:00:10,967 - cmab.policy - INFO -   #5: arm=batch_size=100000,header_size=128,cut_condition_type=3,fast_path_timeout=100,k=3, mean=1.223182, std=0.105540
2026-02-04 00:00:10,967 - cmab.policy - INFO - 
2026-02-04 00:00:10,967 - cmab.policy - INFO - Selected tree #4 for Thompson Sampling:
2026-02-04 00:00:10,968 - cmab.policy - INFO -   Tree depth: 10
2026-02-04 00:00:10,968 - cmab.policy - INFO -   Tree nodes: 77
2026-02-04 00:00:10,968 - cmab.policy - INFO -   Tree leaves: 39
2026-02-04 00:00:10,968 - cmab.policy - INFO -   Tree shape: (nodes=77, leaves=39, depth=10)
2026-02-04 00:00:10,968 - cmab.policy - INFO -   Tree feature importances: [0.04095783 0.0696042  0.09559661 0.09175258 0.05044803 0.4213361
 0.07704046 0.04957731 0.0556921  0.04799477]
2026-02-04 00:00:10,970 - cmab.policy - INFO -   Forest feature importances: [0.0842729  0.10992679 0.0815203  0.08480129 0.02299543 0.38136058
 0.09636832 0.03058212 0.06326694 0.04490533]
2026-02-04 00:00:10,970 - cmab.policy - INFO -   Top 5 predictions from this tree:
2026-02-04 00:00:10,970 - cmab.policy - INFO -     #1: arm=batch_size=100000,header_size=32,cut_condition_type=3,fast_path_timeout=100,k=1, pred=1.245358
2026-02-04 00:00:10,970 - cmab.policy - INFO -     #2: arm=batch_size=100000,header_size=128,cut_condition_type=3,fast_path_timeout=0,k=1, pred=1.245358
2026-02-04 00:00:10,970 - cmab.policy - INFO -     #3: arm=batch_size=100000,header_size=64,cut_condition_type=3,fast_path_timeout=100,k=1, pred=1.245358
2026-02-04 00:00:10,970 - cmab.policy - INFO -     #4: arm=batch_size=100000,header_size=32,cut_condition_type=3,fast_path_timeout=0,k=1, pred=1.245358
2026-02-04 00:00:10,970 - cmab.policy - INFO -     #5: arm=batch_size=100000,header_size=64,cut_condition_type=3,fast_path_timeout=0,k=1, pred=1.245358
2026-02-04 00:00:10,970 - cmab.policy - INFO - 
2026-02-04 00:00:10,970 - cmab.policy - INFO -   Found 6 arms with same max prediction (1.245358), randomly selecting one...
2026-02-04 00:00:10,970 - cmab.policy - INFO - 
2026-02-04 00:00:10,970 - cmab.policy - INFO - ✓ SELECTED ARM: batch_size=100000,header_size=32,cut_condition_type=3,fast_path_timeout=100,k=1 (prediction=1.245358)
2026-02-04 00:00:10,970 - cmab.policy - INFO - ================================================================================
2026-02-04 00:00:11,182 - cmab.trainer - INFO - Updated parameters file: /home/ccclr0302/autobahn-test/benchmark/.parameters-0.json
2026-02-04 00:00:11,182 - cmab.trainer - INFO - 🚩 Created RL parameter update signal file (epoch 24): /tmp/autobahn_rl_param_update_24.signal
2026-02-04 00:00:11,182 - cmab.trainer - INFO - Applied params: {'batch_size': 100000, 'header_size': 32, 'cut_condition_type': 3, 'fast_path_timeout': 100, 'k': 1}
2026-02-04 00:00:11,182 - cmab.trainer - INFO - Waiting for next metrics file...
[Parallel(n_jobs=1)]: Done  10 out of  10 | elapsed:    0.0s finished
[Parallel(n_jobs=1)]: Done  10 out of  10 | elapsed:    0.0s finished
2026-02-04 00:00:32,255 - cmab.policy - INFO - RF Updated: samples=155, MSE=0.011558
2026-02-04 00:00:32,255 - cmab.trainer - INFO - Iteration 25 : context=[ 0.5811936  11.278615    0.          0.64302844  0.        ] arm=batch_size=100000,header_size=32,cut_condition_type=3,fast_path_timeout=100,k=1 params={'batch_size': 100000, 'header_size': 32, 'cut_condition_type': 3, 'fast_path_timeout': 100, 'k': 1}
2026-02-04 00:00:32,256 - cmab.trainer - INFO - Iteration 25 reward=0.938307 avg_reward(20)=1.018438 last_metrics=epoch_25_slot_756.json top_arm=batch_size=100000,header_size=64,cut_condition_type=3,fast_path_timeout=100,k=1 top_ratio=0.12
2026-02-04 00:00:32,258 - cmab.policy - INFO - ================================================================================
2026-02-04 00:00:32,258 - cmab.policy - INFO - SELECT ARM - Detailed Prediction Analysis
2026-02-04 00:00:32,258 - cmab.policy - INFO - Context: [ 1.6206201  1.7088281 20.         0.         0.       ]
2026-02-04 00:00:32,258 - cmab.policy - INFO - Number of trees in forest: 10
2026-02-04 00:00:32,258 - cmab.policy - INFO - 
2026-02-04 00:00:32,258 - cmab.policy - INFO - Prediction statistics across all trees:
2026-02-04 00:00:32,258 - cmab.policy - INFO -   Mean predictions (top 5 arms): [0.953133, 0.953133, 0.945699, 0.945699, 0.939657]
2026-02-04 00:00:32,258 - cmab.policy - INFO -   Std predictions (top 5 arms): [0.083939, 0.083939, 0.070948, 0.070948, 0.089772]
2026-02-04 00:00:32,258 - cmab.policy - INFO - 
2026-02-04 00:00:32,258 - cmab.policy - INFO - Top 5 arms by mean prediction:
2026-02-04 00:00:32,258 - cmab.policy - INFO -   #1: arm=batch_size=100000,header_size=64,cut_condition_type=3,fast_path_timeout=100,k=1, mean=0.953133, std=0.083939
2026-02-04 00:00:32,258 - cmab.policy - INFO -   #2: arm=batch_size=100000,header_size=64,cut_condition_type=3,fast_path_timeout=0,k=1, mean=0.953133, std=0.083939
2026-02-04 00:00:32,258 - cmab.policy - INFO -   #3: arm=batch_size=100000,header_size=64,cut_condition_type=3,fast_path_timeout=0,k=3, mean=0.945699, std=0.070948
2026-02-04 00:00:32,258 - cmab.policy - INFO -   #4: arm=batch_size=100000,header_size=64,cut_condition_type=3,fast_path_timeout=100,k=3, mean=0.945699, std=0.070948
2026-02-04 00:00:32,259 - cmab.policy - INFO -   #5: arm=batch_size=100000,header_size=64,cut_condition_type=1,fast_path_timeout=0,k=1, mean=0.939657, std=0.089772
2026-02-04 00:00:32,259 - cmab.policy - INFO - 
2026-02-04 00:00:32,259 - cmab.policy - INFO - Selected tree #7 for Thompson Sampling:
2026-02-04 00:00:32,259 - cmab.policy - INFO -   Tree depth: 9
2026-02-04 00:00:32,259 - cmab.policy - INFO -   Tree nodes: 83
2026-02-04 00:00:32,259 - cmab.policy - INFO -   Tree leaves: 42
2026-02-04 00:00:32,259 - cmab.policy - INFO -   Tree shape: (nodes=83, leaves=42, depth=9)
2026-02-04 00:00:32,259 - cmab.policy - INFO -   Tree feature importances: [0.19953512 0.14536363 0.03333901 0.08232801 0.06921541 0.24572759
 0.10842036 0.01057213 0.10041809 0.00508067]
2026-02-04 00:00:32,261 - cmab.policy - INFO -   Forest feature importances: [0.10128218 0.14199553 0.08931442 0.0901072  0.02053246 0.35980955
 0.10461049 0.00966318 0.05304835 0.02963663]
2026-02-04 00:00:32,261 - cmab.policy - INFO -   Top 5 predictions from this tree:
2026-02-04 00:00:32,261 - cmab.policy - INFO -     #1: arm=batch_size=100000,header_size=32,cut_condition_type=1,fast_path_timeout=0,k=1, pred=0.948585
2026-02-04 00:00:32,261 - cmab.policy - INFO -     #2: arm=batch_size=100000,header_size=64,cut_condition_type=1,fast_path_timeout=100,k=1, pred=0.948585
2026-02-04 00:00:32,261 - cmab.policy - INFO -     #3: arm=batch_size=100000,header_size=32,cut_condition_type=1,fast_path_timeout=100,k=1, pred=0.948585
2026-02-04 00:00:32,261 - cmab.policy - INFO -     #4: arm=batch_size=100000,header_size=64,cut_condition_type=3,fast_path_timeout=100,k=1, pred=0.948585
2026-02-04 00:00:32,261 - cmab.policy - INFO -     #5: arm=batch_size=100000,header_size=32,cut_condition_type=3,fast_path_timeout=0,k=1, pred=0.948585
2026-02-04 00:00:32,261 - cmab.policy - INFO - 
2026-02-04 00:00:32,261 - cmab.policy - INFO -   Found 8 arms with same max prediction (0.948585), randomly selecting one...
2026-02-04 00:00:32,261 - cmab.policy - INFO - 
2026-02-04 00:00:32,261 - cmab.policy - INFO - ✓ SELECTED ARM: batch_size=100000,header_size=64,cut_condition_type=3,fast_path_timeout=100,k=1 (prediction=0.948585)
2026-02-04 00:00:32,261 - cmab.policy - INFO - ================================================================================
2026-02-04 00:00:32,264 - cmab.trainer - INFO - Updated parameters file: /home/ccclr0302/autobahn-test/benchmark/.parameters-0.json
2026-02-04 00:00:32,264 - cmab.trainer - INFO - 🚩 Created RL parameter update signal file (epoch 25): /tmp/autobahn_rl_param_update_25.signal
2026-02-04 00:00:32,265 - cmab.trainer - INFO - Applied params: {'batch_size': 100000, 'header_size': 64, 'cut_condition_type': 3, 'fast_path_timeout': 100, 'k': 1}
2026-02-04 00:00:32,265 - cmab.trainer - INFO - Waiting for next metrics file...
2026-02-04 00:00:50,617 - cmab.trainer - INFO - Iteration 26 : context=[ 1.6206201  1.7088281 20.         0.         0.       ] arm=batch_size=100000,header_size=64,cut_condition_type=3,fast_path_timeout=100,k=1 params={'batch_size': 100000, 'header_size': 64, 'cut_condition_type': 3, 'fast_path_timeout': 100, 'k': 1}
2026-02-04 00:00:50,617 - cmab.trainer - INFO - Iteration 26 reward=1.079037 avg_reward(20)=1.007556 last_metrics=epoch_26_slot_786.json top_arm=batch_size=100000,header_size=64,cut_condition_type=3,fast_path_timeout=100,k=1 top_ratio=0.15
2026-02-04 00:00:50,620 - cmab.policy - INFO - ================================================================================
2026-02-04 00:00:50,620 - cmab.policy - INFO - SELECT ARM - Detailed Prediction Analysis
2026-02-04 00:00:50,620 - cmab.policy - INFO - Context: [ 0.         11.282752    0.64340055  0.5815438   0.        ]
2026-02-04 00:00:50,620 - cmab.policy - INFO - Number of trees in forest: 10
2026-02-04 00:00:50,620 - cmab.policy - INFO - 
2026-02-04 00:00:50,620 - cmab.policy - INFO - Prediction statistics across all trees:
2026-02-04 00:00:50,620 - cmab.policy - INFO -   Mean predictions (top 5 arms): [1.114082, 1.107292, 1.090139, 1.084645, 1.083349]
2026-02-04 00:00:50,620 - cmab.policy - INFO -   Std predictions (top 5 arms): [0.180630, 0.170115, 0.145673, 0.148948, 0.131177]
2026-02-04 00:00:50,620 - cmab.policy - INFO - 
2026-02-04 00:00:50,620 - cmab.policy - INFO - Top 5 arms by mean prediction:
2026-02-04 00:00:50,620 - cmab.policy - INFO -   #1: arm=batch_size=100000,header_size=32,cut_condition_type=3,fast_path_timeout=100,k=3, mean=1.114082, std=0.180630
2026-02-04 00:00:50,620 - cmab.policy - INFO -   #2: arm=batch_size=100000,header_size=64,cut_condition_type=3,fast_path_timeout=100,k=3, mean=1.107292, std=0.170115
2026-02-04 00:00:50,620 - cmab.policy - INFO -   #3: arm=batch_size=100000,header_size=32,cut_condition_type=3,fast_path_timeout=0,k=3, mean=1.090139, std=0.145673
2026-02-04 00:00:50,620 - cmab.policy - INFO -   #4: arm=batch_size=100000,header_size=32,cut_condition_type=1,fast_path_timeout=0,k=3, mean=1.084645, std=0.148948
2026-02-04 00:00:50,620 - cmab.policy - INFO -   #5: arm=batch_size=100000,header_size=64,cut_condition_type=3,fast_path_timeout=0,k=3, mean=1.083349, std=0.131177
2026-02-04 00:00:50,620 - cmab.policy - INFO - 
2026-02-04 00:00:50,621 - cmab.policy - INFO - Selected tree #10 for Thompson Sampling:
2026-02-04 00:00:50,621 - cmab.policy - INFO -   Tree depth: 12
2026-02-04 00:00:50,621 - cmab.policy - INFO -   Tree nodes: 91
2026-02-04 00:00:50,621 - cmab.policy - INFO -   Tree leaves: 46
2026-02-04 00:00:50,621 - cmab.policy - INFO -   Tree shape: (nodes=91, leaves=46, depth=12)
2026-02-04 00:00:50,621 - cmab.policy - INFO -   Tree feature importances: [0.0120291  0.18997443 0.28555284 0.0671901  0.         0.27343652
 0.09153022 0.02559397 0.03994247 0.01475035]
2026-02-04 00:00:50,623 - cmab.policy - INFO -   Forest feature importances: [0.10128218 0.14199553 0.08931442 0.0901072  0.02053246 0.35980955
 0.10461049 0.00966318 0.05304835 0.02963663]
2026-02-04 00:00:50,623 - cmab.policy - INFO -   Top 5 predictions from this tree:
2026-02-04 00:00:50,623 - cmab.policy - INFO -     #1: arm=batch_size=100000,header_size=32,cut_condition_type=1,fast_path_timeout=0,k=1, pred=1.173031
2026-02-04 00:00:50,623 - cmab.policy - INFO -     #2: arm=batch_size=100000,header_size=32,cut_condition_type=3,fast_path_timeout=100,k=3, pred=1.173031
2026-02-04 00:00:50,623 - cmab.policy - INFO -     #3: arm=batch_size=100000,header_size=64,cut_condition_type=1,fast_path_timeout=100,k=1, pred=1.173031
2026-02-04 00:00:50,623 - cmab.policy - INFO -     #4: arm=batch_size=100000,header_size=64,cut_condition_type=1,fast_path_timeout=100,k=3, pred=1.173031
2026-02-04 00:00:50,623 - cmab.policy - INFO -     #5: arm=batch_size=100000,header_size=64,cut_condition_type=3,fast_path_timeout=0,k=1, pred=1.173031
2026-02-04 00:00:50,623 - cmab.policy - INFO - 
2026-02-04 00:00:50,623 - cmab.policy - INFO -   Found 16 arms with same max prediction (1.173031), randomly selecting one...
2026-02-04 00:00:50,623 - cmab.policy - INFO - 
2026-02-04 00:00:50,623 - cmab.policy - INFO - ✓ SELECTED ARM: batch_size=100000,header_size=32,cut_condition_type=1,fast_path_timeout=100,k=1 (prediction=1.173031)
2026-02-04 00:00:50,623 - cmab.policy - INFO - ================================================================================
2026-02-04 00:00:50,626 - cmab.trainer - INFO - Updated parameters file: /home/ccclr0302/autobahn-test/benchmark/.parameters-0.json
2026-02-04 00:00:50,626 - cmab.trainer - INFO - 🚩 Created RL parameter update signal file (epoch 26): /tmp/autobahn_rl_param_update_26.signal
2026-02-04 00:00:50,627 - cmab.trainer - INFO - Applied params: {'batch_size': 100000, 'header_size': 32, 'cut_condition_type': 1, 'fast_path_timeout': 100, 'k': 1}
2026-02-04 00:00:50,627 - cmab.trainer - INFO - Waiting for next metrics file...
2026-02-04 00:01:12,241 - cmab.trainer - INFO - Iteration 27 : context=[ 0.         11.282752    0.64340055  0.5815438   0.        ] arm=batch_size=100000,header_size=32,cut_condition_type=1,fast_path_timeout=100,k=1 params={'batch_size': 100000, 'header_size': 32, 'cut_condition_type': 1, 'fast_path_timeout': 100, 'k': 1}
2026-02-04 00:01:12,241 - cmab.trainer - INFO - Iteration 27 reward=0.897767 avg_reward(20)=1.006483 last_metrics=epoch_27_slot_816.json top_arm=batch_size=100000,header_size=64,cut_condition_type=3,fast_path_timeout=100,k=1 top_ratio=0.15
2026-02-04 00:01:12,244 - cmab.policy - INFO - ================================================================================
2026-02-04 00:01:12,244 - cmab.policy - INFO - SELECT ARM - Detailed Prediction Analysis
2026-02-04 00:01:12,244 - cmab.policy - INFO - Context: [ 1.7532746  0.        20.         1.6209416  0.       ]
2026-02-04 00:01:12,245 - cmab.policy - INFO - Number of trees in forest: 10
2026-02-04 00:01:12,245 - cmab.policy - INFO - 
2026-02-04 00:01:12,245 - cmab.policy - INFO - Prediction statistics across all trees:
2026-02-04 00:01:12,245 - cmab.policy - INFO -   Mean predictions (top 5 arms): [1.006039, 1.006039, 0.981241, 0.981241, 0.974361]
2026-02-04 00:01:12,245 - cmab.policy - INFO -   Std predictions (top 5 arms): [0.064455, 0.064455, 0.069389, 0.069389, 0.069613]
2026-02-04 00:01:12,245 - cmab.policy - INFO - 
2026-02-04 00:01:12,245 - cmab.policy - INFO - Top 5 arms by mean prediction:
2026-02-04 00:01:12,245 - cmab.policy - INFO -   #1: arm=batch_size=100000,header_size=64,cut_condition_type=3,fast_path_timeout=100,k=1, mean=1.006039, std=0.064455
2026-02-04 00:01:12,245 - cmab.policy - INFO -   #2: arm=batch_size=100000,header_size=64,cut_condition_type=3,fast_path_timeout=0,k=1, mean=1.006039, std=0.064455
2026-02-04 00:01:12,245 - cmab.policy - INFO -   #3: arm=batch_size=100000,header_size=64,cut_condition_type=3,fast_path_timeout=0,k=3, mean=0.981241, std=0.069389
2026-02-04 00:01:12,245 - cmab.policy - INFO -   #4: arm=batch_size=100000,header_size=64,cut_condition_type=3,fast_path_timeout=100,k=3, mean=0.981241, std=0.069389
2026-02-04 00:01:12,245 - cmab.policy - INFO -   #5: arm=batch_size=100000,header_size=64,cut_condition_type=1,fast_path_timeout=0,k=1, mean=0.974361, std=0.069613
2026-02-04 00:01:12,245 - cmab.policy - INFO - 
2026-02-04 00:01:12,245 - cmab.policy - INFO - Selected tree #6 for Thompson Sampling:
2026-02-04 00:01:12,245 - cmab.policy - INFO -   Tree depth: 9
2026-02-04 00:01:12,245 - cmab.policy - INFO -   Tree nodes: 85
2026-02-04 00:01:12,245 - cmab.policy - INFO -   Tree leaves: 43
2026-02-04 00:01:12,246 - cmab.policy - INFO -   Tree shape: (nodes=85, leaves=43, depth=9)
2026-02-04 00:01:12,246 - cmab.policy - INFO -   Tree feature importances: [0.10599261 0.08744776 0.06681097 0.14459925 0.         0.38464584
 0.11753396 0.01075149 0.03935435 0.04286377]
2026-02-04 00:01:12,248 - cmab.policy - INFO -   Forest feature importances: [0.10128218 0.14199553 0.08931442 0.0901072  0.02053246 0.35980955
 0.10461049 0.00966318 0.05304835 0.02963663]
2026-02-04 00:01:12,248 - cmab.policy - INFO -   Top 5 predictions from this tree:
2026-02-04 00:01:12,248 - cmab.policy - INFO -     #1: arm=batch_size=100000,header_size=64,cut_condition_type=3,fast_path_timeout=400,k=1, pred=1.040104
2026-02-04 00:01:12,248 - cmab.policy - INFO -     #2: arm=batch_size=100000,header_size=64,cut_condition_type=1,fast_path_timeout=400,k=1, pred=1.040104
2026-02-04 00:01:12,248 - cmab.policy - INFO -     #3: arm=batch_size=100000,header_size=64,cut_condition_type=3,fast_path_timeout=100,k=1, pred=0.949353
2026-02-04 00:01:12,248 - cmab.policy - INFO -     #4: arm=batch_size=100000,header_size=64,cut_condition_type=3,fast_path_timeout=0,k=1, pred=0.949353
2026-02-04 00:01:12,248 - cmab.policy - INFO -     #5: arm=batch_size=100000,header_size=64,cut_condition_type=1,fast_path_timeout=100,k=1, pred=0.949353
2026-02-04 00:01:12,248 - cmab.policy - INFO - 
2026-02-04 00:01:12,249 - cmab.policy - INFO -   Found 2 arms with same max prediction (1.040104), randomly selecting one...
2026-02-04 00:01:12,249 - cmab.policy - INFO - 
2026-02-04 00:01:12,249 - cmab.policy - INFO - ✓ SELECTED ARM: batch_size=100000,header_size=64,cut_condition_type=3,fast_path_timeout=400,k=1 (prediction=1.040104)
2026-02-04 00:01:12,249 - cmab.policy - INFO - ================================================================================
2026-02-04 00:01:12,252 - cmab.trainer - INFO - Updated parameters file: /home/ccclr0302/autobahn-test/benchmark/.parameters-0.json
2026-02-04 00:01:12,252 - cmab.trainer - INFO - 🚩 Created RL parameter update signal file (epoch 27): /tmp/autobahn_rl_param_update_27.signal
2026-02-04 00:01:12,252 - cmab.trainer - INFO - Applied params: {'batch_size': 100000, 'header_size': 64, 'cut_condition_type': 3, 'fast_path_timeout': 400, 'k': 1}
2026-02-04 00:01:12,252 - cmab.trainer - INFO - Waiting for next metrics file...
2026-02-04 00:01:35,017 - cmab.trainer - INFO - Iteration 28 : context=[ 1.7532746  0.        20.         1.6209416  0.       ] arm=batch_size=100000,header_size=64,cut_condition_type=3,fast_path_timeout=400,k=1 params={'batch_size': 100000, 'header_size': 64, 'cut_condition_type': 3, 'fast_path_timeout': 400, 'k': 1}
2026-02-04 00:01:35,018 - cmab.trainer - INFO - Iteration 28 reward=0.812279 avg_reward(20)=0.987026 last_metrics=epoch_28_slot_846.json top_arm=batch_size=100000,header_size=64,cut_condition_type=3,fast_path_timeout=100,k=1 top_ratio=0.14
2026-02-04 00:01:35,020 - cmab.policy - INFO - ================================================================================
2026-02-04 00:01:35,020 - cmab.policy - INFO - SELECT ARM - Detailed Prediction Analysis
2026-02-04 00:01:35,020 - cmab.policy - INFO - Context: [ 0.          0.6981329   0.60594153 10.147746    0.        ]
2026-02-04 00:01:35,020 - cmab.policy - INFO - Number of trees in forest: 10
2026-02-04 00:01:35,020 - cmab.policy - INFO - 
2026-02-04 00:01:35,020 - cmab.policy - INFO - Prediction statistics across all trees:
2026-02-04 00:01:35,020 - cmab.policy - INFO -   Mean predictions (top 5 arms): [1.025686, 1.025686, 1.023464, 1.023464, 1.022772]
2026-02-04 00:01:35,020 - cmab.policy - INFO -   Std predictions (top 5 arms): [0.088839, 0.088839, 0.086657, 0.086657, 0.098255]
2026-02-04 00:01:35,020 - cmab.policy - INFO - 
2026-02-04 00:01:35,020 - cmab.policy - INFO - Top 5 arms by mean prediction:
2026-02-04 00:01:35,021 - cmab.policy - INFO -   #1: arm=batch_size=100000,header_size=32,cut_condition_type=3,fast_path_timeout=0,k=1, mean=1.025686, std=0.088839
2026-02-04 00:01:35,021 - cmab.policy - INFO -   #2: arm=batch_size=100000,header_size=32,cut_condition_type=3,fast_path_timeout=100,k=1, mean=1.025686, std=0.088839
2026-02-04 00:01:35,021 - cmab.policy - INFO -   #3: arm=batch_size=100000,header_size=64,cut_condition_type=3,fast_path_timeout=100,k=3, mean=1.023464, std=0.086657
2026-02-04 00:01:35,021 - cmab.policy - INFO -   #4: arm=batch_size=100000,header_size=64,cut_condition_type=3,fast_path_timeout=0,k=3, mean=1.023464, std=0.086657
2026-02-04 00:01:35,021 - cmab.policy - INFO -   #5: arm=batch_size=100000,header_size=64,cut_condition_type=3,fast_path_timeout=0,k=1, mean=1.022772, std=0.098255
2026-02-04 00:01:35,021 - cmab.policy - INFO - 
2026-02-04 00:01:35,021 - cmab.policy - INFO - Selected tree #2 for Thompson Sampling:
2026-02-04 00:01:35,021 - cmab.policy - INFO -   Tree depth: 12
2026-02-04 00:01:35,021 - cmab.policy - INFO -   Tree nodes: 91
2026-02-04 00:01:35,021 - cmab.policy - INFO -   Tree leaves: 46
2026-02-04 00:01:35,021 - cmab.policy - INFO -   Tree shape: (nodes=91, leaves=46, depth=12)
2026-02-04 00:01:35,021 - cmab.policy - INFO -   Tree feature importances: [0.12540287 0.09884896 0.13889003 0.18449289 0.         0.32159346
 0.06300413 0.00169235 0.05738227 0.00869304]
2026-02-04 00:01:35,023 - cmab.policy - INFO -   Forest feature importances: [0.10128218 0.14199553 0.08931442 0.0901072  0.02053246 0.35980955
 0.10461049 0.00966318 0.05304835 0.02963663]
2026-02-04 00:01:35,023 - cmab.policy - INFO -   Top 5 predictions from this tree:
2026-02-04 00:01:35,023 - cmab.policy - INFO -     #1: arm=batch_size=100000,header_size=128,cut_condition_type=1,fast_path_timeout=400,k=3, pred=1.208104
2026-02-04 00:01:35,023 - cmab.policy - INFO -     #2: arm=batch_size=100000,header_size=32,cut_condition_type=3,fast_path_timeout=400,k=1, pred=1.208104
2026-02-04 00:01:35,023 - cmab.policy - INFO -     #3: arm=batch_size=100000,header_size=64,cut_condition_type=3,fast_path_timeout=400,k=3, pred=1.208104
2026-02-04 00:01:35,023 - cmab.policy - INFO -     #4: arm=batch_size=100000,header_size=64,cut_condition_type=1,fast_path_timeout=400,k=3, pred=1.208104
2026-02-04 00:01:35,023 - cmab.policy - INFO -     #5: arm=batch_size=100000,header_size=64,cut_condition_type=1,fast_path_timeout=400,k=1, pred=1.208104
2026-02-04 00:01:35,023 - cmab.policy - INFO - 
2026-02-04 00:01:35,023 - cmab.policy - INFO -   Found 12 arms with same max prediction (1.208104), randomly selecting one...
2026-02-04 00:01:35,023 - cmab.policy - INFO - 
2026-02-04 00:01:35,023 - cmab.policy - INFO - ✓ SELECTED ARM: batch_size=100000,header_size=128,cut_condition_type=3,fast_path_timeout=400,k=1 (prediction=1.208104)
2026-02-04 00:01:35,023 - cmab.policy - INFO - ================================================================================
2026-02-04 00:01:35,027 - cmab.trainer - INFO - Updated parameters file: /home/ccclr0302/autobahn-test/benchmark/.parameters-0.json
2026-02-04 00:01:35,027 - cmab.trainer - INFO - 🚩 Created RL parameter update signal file (epoch 28): /tmp/autobahn_rl_param_update_28.signal
2026-02-04 00:01:35,027 - cmab.trainer - INFO - Applied params: {'batch_size': 100000, 'header_size': 128, 'cut_condition_type': 3, 'fast_path_timeout': 400, 'k': 1}
2026-02-04 00:01:35,027 - cmab.trainer - INFO - Waiting for next metrics file...
2026-02-04 00:02:04,612 - cmab.trainer - INFO - Iteration 29 : context=[ 0.          0.6981329   0.60594153 10.147746    0.        ] arm=batch_size=100000,header_size=128,cut_condition_type=3,fast_path_timeout=400,k=1 params={'batch_size': 100000, 'header_size': 128, 'cut_condition_type': 3, 'fast_path_timeout': 400, 'k': 1}
2026-02-04 00:02:04,613 - cmab.trainer - INFO - Iteration 29 reward=0.652860 avg_reward(20)=0.971190 last_metrics=epoch_29_slot_876.json top_arm=batch_size=100000,header_size=64,cut_condition_type=3,fast_path_timeout=100,k=1 top_ratio=0.14
2026-02-04 00:02:04,615 - cmab.policy - INFO - ================================================================================
2026-02-04 00:02:04,616 - cmab.policy - INFO - SELECT ARM - Detailed Prediction Analysis
2026-02-04 00:02:04,616 - cmab.policy - INFO - Context: [0.16236904 0.         4.9968796  0.13234103 0.        ]
2026-02-04 00:02:04,616 - cmab.policy - INFO - Number of trees in forest: 10
2026-02-04 00:02:04,616 - cmab.policy - INFO - 
2026-02-04 00:02:04,616 - cmab.policy - INFO - Prediction statistics across all trees:
2026-02-04 00:02:04,616 - cmab.policy - INFO -   Mean predictions (top 5 arms): [0.975527, 0.973857, 0.965738, 0.965460, 0.965460]
2026-02-04 00:02:04,616 - cmab.policy - INFO -   Std predictions (top 5 arms): [0.039639, 0.044172, 0.066304, 0.064118, 0.064118]
2026-02-04 00:02:04,616 - cmab.policy - INFO - 
2026-02-04 00:02:04,616 - cmab.policy - INFO - Top 5 arms by mean prediction:
2026-02-04 00:02:04,616 - cmab.policy - INFO -   #1: arm=batch_size=100000,header_size=64,cut_condition_type=1,fast_path_timeout=0,k=1, mean=0.975527, std=0.039639
2026-02-04 00:02:04,616 - cmab.policy - INFO -   #2: arm=batch_size=100000,header_size=128,cut_condition_type=1,fast_path_timeout=0,k=1, mean=0.973857, std=0.044172
2026-02-04 00:02:04,616 - cmab.policy - INFO -   #3: arm=batch_size=100000,header_size=128,cut_condition_type=3,fast_path_timeout=0,k=1, mean=0.965738, std=0.066304
2026-02-04 00:02:04,616 - cmab.policy - INFO -   #4: arm=batch_size=100000,header_size=64,cut_condition_type=3,fast_path_timeout=0,k=1, mean=0.965460, std=0.064118
2026-02-04 00:02:04,616 - cmab.policy - INFO -   #5: arm=batch_size=100000,header_size=64,cut_condition_type=3,fast_path_timeout=100,k=1, mean=0.965460, std=0.064118
2026-02-04 00:02:04,616 - cmab.policy - INFO - 
2026-02-04 00:02:04,616 - cmab.policy - INFO - Selected tree #5 for Thompson Sampling:
2026-02-04 00:02:04,616 - cmab.policy - INFO -   Tree depth: 9
2026-02-04 00:02:04,616 - cmab.policy - INFO -   Tree nodes: 83
2026-02-04 00:02:04,616 - cmab.policy - INFO -   Tree leaves: 42
2026-02-04 00:02:04,616 - cmab.policy - INFO -   Tree shape: (nodes=83, leaves=42, depth=9)
2026-02-04 00:02:04,617 - cmab.policy - INFO -   Tree feature importances: [0.04393469 0.14291255 0.06145521 0.10976702 0.04114965 0.40462994
 0.15984583 0.00125444 0.02861714 0.00643354]
2026-02-04 00:02:04,618 - cmab.policy - INFO -   Forest feature importances: [0.10128218 0.14199553 0.08931442 0.0901072  0.02053246 0.35980955
 0.10461049 0.00966318 0.05304835 0.02963663]
2026-02-04 00:02:04,619 - cmab.policy - INFO -   Top 5 predictions from this tree:
2026-02-04 00:02:04,619 - cmab.policy - INFO -     #1: arm=batch_size=100000,header_size=64,cut_condition_type=1,fast_path_timeout=0,k=3, pred=1.082909
2026-02-04 00:02:04,619 - cmab.policy - INFO -     #2: arm=batch_size=100000,header_size=64,cut_condition_type=3,fast_path_timeout=100,k=3, pred=1.082909
2026-02-04 00:02:04,619 - cmab.policy - INFO -     #3: arm=batch_size=100000,header_size=64,cut_condition_type=1,fast_path_timeout=100,k=3, pred=1.082909
2026-02-04 00:02:04,619 - cmab.policy - INFO -     #4: arm=batch_size=100000,header_size=64,cut_condition_type=1,fast_path_timeout=100,k=1, pred=1.082909
2026-02-04 00:02:04,619 - cmab.policy - INFO -     #5: arm=batch_size=100000,header_size=64,cut_condition_type=3,fast_path_timeout=0,k=1, pred=1.082909
2026-02-04 00:02:04,619 - cmab.policy - INFO - 
2026-02-04 00:02:04,619 - cmab.policy - INFO -   Found 8 arms with same max prediction (1.082909), randomly selecting one...
2026-02-04 00:02:04,619 - cmab.policy - INFO - 
2026-02-04 00:02:04,619 - cmab.policy - INFO - ✓ SELECTED ARM: batch_size=100000,header_size=64,cut_condition_type=1,fast_path_timeout=100,k=1 (prediction=1.082909)
2026-02-04 00:02:04,619 - cmab.policy - INFO - ================================================================================
2026-02-04 00:02:04,623 - cmab.trainer - INFO - Updated parameters file: /home/ccclr0302/autobahn-test/benchmark/.parameters-0.json
2026-02-04 00:02:04,623 - cmab.trainer - INFO - 🚩 Created RL parameter update signal file (epoch 29): /tmp/autobahn_rl_param_update_29.signal
2026-02-04 00:02:04,623 - cmab.trainer - INFO - Applied params: {'batch_size': 100000, 'header_size': 64, 'cut_condition_type': 1, 'fast_path_timeout': 100, 'k': 1}
2026-02-04 00:02:04,624 - cmab.trainer - INFO - Waiting for next metrics file...
[Parallel(n_jobs=1)]: Done  10 out of  10 | elapsed:    0.0s finished
[Parallel(n_jobs=1)]: Done  10 out of  10 | elapsed:    0.0s finished
2026-02-04 00:02:23,691 - cmab.policy - INFO - RF Updated: samples=160, MSE=0.013502
2026-02-04 00:02:23,691 - cmab.trainer - INFO - Iteration 30 : context=[0.16236904 0.         4.9968796  0.13234103 0.        ] arm=batch_size=100000,header_size=64,cut_condition_type=1,fast_path_timeout=100,k=1 params={'batch_size': 100000, 'header_size': 64, 'cut_condition_type': 1, 'fast_path_timeout': 100, 'k': 1}
2026-02-04 00:02:23,692 - cmab.trainer - INFO - Iteration 30 reward=0.952091 avg_reward(20)=0.977930 last_metrics=epoch_30_slot_906.json top_arm=batch_size=100000,header_size=64,cut_condition_type=3,fast_path_timeout=100,k=1 top_ratio=0.13
2026-02-04 00:02:23,733 - cmab.trainer - INFO - Saved checkpoint: /tmp/cmab_continuous_checkpoints/cmab_checkpoint_30.pkl
2026-02-04 00:02:23,736 - cmab.policy - INFO - ================================================================================
2026-02-04 00:02:23,736 - cmab.policy - INFO - SELECT ARM - Detailed Prediction Analysis
2026-02-04 00:02:23,736 - cmab.policy - INFO - Context: [ 0.6801942 11.17507    0.         0.5247146  0.       ]
2026-02-04 00:02:23,736 - cmab.policy - INFO - Number of trees in forest: 10
2026-02-04 00:02:23,736 - cmab.policy - INFO - 
2026-02-04 00:02:23,736 - cmab.policy - INFO - Prediction statistics across all trees:
2026-02-04 00:02:23,736 - cmab.policy - INFO -   Mean predictions (top 5 arms): [1.191084, 1.175757, 1.165846, 1.161985, 1.161985]
2026-02-04 00:02:23,736 - cmab.policy - INFO -   Std predictions (top 5 arms): [0.132916, 0.126460, 0.133983, 0.127782, 0.127782]
2026-02-04 00:02:23,736 - cmab.policy - INFO - 
2026-02-04 00:02:23,736 - cmab.policy - INFO - Top 5 arms by mean prediction:
2026-02-04 00:02:23,736 - cmab.policy - INFO -   #1: arm=batch_size=100000,header_size=128,cut_condition_type=3,fast_path_timeout=100,k=3, mean=1.191084, std=0.132916
2026-02-04 00:02:23,737 - cmab.policy - INFO -   #2: arm=batch_size=100000,header_size=128,cut_condition_type=3,fast_path_timeout=0,k=3, mean=1.175757, std=0.126460
2026-02-04 00:02:23,737 - cmab.policy - INFO -   #3: arm=batch_size=100000,header_size=64,cut_condition_type=3,fast_path_timeout=100,k=3, mean=1.165846, std=0.133983
2026-02-04 00:02:23,737 - cmab.policy - INFO -   #4: arm=batch_size=100000,header_size=128,cut_condition_type=3,fast_path_timeout=0,k=1, mean=1.161985, std=0.127782
2026-02-04 00:02:23,737 - cmab.policy - INFO -   #5: arm=batch_size=100000,header_size=128,cut_condition_type=3,fast_path_timeout=100,k=1, mean=1.161985, std=0.127782
2026-02-04 00:02:23,737 - cmab.policy - INFO - 
2026-02-04 00:02:23,737 - cmab.policy - INFO - Selected tree #3 for Thompson Sampling:
2026-02-04 00:02:23,737 - cmab.policy - INFO -   Tree depth: 10
2026-02-04 00:02:23,737 - cmab.policy - INFO -   Tree nodes: 89
2026-02-04 00:02:23,737 - cmab.policy - INFO -   Tree leaves: 45
2026-02-04 00:02:23,737 - cmab.policy - INFO -   Tree shape: (nodes=89, leaves=45, depth=10)
2026-02-04 00:02:23,737 - cmab.policy - INFO -   Tree feature importances: [0.04340257 0.19289737 0.15276992 0.0631277  0.01377368 0.30825189
 0.07695959 0.0580133  0.07048013 0.02032386]
2026-02-04 00:02:23,739 - cmab.policy - INFO -   Forest feature importances: [0.08577986 0.13985999 0.07430617 0.07203567 0.01492186 0.40772573
 0.08794152 0.02771957 0.05973873 0.0299709 ]
2026-02-04 00:02:23,739 - cmab.policy - INFO -   Top 5 predictions from this tree:
2026-02-04 00:02:23,739 - cmab.policy - INFO -     #1: arm=batch_size=100000,header_size=128,cut_condition_type=3,fast_path_timeout=400,k=3, pred=1.236060
2026-02-04 00:02:23,739 - cmab.policy - INFO -     #2: arm=batch_size=100000,header_size=128,cut_condition_type=3,fast_path_timeout=400,k=1, pred=1.236060
2026-02-04 00:02:23,739 - cmab.policy - INFO -     #3: arm=batch_size=100000,header_size=128,cut_condition_type=3,fast_path_timeout=100,k=3, pred=1.236060
2026-02-04 00:02:23,739 - cmab.policy - INFO -     #4: arm=batch_size=100000,header_size=128,cut_condition_type=3,fast_path_timeout=100,k=1, pred=1.236060
2026-02-04 00:02:23,739 - cmab.policy - INFO -     #5: arm=batch_size=100000,header_size=128,cut_condition_type=3,fast_path_timeout=0,k=3, pred=1.236060
2026-02-04 00:02:23,739 - cmab.policy - INFO - 
2026-02-04 00:02:23,739 - cmab.policy - INFO -   Found 6 arms with same max prediction (1.236060), randomly selecting one...
2026-02-04 00:02:23,739 - cmab.policy - INFO - 
2026-02-04 00:02:23,739 - cmab.policy - INFO - ✓ SELECTED ARM: batch_size=100000,header_size=128,cut_condition_type=3,fast_path_timeout=100,k=1 (prediction=1.236060)
2026-02-04 00:02:23,740 - cmab.policy - INFO - ================================================================================
2026-02-04 00:02:23,892 - cmab.trainer - INFO - Updated parameters file: /home/ccclr0302/autobahn-test/benchmark/.parameters-0.json
2026-02-04 00:02:23,892 - cmab.trainer - INFO - 🚩 Created RL parameter update signal file (epoch 30): /tmp/autobahn_rl_param_update_30.signal
2026-02-04 00:02:23,892 - cmab.trainer - INFO - Applied params: {'batch_size': 100000, 'header_size': 128, 'cut_condition_type': 3, 'fast_path_timeout': 100, 'k': 1}
2026-02-04 00:02:23,892 - cmab.trainer - INFO - Waiting for next metrics file...
2026-02-04 00:02:48,162 - cmab.trainer - INFO - Iteration 31 : context=[ 0.6801942 11.17507    0.         0.5247146  0.       ] arm=batch_size=100000,header_size=128,cut_condition_type=3,fast_path_timeout=100,k=1 params={'batch_size': 100000, 'header_size': 128, 'cut_condition_type': 3, 'fast_path_timeout': 100, 'k': 1}
2026-02-04 00:02:48,162 - cmab.trainer - INFO - Iteration 31 reward=0.905398 avg_reward(20)=0.971317 last_metrics=epoch_31_slot_936.json top_arm=batch_size=100000,header_size=64,cut_condition_type=3,fast_path_timeout=100,k=1 top_ratio=0.13
2026-02-04 00:02:48,164 - cmab.policy - INFO - ================================================================================
2026-02-04 00:02:48,165 - cmab.policy - INFO - SELECT ARM - Detailed Prediction Analysis
2026-02-04 00:02:48,165 - cmab.policy - INFO - Context: [5.44749    0.15965769 0.         0.12416889 0.        ]
2026-02-04 00:02:48,165 - cmab.policy - INFO - Number of trees in forest: 10
2026-02-04 00:02:48,165 - cmab.policy - INFO - 
2026-02-04 00:02:48,165 - cmab.policy - INFO - Prediction statistics across all trees:
2026-02-04 00:02:48,165 - cmab.policy - INFO -   Mean predictions (top 5 arms): [1.078029, 1.075702, 1.068272, 1.065945, 1.018178]
2026-02-04 00:02:48,165 - cmab.policy - INFO -   Std predictions (top 5 arms): [0.137308, 0.134785, 0.109860, 0.106477, 0.085084]
2026-02-04 00:02:48,165 - cmab.policy - INFO - 
2026-02-04 00:02:48,165 - cmab.policy - INFO - Top 5 arms by mean prediction:
2026-02-04 00:02:48,165 - cmab.policy - INFO -   #1: arm=batch_size=100000,header_size=128,cut_condition_type=3,fast_path_timeout=100,k=3, mean=1.078029, std=0.137308
2026-02-04 00:02:48,165 - cmab.policy - INFO -   #2: arm=batch_size=100000,header_size=64,cut_condition_type=3,fast_path_timeout=100,k=3, mean=1.075702, std=0.134785
2026-02-04 00:02:48,165 - cmab.policy - INFO -   #3: arm=batch_size=100000,header_size=128,cut_condition_type=3,fast_path_timeout=0,k=3, mean=1.068272, std=0.109860
2026-02-04 00:02:48,165 - cmab.policy - INFO -   #4: arm=batch_size=100000,header_size=64,cut_condition_type=3,fast_path_timeout=0,k=3, mean=1.065945, std=0.106477
2026-02-04 00:02:48,165 - cmab.policy - INFO -   #5: arm=batch_size=100000,header_size=128,cut_condition_type=3,fast_path_timeout=100,k=1, mean=1.018178, std=0.085084
2026-02-04 00:02:48,165 - cmab.policy - INFO - 
2026-02-04 00:02:48,165 - cmab.policy - INFO - Selected tree #4 for Thompson Sampling:
2026-02-04 00:02:48,165 - cmab.policy - INFO -   Tree depth: 10
2026-02-04 00:02:48,165 - cmab.policy - INFO -   Tree nodes: 93
2026-02-04 00:02:48,165 - cmab.policy - INFO -   Tree leaves: 47
2026-02-04 00:02:48,165 - cmab.policy - INFO -   Tree shape: (nodes=93, leaves=47, depth=10)
2026-02-04 00:02:48,166 - cmab.policy - INFO -   Tree feature importances: [0.12860648 0.20237385 0.06029605 0.01061281 0.02587799 0.32244821
 0.16582641 0.0346268  0.04399537 0.00533603]
2026-02-04 00:02:48,167 - cmab.policy - INFO -   Forest feature importances: [0.08577986 0.13985999 0.07430617 0.07203567 0.01492186 0.40772573
 0.08794152 0.02771957 0.05973873 0.0299709 ]
2026-02-04 00:02:48,167 - cmab.policy - INFO -   Top 5 predictions from this tree:
2026-02-04 00:02:48,167 - cmab.policy - INFO -     #1: arm=batch_size=100000,header_size=128,cut_condition_type=3,fast_path_timeout=100,k=3, pred=1.236060
2026-02-04 00:02:48,168 - cmab.policy - INFO -     #2: arm=batch_size=100000,header_size=128,cut_condition_type=3,fast_path_timeout=0,k=1, pred=1.236060
2026-02-04 00:02:48,168 - cmab.policy - INFO -     #3: arm=batch_size=100000,header_size=128,cut_condition_type=3,fast_path_timeout=0,k=3, pred=1.236060
2026-02-04 00:02:48,168 - cmab.policy - INFO -     #4: arm=batch_size=100000,header_size=128,cut_condition_type=3,fast_path_timeout=100,k=1, pred=1.236060
2026-02-04 00:02:48,168 - cmab.policy - INFO -     #5: arm=batch_size=100000,header_size=128,cut_condition_type=3,fast_path_timeout=400,k=3, pred=1.236060
2026-02-04 00:02:48,168 - cmab.policy - INFO - 
2026-02-04 00:02:48,168 - cmab.policy - INFO -   Found 6 arms with same max prediction (1.236060), randomly selecting one...
2026-02-04 00:02:48,168 - cmab.policy - INFO - 
2026-02-04 00:02:48,168 - cmab.policy - INFO - ✓ SELECTED ARM: batch_size=100000,header_size=128,cut_condition_type=3,fast_path_timeout=0,k=1 (prediction=1.236060)
2026-02-04 00:02:48,168 - cmab.policy - INFO - ================================================================================
2026-02-04 00:02:48,170 - cmab.trainer - INFO - Updated parameters file: /home/ccclr0302/autobahn-test/benchmark/.parameters-0.json
2026-02-04 00:02:48,171 - cmab.trainer - INFO - 🚩 Created RL parameter update signal file (epoch 31): /tmp/autobahn_rl_param_update_31.signal
2026-02-04 00:02:48,171 - cmab.trainer - INFO - Applied params: {'batch_size': 100000, 'header_size': 128, 'cut_condition_type': 3, 'fast_path_timeout': 0, 'k': 1}
2026-02-04 00:02:48,171 - cmab.trainer - INFO - Waiting for next metrics file...
