2026-02-03 23:37:53,880 - __main__ - INFO - Starting Autobahn Continuous CMAB Training
2026-02-03 23:37:53,880 - __main__ - INFO - metrics_dir=/home/ccclr0302/autobahn/metrics-0 parameters_file=/home/ccclr0302/autobahn-test/benchmark/.parameters-0.json
2026-02-03 23:37:53,886 - __main__ - INFO - Loaded CMAB policy from /home/ccclr0302/autobahn-test/experiment-log/S3-dynamic/cmab_checkpoint_20.pkl
2026-02-03 23:37:53,886 - cmab.trainer - INFO - Initializing CMAB training loop...
2026-02-03 23:37:53,886 - cmab.trainer - INFO - Policy: rf_ts
2026-02-03 23:37:53,886 - cmab.trainer - INFO - Iterations: 200
2026-02-03 23:37:53,886 - cmab.trainer - INFO - No existing metrics file, waiting for epoch 0...
2026-02-03 23:38:18,156 - cmab.policy - INFO - ================================================================================
2026-02-03 23:38:18,156 - cmab.policy - INFO - SELECT ARM - Detailed Prediction Analysis
2026-02-03 23:38:18,156 - cmab.policy - INFO - Context: [0.10088114 0.         0.         0.05846078 0.        ]
2026-02-03 23:38:18,157 - cmab.policy - INFO - Number of trees in forest: 10
2026-02-03 23:38:18,157 - cmab.policy - INFO - 
2026-02-03 23:38:18,157 - cmab.policy - INFO - Prediction statistics across all trees:
2026-02-03 23:38:18,157 - cmab.policy - INFO -   Mean predictions (top 5 arms): [0.832477, 0.832477, 0.828251, 0.828251, 0.826176]
2026-02-03 23:38:18,157 - cmab.policy - INFO -   Std predictions (top 5 arms): [0.177898, 0.177898, 0.138894, 0.138894, 0.176637]
2026-02-03 23:38:18,157 - cmab.policy - INFO - 
2026-02-03 23:38:18,157 - cmab.policy - INFO - Top 5 arms by mean prediction:
2026-02-03 23:38:18,157 - cmab.policy - INFO -   #1: arm=batch_size=100000,header_size=128,cut_condition_type=3,fast_path_timeout=0,k=3, mean=0.832477, std=0.177898
2026-02-03 23:38:18,157 - cmab.policy - INFO -   #2: arm=batch_size=100000,header_size=128,cut_condition_type=3,fast_path_timeout=100,k=3, mean=0.832477, std=0.177898
2026-02-03 23:38:18,157 - cmab.policy - INFO -   #3: arm=batch_size=100000,header_size=128,cut_condition_type=1,fast_path_timeout=100,k=3, mean=0.828251, std=0.138894
2026-02-03 23:38:18,157 - cmab.policy - INFO -   #4: arm=batch_size=100000,header_size=128,cut_condition_type=1,fast_path_timeout=0,k=3, mean=0.828251, std=0.138894
2026-02-03 23:38:18,157 - cmab.policy - INFO -   #5: arm=batch_size=100000,header_size=64,cut_condition_type=3,fast_path_timeout=100,k=3, mean=0.826176, std=0.176637
2026-02-03 23:38:18,157 - cmab.policy - INFO - 
2026-02-03 23:38:18,157 - cmab.policy - INFO - Selected tree #8 for Thompson Sampling:
2026-02-03 23:38:18,157 - cmab.policy - INFO -   Tree depth: 8
2026-02-03 23:38:18,157 - cmab.policy - INFO -   Tree nodes: 55
2026-02-03 23:38:18,157 - cmab.policy - INFO -   Tree leaves: 28
2026-02-03 23:38:18,158 - cmab.policy - INFO -   Tree shape: (nodes=55, leaves=28, depth=8)
2026-02-03 23:38:18,158 - cmab.policy - INFO -   Tree feature importances: [0.18109464 0.06841631 0.0078829  0.06288613 0.         0.40630493
 0.17205438 0.         0.01856035 0.08280036]
2026-02-03 23:38:18,160 - cmab.policy - INFO -   Forest feature importances: [0.09622249 0.0668932  0.07649629 0.07418475 0.01546538 0.44186871
 0.11966892 0.01203172 0.02982178 0.06734675]
2026-02-03 23:38:18,160 - cmab.policy - INFO -   Top 5 predictions from this tree:
2026-02-03 23:38:18,160 - cmab.policy - INFO -     #1: arm=batch_size=100000,header_size=128,cut_condition_type=3,fast_path_timeout=100,k=3, pred=0.812871
2026-02-03 23:38:18,160 - cmab.policy - INFO -     #2: arm=batch_size=100000,header_size=64,cut_condition_type=3,fast_path_timeout=100,k=3, pred=0.812871
2026-02-03 23:38:18,160 - cmab.policy - INFO -     #3: arm=batch_size=100000,header_size=32,cut_condition_type=1,fast_path_timeout=0,k=3, pred=0.812871
2026-02-03 23:38:18,160 - cmab.policy - INFO -     #4: arm=batch_size=100000,header_size=64,cut_condition_type=3,fast_path_timeout=0,k=3, pred=0.812871
2026-02-03 23:38:18,160 - cmab.policy - INFO -     #5: arm=batch_size=100000,header_size=32,cut_condition_type=1,fast_path_timeout=100,k=3, pred=0.812871
2026-02-03 23:38:18,160 - cmab.policy - INFO - 
2026-02-03 23:38:18,160 - cmab.policy - INFO -   Found 12 arms with same max prediction (0.812871), randomly selecting one...
2026-02-03 23:38:18,160 - cmab.policy - INFO - 
2026-02-03 23:38:18,160 - cmab.policy - INFO - ✓ SELECTED ARM: batch_size=100000,header_size=128,cut_condition_type=1,fast_path_timeout=0,k=3 (prediction=0.812871)
2026-02-03 23:38:18,160 - cmab.policy - INFO - ================================================================================
2026-02-03 23:38:18,163 - cmab.trainer - INFO - Updated parameters file: /home/ccclr0302/autobahn-test/benchmark/.parameters-0.json
2026-02-03 23:38:18,163 - cmab.trainer - INFO - 🚩 Created RL parameter update signal file (epoch 0): /tmp/autobahn_rl_param_update_0.signal
2026-02-03 23:38:18,163 - cmab.trainer - INFO - Applied params: {'batch_size': 100000, 'header_size': 128, 'cut_condition_type': 1, 'fast_path_timeout': 0, 'k': 3}
2026-02-03 23:38:18,163 - cmab.trainer - INFO - Waiting for next metrics file...
2026-02-03 23:38:34,607 - cmab.trainer - INFO - Iteration 1 : context=[0.10088114 0.         0.         0.05846078 0.        ] arm=batch_size=100000,header_size=128,cut_condition_type=1,fast_path_timeout=0,k=3 params={'batch_size': 100000, 'header_size': 128, 'cut_condition_type': 1, 'fast_path_timeout': 0, 'k': 3}
2026-02-03 23:38:34,607 - cmab.trainer - INFO - Iteration 1 reward=0.873884 avg_reward(20)=0.873884 last_metrics=epoch_1_slot_36.json top_arm=batch_size=100000,header_size=128,cut_condition_type=1,fast_path_timeout=0,k=3 top_ratio=1.00
2026-02-03 23:38:34,609 - cmab.policy - INFO - ================================================================================
2026-02-03 23:38:34,610 - cmab.policy - INFO - SELECT ARM - Detailed Prediction Analysis
2026-02-03 23:38:34,610 - cmab.policy - INFO - Context: [0.18864726 0.         5.4604735  0.03944462 0.        ]
2026-02-03 23:38:34,610 - cmab.policy - INFO - Number of trees in forest: 10
2026-02-03 23:38:34,610 - cmab.policy - INFO - 
2026-02-03 23:38:34,610 - cmab.policy - INFO - Prediction statistics across all trees:
2026-02-03 23:38:34,610 - cmab.policy - INFO -   Mean predictions (top 5 arms): [0.846937, 0.846937, 0.840636, 0.830121, 0.824202]
2026-02-03 23:38:34,610 - cmab.policy - INFO -   Std predictions (top 5 arms): [0.170254, 0.170254, 0.169475, 0.172834, 0.138893]
2026-02-03 23:38:34,610 - cmab.policy - INFO - 
2026-02-03 23:38:34,610 - cmab.policy - INFO - Top 5 arms by mean prediction:
2026-02-03 23:38:34,610 - cmab.policy - INFO -   #1: arm=batch_size=100000,header_size=128,cut_condition_type=3,fast_path_timeout=100,k=3, mean=0.846937, std=0.170254
2026-02-03 23:38:34,610 - cmab.policy - INFO -   #2: arm=batch_size=100000,header_size=128,cut_condition_type=3,fast_path_timeout=0,k=3, mean=0.846937, std=0.170254
2026-02-03 23:38:34,610 - cmab.policy - INFO -   #3: arm=batch_size=100000,header_size=64,cut_condition_type=3,fast_path_timeout=100,k=3, mean=0.840636, std=0.169475
2026-02-03 23:38:34,610 - cmab.policy - INFO -   #4: arm=batch_size=100000,header_size=64,cut_condition_type=3,fast_path_timeout=0,k=3, mean=0.830121, std=0.172834
2026-02-03 23:38:34,610 - cmab.policy - INFO -   #5: arm=batch_size=100000,header_size=128,cut_condition_type=1,fast_path_timeout=0,k=3, mean=0.824202, std=0.138893
2026-02-03 23:38:34,610 - cmab.policy - INFO - 
2026-02-03 23:38:34,610 - cmab.policy - INFO - Selected tree #8 for Thompson Sampling:
2026-02-03 23:38:34,610 - cmab.policy - INFO -   Tree depth: 8
2026-02-03 23:38:34,610 - cmab.policy - INFO -   Tree nodes: 55
2026-02-03 23:38:34,610 - cmab.policy - INFO -   Tree leaves: 28
2026-02-03 23:38:34,610 - cmab.policy - INFO -   Tree shape: (nodes=55, leaves=28, depth=8)
2026-02-03 23:38:34,611 - cmab.policy - INFO -   Tree feature importances: [0.18109464 0.06841631 0.0078829  0.06288613 0.         0.40630493
 0.17205438 0.         0.01856035 0.08280036]
2026-02-03 23:38:34,612 - cmab.policy - INFO -   Forest feature importances: [0.09622249 0.0668932  0.07649629 0.07418475 0.01546538 0.44186871
 0.11966892 0.01203172 0.02982178 0.06734675]
2026-02-03 23:38:34,613 - cmab.policy - INFO -   Top 5 predictions from this tree:
2026-02-03 23:38:34,613 - cmab.policy - INFO -     #1: arm=batch_size=100000,header_size=128,cut_condition_type=3,fast_path_timeout=100,k=3, pred=0.812871
2026-02-03 23:38:34,613 - cmab.policy - INFO -     #2: arm=batch_size=100000,header_size=64,cut_condition_type=3,fast_path_timeout=100,k=3, pred=0.812871
2026-02-03 23:38:34,613 - cmab.policy - INFO -     #3: arm=batch_size=100000,header_size=32,cut_condition_type=1,fast_path_timeout=0,k=3, pred=0.812871
2026-02-03 23:38:34,613 - cmab.policy - INFO -     #4: arm=batch_size=100000,header_size=64,cut_condition_type=3,fast_path_timeout=0,k=3, pred=0.812871
2026-02-03 23:38:34,613 - cmab.policy - INFO -     #5: arm=batch_size=100000,header_size=32,cut_condition_type=1,fast_path_timeout=100,k=3, pred=0.812871
2026-02-03 23:38:34,613 - cmab.policy - INFO - 
2026-02-03 23:38:34,613 - cmab.policy - INFO -   Found 12 arms with same max prediction (0.812871), randomly selecting one...
2026-02-03 23:38:34,613 - cmab.policy - INFO - 
2026-02-03 23:38:34,613 - cmab.policy - INFO - ✓ SELECTED ARM: batch_size=100000,header_size=128,cut_condition_type=1,fast_path_timeout=0,k=3 (prediction=0.812871)
2026-02-03 23:38:34,613 - cmab.policy - INFO - ================================================================================
2026-02-03 23:38:34,617 - cmab.trainer - INFO - Updated parameters file: /home/ccclr0302/autobahn-test/benchmark/.parameters-0.json
2026-02-03 23:38:34,617 - cmab.trainer - INFO - 🚩 Created RL parameter update signal file (epoch 1): /tmp/autobahn_rl_param_update_1.signal
2026-02-03 23:38:34,617 - cmab.trainer - INFO - Applied params: {'batch_size': 100000, 'header_size': 128, 'cut_condition_type': 1, 'fast_path_timeout': 0, 'k': 3}
2026-02-03 23:38:34,617 - cmab.trainer - INFO - Waiting for next metrics file...
2026-02-03 23:38:48,955 - cmab.trainer - INFO - Iteration 2 : context=[0.18864726 0.         5.4604735  0.03944462 0.        ] arm=batch_size=100000,header_size=128,cut_condition_type=1,fast_path_timeout=0,k=3 params={'batch_size': 100000, 'header_size': 128, 'cut_condition_type': 1, 'fast_path_timeout': 0, 'k': 3}
2026-02-03 23:38:48,955 - cmab.trainer - INFO - Iteration 2 reward=1.028563 avg_reward(20)=0.951224 last_metrics=epoch_2_slot_66.json top_arm=batch_size=100000,header_size=128,cut_condition_type=1,fast_path_timeout=0,k=3 top_ratio=1.00
2026-02-03 23:38:48,957 - cmab.policy - INFO - ================================================================================
2026-02-03 23:38:48,957 - cmab.policy - INFO - SELECT ARM - Detailed Prediction Analysis
2026-02-03 23:38:48,957 - cmab.policy - INFO - Context: [0.20058225 0.         0.         5.4763765  0.        ]
2026-02-03 23:38:48,958 - cmab.policy - INFO - Number of trees in forest: 10
2026-02-03 23:38:48,958 - cmab.policy - INFO - 
2026-02-03 23:38:48,958 - cmab.policy - INFO - Prediction statistics across all trees:
2026-02-03 23:38:48,958 - cmab.policy - INFO -   Mean predictions (top 5 arms): [0.949803, 0.913737, 0.913737, 0.913129, 0.913129]
2026-02-03 23:38:48,958 - cmab.policy - INFO -   Std predictions (top 5 arms): [0.262956, 0.213444, 0.213444, 0.241405, 0.241405]
2026-02-03 23:38:48,958 - cmab.policy - INFO - 
2026-02-03 23:38:48,958 - cmab.policy - INFO - Top 5 arms by mean prediction:
2026-02-03 23:38:48,958 - cmab.policy - INFO -   #1: arm=batch_size=100000,header_size=64,cut_condition_type=3,fast_path_timeout=100,k=3, mean=0.949803, std=0.262956
2026-02-03 23:38:48,958 - cmab.policy - INFO -   #2: arm=batch_size=100000,header_size=128,cut_condition_type=1,fast_path_timeout=0,k=3, mean=0.913737, std=0.213444
2026-02-03 23:38:48,958 - cmab.policy - INFO -   #3: arm=batch_size=100000,header_size=128,cut_condition_type=1,fast_path_timeout=100,k=3, mean=0.913737, std=0.213444
2026-02-03 23:38:48,958 - cmab.policy - INFO -   #4: arm=batch_size=100000,header_size=128,cut_condition_type=3,fast_path_timeout=100,k=3, mean=0.913129, std=0.241405
2026-02-03 23:38:48,958 - cmab.policy - INFO -   #5: arm=batch_size=100000,header_size=128,cut_condition_type=3,fast_path_timeout=0,k=3, mean=0.913129, std=0.241405
2026-02-03 23:38:48,958 - cmab.policy - INFO - 
2026-02-03 23:38:48,958 - cmab.policy - INFO - Selected tree #6 for Thompson Sampling:
2026-02-03 23:38:48,958 - cmab.policy - INFO -   Tree depth: 9
2026-02-03 23:38:48,958 - cmab.policy - INFO -   Tree nodes: 61
2026-02-03 23:38:48,958 - cmab.policy - INFO -   Tree leaves: 31
2026-02-03 23:38:48,958 - cmab.policy - INFO -   Tree shape: (nodes=61, leaves=31, depth=9)
2026-02-03 23:38:48,958 - cmab.policy - INFO -   Tree feature importances: [0.18581189 0.14874167 0.04453762 0.00101351 0.04176257 0.37323116
 0.06193883 0.01257768 0.02699448 0.10339059]
2026-02-03 23:38:48,960 - cmab.policy - INFO -   Forest feature importances: [0.09622249 0.0668932  0.07649629 0.07418475 0.01546538 0.44186871
 0.11966892 0.01203172 0.02982178 0.06734675]
2026-02-03 23:38:48,960 - cmab.policy - INFO -   Top 5 predictions from this tree:
2026-02-03 23:38:48,960 - cmab.policy - INFO -     #1: arm=batch_size=100000,header_size=32,cut_condition_type=1,fast_path_timeout=0,k=1, pred=0.809382
2026-02-03 23:38:48,960 - cmab.policy - INFO -     #2: arm=batch_size=100000,header_size=64,cut_condition_type=3,fast_path_timeout=0,k=1, pred=0.809382
2026-02-03 23:38:48,960 - cmab.policy - INFO -     #3: arm=batch_size=100000,header_size=64,cut_condition_type=3,fast_path_timeout=100,k=1, pred=0.809382
2026-02-03 23:38:48,961 - cmab.policy - INFO -     #4: arm=batch_size=100000,header_size=64,cut_condition_type=3,fast_path_timeout=100,k=3, pred=0.809382
2026-02-03 23:38:48,961 - cmab.policy - INFO -     #5: arm=batch_size=100000,header_size=64,cut_condition_type=1,fast_path_timeout=100,k=3, pred=0.809382
2026-02-03 23:38:48,961 - cmab.policy - INFO - 
2026-02-03 23:38:48,961 - cmab.policy - INFO -   Found 24 arms with same max prediction (0.809382), randomly selecting one...
2026-02-03 23:38:48,961 - cmab.policy - INFO - 
2026-02-03 23:38:48,961 - cmab.policy - INFO - ✓ SELECTED ARM: batch_size=100000,header_size=64,cut_condition_type=3,fast_path_timeout=100,k=3 (prediction=0.809382)
2026-02-03 23:38:48,961 - cmab.policy - INFO - ================================================================================
2026-02-03 23:38:48,965 - cmab.trainer - INFO - Updated parameters file: /home/ccclr0302/autobahn-test/benchmark/.parameters-0.json
2026-02-03 23:38:48,965 - cmab.trainer - INFO - 🚩 Created RL parameter update signal file (epoch 2): /tmp/autobahn_rl_param_update_2.signal
2026-02-03 23:38:48,965 - cmab.trainer - INFO - Applied params: {'batch_size': 100000, 'header_size': 64, 'cut_condition_type': 3, 'fast_path_timeout': 100, 'k': 3}
2026-02-03 23:38:48,965 - cmab.trainer - INFO - Waiting for next metrics file...
2026-02-03 23:39:09,018 - cmab.trainer - INFO - Iteration 3 : context=[0.20058225 0.         0.         5.4763765  0.        ] arm=batch_size=100000,header_size=64,cut_condition_type=3,fast_path_timeout=100,k=3 params={'batch_size': 100000, 'header_size': 64, 'cut_condition_type': 3, 'fast_path_timeout': 100, 'k': 3}
2026-02-03 23:39:09,019 - cmab.trainer - INFO - Iteration 3 reward=0.985050 avg_reward(20)=0.962499 last_metrics=epoch_3_slot_96.json top_arm=batch_size=100000,header_size=128,cut_condition_type=1,fast_path_timeout=0,k=3 top_ratio=0.67
2026-02-03 23:39:09,021 - cmab.policy - INFO - ================================================================================
2026-02-03 23:39:09,021 - cmab.policy - INFO - SELECT ARM - Detailed Prediction Analysis
2026-02-03 23:39:09,021 - cmab.policy - INFO - Context: [ 0.6740733  0.        11.246692   0.5908243  0.       ]
2026-02-03 23:39:09,022 - cmab.policy - INFO - Number of trees in forest: 10
2026-02-03 23:39:09,022 - cmab.policy - INFO - 
2026-02-03 23:39:09,022 - cmab.policy - INFO - Prediction statistics across all trees:
2026-02-03 23:39:09,022 - cmab.policy - INFO -   Mean predictions (top 5 arms): [0.848696, 0.848696, 0.842396, 0.831880, 0.829119]
2026-02-03 23:39:09,022 - cmab.policy - INFO -   Std predictions (top 5 arms): [0.169765, 0.169765, 0.169049, 0.172524, 0.058870]
2026-02-03 23:39:09,022 - cmab.policy - INFO - 
2026-02-03 23:39:09,022 - cmab.policy - INFO - Top 5 arms by mean prediction:
2026-02-03 23:39:09,022 - cmab.policy - INFO -   #1: arm=batch_size=100000,header_size=128,cut_condition_type=3,fast_path_timeout=100,k=3, mean=0.848696, std=0.169765
2026-02-03 23:39:09,022 - cmab.policy - INFO -   #2: arm=batch_size=100000,header_size=128,cut_condition_type=3,fast_path_timeout=0,k=3, mean=0.848696, std=0.169765
2026-02-03 23:39:09,022 - cmab.policy - INFO -   #3: arm=batch_size=100000,header_size=64,cut_condition_type=3,fast_path_timeout=100,k=3, mean=0.842396, std=0.169049
2026-02-03 23:39:09,022 - cmab.policy - INFO -   #4: arm=batch_size=100000,header_size=64,cut_condition_type=3,fast_path_timeout=0,k=3, mean=0.831880, std=0.172524
2026-02-03 23:39:09,022 - cmab.policy - INFO -   #5: arm=batch_size=100000,header_size=32,cut_condition_type=1,fast_path_timeout=100,k=1, mean=0.829119, std=0.058870
2026-02-03 23:39:09,022 - cmab.policy - INFO - 
2026-02-03 23:39:09,022 - cmab.policy - INFO - Selected tree #6 for Thompson Sampling:
2026-02-03 23:39:09,022 - cmab.policy - INFO -   Tree depth: 9
2026-02-03 23:39:09,022 - cmab.policy - INFO -   Tree nodes: 61
2026-02-03 23:39:09,022 - cmab.policy - INFO -   Tree leaves: 31
2026-02-03 23:39:09,022 - cmab.policy - INFO -   Tree shape: (nodes=61, leaves=31, depth=9)
2026-02-03 23:39:09,022 - cmab.policy - INFO -   Tree feature importances: [0.18581189 0.14874167 0.04453762 0.00101351 0.04176257 0.37323116
 0.06193883 0.01257768 0.02699448 0.10339059]
2026-02-03 23:39:09,024 - cmab.policy - INFO -   Forest feature importances: [0.09622249 0.0668932  0.07649629 0.07418475 0.01546538 0.44186871
 0.11966892 0.01203172 0.02982178 0.06734675]
2026-02-03 23:39:09,024 - cmab.policy - INFO -   Top 5 predictions from this tree:
2026-02-03 23:39:09,024 - cmab.policy - INFO -     #1: arm=batch_size=100000,header_size=32,cut_condition_type=1,fast_path_timeout=0,k=1, pred=0.809382
2026-02-03 23:39:09,024 - cmab.policy - INFO -     #2: arm=batch_size=100000,header_size=64,cut_condition_type=3,fast_path_timeout=0,k=1, pred=0.809382
2026-02-03 23:39:09,024 - cmab.policy - INFO -     #3: arm=batch_size=100000,header_size=64,cut_condition_type=3,fast_path_timeout=100,k=1, pred=0.809382
2026-02-03 23:39:09,024 - cmab.policy - INFO -     #4: arm=batch_size=100000,header_size=64,cut_condition_type=3,fast_path_timeout=100,k=3, pred=0.809382
2026-02-03 23:39:09,024 - cmab.policy - INFO -     #5: arm=batch_size=100000,header_size=64,cut_condition_type=1,fast_path_timeout=100,k=3, pred=0.809382
2026-02-03 23:39:09,024 - cmab.policy - INFO - 
2026-02-03 23:39:09,025 - cmab.policy - INFO -   Found 24 arms with same max prediction (0.809382), randomly selecting one...
2026-02-03 23:39:09,025 - cmab.policy - INFO - 
2026-02-03 23:39:09,025 - cmab.policy - INFO - ✓ SELECTED ARM: batch_size=100000,header_size=128,cut_condition_type=3,fast_path_timeout=100,k=1 (prediction=0.809382)
2026-02-03 23:39:09,025 - cmab.policy - INFO - ================================================================================
2026-02-03 23:39:09,028 - cmab.trainer - INFO - Updated parameters file: /home/ccclr0302/autobahn-test/benchmark/.parameters-0.json
2026-02-03 23:39:09,028 - cmab.trainer - INFO - 🚩 Created RL parameter update signal file (epoch 3): /tmp/autobahn_rl_param_update_3.signal
2026-02-03 23:39:09,029 - cmab.trainer - INFO - Applied params: {'batch_size': 100000, 'header_size': 128, 'cut_condition_type': 3, 'fast_path_timeout': 100, 'k': 1}
2026-02-03 23:39:09,029 - cmab.trainer - INFO - Waiting for next metrics file...
2026-02-03 23:39:32,795 - cmab.trainer - INFO - Iteration 4 : context=[ 0.6740733  0.        11.246692   0.5908243  0.       ] arm=batch_size=100000,header_size=128,cut_condition_type=3,fast_path_timeout=100,k=1 params={'batch_size': 100000, 'header_size': 128, 'cut_condition_type': 3, 'fast_path_timeout': 100, 'k': 1}
2026-02-03 23:39:32,796 - cmab.trainer - INFO - Iteration 4 reward=1.103872 avg_reward(20)=0.997842 last_metrics=epoch_4_slot_126.json top_arm=batch_size=100000,header_size=128,cut_condition_type=1,fast_path_timeout=0,k=3 top_ratio=0.50
2026-02-03 23:39:32,798 - cmab.policy - INFO - ================================================================================
2026-02-03 23:39:32,798 - cmab.policy - INFO - SELECT ARM - Detailed Prediction Analysis
2026-02-03 23:39:32,798 - cmab.policy - INFO - Context: [0.14401065 5.3896627  0.         0.09799615 0.        ]
2026-02-03 23:39:32,799 - cmab.policy - INFO - Number of trees in forest: 10
2026-02-03 23:39:32,799 - cmab.policy - INFO - 
2026-02-03 23:39:32,799 - cmab.policy - INFO - Prediction statistics across all trees:
2026-02-03 23:39:32,799 - cmab.policy - INFO -   Mean predictions (top 5 arms): [0.830463, 0.830463, 0.826238, 0.826238, 0.824163]
2026-02-03 23:39:32,799 - cmab.policy - INFO -   Std predictions (top 5 arms): [0.178363, 0.178363, 0.139428, 0.139428, 0.177034]
2026-02-03 23:39:32,799 - cmab.policy - INFO - 
2026-02-03 23:39:32,799 - cmab.policy - INFO - Top 5 arms by mean prediction:
2026-02-03 23:39:32,799 - cmab.policy - INFO -   #1: arm=batch_size=100000,header_size=128,cut_condition_type=3,fast_path_timeout=0,k=3, mean=0.830463, std=0.178363
2026-02-03 23:39:32,799 - cmab.policy - INFO -   #2: arm=batch_size=100000,header_size=128,cut_condition_type=3,fast_path_timeout=100,k=3, mean=0.830463, std=0.178363
2026-02-03 23:39:32,799 - cmab.policy - INFO -   #3: arm=batch_size=100000,header_size=128,cut_condition_type=1,fast_path_timeout=0,k=3, mean=0.826238, std=0.139428
2026-02-03 23:39:32,799 - cmab.policy - INFO -   #4: arm=batch_size=100000,header_size=128,cut_condition_type=1,fast_path_timeout=100,k=3, mean=0.826238, std=0.139428
2026-02-03 23:39:32,799 - cmab.policy - INFO -   #5: arm=batch_size=100000,header_size=64,cut_condition_type=3,fast_path_timeout=100,k=3, mean=0.824163, std=0.177034
2026-02-03 23:39:32,799 - cmab.policy - INFO - 
2026-02-03 23:39:32,799 - cmab.policy - INFO - Selected tree #2 for Thompson Sampling:
2026-02-03 23:39:32,799 - cmab.policy - INFO -   Tree depth: 8
2026-02-03 23:39:32,799 - cmab.policy - INFO -   Tree nodes: 53
2026-02-03 23:39:32,799 - cmab.policy - INFO -   Tree leaves: 27
2026-02-03 23:39:32,799 - cmab.policy - INFO -   Tree shape: (nodes=53, leaves=27, depth=8)
2026-02-03 23:39:32,799 - cmab.policy - INFO -   Tree feature importances: [0.08041317 0.02815172 0.06259418 0.02684878 0.07162767 0.47155321
 0.12407588 0.         0.02963843 0.10509697]
2026-02-03 23:39:32,801 - cmab.policy - INFO -   Forest feature importances: [0.09622249 0.0668932  0.07649629 0.07418475 0.01546538 0.44186871
 0.11966892 0.01203172 0.02982178 0.06734675]
2026-02-03 23:39:32,801 - cmab.policy - INFO -   Top 5 predictions from this tree:
2026-02-03 23:39:32,801 - cmab.policy - INFO -     #1: arm=batch_size=100000,header_size=32,cut_condition_type=1,fast_path_timeout=0,k=1, pred=0.780255
2026-02-03 23:39:32,801 - cmab.policy - INFO -     #2: arm=batch_size=100000,header_size=64,cut_condition_type=1,fast_path_timeout=0,k=3, pred=0.780255
2026-02-03 23:39:32,801 - cmab.policy - INFO -     #3: arm=batch_size=100000,header_size=64,cut_condition_type=3,fast_path_timeout=0,k=3, pred=0.780255
2026-02-03 23:39:32,802 - cmab.policy - INFO -     #4: arm=batch_size=100000,header_size=128,cut_condition_type=1,fast_path_timeout=0,k=1, pred=0.780255
2026-02-03 23:39:32,802 - cmab.policy - INFO -     #5: arm=batch_size=100000,header_size=128,cut_condition_type=1,fast_path_timeout=0,k=3, pred=0.780255
2026-02-03 23:39:32,802 - cmab.policy - INFO - 
2026-02-03 23:39:32,802 - cmab.policy - INFO -   Found 24 arms with same max prediction (0.780255), randomly selecting one...
2026-02-03 23:39:32,802 - cmab.policy - INFO - 
2026-02-03 23:39:32,802 - cmab.policy - INFO - ✓ SELECTED ARM: batch_size=100000,header_size=64,cut_condition_type=1,fast_path_timeout=100,k=3 (prediction=0.780255)
2026-02-03 23:39:32,802 - cmab.policy - INFO - ================================================================================
2026-02-03 23:39:32,805 - cmab.trainer - INFO - Updated parameters file: /home/ccclr0302/autobahn-test/benchmark/.parameters-0.json
2026-02-03 23:39:32,805 - cmab.trainer - INFO - 🚩 Created RL parameter update signal file (epoch 4): /tmp/autobahn_rl_param_update_4.signal
2026-02-03 23:39:32,805 - cmab.trainer - INFO - Applied params: {'batch_size': 100000, 'header_size': 64, 'cut_condition_type': 1, 'fast_path_timeout': 100, 'k': 3}
2026-02-03 23:39:32,805 - cmab.trainer - INFO - Waiting for next metrics file...
[Parallel(n_jobs=1)]: Done  10 out of  10 | elapsed:    0.0s finished
[Parallel(n_jobs=1)]: Done  10 out of  10 | elapsed:    0.0s finished
2026-02-03 23:39:52,970 - cmab.policy - INFO - RF Updated: samples=105, MSE=0.016355
2026-02-03 23:39:52,970 - cmab.trainer - INFO - Iteration 5 : context=[0.14401065 5.3896627  0.         0.09799615 0.        ] arm=batch_size=100000,header_size=64,cut_condition_type=1,fast_path_timeout=100,k=3 params={'batch_size': 100000, 'header_size': 64, 'cut_condition_type': 1, 'fast_path_timeout': 100, 'k': 3}
2026-02-03 23:39:52,971 - cmab.trainer - INFO - Iteration 5 reward=0.852688 avg_reward(20)=0.968811 last_metrics=epoch_5_slot_157.json top_arm=batch_size=100000,header_size=128,cut_condition_type=1,fast_path_timeout=0,k=3 top_ratio=0.40
2026-02-03 23:39:52,973 - cmab.policy - INFO - ================================================================================
2026-02-03 23:39:52,973 - cmab.policy - INFO - SELECT ARM - Detailed Prediction Analysis
2026-02-03 23:39:52,973 - cmab.policy - INFO - Context: [ 0.6162707  0.        11.250872   0.6650533  0.       ]
2026-02-03 23:39:52,973 - cmab.policy - INFO - Number of trees in forest: 10
2026-02-03 23:39:52,973 - cmab.policy - INFO - 
2026-02-03 23:39:52,973 - cmab.policy - INFO - Prediction statistics across all trees:
2026-02-03 23:39:52,973 - cmab.policy - INFO -   Mean predictions (top 5 arms): [1.035383, 1.031699, 1.028290, 1.024605, 1.023777]
2026-02-03 23:39:52,973 - cmab.policy - INFO -   Std predictions (top 5 arms): [0.100307, 0.108586, 0.095162, 0.103600, 0.134140]
2026-02-03 23:39:52,973 - cmab.policy - INFO - 
2026-02-03 23:39:52,973 - cmab.policy - INFO - Top 5 arms by mean prediction:
2026-02-03 23:39:52,973 - cmab.policy - INFO -   #1: arm=batch_size=100000,header_size=128,cut_condition_type=3,fast_path_timeout=0,k=3, mean=1.035383, std=0.100307
2026-02-03 23:39:52,973 - cmab.policy - INFO -   #2: arm=batch_size=100000,header_size=128,cut_condition_type=3,fast_path_timeout=100,k=3, mean=1.031699, std=0.108586
2026-02-03 23:39:52,973 - cmab.policy - INFO -   #3: arm=batch_size=100000,header_size=128,cut_condition_type=1,fast_path_timeout=0,k=3, mean=1.028290, std=0.095162
2026-02-03 23:39:52,973 - cmab.policy - INFO -   #4: arm=batch_size=100000,header_size=128,cut_condition_type=1,fast_path_timeout=100,k=3, mean=1.024605, std=0.103600
2026-02-03 23:39:52,973 - cmab.policy - INFO -   #5: arm=batch_size=100000,header_size=64,cut_condition_type=3,fast_path_timeout=100,k=3, mean=1.023777, std=0.134140
2026-02-03 23:39:52,973 - cmab.policy - INFO - 
2026-02-03 23:39:52,974 - cmab.policy - INFO - Selected tree #8 for Thompson Sampling:
2026-02-03 23:39:52,974 - cmab.policy - INFO -   Tree depth: 9
2026-02-03 23:39:52,974 - cmab.policy - INFO -   Tree nodes: 55
2026-02-03 23:39:52,974 - cmab.policy - INFO -   Tree leaves: 28
2026-02-03 23:39:52,974 - cmab.policy - INFO -   Tree shape: (nodes=55, leaves=28, depth=9)
2026-02-03 23:39:52,974 - cmab.policy - INFO -   Tree feature importances: [0.06832785 0.04065882 0.0016022  0.29862459 0.00411478 0.35577517
 0.19411009 0.01390906 0.02287744 0.        ]
2026-02-03 23:39:52,976 - cmab.policy - INFO -   Forest feature importances: [0.11450752 0.06062744 0.05685905 0.10548409 0.01985996 0.41167156
 0.11875975 0.02432828 0.05607103 0.03183132]
2026-02-03 23:39:52,976 - cmab.policy - INFO -   Top 5 predictions from this tree:
2026-02-03 23:39:52,976 - cmab.policy - INFO -     #1: arm=batch_size=100000,header_size=32,cut_condition_type=1,fast_path_timeout=0,k=1, pred=1.069349
2026-02-03 23:39:52,976 - cmab.policy - INFO -     #2: arm=batch_size=100000,header_size=64,cut_condition_type=1,fast_path_timeout=0,k=3, pred=1.069349
2026-02-03 23:39:52,976 - cmab.policy - INFO -     #3: arm=batch_size=100000,header_size=128,cut_condition_type=1,fast_path_timeout=100,k=1, pred=1.069349
2026-02-03 23:39:52,976 - cmab.policy - INFO -     #4: arm=batch_size=100000,header_size=128,cut_condition_type=1,fast_path_timeout=100,k=3, pred=1.069349
2026-02-03 23:39:52,976 - cmab.policy - INFO -     #5: arm=batch_size=100000,header_size=128,cut_condition_type=3,fast_path_timeout=0,k=1, pred=1.069349
2026-02-03 23:39:52,976 - cmab.policy - INFO - 
2026-02-03 23:39:52,976 - cmab.policy - INFO -   Found 24 arms with same max prediction (1.069349), randomly selecting one...
2026-02-03 23:39:52,976 - cmab.policy - INFO - 
2026-02-03 23:39:52,976 - cmab.policy - INFO - ✓ SELECTED ARM: batch_size=100000,header_size=128,cut_condition_type=1,fast_path_timeout=100,k=3 (prediction=1.069349)
2026-02-03 23:39:52,976 - cmab.policy - INFO - ================================================================================
2026-02-03 23:39:52,979 - cmab.trainer - INFO - Updated parameters file: /home/ccclr0302/autobahn-test/benchmark/.parameters-0.json
2026-02-03 23:39:52,979 - cmab.trainer - INFO - 🚩 Created RL parameter update signal file (epoch 5): /tmp/autobahn_rl_param_update_5.signal
2026-02-03 23:39:52,979 - cmab.trainer - INFO - Applied params: {'batch_size': 100000, 'header_size': 128, 'cut_condition_type': 1, 'fast_path_timeout': 100, 'k': 3}
2026-02-03 23:39:52,979 - cmab.trainer - INFO - Waiting for next metrics file...
2026-02-03 23:40:08,120 - cmab.trainer - INFO - Iteration 6 : context=[ 0.6162707  0.        11.250872   0.6650533  0.       ] arm=batch_size=100000,header_size=128,cut_condition_type=1,fast_path_timeout=100,k=3 params={'batch_size': 100000, 'header_size': 128, 'cut_condition_type': 1, 'fast_path_timeout': 100, 'k': 3}
2026-02-03 23:40:08,120 - cmab.trainer - INFO - Iteration 6 reward=0.911865 avg_reward(20)=0.959320 last_metrics=epoch_6_slot_186.json top_arm=batch_size=100000,header_size=128,cut_condition_type=1,fast_path_timeout=0,k=3 top_ratio=0.33
2026-02-03 23:40:08,123 - cmab.policy - INFO - ================================================================================
2026-02-03 23:40:08,123 - cmab.policy - INFO - SELECT ARM - Detailed Prediction Analysis
2026-02-03 23:40:08,123 - cmab.policy - INFO - Context: [0.23770934 0.         0.         5.496958   0.        ]
2026-02-03 23:40:08,123 - cmab.policy - INFO - Number of trees in forest: 10
2026-02-03 23:40:08,123 - cmab.policy - INFO - 
2026-02-03 23:40:08,123 - cmab.policy - INFO - Prediction statistics across all trees:
2026-02-03 23:40:08,123 - cmab.policy - INFO -   Mean predictions (top 5 arms): [0.993687, 0.964052, 0.962488, 0.959693, 0.951960]
2026-02-03 23:40:08,123 - cmab.policy - INFO -   Std predictions (top 5 arms): [0.196844, 0.256088, 0.122606, 0.212153, 0.081514]
2026-02-03 23:40:08,124 - cmab.policy - INFO - 
2026-02-03 23:40:08,124 - cmab.policy - INFO - Top 5 arms by mean prediction:
2026-02-03 23:40:08,124 - cmab.policy - INFO -   #1: arm=batch_size=100000,header_size=32,cut_condition_type=3,fast_path_timeout=100,k=1, mean=0.993687, std=0.196844
2026-02-03 23:40:08,124 - cmab.policy - INFO -   #2: arm=batch_size=100000,header_size=32,cut_condition_type=3,fast_path_timeout=400,k=1, mean=0.964052, std=0.256088
2026-02-03 23:40:08,124 - cmab.policy - INFO -   #3: arm=batch_size=100000,header_size=64,cut_condition_type=3,fast_path_timeout=100,k=1, mean=0.962488, std=0.122606
2026-02-03 23:40:08,124 - cmab.policy - INFO -   #4: arm=batch_size=100000,header_size=32,cut_condition_type=3,fast_path_timeout=100,k=3, mean=0.959693, std=0.212153
2026-02-03 23:40:08,124 - cmab.policy - INFO -   #5: arm=batch_size=100000,header_size=64,cut_condition_type=1,fast_path_timeout=0,k=1, mean=0.951960, std=0.081514
2026-02-03 23:40:08,124 - cmab.policy - INFO - 
2026-02-03 23:40:08,124 - cmab.policy - INFO - Selected tree #2 for Thompson Sampling:
2026-02-03 23:40:08,124 - cmab.policy - INFO -   Tree depth: 8
2026-02-03 23:40:08,124 - cmab.policy - INFO -   Tree nodes: 59
2026-02-03 23:40:08,124 - cmab.policy - INFO -   Tree leaves: 30
2026-02-03 23:40:08,124 - cmab.policy - INFO -   Tree shape: (nodes=59, leaves=30, depth=8)
2026-02-03 23:40:08,124 - cmab.policy - INFO -   Tree feature importances: [0.10977263 0.02729654 0.15803208 0.01980615 0.0197994  0.43690974
 0.0764859  0.01898842 0.11194372 0.02096542]
2026-02-03 23:40:08,126 - cmab.policy - INFO -   Forest feature importances: [0.11450752 0.06062744 0.05685905 0.10548409 0.01985996 0.41167156
 0.11875975 0.02432828 0.05607103 0.03183132]
2026-02-03 23:40:08,126 - cmab.policy - INFO -   Top 5 predictions from this tree:
2026-02-03 23:40:08,126 - cmab.policy - INFO -     #1: arm=batch_size=100000,header_size=32,cut_condition_type=1,fast_path_timeout=0,k=1, pred=0.995928
2026-02-03 23:40:08,126 - cmab.policy - INFO -     #2: arm=batch_size=100000,header_size=64,cut_condition_type=1,fast_path_timeout=0,k=3, pred=0.995928
2026-02-03 23:40:08,126 - cmab.policy - INFO -     #3: arm=batch_size=100000,header_size=128,cut_condition_type=3,fast_path_timeout=100,k=3, pred=0.995928
2026-02-03 23:40:08,126 - cmab.policy - INFO -     #4: arm=batch_size=100000,header_size=128,cut_condition_type=3,fast_path_timeout=100,k=1, pred=0.995928
2026-02-03 23:40:08,126 - cmab.policy - INFO -     #5: arm=batch_size=100000,header_size=128,cut_condition_type=3,fast_path_timeout=0,k=3, pred=0.995928
2026-02-03 23:40:08,126 - cmab.policy - INFO - 
2026-02-03 23:40:08,126 - cmab.policy - INFO -   Found 24 arms with same max prediction (0.995928), randomly selecting one...
2026-02-03 23:40:08,126 - cmab.policy - INFO - 
2026-02-03 23:40:08,126 - cmab.policy - INFO - ✓ SELECTED ARM: batch_size=100000,header_size=32,cut_condition_type=1,fast_path_timeout=0,k=3 (prediction=0.995928)
2026-02-03 23:40:08,126 - cmab.policy - INFO - ================================================================================
2026-02-03 23:40:08,129 - cmab.trainer - INFO - Updated parameters file: /home/ccclr0302/autobahn-test/benchmark/.parameters-0.json
2026-02-03 23:40:08,130 - cmab.trainer - INFO - 🚩 Created RL parameter update signal file (epoch 6): /tmp/autobahn_rl_param_update_6.signal
2026-02-03 23:40:08,130 - cmab.trainer - INFO - Applied params: {'batch_size': 100000, 'header_size': 32, 'cut_condition_type': 1, 'fast_path_timeout': 0, 'k': 3}
2026-02-03 23:40:08,130 - cmab.trainer - INFO - Waiting for next metrics file...
2026-02-03 23:40:24,776 - cmab.trainer - INFO - Iteration 7 : context=[0.23770934 0.         0.         5.496958   0.        ] arm=batch_size=100000,header_size=32,cut_condition_type=1,fast_path_timeout=0,k=3 params={'batch_size': 100000, 'header_size': 32, 'cut_condition_type': 1, 'fast_path_timeout': 0, 'k': 3}
2026-02-03 23:40:24,776 - cmab.trainer - INFO - Iteration 7 reward=0.980590 avg_reward(20)=0.962359 last_metrics=epoch_7_slot_217.json top_arm=batch_size=100000,header_size=128,cut_condition_type=1,fast_path_timeout=0,k=3 top_ratio=0.29
2026-02-03 23:40:24,778 - cmab.policy - INFO - ================================================================================
2026-02-03 23:40:24,779 - cmab.policy - INFO - SELECT ARM - Detailed Prediction Analysis
2026-02-03 23:40:24,779 - cmab.policy - INFO - Context: [20.         1.7100835  1.6092147  0.         0.       ]
2026-02-03 23:40:24,779 - cmab.policy - INFO - Number of trees in forest: 10
2026-02-03 23:40:24,779 - cmab.policy - INFO - 
2026-02-03 23:40:24,779 - cmab.policy - INFO - Prediction statistics across all trees:
2026-02-03 23:40:24,779 - cmab.policy - INFO -   Mean predictions (top 5 arms): [1.022743, 1.022743, 1.004257, 0.980927, 0.974453]
2026-02-03 23:40:24,779 - cmab.policy - INFO -   Std predictions (top 5 arms): [0.242428, 0.242428, 0.206079, 0.173043, 0.233876]
2026-02-03 23:40:24,779 - cmab.policy - INFO - 
2026-02-03 23:40:24,779 - cmab.policy - INFO - Top 5 arms by mean prediction:
2026-02-03 23:40:24,779 - cmab.policy - INFO -   #1: arm=batch_size=100000,header_size=32,cut_condition_type=3,fast_path_timeout=100,k=3, mean=1.022743, std=0.242428
2026-02-03 23:40:24,779 - cmab.policy - INFO -   #2: arm=batch_size=100000,header_size=32,cut_condition_type=1,fast_path_timeout=100,k=3, mean=1.022743, std=0.242428
2026-02-03 23:40:24,779 - cmab.policy - INFO -   #3: arm=batch_size=100000,header_size=64,cut_condition_type=3,fast_path_timeout=100,k=3, mean=1.004257, std=0.206079
2026-02-03 23:40:24,779 - cmab.policy - INFO -   #4: arm=batch_size=100000,header_size=64,cut_condition_type=1,fast_path_timeout=100,k=3, mean=0.980927, std=0.173043
2026-02-03 23:40:24,779 - cmab.policy - INFO -   #5: arm=batch_size=100000,header_size=32,cut_condition_type=3,fast_path_timeout=0,k=3, mean=0.974453, std=0.233876
2026-02-03 23:40:24,779 - cmab.policy - INFO - 
2026-02-03 23:40:24,779 - cmab.policy - INFO - Selected tree #5 for Thompson Sampling:
2026-02-03 23:40:24,779 - cmab.policy - INFO -   Tree depth: 8
2026-02-03 23:40:24,779 - cmab.policy - INFO -   Tree nodes: 61
2026-02-03 23:40:24,779 - cmab.policy - INFO -   Tree leaves: 31
2026-02-03 23:40:24,779 - cmab.policy - INFO -   Tree shape: (nodes=61, leaves=31, depth=8)
2026-02-03 23:40:24,780 - cmab.policy - INFO -   Tree feature importances: [0.33679324 0.01733085 0.01692009 0.05388353 0.01445984 0.33261823
 0.09485318 0.00171217 0.02212082 0.10930805]
2026-02-03 23:40:24,781 - cmab.policy - INFO -   Forest feature importances: [0.11450752 0.06062744 0.05685905 0.10548409 0.01985996 0.41167156
 0.11875975 0.02432828 0.05607103 0.03183132]
2026-02-03 23:40:24,782 - cmab.policy - INFO -   Top 5 predictions from this tree:
2026-02-03 23:40:24,782 - cmab.policy - INFO -     #1: arm=batch_size=100000,header_size=32,cut_condition_type=3,fast_path_timeout=100,k=3, pred=1.540296
2026-02-03 23:40:24,782 - cmab.policy - INFO -     #2: arm=batch_size=100000,header_size=32,cut_condition_type=3,fast_path_timeout=0,k=3, pred=1.540296
2026-02-03 23:40:24,782 - cmab.policy - INFO -     #3: arm=batch_size=100000,header_size=32,cut_condition_type=1,fast_path_timeout=0,k=3, pred=1.540296
2026-02-03 23:40:24,782 - cmab.policy - INFO -     #4: arm=batch_size=100000,header_size=32,cut_condition_type=1,fast_path_timeout=100,k=3, pred=1.540296
2026-02-03 23:40:24,782 - cmab.policy - INFO -     #5: arm=batch_size=100000,header_size=32,cut_condition_type=1,fast_path_timeout=400,k=3, pred=1.540296
2026-02-03 23:40:24,782 - cmab.policy - INFO - 
2026-02-03 23:40:24,782 - cmab.policy - INFO -   Found 6 arms with same max prediction (1.540296), randomly selecting one...
2026-02-03 23:40:24,782 - cmab.policy - INFO - 
2026-02-03 23:40:24,782 - cmab.policy - INFO - ✓ SELECTED ARM: batch_size=100000,header_size=32,cut_condition_type=3,fast_path_timeout=100,k=3 (prediction=1.540296)
2026-02-03 23:40:24,782 - cmab.policy - INFO - ================================================================================
2026-02-03 23:40:24,785 - cmab.trainer - INFO - Updated parameters file: /home/ccclr0302/autobahn-test/benchmark/.parameters-0.json
2026-02-03 23:40:24,785 - cmab.trainer - INFO - 🚩 Created RL parameter update signal file (epoch 7): /tmp/autobahn_rl_param_update_7.signal
2026-02-03 23:40:24,785 - cmab.trainer - INFO - Applied params: {'batch_size': 100000, 'header_size': 32, 'cut_condition_type': 3, 'fast_path_timeout': 100, 'k': 3}
2026-02-03 23:40:24,785 - cmab.trainer - INFO - Waiting for next metrics file...
2026-02-03 23:40:40,630 - cmab.trainer - INFO - Iteration 8 : context=[20.         1.7100835  1.6092147  0.         0.       ] arm=batch_size=100000,header_size=32,cut_condition_type=3,fast_path_timeout=100,k=3 params={'batch_size': 100000, 'header_size': 32, 'cut_condition_type': 3, 'fast_path_timeout': 100, 'k': 3}
2026-02-03 23:40:40,630 - cmab.trainer - INFO - Iteration 8 reward=1.110907 avg_reward(20)=0.980927 last_metrics=epoch_8_slot_246.json top_arm=batch_size=100000,header_size=128,cut_condition_type=1,fast_path_timeout=0,k=3 top_ratio=0.25
2026-02-03 23:40:40,633 - cmab.policy - INFO - ================================================================================
2026-02-03 23:40:40,633 - cmab.policy - INFO - SELECT ARM - Detailed Prediction Analysis
2026-02-03 23:40:40,633 - cmab.policy - INFO - Context: [ 1.5960432  1.7502129 20.         0.         0.       ]
2026-02-03 23:40:40,633 - cmab.policy - INFO - Number of trees in forest: 10
2026-02-03 23:40:40,633 - cmab.policy - INFO - 
2026-02-03 23:40:40,633 - cmab.policy - INFO - Prediction statistics across all trees:
2026-02-03 23:40:40,633 - cmab.policy - INFO -   Mean predictions (top 5 arms): [0.928375, 0.928375, 0.918660, 0.918660, 0.918313]
2026-02-03 23:40:40,633 - cmab.policy - INFO -   Std predictions (top 5 arms): [0.206365, 0.206365, 0.208939, 0.208939, 0.095176]
2026-02-03 23:40:40,633 - cmab.policy - INFO - 
2026-02-03 23:40:40,633 - cmab.policy - INFO - Top 5 arms by mean prediction:
2026-02-03 23:40:40,633 - cmab.policy - INFO -   #1: arm=batch_size=100000,header_size=32,cut_condition_type=1,fast_path_timeout=0,k=3, mean=0.928375, std=0.206365
2026-02-03 23:40:40,633 - cmab.policy - INFO -   #2: arm=batch_size=100000,header_size=32,cut_condition_type=3,fast_path_timeout=0,k=3, mean=0.928375, std=0.206365
2026-02-03 23:40:40,633 - cmab.policy - INFO -   #3: arm=batch_size=100000,header_size=32,cut_condition_type=3,fast_path_timeout=100,k=3, mean=0.918660, std=0.208939
2026-02-03 23:40:40,633 - cmab.policy - INFO -   #4: arm=batch_size=100000,header_size=32,cut_condition_type=1,fast_path_timeout=100,k=3, mean=0.918660, std=0.208939
2026-02-03 23:40:40,633 - cmab.policy - INFO -   #5: arm=batch_size=100000,header_size=32,cut_condition_type=3,fast_path_timeout=0,k=1, mean=0.918313, std=0.095176
2026-02-03 23:40:40,633 - cmab.policy - INFO - 
2026-02-03 23:40:40,633 - cmab.policy - INFO - Selected tree #6 for Thompson Sampling:
2026-02-03 23:40:40,633 - cmab.policy - INFO -   Tree depth: 11
2026-02-03 23:40:40,634 - cmab.policy - INFO -   Tree nodes: 53
2026-02-03 23:40:40,634 - cmab.policy - INFO -   Tree leaves: 27
2026-02-03 23:40:40,634 - cmab.policy - INFO -   Tree shape: (nodes=53, leaves=27, depth=11)
2026-02-03 23:40:40,634 - cmab.policy - INFO -   Tree feature importances: [0.18644263 0.01348878 0.05009557 0.02387264 0.00674087 0.44644139
 0.1667858  0.00695325 0.09917906 0.        ]
2026-02-03 23:40:40,636 - cmab.policy - INFO -   Forest feature importances: [0.11450752 0.06062744 0.05685905 0.10548409 0.01985996 0.41167156
 0.11875975 0.02432828 0.05607103 0.03183132]
2026-02-03 23:40:40,636 - cmab.policy - INFO -   Top 5 predictions from this tree:
2026-02-03 23:40:40,636 - cmab.policy - INFO -     #1: arm=batch_size=100000,header_size=32,cut_condition_type=1,fast_path_timeout=0,k=1, pred=0.855223
2026-02-03 23:40:40,636 - cmab.policy - INFO -     #2: arm=batch_size=100000,header_size=64,cut_condition_type=1,fast_path_timeout=100,k=1, pred=0.855223
2026-02-03 23:40:40,636 - cmab.policy - INFO -     #3: arm=batch_size=100000,header_size=128,cut_condition_type=3,fast_path_timeout=100,k=3, pred=0.855223
2026-02-03 23:40:40,636 - cmab.policy - INFO -     #4: arm=batch_size=100000,header_size=128,cut_condition_type=3,fast_path_timeout=100,k=1, pred=0.855223
2026-02-03 23:40:40,636 - cmab.policy - INFO -     #5: arm=batch_size=100000,header_size=128,cut_condition_type=3,fast_path_timeout=0,k=3, pred=0.855223
2026-02-03 23:40:40,636 - cmab.policy - INFO - 
2026-02-03 23:40:40,636 - cmab.policy - INFO -   Found 24 arms with same max prediction (0.855223), randomly selecting one...
2026-02-03 23:40:40,636 - cmab.policy - INFO - 
2026-02-03 23:40:40,636 - cmab.policy - INFO - ✓ SELECTED ARM: batch_size=100000,header_size=32,cut_condition_type=1,fast_path_timeout=100,k=3 (prediction=0.855223)
2026-02-03 23:40:40,636 - cmab.policy - INFO - ================================================================================
2026-02-03 23:40:40,639 - cmab.trainer - INFO - Updated parameters file: /home/ccclr0302/autobahn-test/benchmark/.parameters-0.json
2026-02-03 23:40:40,639 - cmab.trainer - INFO - 🚩 Created RL parameter update signal file (epoch 8): /tmp/autobahn_rl_param_update_8.signal
2026-02-03 23:40:40,640 - cmab.trainer - INFO - Applied params: {'batch_size': 100000, 'header_size': 32, 'cut_condition_type': 1, 'fast_path_timeout': 100, 'k': 3}
2026-02-03 23:40:40,640 - cmab.trainer - INFO - Waiting for next metrics file...
2026-02-03 23:40:58,488 - cmab.trainer - INFO - Iteration 9 : context=[ 1.5960432  1.7502129 20.         0.         0.       ] arm=batch_size=100000,header_size=32,cut_condition_type=1,fast_path_timeout=100,k=3 params={'batch_size': 100000, 'header_size': 32, 'cut_condition_type': 1, 'fast_path_timeout': 100, 'k': 3}
2026-02-03 23:40:58,488 - cmab.trainer - INFO - Iteration 9 reward=0.898978 avg_reward(20)=0.971822 last_metrics=epoch_9_slot_277.json top_arm=batch_size=100000,header_size=128,cut_condition_type=1,fast_path_timeout=0,k=3 top_ratio=0.22
2026-02-03 23:40:58,491 - cmab.policy - INFO - ================================================================================
2026-02-03 23:40:58,491 - cmab.policy - INFO - SELECT ARM - Detailed Prediction Analysis
2026-02-03 23:40:58,491 - cmab.policy - INFO - Context: [ 0.         1.6949084  1.6459998 20.         0.       ]
2026-02-03 23:40:58,491 - cmab.policy - INFO - Number of trees in forest: 10
2026-02-03 23:40:58,491 - cmab.policy - INFO - 
2026-02-03 23:40:58,491 - cmab.policy - INFO - Prediction statistics across all trees:
2026-02-03 23:40:58,491 - cmab.policy - INFO -   Mean predictions (top 5 arms): [1.050404, 1.024883, 0.995123, 0.983155, 0.974859]
2026-02-03 23:40:58,491 - cmab.policy - INFO -   Std predictions (top 5 arms): [0.284537, 0.260491, 0.205869, 0.195847, 0.320614]
2026-02-03 23:40:58,491 - cmab.policy - INFO - 
2026-02-03 23:40:58,491 - cmab.policy - INFO - Top 5 arms by mean prediction:
2026-02-03 23:40:58,491 - cmab.policy - INFO -   #1: arm=batch_size=100000,header_size=32,cut_condition_type=3,fast_path_timeout=400,k=1, mean=1.050404, std=0.284537
2026-02-03 23:40:58,491 - cmab.policy - INFO -   #2: arm=batch_size=100000,header_size=32,cut_condition_type=3,fast_path_timeout=100,k=1, mean=1.024883, std=0.260491
2026-02-03 23:40:58,491 - cmab.policy - INFO -   #3: arm=batch_size=100000,header_size=64,cut_condition_type=3,fast_path_timeout=400,k=1, mean=0.995123, std=0.205869
2026-02-03 23:40:58,491 - cmab.policy - INFO -   #4: arm=batch_size=100000,header_size=32,cut_condition_type=1,fast_path_timeout=0,k=1, mean=0.983155, std=0.195847
2026-02-03 23:40:58,491 - cmab.policy - INFO -   #5: arm=batch_size=100000,header_size=32,cut_condition_type=3,fast_path_timeout=400,k=3, mean=0.974859, std=0.320614
2026-02-03 23:40:58,491 - cmab.policy - INFO - 
2026-02-03 23:40:58,491 - cmab.policy - INFO - Selected tree #9 for Thompson Sampling:
2026-02-03 23:40:58,491 - cmab.policy - INFO -   Tree depth: 11
2026-02-03 23:40:58,491 - cmab.policy - INFO -   Tree nodes: 61
2026-02-03 23:40:58,492 - cmab.policy - INFO -   Tree leaves: 31
2026-02-03 23:40:58,492 - cmab.policy - INFO -   Tree shape: (nodes=61, leaves=31, depth=11)
2026-02-03 23:40:58,492 - cmab.policy - INFO -   Tree feature importances: [0.11810521 0.09023309 0.02034837 0.08801751 0.         0.44109167
 0.08567205 0.04433586 0.0541643  0.05803194]
2026-02-03 23:40:58,494 - cmab.policy - INFO -   Forest feature importances: [0.11450752 0.06062744 0.05685905 0.10548409 0.01985996 0.41167156
 0.11875975 0.02432828 0.05607103 0.03183132]
2026-02-03 23:40:58,494 - cmab.policy - INFO -   Top 5 predictions from this tree:
2026-02-03 23:40:58,494 - cmab.policy - INFO -     #1: arm=batch_size=100000,header_size=32,cut_condition_type=1,fast_path_timeout=0,k=1, pred=1.083669
2026-02-03 23:40:58,494 - cmab.policy - INFO -     #2: arm=batch_size=100000,header_size=32,cut_condition_type=3,fast_path_timeout=100,k=1, pred=1.083669
2026-02-03 23:40:58,494 - cmab.policy - INFO -     #3: arm=batch_size=100000,header_size=64,cut_condition_type=3,fast_path_timeout=100,k=1, pred=1.083669
2026-02-03 23:40:58,494 - cmab.policy - INFO -     #4: arm=batch_size=100000,header_size=64,cut_condition_type=1,fast_path_timeout=400,k=1, pred=1.083669
2026-02-03 23:40:58,494 - cmab.policy - INFO -     #5: arm=batch_size=100000,header_size=64,cut_condition_type=1,fast_path_timeout=100,k=1, pred=1.083669
2026-02-03 23:40:58,494 - cmab.policy - INFO - 
2026-02-03 23:40:58,494 - cmab.policy - INFO -   Found 12 arms with same max prediction (1.083669), randomly selecting one...
2026-02-03 23:40:58,494 - cmab.policy - INFO - 
2026-02-03 23:40:58,494 - cmab.policy - INFO - ✓ SELECTED ARM: batch_size=100000,header_size=64,cut_condition_type=1,fast_path_timeout=100,k=1 (prediction=1.083669)
2026-02-03 23:40:58,494 - cmab.policy - INFO - ================================================================================
2026-02-03 23:40:58,498 - cmab.trainer - INFO - Updated parameters file: /home/ccclr0302/autobahn-test/benchmark/.parameters-0.json
2026-02-03 23:40:58,498 - cmab.trainer - INFO - 🚩 Created RL parameter update signal file (epoch 9): /tmp/autobahn_rl_param_update_9.signal
2026-02-03 23:40:58,498 - cmab.trainer - INFO - Applied params: {'batch_size': 100000, 'header_size': 64, 'cut_condition_type': 1, 'fast_path_timeout': 100, 'k': 1}
2026-02-03 23:40:58,498 - cmab.trainer - INFO - Waiting for next metrics file...
[Parallel(n_jobs=1)]: Done  10 out of  10 | elapsed:    0.0s finished
[Parallel(n_jobs=1)]: Done  10 out of  10 | elapsed:    0.0s finished
2026-02-03 23:41:13,350 - cmab.policy - INFO - RF Updated: samples=110, MSE=0.013128
2026-02-03 23:41:13,350 - cmab.trainer - INFO - Iteration 10 : context=[ 0.         1.6949084  1.6459998 20.         0.       ] arm=batch_size=100000,header_size=64,cut_condition_type=1,fast_path_timeout=100,k=1 params={'batch_size': 100000, 'header_size': 64, 'cut_condition_type': 1, 'fast_path_timeout': 100, 'k': 1}
2026-02-03 23:41:13,351 - cmab.trainer - INFO - Iteration 10 reward=0.915617 avg_reward(20)=0.966201 last_metrics=epoch_10_slot_306.json top_arm=batch_size=100000,header_size=128,cut_condition_type=1,fast_path_timeout=0,k=3 top_ratio=0.20
2026-02-03 23:41:13,425 - cmab.trainer - INFO - Saved checkpoint: /tmp/cmab_continuous_checkpoints/cmab_checkpoint_10.pkl
2026-02-03 23:41:13,428 - cmab.policy - INFO - ================================================================================
2026-02-03 23:41:13,428 - cmab.policy - INFO - SELECT ARM - Detailed Prediction Analysis
2026-02-03 23:41:13,428 - cmab.policy - INFO - Context: [ 0.         0.6021149  0.7575423 11.171179   0.       ]
2026-02-03 23:41:13,428 - cmab.policy - INFO - Number of trees in forest: 10
2026-02-03 23:41:13,428 - cmab.policy - INFO - 
2026-02-03 23:41:13,428 - cmab.policy - INFO - Prediction statistics across all trees:
2026-02-03 23:41:13,428 - cmab.policy - INFO -   Mean predictions (top 5 arms): [0.965194, 0.959605, 0.937508, 0.927252, 0.927252]
2026-02-03 23:41:13,428 - cmab.policy - INFO -   Std predictions (top 5 arms): [0.202304, 0.208157, 0.175256, 0.174453, 0.174453]
2026-02-03 23:41:13,428 - cmab.policy - INFO - 
2026-02-03 23:41:13,428 - cmab.policy - INFO - Top 5 arms by mean prediction:
2026-02-03 23:41:13,428 - cmab.policy - INFO -   #1: arm=batch_size=100000,header_size=64,cut_condition_type=3,fast_path_timeout=100,k=3, mean=0.965194, std=0.202304
2026-02-03 23:41:13,428 - cmab.policy - INFO -   #2: arm=batch_size=100000,header_size=128,cut_condition_type=3,fast_path_timeout=100,k=3, mean=0.959605, std=0.208157
2026-02-03 23:41:13,428 - cmab.policy - INFO -   #3: arm=batch_size=100000,header_size=64,cut_condition_type=3,fast_path_timeout=0,k=3, mean=0.937508, std=0.175256
2026-02-03 23:41:13,428 - cmab.policy - INFO -   #4: arm=batch_size=100000,header_size=64,cut_condition_type=3,fast_path_timeout=100,k=1, mean=0.927252, std=0.174453
2026-02-03 23:41:13,428 - cmab.policy - INFO -   #5: arm=batch_size=100000,header_size=32,cut_condition_type=3,fast_path_timeout=0,k=1, mean=0.927252, std=0.174453
2026-02-03 23:41:13,428 - cmab.policy - INFO - 
2026-02-03 23:41:13,428 - cmab.policy - INFO - Selected tree #1 for Thompson Sampling:
2026-02-03 23:41:13,428 - cmab.policy - INFO -   Tree depth: 9
2026-02-03 23:41:13,428 - cmab.policy - INFO -   Tree nodes: 65
2026-02-03 23:41:13,429 - cmab.policy - INFO -   Tree leaves: 33
2026-02-03 23:41:13,429 - cmab.policy - INFO -   Tree shape: (nodes=65, leaves=33, depth=9)
2026-02-03 23:41:13,429 - cmab.policy - INFO -   Tree feature importances: [0.06888766 0.12489866 0.10032965 0.01786809 0.         0.52058073
 0.12510854 0.         0.0215963  0.02073039]
2026-02-03 23:41:13,431 - cmab.policy - INFO -   Forest feature importances: [0.10527247 0.06102575 0.10231192 0.06775133 0.01277148 0.42700863
 0.11890448 0.02687746 0.03040773 0.04766875]
2026-02-03 23:41:13,431 - cmab.policy - INFO -   Top 5 predictions from this tree:
2026-02-03 23:41:13,431 - cmab.policy - INFO -     #1: arm=batch_size=100000,header_size=32,cut_condition_type=1,fast_path_timeout=0,k=1, pred=0.983563
2026-02-03 23:41:13,431 - cmab.policy - INFO -     #2: arm=batch_size=100000,header_size=64,cut_condition_type=1,fast_path_timeout=0,k=1, pred=0.983563
2026-02-03 23:41:13,431 - cmab.policy - INFO -     #3: arm=batch_size=100000,header_size=64,cut_condition_type=3,fast_path_timeout=400,k=3, pred=0.983563
2026-02-03 23:41:13,431 - cmab.policy - INFO -     #4: arm=batch_size=100000,header_size=64,cut_condition_type=3,fast_path_timeout=400,k=1, pred=0.983563
2026-02-03 23:41:13,431 - cmab.policy - INFO -     #5: arm=batch_size=100000,header_size=64,cut_condition_type=3,fast_path_timeout=100,k=3, pred=0.983563
2026-02-03 23:41:13,431 - cmab.policy - INFO - 
2026-02-03 23:41:13,431 - cmab.policy - INFO -   Found 24 arms with same max prediction (0.983563), randomly selecting one...
2026-02-03 23:41:13,431 - cmab.policy - INFO - 
2026-02-03 23:41:13,431 - cmab.policy - INFO - ✓ SELECTED ARM: batch_size=100000,header_size=64,cut_condition_type=3,fast_path_timeout=400,k=1 (prediction=0.983563)
2026-02-03 23:41:13,431 - cmab.policy - INFO - ================================================================================
2026-02-03 23:41:13,714 - cmab.trainer - INFO - Updated parameters file: /home/ccclr0302/autobahn-test/benchmark/.parameters-0.json
2026-02-03 23:41:13,715 - cmab.trainer - INFO - 🚩 Created RL parameter update signal file (epoch 10): /tmp/autobahn_rl_param_update_10.signal
2026-02-03 23:41:13,715 - cmab.trainer - INFO - Applied params: {'batch_size': 100000, 'header_size': 64, 'cut_condition_type': 3, 'fast_path_timeout': 400, 'k': 1}
2026-02-03 23:41:13,715 - cmab.trainer - INFO - Waiting for next metrics file...
2026-02-03 23:41:38,883 - cmab.trainer - INFO - Iteration 11 : context=[ 0.         0.6021149  0.7575423 11.171179   0.       ] arm=batch_size=100000,header_size=64,cut_condition_type=3,fast_path_timeout=400,k=1 params={'batch_size': 100000, 'header_size': 64, 'cut_condition_type': 3, 'fast_path_timeout': 400, 'k': 1}
2026-02-03 23:41:38,884 - cmab.trainer - INFO - Iteration 11 reward=0.679889 avg_reward(20)=0.940173 last_metrics=epoch_11_slot_336.json top_arm=batch_size=100000,header_size=128,cut_condition_type=1,fast_path_timeout=0,k=3 top_ratio=0.18
2026-02-03 23:41:38,886 - cmab.policy - INFO - ================================================================================
2026-02-03 23:41:38,886 - cmab.policy - INFO - SELECT ARM - Detailed Prediction Analysis
2026-02-03 23:41:38,886 - cmab.policy - INFO - Context: [ 0.5985457 11.483586   0.661465   0.         0.       ]
2026-02-03 23:41:38,887 - cmab.policy - INFO - Number of trees in forest: 10
2026-02-03 23:41:38,887 - cmab.policy - INFO - 
2026-02-03 23:41:38,887 - cmab.policy - INFO - Prediction statistics across all trees:
2026-02-03 23:41:38,887 - cmab.policy - INFO -   Mean predictions (top 5 arms): [0.805164, 0.805164, 0.805164, 0.805164, 0.794470]
2026-02-03 23:41:38,887 - cmab.policy - INFO -   Std predictions (top 5 arms): [0.093116, 0.093116, 0.093116, 0.093116, 0.089975]
2026-02-03 23:41:38,887 - cmab.policy - INFO - 
2026-02-03 23:41:38,887 - cmab.policy - INFO - Top 5 arms by mean prediction:
2026-02-03 23:41:38,887 - cmab.policy - INFO -   #1: arm=batch_size=100000,header_size=32,cut_condition_type=1,fast_path_timeout=0,k=1, mean=0.805164, std=0.093116
2026-02-03 23:41:38,887 - cmab.policy - INFO -   #2: arm=batch_size=100000,header_size=64,cut_condition_type=1,fast_path_timeout=100,k=1, mean=0.805164, std=0.093116
2026-02-03 23:41:38,887 - cmab.policy - INFO -   #3: arm=batch_size=100000,header_size=32,cut_condition_type=1,fast_path_timeout=100,k=1, mean=0.805164, std=0.093116
2026-02-03 23:41:38,887 - cmab.policy - INFO -   #4: arm=batch_size=100000,header_size=64,cut_condition_type=1,fast_path_timeout=0,k=1, mean=0.805164, std=0.093116
2026-02-03 23:41:38,887 - cmab.policy - INFO -   #5: arm=batch_size=100000,header_size=32,cut_condition_type=3,fast_path_timeout=0,k=1, mean=0.794470, std=0.089975
2026-02-03 23:41:38,887 - cmab.policy - INFO - 
2026-02-03 23:41:38,887 - cmab.policy - INFO - Selected tree #8 for Thompson Sampling:
2026-02-03 23:41:38,887 - cmab.policy - INFO -   Tree depth: 7
2026-02-03 23:41:38,887 - cmab.policy - INFO -   Tree nodes: 55
2026-02-03 23:41:38,887 - cmab.policy - INFO -   Tree leaves: 28
2026-02-03 23:41:38,887 - cmab.policy - INFO -   Tree shape: (nodes=55, leaves=28, depth=7)
2026-02-03 23:41:38,887 - cmab.policy - INFO -   Tree feature importances: [0.09359805 0.04201046 0.29409036 0.04728323 0.07446369 0.29067367
 0.07076931 0.         0.03014688 0.05696435]
2026-02-03 23:41:38,889 - cmab.policy - INFO -   Forest feature importances: [0.10527247 0.06102575 0.10231192 0.06775133 0.01277148 0.42700863
 0.11890448 0.02687746 0.03040773 0.04766875]
2026-02-03 23:41:38,889 - cmab.policy - INFO -   Top 5 predictions from this tree:
2026-02-03 23:41:38,889 - cmab.policy - INFO -     #1: arm=batch_size=100000,header_size=32,cut_condition_type=1,fast_path_timeout=0,k=1, pred=0.798363
2026-02-03 23:41:38,889 - cmab.policy - INFO -     #2: arm=batch_size=100000,header_size=64,cut_condition_type=1,fast_path_timeout=0,k=3, pred=0.798363
2026-02-03 23:41:38,889 - cmab.policy - INFO -     #3: arm=batch_size=100000,header_size=64,cut_condition_type=3,fast_path_timeout=0,k=3, pred=0.798363
2026-02-03 23:41:38,889 - cmab.policy - INFO -     #4: arm=batch_size=100000,header_size=128,cut_condition_type=1,fast_path_timeout=0,k=1, pred=0.798363
2026-02-03 23:41:38,889 - cmab.policy - INFO -     #5: arm=batch_size=100000,header_size=128,cut_condition_type=1,fast_path_timeout=0,k=3, pred=0.798363
2026-02-03 23:41:38,889 - cmab.policy - INFO - 
2026-02-03 23:41:38,890 - cmab.policy - INFO -   Found 24 arms with same max prediction (0.798363), randomly selecting one...
2026-02-03 23:41:38,890 - cmab.policy - INFO - 
2026-02-03 23:41:38,890 - cmab.policy - INFO - ✓ SELECTED ARM: batch_size=100000,header_size=128,cut_condition_type=1,fast_path_timeout=100,k=3 (prediction=0.798363)
2026-02-03 23:41:38,890 - cmab.policy - INFO - ================================================================================
2026-02-03 23:41:38,892 - cmab.trainer - INFO - Updated parameters file: /home/ccclr0302/autobahn-test/benchmark/.parameters-0.json
2026-02-03 23:41:38,892 - cmab.trainer - INFO - 🚩 Created RL parameter update signal file (epoch 11): /tmp/autobahn_rl_param_update_11.signal
2026-02-03 23:41:38,893 - cmab.trainer - INFO - Applied params: {'batch_size': 100000, 'header_size': 128, 'cut_condition_type': 1, 'fast_path_timeout': 100, 'k': 3}
2026-02-03 23:41:38,893 - cmab.trainer - INFO - Waiting for next metrics file...
2026-02-03 23:41:57,843 - cmab.trainer - INFO - Iteration 12 : context=[ 0.5985457 11.483586   0.661465   0.         0.       ] arm=batch_size=100000,header_size=128,cut_condition_type=1,fast_path_timeout=100,k=3 params={'batch_size': 100000, 'header_size': 128, 'cut_condition_type': 1, 'fast_path_timeout': 100, 'k': 3}
2026-02-03 23:41:57,844 - cmab.trainer - INFO - Iteration 12 reward=0.857492 avg_reward(20)=0.933283 last_metrics=epoch_12_slot_366.json top_arm=batch_size=100000,header_size=128,cut_condition_type=1,fast_path_timeout=0,k=3 top_ratio=0.17
2026-02-03 23:41:57,846 - cmab.policy - INFO - ================================================================================
2026-02-03 23:41:57,846 - cmab.policy - INFO - SELECT ARM - Detailed Prediction Analysis
2026-02-03 23:41:57,846 - cmab.policy - INFO - Context: [0.14548562 0.         0.05321081 5.40515    0.        ]
2026-02-03 23:41:57,846 - cmab.policy - INFO - Number of trees in forest: 10
2026-02-03 23:41:57,846 - cmab.policy - INFO - 
2026-02-03 23:41:57,847 - cmab.policy - INFO - Prediction statistics across all trees:
2026-02-03 23:41:57,847 - cmab.policy - INFO -   Mean predictions (top 5 arms): [0.920299, 0.920299, 0.920299, 0.920299, 0.918065]
2026-02-03 23:41:57,847 - cmab.policy - INFO -   Std predictions (top 5 arms): [0.081550, 0.081550, 0.081550, 0.081550, 0.106033]
2026-02-03 23:41:57,847 - cmab.policy - INFO - 
2026-02-03 23:41:57,847 - cmab.policy - INFO - Top 5 arms by mean prediction:
2026-02-03 23:41:57,847 - cmab.policy - INFO -   #1: arm=batch_size=100000,header_size=64,cut_condition_type=3,fast_path_timeout=100,k=1, mean=0.920299, std=0.081550
2026-02-03 23:41:57,847 - cmab.policy - INFO -   #2: arm=batch_size=100000,header_size=32,cut_condition_type=3,fast_path_timeout=0,k=1, mean=0.920299, std=0.081550
2026-02-03 23:41:57,847 - cmab.policy - INFO -   #3: arm=batch_size=100000,header_size=32,cut_condition_type=3,fast_path_timeout=100,k=1, mean=0.920299, std=0.081550
2026-02-03 23:41:57,847 - cmab.policy - INFO -   #4: arm=batch_size=100000,header_size=64,cut_condition_type=3,fast_path_timeout=0,k=1, mean=0.920299, std=0.081550
2026-02-03 23:41:57,847 - cmab.policy - INFO -   #5: arm=batch_size=100000,header_size=128,cut_condition_type=3,fast_path_timeout=100,k=3, mean=0.918065, std=0.106033
2026-02-03 23:41:57,847 - cmab.policy - INFO - 
2026-02-03 23:41:57,847 - cmab.policy - INFO - Selected tree #4 for Thompson Sampling:
2026-02-03 23:41:57,847 - cmab.policy - INFO -   Tree depth: 9
2026-02-03 23:41:57,847 - cmab.policy - INFO -   Tree nodes: 65
2026-02-03 23:41:57,847 - cmab.policy - INFO -   Tree leaves: 33
2026-02-03 23:41:57,847 - cmab.policy - INFO -   Tree shape: (nodes=65, leaves=33, depth=9)
2026-02-03 23:41:57,847 - cmab.policy - INFO -   Tree feature importances: [0.08748339 0.03139282 0.0701751  0.12230374 0.00134015 0.36482634
 0.10313975 0.03075673 0.07808534 0.11049666]
2026-02-03 23:41:57,849 - cmab.policy - INFO -   Forest feature importances: [0.10527247 0.06102575 0.10231192 0.06775133 0.01277148 0.42700863
 0.11890448 0.02687746 0.03040773 0.04766875]
2026-02-03 23:41:57,849 - cmab.policy - INFO -   Top 5 predictions from this tree:
2026-02-03 23:41:57,849 - cmab.policy - INFO -     #1: arm=batch_size=100000,header_size=32,cut_condition_type=1,fast_path_timeout=0,k=1, pred=0.857380
2026-02-03 23:41:57,849 - cmab.policy - INFO -     #2: arm=batch_size=100000,header_size=64,cut_condition_type=1,fast_path_timeout=0,k=3, pred=0.857380
2026-02-03 23:41:57,849 - cmab.policy - INFO -     #3: arm=batch_size=100000,header_size=128,cut_condition_type=1,fast_path_timeout=0,k=1, pred=0.857380
2026-02-03 23:41:57,849 - cmab.policy - INFO -     #4: arm=batch_size=100000,header_size=128,cut_condition_type=1,fast_path_timeout=0,k=3, pred=0.857380
2026-02-03 23:41:57,849 - cmab.policy - INFO -     #5: arm=batch_size=100000,header_size=128,cut_condition_type=1,fast_path_timeout=100,k=1, pred=0.857380
2026-02-03 23:41:57,849 - cmab.policy - INFO - 
2026-02-03 23:41:57,849 - cmab.policy - INFO -   Found 24 arms with same max prediction (0.857380), randomly selecting one...
2026-02-03 23:41:57,849 - cmab.policy - INFO - 
2026-02-03 23:41:57,849 - cmab.policy - INFO - ✓ SELECTED ARM: batch_size=100000,header_size=64,cut_condition_type=1,fast_path_timeout=100,k=1 (prediction=0.857380)
2026-02-03 23:41:57,849 - cmab.policy - INFO - ================================================================================
2026-02-03 23:41:57,852 - cmab.trainer - INFO - Updated parameters file: /home/ccclr0302/autobahn-test/benchmark/.parameters-0.json
2026-02-03 23:41:57,853 - cmab.trainer - INFO - 🚩 Created RL parameter update signal file (epoch 12): /tmp/autobahn_rl_param_update_12.signal
2026-02-03 23:41:57,853 - cmab.trainer - INFO - Applied params: {'batch_size': 100000, 'header_size': 64, 'cut_condition_type': 1, 'fast_path_timeout': 100, 'k': 1}
2026-02-03 23:41:57,853 - cmab.trainer - INFO - Waiting for next metrics file...
2026-02-03 23:42:15,901 - cmab.trainer - INFO - Iteration 13 : context=[0.14548562 0.         0.05321081 5.40515    0.        ] arm=batch_size=100000,header_size=64,cut_condition_type=1,fast_path_timeout=100,k=1 params={'batch_size': 100000, 'header_size': 64, 'cut_condition_type': 1, 'fast_path_timeout': 100, 'k': 1}
2026-02-03 23:42:15,902 - cmab.trainer - INFO - Iteration 13 reward=0.858234 avg_reward(20)=0.927510 last_metrics=epoch_13_slot_396.json top_arm=batch_size=100000,header_size=128,cut_condition_type=1,fast_path_timeout=0,k=3 top_ratio=0.15
2026-02-03 23:42:15,904 - cmab.policy - INFO - ================================================================================
2026-02-03 23:42:15,904 - cmab.policy - INFO - SELECT ARM - Detailed Prediction Analysis
2026-02-03 23:42:15,904 - cmab.policy - INFO - Context: [ 0.         11.239397    0.60658634  0.6948254   0.        ]
2026-02-03 23:42:15,905 - cmab.policy - INFO - Number of trees in forest: 10
2026-02-03 23:42:15,905 - cmab.policy - INFO - 
2026-02-03 23:42:15,905 - cmab.policy - INFO - Prediction statistics across all trees:
2026-02-03 23:42:15,905 - cmab.policy - INFO -   Mean predictions (top 5 arms): [0.851479, 0.845399, 0.845399, 0.845399, 0.845399]
2026-02-03 23:42:15,905 - cmab.policy - INFO -   Std predictions (top 5 arms): [0.199600, 0.197016, 0.197016, 0.197016, 0.197016]
2026-02-03 23:42:15,905 - cmab.policy - INFO - 
2026-02-03 23:42:15,905 - cmab.policy - INFO - Top 5 arms by mean prediction:
2026-02-03 23:42:15,905 - cmab.policy - INFO -   #1: arm=batch_size=100000,header_size=128,cut_condition_type=3,fast_path_timeout=100,k=3, mean=0.851479, std=0.199600
2026-02-03 23:42:15,905 - cmab.policy - INFO -   #2: arm=batch_size=100000,header_size=64,cut_condition_type=3,fast_path_timeout=100,k=1, mean=0.845399, std=0.197016
2026-02-03 23:42:15,905 - cmab.policy - INFO -   #3: arm=batch_size=100000,header_size=32,cut_condition_type=3,fast_path_timeout=0,k=1, mean=0.845399, std=0.197016
2026-02-03 23:42:15,905 - cmab.policy - INFO -   #4: arm=batch_size=100000,header_size=32,cut_condition_type=3,fast_path_timeout=100,k=1, mean=0.845399, std=0.197016
2026-02-03 23:42:15,905 - cmab.policy - INFO -   #5: arm=batch_size=100000,header_size=64,cut_condition_type=3,fast_path_timeout=0,k=1, mean=0.845399, std=0.197016
2026-02-03 23:42:15,905 - cmab.policy - INFO - 
2026-02-03 23:42:15,905 - cmab.policy - INFO - Selected tree #3 for Thompson Sampling:
2026-02-03 23:42:15,905 - cmab.policy - INFO -   Tree depth: 10
2026-02-03 23:42:15,905 - cmab.policy - INFO -   Tree nodes: 59
2026-02-03 23:42:15,905 - cmab.policy - INFO -   Tree leaves: 30
2026-02-03 23:42:15,905 - cmab.policy - INFO -   Tree shape: (nodes=59, leaves=30, depth=10)
2026-02-03 23:42:15,905 - cmab.policy - INFO -   Tree feature importances: [0.07488833 0.1245566  0.0214065  0.01901807 0.         0.56157876
 0.1104778  0.0058046  0.03521689 0.04705244]
2026-02-03 23:42:15,907 - cmab.policy - INFO -   Forest feature importances: [0.10527247 0.06102575 0.10231192 0.06775133 0.01277148 0.42700863
 0.11890448 0.02687746 0.03040773 0.04766875]
2026-02-03 23:42:15,907 - cmab.policy - INFO -   Top 5 predictions from this tree:
2026-02-03 23:42:15,907 - cmab.policy - INFO -     #1: arm=batch_size=100000,header_size=32,cut_condition_type=1,fast_path_timeout=0,k=1, pred=0.894784
2026-02-03 23:42:15,907 - cmab.policy - INFO -     #2: arm=batch_size=100000,header_size=32,cut_condition_type=3,fast_path_timeout=100,k=1, pred=0.894784
2026-02-03 23:42:15,907 - cmab.policy - INFO -     #3: arm=batch_size=100000,header_size=64,cut_condition_type=3,fast_path_timeout=100,k=1, pred=0.894784
2026-02-03 23:42:15,907 - cmab.policy - INFO -     #4: arm=batch_size=100000,header_size=64,cut_condition_type=1,fast_path_timeout=400,k=1, pred=0.894784
2026-02-03 23:42:15,907 - cmab.policy - INFO -     #5: arm=batch_size=100000,header_size=64,cut_condition_type=1,fast_path_timeout=100,k=1, pred=0.894784
2026-02-03 23:42:15,908 - cmab.policy - INFO - 
2026-02-03 23:42:15,908 - cmab.policy - INFO -   Found 12 arms with same max prediction (0.894784), randomly selecting one...
2026-02-03 23:42:15,908 - cmab.policy - INFO - 
2026-02-03 23:42:15,908 - cmab.policy - INFO - ✓ SELECTED ARM: batch_size=100000,header_size=64,cut_condition_type=1,fast_path_timeout=400,k=1 (prediction=0.894784)
2026-02-03 23:42:15,908 - cmab.policy - INFO - ================================================================================
2026-02-03 23:42:15,911 - cmab.trainer - INFO - Updated parameters file: /home/ccclr0302/autobahn-test/benchmark/.parameters-0.json
2026-02-03 23:42:15,911 - cmab.trainer - INFO - 🚩 Created RL parameter update signal file (epoch 13): /tmp/autobahn_rl_param_update_13.signal
2026-02-03 23:42:15,911 - cmab.trainer - INFO - Applied params: {'batch_size': 100000, 'header_size': 64, 'cut_condition_type': 1, 'fast_path_timeout': 400, 'k': 1}
2026-02-03 23:42:15,911 - cmab.trainer - INFO - Waiting for next metrics file...
2026-02-03 23:42:39,877 - cmab.trainer - INFO - Iteration 14 : context=[ 0.         11.239397    0.60658634  0.6948254   0.        ] arm=batch_size=100000,header_size=64,cut_condition_type=1,fast_path_timeout=400,k=1 params={'batch_size': 100000, 'header_size': 64, 'cut_condition_type': 1, 'fast_path_timeout': 400, 'k': 1}
2026-02-03 23:42:39,878 - cmab.trainer - INFO - Iteration 14 reward=0.760435 avg_reward(20)=0.915576 last_metrics=epoch_14_slot_426.json top_arm=batch_size=100000,header_size=128,cut_condition_type=1,fast_path_timeout=0,k=3 top_ratio=0.14
2026-02-03 23:42:39,880 - cmab.policy - INFO - ================================================================================
2026-02-03 23:42:39,880 - cmab.policy - INFO - SELECT ARM - Detailed Prediction Analysis
2026-02-03 23:42:39,880 - cmab.policy - INFO - Context: [0.57000405 0.70339054 9.59582    0.         0.        ]
2026-02-03 23:42:39,880 - cmab.policy - INFO - Number of trees in forest: 10
2026-02-03 23:42:39,880 - cmab.policy - INFO - 
2026-02-03 23:42:39,880 - cmab.policy - INFO - Prediction statistics across all trees:
2026-02-03 23:42:39,881 - cmab.policy - INFO -   Mean predictions (top 5 arms): [0.863361, 0.852379, 0.847397, 0.846929, 0.843093]
2026-02-03 23:42:39,881 - cmab.policy - INFO -   Std predictions (top 5 arms): [0.117731, 0.150366, 0.082339, 0.161274, 0.132917]
2026-02-03 23:42:39,881 - cmab.policy - INFO - 
2026-02-03 23:42:39,881 - cmab.policy - INFO - Top 5 arms by mean prediction:
2026-02-03 23:42:39,881 - cmab.policy - INFO -   #1: arm=batch_size=100000,header_size=64,cut_condition_type=1,fast_path_timeout=100,k=3, mean=0.863361, std=0.117731
2026-02-03 23:42:39,881 - cmab.policy - INFO -   #2: arm=batch_size=100000,header_size=64,cut_condition_type=3,fast_path_timeout=100,k=3, mean=0.852379, std=0.150366
2026-02-03 23:42:39,881 - cmab.policy - INFO -   #3: arm=batch_size=100000,header_size=64,cut_condition_type=1,fast_path_timeout=0,k=3, mean=0.847397, std=0.082339
2026-02-03 23:42:39,881 - cmab.policy - INFO -   #4: arm=batch_size=100000,header_size=128,cut_condition_type=3,fast_path_timeout=100,k=3, mean=0.846929, std=0.161274
2026-02-03 23:42:39,881 - cmab.policy - INFO -   #5: arm=batch_size=100000,header_size=128,cut_condition_type=1,fast_path_timeout=100,k=3, mean=0.843093, std=0.132917
2026-02-03 23:42:39,881 - cmab.policy - INFO - 
2026-02-03 23:42:39,881 - cmab.policy - INFO - Selected tree #8 for Thompson Sampling:
2026-02-03 23:42:39,881 - cmab.policy - INFO -   Tree depth: 7
2026-02-03 23:42:39,881 - cmab.policy - INFO -   Tree nodes: 55
2026-02-03 23:42:39,881 - cmab.policy - INFO -   Tree leaves: 28
2026-02-03 23:42:39,881 - cmab.policy - INFO -   Tree shape: (nodes=55, leaves=28, depth=7)
2026-02-03 23:42:39,881 - cmab.policy - INFO -   Tree feature importances: [0.09359805 0.04201046 0.29409036 0.04728323 0.07446369 0.29067367
 0.07076931 0.         0.03014688 0.05696435]
2026-02-03 23:42:39,883 - cmab.policy - INFO -   Forest feature importances: [0.10527247 0.06102575 0.10231192 0.06775133 0.01277148 0.42700863
 0.11890448 0.02687746 0.03040773 0.04766875]
2026-02-03 23:42:39,883 - cmab.policy - INFO -   Top 5 predictions from this tree:
2026-02-03 23:42:39,883 - cmab.policy - INFO -     #1: arm=batch_size=100000,header_size=32,cut_condition_type=1,fast_path_timeout=0,k=1, pred=0.780635
2026-02-03 23:42:39,883 - cmab.policy - INFO -     #2: arm=batch_size=100000,header_size=64,cut_condition_type=1,fast_path_timeout=0,k=3, pred=0.780635
2026-02-03 23:42:39,883 - cmab.policy - INFO -     #3: arm=batch_size=100000,header_size=64,cut_condition_type=3,fast_path_timeout=0,k=3, pred=0.780635
2026-02-03 23:42:39,883 - cmab.policy - INFO -     #4: arm=batch_size=100000,header_size=128,cut_condition_type=1,fast_path_timeout=0,k=1, pred=0.780635
2026-02-03 23:42:39,883 - cmab.policy - INFO -     #5: arm=batch_size=100000,header_size=128,cut_condition_type=1,fast_path_timeout=0,k=3, pred=0.780635
2026-02-03 23:42:39,883 - cmab.policy - INFO - 
2026-02-03 23:42:39,884 - cmab.policy - INFO -   Found 24 arms with same max prediction (0.780635), randomly selecting one...
2026-02-03 23:42:39,884 - cmab.policy - INFO - 
2026-02-03 23:42:39,884 - cmab.policy - INFO - ✓ SELECTED ARM: batch_size=100000,header_size=128,cut_condition_type=3,fast_path_timeout=100,k=1 (prediction=0.780635)
2026-02-03 23:42:39,884 - cmab.policy - INFO - ================================================================================
2026-02-03 23:42:39,887 - cmab.trainer - INFO - Updated parameters file: /home/ccclr0302/autobahn-test/benchmark/.parameters-0.json
2026-02-03 23:42:39,887 - cmab.trainer - INFO - 🚩 Created RL parameter update signal file (epoch 14): /tmp/autobahn_rl_param_update_14.signal
2026-02-03 23:42:39,887 - cmab.trainer - INFO - Applied params: {'batch_size': 100000, 'header_size': 128, 'cut_condition_type': 3, 'fast_path_timeout': 100, 'k': 1}
2026-02-03 23:42:39,887 - cmab.trainer - INFO - Waiting for next metrics file...
[Parallel(n_jobs=1)]: Done  10 out of  10 | elapsed:    0.0s finished
[Parallel(n_jobs=1)]: Done  10 out of  10 | elapsed:    0.0s finished
2026-02-03 23:43:07,900 - cmab.policy - INFO - RF Updated: samples=115, MSE=0.014554
2026-02-03 23:43:07,900 - cmab.trainer - INFO - Iteration 15 : context=[0.57000405 0.70339054 9.59582    0.         0.        ] arm=batch_size=100000,header_size=128,cut_condition_type=3,fast_path_timeout=100,k=1 params={'batch_size': 100000, 'header_size': 128, 'cut_condition_type': 3, 'fast_path_timeout': 100, 'k': 1}
2026-02-03 23:43:07,901 - cmab.trainer - INFO - Iteration 15 reward=0.910311 avg_reward(20)=0.915225 last_metrics=epoch_15_slot_456.json top_arm=batch_size=100000,header_size=128,cut_condition_type=1,fast_path_timeout=0,k=3 top_ratio=0.13
2026-02-03 23:43:07,903 - cmab.policy - INFO - ================================================================================
2026-02-03 23:43:07,903 - cmab.policy - INFO - SELECT ARM - Detailed Prediction Analysis
2026-02-03 23:43:07,903 - cmab.policy - INFO - Context: [5.4194374  0.15016972 0.         0.11527391 0.        ]
2026-02-03 23:43:07,903 - cmab.policy - INFO - Number of trees in forest: 10
2026-02-03 23:43:07,903 - cmab.policy - INFO - 
2026-02-03 23:43:07,903 - cmab.policy - INFO - Prediction statistics across all trees:
2026-02-03 23:43:07,903 - cmab.policy - INFO -   Mean predictions (top 5 arms): [1.096281, 1.096281, 1.080879, 1.080879, 1.080686]
2026-02-03 23:43:07,903 - cmab.policy - INFO -   Std predictions (top 5 arms): [0.221097, 0.221097, 0.204360, 0.204360, 0.223384]
2026-02-03 23:43:07,903 - cmab.policy - INFO - 
2026-02-03 23:43:07,903 - cmab.policy - INFO - Top 5 arms by mean prediction:
2026-02-03 23:43:07,903 - cmab.policy - INFO -   #1: arm=batch_size=100000,header_size=32,cut_condition_type=3,fast_path_timeout=100,k=3, mean=1.096281, std=0.221097
2026-02-03 23:43:07,903 - cmab.policy - INFO -   #2: arm=batch_size=100000,header_size=32,cut_condition_type=3,fast_path_timeout=0,k=3, mean=1.096281, std=0.221097
2026-02-03 23:43:07,903 - cmab.policy - INFO -   #3: arm=batch_size=100000,header_size=64,cut_condition_type=3,fast_path_timeout=100,k=3, mean=1.080879, std=0.204360
2026-02-03 23:43:07,903 - cmab.policy - INFO -   #4: arm=batch_size=100000,header_size=64,cut_condition_type=3,fast_path_timeout=0,k=3, mean=1.080879, std=0.204360
2026-02-03 23:43:07,903 - cmab.policy - INFO -   #5: arm=batch_size=100000,header_size=32,cut_condition_type=1,fast_path_timeout=0,k=3, mean=1.080686, std=0.223384
2026-02-03 23:43:07,903 - cmab.policy - INFO - 
2026-02-03 23:43:07,903 - cmab.policy - INFO - Selected tree #9 for Thompson Sampling:
2026-02-03 23:43:07,904 - cmab.policy - INFO -   Tree depth: 9
2026-02-03 23:43:07,904 - cmab.policy - INFO -   Tree nodes: 63
2026-02-03 23:43:07,904 - cmab.policy - INFO -   Tree leaves: 32
2026-02-03 23:43:07,904 - cmab.policy - INFO -   Tree shape: (nodes=63, leaves=32, depth=9)
2026-02-03 23:43:07,904 - cmab.policy - INFO -   Tree feature importances: [0.09080172 0.05269411 0.03875726 0.24395658 0.0296809  0.26346944
 0.07003366 0.05256102 0.0554793  0.10256602]
2026-02-03 23:43:07,906 - cmab.policy - INFO -   Forest feature importances: [0.1307919  0.06172455 0.09012087 0.0780652  0.02987774 0.41205731
 0.09413744 0.04296322 0.03484623 0.02541552]
2026-02-03 23:43:07,906 - cmab.policy - INFO -   Top 5 predictions from this tree:
2026-02-03 23:43:07,906 - cmab.policy - INFO -     #1: arm=batch_size=100000,header_size=32,cut_condition_type=1,fast_path_timeout=0,k=1, pred=0.862252
2026-02-03 23:43:07,906 - cmab.policy - INFO -     #2: arm=batch_size=100000,header_size=64,cut_condition_type=1,fast_path_timeout=100,k=1, pred=0.862252
2026-02-03 23:43:07,906 - cmab.policy - INFO -     #3: arm=batch_size=100000,header_size=128,cut_condition_type=3,fast_path_timeout=100,k=3, pred=0.862252
2026-02-03 23:43:07,906 - cmab.policy - INFO -     #4: arm=batch_size=100000,header_size=128,cut_condition_type=3,fast_path_timeout=100,k=1, pred=0.862252
2026-02-03 23:43:07,906 - cmab.policy - INFO -     #5: arm=batch_size=100000,header_size=128,cut_condition_type=3,fast_path_timeout=0,k=3, pred=0.862252
2026-02-03 23:43:07,906 - cmab.policy - INFO - 
2026-02-03 23:43:07,906 - cmab.policy - INFO -   Found 24 arms with same max prediction (0.862252), randomly selecting one...
2026-02-03 23:43:07,906 - cmab.policy - INFO - 
2026-02-03 23:43:07,906 - cmab.policy - INFO - ✓ SELECTED ARM: batch_size=100000,header_size=64,cut_condition_type=1,fast_path_timeout=100,k=1 (prediction=0.862252)
2026-02-03 23:43:07,906 - cmab.policy - INFO - ================================================================================
2026-02-03 23:43:08,063 - cmab.trainer - INFO - Updated parameters file: /home/ccclr0302/autobahn-test/benchmark/.parameters-0.json
2026-02-03 23:43:08,063 - cmab.trainer - INFO - 🚩 Created RL parameter update signal file (epoch 15): /tmp/autobahn_rl_param_update_15.signal
2026-02-03 23:43:08,063 - cmab.trainer - INFO - Applied params: {'batch_size': 100000, 'header_size': 64, 'cut_condition_type': 1, 'fast_path_timeout': 100, 'k': 1}
2026-02-03 23:43:08,063 - cmab.trainer - INFO - Waiting for next metrics file...
2026-02-03 23:43:27,616 - cmab.trainer - INFO - Iteration 16 : context=[5.4194374  0.15016972 0.         0.11527391 0.        ] arm=batch_size=100000,header_size=64,cut_condition_type=1,fast_path_timeout=100,k=1 params={'batch_size': 100000, 'header_size': 64, 'cut_condition_type': 1, 'fast_path_timeout': 100, 'k': 1}
2026-02-03 23:43:27,617 - cmab.trainer - INFO - Iteration 16 reward=0.984996 avg_reward(20)=0.919586 last_metrics=epoch_16_slot_486.json top_arm=batch_size=100000,header_size=64,cut_condition_type=1,fast_path_timeout=100,k=1 top_ratio=0.19
2026-02-03 23:43:27,619 - cmab.policy - INFO - ================================================================================
2026-02-03 23:43:27,619 - cmab.policy - INFO - SELECT ARM - Detailed Prediction Analysis
2026-02-03 23:43:27,619 - cmab.policy - INFO - Context: [11.171431    0.52442145  0.          0.67985225  0.        ]
2026-02-03 23:43:27,619 - cmab.policy - INFO - Number of trees in forest: 10
2026-02-03 23:43:27,619 - cmab.policy - INFO - 
2026-02-03 23:43:27,619 - cmab.policy - INFO - Prediction statistics across all trees:
2026-02-03 23:43:27,620 - cmab.policy - INFO -   Mean predictions (top 5 arms): [1.114357, 1.114357, 1.093637, 1.093637, 1.056530]
2026-02-03 23:43:27,620 - cmab.policy - INFO -   Std predictions (top 5 arms): [0.241328, 0.241328, 0.215698, 0.215698, 0.282347]
2026-02-03 23:43:27,620 - cmab.policy - INFO - 
2026-02-03 23:43:27,620 - cmab.policy - INFO - Top 5 arms by mean prediction:
2026-02-03 23:43:27,620 - cmab.policy - INFO -   #1: arm=batch_size=100000,header_size=32,cut_condition_type=3,fast_path_timeout=0,k=3, mean=1.114357, std=0.241328
2026-02-03 23:43:27,620 - cmab.policy - INFO -   #2: arm=batch_size=100000,header_size=32,cut_condition_type=3,fast_path_timeout=100,k=3, mean=1.114357, std=0.241328
2026-02-03 23:43:27,620 - cmab.policy - INFO -   #3: arm=batch_size=100000,header_size=64,cut_condition_type=3,fast_path_timeout=100,k=3, mean=1.093637, std=0.215698
2026-02-03 23:43:27,620 - cmab.policy - INFO -   #4: arm=batch_size=100000,header_size=64,cut_condition_type=3,fast_path_timeout=0,k=3, mean=1.093637, std=0.215698
2026-02-03 23:43:27,620 - cmab.policy - INFO -   #5: arm=batch_size=100000,header_size=32,cut_condition_type=3,fast_path_timeout=400,k=3, mean=1.056530, std=0.282347
2026-02-03 23:43:27,620 - cmab.policy - INFO - 
2026-02-03 23:43:27,620 - cmab.policy - INFO - Selected tree #5 for Thompson Sampling:
2026-02-03 23:43:27,620 - cmab.policy - INFO -   Tree depth: 9
2026-02-03 23:43:27,620 - cmab.policy - INFO -   Tree nodes: 65
2026-02-03 23:43:27,620 - cmab.policy - INFO -   Tree leaves: 33
2026-02-03 23:43:27,620 - cmab.policy - INFO -   Tree shape: (nodes=65, leaves=33, depth=9)
2026-02-03 23:43:27,620 - cmab.policy - INFO -   Tree feature importances: [3.05133749e-01 7.21819779e-02 6.34237964e-04 8.70673200e-03
 0.00000000e+00 5.35406052e-01 5.64865436e-02 1.57876737e-02
 5.60443188e-03 5.86024115e-05]
2026-02-03 23:43:27,622 - cmab.policy - INFO -   Forest feature importances: [0.1307919  0.06172455 0.09012087 0.0780652  0.02987774 0.41205731
 0.09413744 0.04296322 0.03484623 0.02541552]
2026-02-03 23:43:27,622 - cmab.policy - INFO -   Top 5 predictions from this tree:
2026-02-03 23:43:27,622 - cmab.policy - INFO -     #1: arm=batch_size=100000,header_size=128,cut_condition_type=3,fast_path_timeout=100,k=3, pred=1.323074
2026-02-03 23:43:27,622 - cmab.policy - INFO -     #2: arm=batch_size=100000,header_size=128,cut_condition_type=3,fast_path_timeout=400,k=3, pred=1.323074
2026-02-03 23:43:27,622 - cmab.policy - INFO -     #3: arm=batch_size=100000,header_size=64,cut_condition_type=3,fast_path_timeout=100,k=1, pred=1.323074
2026-02-03 23:43:27,622 - cmab.policy - INFO -     #4: arm=batch_size=100000,header_size=64,cut_condition_type=3,fast_path_timeout=100,k=3, pred=1.323074
2026-02-03 23:43:27,622 - cmab.policy - INFO -     #5: arm=batch_size=100000,header_size=64,cut_condition_type=3,fast_path_timeout=400,k=1, pred=1.323074
2026-02-03 23:43:27,622 - cmab.policy - INFO - 
2026-02-03 23:43:27,622 - cmab.policy - INFO -   Found 12 arms with same max prediction (1.323074), randomly selecting one...
2026-02-03 23:43:27,622 - cmab.policy - INFO - 
2026-02-03 23:43:27,622 - cmab.policy - INFO - ✓ SELECTED ARM: batch_size=100000,header_size=64,cut_condition_type=3,fast_path_timeout=0,k=3 (prediction=1.323074)
2026-02-03 23:43:27,622 - cmab.policy - INFO - ================================================================================
2026-02-03 23:43:27,626 - cmab.trainer - INFO - Updated parameters file: /home/ccclr0302/autobahn-test/benchmark/.parameters-0.json
2026-02-03 23:43:27,626 - cmab.trainer - INFO - 🚩 Created RL parameter update signal file (epoch 16): /tmp/autobahn_rl_param_update_16.signal
2026-02-03 23:43:27,626 - cmab.trainer - INFO - Applied params: {'batch_size': 100000, 'header_size': 64, 'cut_condition_type': 3, 'fast_path_timeout': 0, 'k': 3}
2026-02-03 23:43:27,626 - cmab.trainer - INFO - Waiting for next metrics file...
2026-02-03 23:43:48,585 - cmab.trainer - INFO - Iteration 17 : context=[11.171431    0.52442145  0.          0.67985225  0.        ] arm=batch_size=100000,header_size=64,cut_condition_type=3,fast_path_timeout=0,k=3 params={'batch_size': 100000, 'header_size': 64, 'cut_condition_type': 3, 'fast_path_timeout': 0, 'k': 3}
2026-02-03 23:43:48,585 - cmab.trainer - INFO - Iteration 17 reward=1.133331 avg_reward(20)=0.932159 last_metrics=epoch_17_slot_516.json top_arm=batch_size=100000,header_size=64,cut_condition_type=1,fast_path_timeout=100,k=1 top_ratio=0.18
2026-02-03 23:43:48,587 - cmab.policy - INFO - ================================================================================
2026-02-03 23:43:48,587 - cmab.policy - INFO - SELECT ARM - Detailed Prediction Analysis
2026-02-03 23:43:48,587 - cmab.policy - INFO - Context: [11.162112   0.6739488  0.5907094  0.         0.       ]
2026-02-03 23:43:48,588 - cmab.policy - INFO - Number of trees in forest: 10
2026-02-03 23:43:48,588 - cmab.policy - INFO - 
2026-02-03 23:43:48,588 - cmab.policy - INFO - Prediction statistics across all trees:
2026-02-03 23:43:48,588 - cmab.policy - INFO -   Mean predictions (top 5 arms): [1.068962, 1.068962, 1.062144, 1.062144, 1.053367]
2026-02-03 23:43:48,588 - cmab.policy - INFO -   Std predictions (top 5 arms): [0.212112, 0.212112, 0.202102, 0.202102, 0.212498]
2026-02-03 23:43:48,588 - cmab.policy - INFO - 
2026-02-03 23:43:48,588 - cmab.policy - INFO - Top 5 arms by mean prediction:
2026-02-03 23:43:48,588 - cmab.policy - INFO -   #1: arm=batch_size=100000,header_size=32,cut_condition_type=3,fast_path_timeout=0,k=3, mean=1.068962, std=0.212112
2026-02-03 23:43:48,588 - cmab.policy - INFO -   #2: arm=batch_size=100000,header_size=32,cut_condition_type=3,fast_path_timeout=100,k=3, mean=1.068962, std=0.212112
2026-02-03 23:43:48,588 - cmab.policy - INFO -   #3: arm=batch_size=100000,header_size=64,cut_condition_type=3,fast_path_timeout=100,k=3, mean=1.062144, std=0.202102
2026-02-03 23:43:48,588 - cmab.policy - INFO -   #4: arm=batch_size=100000,header_size=64,cut_condition_type=3,fast_path_timeout=0,k=3, mean=1.062144, std=0.202102
2026-02-03 23:43:48,588 - cmab.policy - INFO -   #5: arm=batch_size=100000,header_size=32,cut_condition_type=1,fast_path_timeout=0,k=3, mean=1.053367, std=0.212498
2026-02-03 23:43:48,588 - cmab.policy - INFO - 
2026-02-03 23:43:48,588 - cmab.policy - INFO - Selected tree #10 for Thompson Sampling:
2026-02-03 23:43:48,588 - cmab.policy - INFO -   Tree depth: 9
2026-02-03 23:43:48,588 - cmab.policy - INFO -   Tree nodes: 61
2026-02-03 23:43:48,588 - cmab.policy - INFO -   Tree leaves: 31
2026-02-03 23:43:48,588 - cmab.policy - INFO -   Tree shape: (nodes=61, leaves=31, depth=9)
2026-02-03 23:43:48,589 - cmab.policy - INFO -   Tree feature importances: [0.18409334 0.01561426 0.04312554 0.05128308 0.03237688 0.46212921
 0.10337537 0.03922804 0.05208413 0.01669015]
2026-02-03 23:43:48,590 - cmab.policy - INFO -   Forest feature importances: [0.1307919  0.06172455 0.09012087 0.0780652  0.02987774 0.41205731
 0.09413744 0.04296322 0.03484623 0.02541552]
2026-02-03 23:43:48,590 - cmab.policy - INFO -   Top 5 predictions from this tree:
2026-02-03 23:43:48,590 - cmab.policy - INFO -     #1: arm=batch_size=100000,header_size=32,cut_condition_type=1,fast_path_timeout=0,k=1, pred=1.097800
2026-02-03 23:43:48,591 - cmab.policy - INFO -     #2: arm=batch_size=100000,header_size=64,cut_condition_type=1,fast_path_timeout=400,k=1, pred=1.097800
2026-02-03 23:43:48,591 - cmab.policy - INFO -     #3: arm=batch_size=100000,header_size=64,cut_condition_type=1,fast_path_timeout=100,k=1, pred=1.097800
2026-02-03 23:43:48,591 - cmab.policy - INFO -     #4: arm=batch_size=100000,header_size=64,cut_condition_type=1,fast_path_timeout=0,k=3, pred=1.097800
2026-02-03 23:43:48,591 - cmab.policy - INFO -     #5: arm=batch_size=100000,header_size=64,cut_condition_type=1,fast_path_timeout=0,k=1, pred=1.097800
2026-02-03 23:43:48,591 - cmab.policy - INFO - 
2026-02-03 23:43:48,591 - cmab.policy - INFO -   Found 12 arms with same max prediction (1.097800), randomly selecting one...
2026-02-03 23:43:48,591 - cmab.policy - INFO - 
2026-02-03 23:43:48,591 - cmab.policy - INFO - ✓ SELECTED ARM: batch_size=100000,header_size=32,cut_condition_type=1,fast_path_timeout=400,k=3 (prediction=1.097800)
2026-02-03 23:43:48,591 - cmab.policy - INFO - ================================================================================
2026-02-03 23:43:48,594 - cmab.trainer - INFO - Updated parameters file: /home/ccclr0302/autobahn-test/benchmark/.parameters-0.json
2026-02-03 23:43:48,595 - cmab.trainer - INFO - 🚩 Created RL parameter update signal file (epoch 17): /tmp/autobahn_rl_param_update_17.signal
2026-02-03 23:43:48,595 - cmab.trainer - INFO - Applied params: {'batch_size': 100000, 'header_size': 32, 'cut_condition_type': 1, 'fast_path_timeout': 400, 'k': 3}
2026-02-03 23:43:48,595 - cmab.trainer - INFO - Waiting for next metrics file...
2026-02-03 23:44:06,644 - cmab.trainer - INFO - Iteration 18 : context=[11.162112   0.6739488  0.5907094  0.         0.       ] arm=batch_size=100000,header_size=32,cut_condition_type=1,fast_path_timeout=400,k=3 params={'batch_size': 100000, 'header_size': 32, 'cut_condition_type': 1, 'fast_path_timeout': 400, 'k': 3}
2026-02-03 23:44:06,644 - cmab.trainer - INFO - Iteration 18 reward=0.815686 avg_reward(20)=0.925688 last_metrics=epoch_18_slot_546.json top_arm=batch_size=100000,header_size=64,cut_condition_type=1,fast_path_timeout=100,k=1 top_ratio=0.17
2026-02-03 23:44:06,647 - cmab.policy - INFO - ================================================================================
2026-02-03 23:44:06,647 - cmab.policy - INFO - SELECT ARM - Detailed Prediction Analysis
2026-02-03 23:44:06,647 - cmab.policy - INFO - Context: [ 1.7691395  0.         1.623986  20.         0.       ]
2026-02-03 23:44:06,647 - cmab.policy - INFO - Number of trees in forest: 10
2026-02-03 23:44:06,647 - cmab.policy - INFO - 
2026-02-03 23:44:06,647 - cmab.policy - INFO - Prediction statistics across all trees:
2026-02-03 23:44:06,647 - cmab.policy - INFO -   Mean predictions (top 5 arms): [0.983649, 0.983649, 0.978920, 0.978920, 0.968403]
2026-02-03 23:44:06,647 - cmab.policy - INFO -   Std predictions (top 5 arms): [0.121525, 0.121525, 0.142329, 0.142329, 0.113833]
2026-02-03 23:44:06,647 - cmab.policy - INFO - 
2026-02-03 23:44:06,647 - cmab.policy - INFO - Top 5 arms by mean prediction:
2026-02-03 23:44:06,647 - cmab.policy - INFO -   #1: arm=batch_size=100000,header_size=32,cut_condition_type=3,fast_path_timeout=0,k=1, mean=0.983649, std=0.121525
2026-02-03 23:44:06,647 - cmab.policy - INFO -   #2: arm=batch_size=100000,header_size=64,cut_condition_type=3,fast_path_timeout=0,k=1, mean=0.983649, std=0.121525
2026-02-03 23:44:06,647 - cmab.policy - INFO -   #3: arm=batch_size=100000,header_size=64,cut_condition_type=3,fast_path_timeout=100,k=1, mean=0.978920, std=0.142329
2026-02-03 23:44:06,647 - cmab.policy - INFO -   #4: arm=batch_size=100000,header_size=32,cut_condition_type=3,fast_path_timeout=100,k=1, mean=0.978920, std=0.142329
2026-02-03 23:44:06,647 - cmab.policy - INFO -   #5: arm=batch_size=100000,header_size=64,cut_condition_type=3,fast_path_timeout=0,k=3, mean=0.968403, std=0.113833
2026-02-03 23:44:06,647 - cmab.policy - INFO - 
2026-02-03 23:44:06,647 - cmab.policy - INFO - Selected tree #6 for Thompson Sampling:
2026-02-03 23:44:06,647 - cmab.policy - INFO -   Tree depth: 9
2026-02-03 23:44:06,648 - cmab.policy - INFO -   Tree nodes: 63
2026-02-03 23:44:06,648 - cmab.policy - INFO -   Tree leaves: 32
2026-02-03 23:44:06,648 - cmab.policy - INFO -   Tree shape: (nodes=63, leaves=32, depth=9)
2026-02-03 23:44:06,648 - cmab.policy - INFO -   Tree feature importances: [0.00082388 0.08163772 0.12612368 0.13081648 0.         0.371621
 0.16678198 0.04773426 0.05853993 0.01592106]
2026-02-03 23:44:06,650 - cmab.policy - INFO -   Forest feature importances: [0.1307919  0.06172455 0.09012087 0.0780652  0.02987774 0.41205731
 0.09413744 0.04296322 0.03484623 0.02541552]
2026-02-03 23:44:06,650 - cmab.policy - INFO -   Top 5 predictions from this tree:
2026-02-03 23:44:06,650 - cmab.policy - INFO -     #1: arm=batch_size=100000,header_size=64,cut_condition_type=3,fast_path_timeout=400,k=3, pred=1.096562
2026-02-03 23:44:06,650 - cmab.policy - INFO -     #2: arm=batch_size=100000,header_size=64,cut_condition_type=3,fast_path_timeout=400,k=1, pred=1.096562
2026-02-03 23:44:06,650 - cmab.policy - INFO -     #3: arm=batch_size=100000,header_size=64,cut_condition_type=3,fast_path_timeout=100,k=3, pred=1.096562
2026-02-03 23:44:06,650 - cmab.policy - INFO -     #4: arm=batch_size=100000,header_size=64,cut_condition_type=3,fast_path_timeout=100,k=1, pred=1.096562
2026-02-03 23:44:06,650 - cmab.policy - INFO -     #5: arm=batch_size=100000,header_size=32,cut_condition_type=3,fast_path_timeout=100,k=1, pred=1.096562
2026-02-03 23:44:06,650 - cmab.policy - INFO - 
2026-02-03 23:44:06,650 - cmab.policy - INFO -   Found 8 arms with same max prediction (1.096562), randomly selecting one...
2026-02-03 23:44:06,650 - cmab.policy - INFO - 
2026-02-03 23:44:06,650 - cmab.policy - INFO - ✓ SELECTED ARM: batch_size=100000,header_size=32,cut_condition_type=3,fast_path_timeout=100,k=3 (prediction=1.096562)
2026-02-03 23:44:06,650 - cmab.policy - INFO - ================================================================================
2026-02-03 23:44:06,653 - cmab.trainer - INFO - Updated parameters file: /home/ccclr0302/autobahn-test/benchmark/.parameters-0.json
2026-02-03 23:44:06,654 - cmab.trainer - INFO - 🚩 Created RL parameter update signal file (epoch 18): /tmp/autobahn_rl_param_update_18.signal
2026-02-03 23:44:06,654 - cmab.trainer - INFO - Applied params: {'batch_size': 100000, 'header_size': 32, 'cut_condition_type': 3, 'fast_path_timeout': 100, 'k': 3}
2026-02-03 23:44:06,654 - cmab.trainer - INFO - Waiting for next metrics file...
2026-02-03 23:44:25,306 - cmab.trainer - INFO - Iteration 19 : context=[ 1.7691395  0.         1.623986  20.         0.       ] arm=batch_size=100000,header_size=32,cut_condition_type=3,fast_path_timeout=100,k=3 params={'batch_size': 100000, 'header_size': 32, 'cut_condition_type': 3, 'fast_path_timeout': 100, 'k': 3}
2026-02-03 23:44:25,306 - cmab.trainer - INFO - Iteration 19 reward=0.950880 avg_reward(20)=0.927014 last_metrics=epoch_19_slot_576.json top_arm=batch_size=100000,header_size=64,cut_condition_type=1,fast_path_timeout=100,k=1 top_ratio=0.16
2026-02-03 23:44:25,309 - cmab.policy - INFO - ================================================================================
2026-02-03 23:44:25,309 - cmab.policy - INFO - SELECT ARM - Detailed Prediction Analysis
2026-02-03 23:44:25,309 - cmab.policy - INFO - Context: [ 1.677914   0.        20.         1.7242713  0.       ]
2026-02-03 23:44:25,309 - cmab.policy - INFO - Number of trees in forest: 10
2026-02-03 23:44:25,309 - cmab.policy - INFO - 
2026-02-03 23:44:25,309 - cmab.policy - INFO - Prediction statistics across all trees:
2026-02-03 23:44:25,309 - cmab.policy - INFO -   Mean predictions (top 5 arms): [1.000436, 1.000436, 0.995707, 0.995707, 0.988705]
2026-02-03 23:44:25,309 - cmab.policy - INFO -   Std predictions (top 5 arms): [0.099972, 0.099972, 0.125070, 0.125070, 0.108310]
2026-02-03 23:44:25,309 - cmab.policy - INFO - 
2026-02-03 23:44:25,309 - cmab.policy - INFO - Top 5 arms by mean prediction:
2026-02-03 23:44:25,309 - cmab.policy - INFO -   #1: arm=batch_size=100000,header_size=32,cut_condition_type=3,fast_path_timeout=0,k=1, mean=1.000436, std=0.099972
2026-02-03 23:44:25,309 - cmab.policy - INFO -   #2: arm=batch_size=100000,header_size=64,cut_condition_type=3,fast_path_timeout=0,k=1, mean=1.000436, std=0.099972
2026-02-03 23:44:25,310 - cmab.policy - INFO -   #3: arm=batch_size=100000,header_size=32,cut_condition_type=3,fast_path_timeout=100,k=1, mean=0.995707, std=0.125070
2026-02-03 23:44:25,310 - cmab.policy - INFO -   #4: arm=batch_size=100000,header_size=64,cut_condition_type=3,fast_path_timeout=100,k=1, mean=0.995707, std=0.125070
2026-02-03 23:44:25,310 - cmab.policy - INFO -   #5: arm=batch_size=100000,header_size=64,cut_condition_type=1,fast_path_timeout=0,k=1, mean=0.988705, std=0.108310
2026-02-03 23:44:25,310 - cmab.policy - INFO - 
2026-02-03 23:44:25,310 - cmab.policy - INFO - Selected tree #6 for Thompson Sampling:
2026-02-03 23:44:25,310 - cmab.policy - INFO -   Tree depth: 9
2026-02-03 23:44:25,310 - cmab.policy - INFO -   Tree nodes: 63
2026-02-03 23:44:25,310 - cmab.policy - INFO -   Tree leaves: 32
2026-02-03 23:44:25,310 - cmab.policy - INFO -   Tree shape: (nodes=63, leaves=32, depth=9)
2026-02-03 23:44:25,310 - cmab.policy - INFO -   Tree feature importances: [0.00082388 0.08163772 0.12612368 0.13081648 0.         0.371621
 0.16678198 0.04773426 0.05853993 0.01592106]
2026-02-03 23:44:25,312 - cmab.policy - INFO -   Forest feature importances: [0.1307919  0.06172455 0.09012087 0.0780652  0.02987774 0.41205731
 0.09413744 0.04296322 0.03484623 0.02541552]
2026-02-03 23:44:25,312 - cmab.policy - INFO -   Top 5 predictions from this tree:
2026-02-03 23:44:25,312 - cmab.policy - INFO -     #1: arm=batch_size=100000,header_size=64,cut_condition_type=3,fast_path_timeout=400,k=3, pred=1.096562
2026-02-03 23:44:25,312 - cmab.policy - INFO -     #2: arm=batch_size=100000,header_size=64,cut_condition_type=3,fast_path_timeout=400,k=1, pred=1.096562
2026-02-03 23:44:25,312 - cmab.policy - INFO -     #3: arm=batch_size=100000,header_size=64,cut_condition_type=3,fast_path_timeout=100,k=3, pred=1.096562
2026-02-03 23:44:25,312 - cmab.policy - INFO -     #4: arm=batch_size=100000,header_size=64,cut_condition_type=3,fast_path_timeout=100,k=1, pred=1.096562
2026-02-03 23:44:25,312 - cmab.policy - INFO -     #5: arm=batch_size=100000,header_size=32,cut_condition_type=3,fast_path_timeout=100,k=1, pred=1.096562
2026-02-03 23:44:25,312 - cmab.policy - INFO - 
2026-02-03 23:44:25,312 - cmab.policy - INFO -   Found 8 arms with same max prediction (1.096562), randomly selecting one...
2026-02-03 23:44:25,312 - cmab.policy - INFO - 
2026-02-03 23:44:25,312 - cmab.policy - INFO - ✓ SELECTED ARM: batch_size=100000,header_size=64,cut_condition_type=3,fast_path_timeout=400,k=3 (prediction=1.096562)
2026-02-03 23:44:25,312 - cmab.policy - INFO - ================================================================================
2026-02-03 23:44:25,316 - cmab.trainer - INFO - Updated parameters file: /home/ccclr0302/autobahn-test/benchmark/.parameters-0.json
2026-02-03 23:44:25,316 - cmab.trainer - INFO - 🚩 Created RL parameter update signal file (epoch 19): /tmp/autobahn_rl_param_update_19.signal
2026-02-03 23:44:25,316 - cmab.trainer - INFO - Applied params: {'batch_size': 100000, 'header_size': 64, 'cut_condition_type': 3, 'fast_path_timeout': 400, 'k': 3}
2026-02-03 23:44:25,316 - cmab.trainer - INFO - Waiting for next metrics file...
[Parallel(n_jobs=1)]: Done  10 out of  10 | elapsed:    0.0s finished
[Parallel(n_jobs=1)]: Done  10 out of  10 | elapsed:    0.0s finished
2026-02-03 23:44:41,776 - cmab.policy - INFO - RF Updated: samples=120, MSE=0.016873
2026-02-03 23:44:41,776 - cmab.trainer - INFO - Iteration 20 : context=[ 1.677914   0.        20.         1.7242713  0.       ] arm=batch_size=100000,header_size=64,cut_condition_type=3,fast_path_timeout=400,k=3 params={'batch_size': 100000, 'header_size': 64, 'cut_condition_type': 3, 'fast_path_timeout': 400, 'k': 3}
2026-02-03 23:44:41,776 - cmab.trainer - INFO - Iteration 20 reward=0.901701 avg_reward(20)=0.925748 last_metrics=epoch_20_slot_606.json top_arm=batch_size=100000,header_size=64,cut_condition_type=1,fast_path_timeout=100,k=1 top_ratio=0.15
2026-02-03 23:44:41,785 - cmab.trainer - INFO - Saved checkpoint: /tmp/cmab_continuous_checkpoints/cmab_checkpoint_20.pkl
2026-02-03 23:44:41,787 - cmab.policy - INFO - ================================================================================
2026-02-03 23:44:41,787 - cmab.policy - INFO - SELECT ARM - Detailed Prediction Analysis
2026-02-03 23:44:41,787 - cmab.policy - INFO - Context: [ 0.5827771   0.70664465 11.297319    0.          0.        ]
2026-02-03 23:44:41,787 - cmab.policy - INFO - Number of trees in forest: 10
2026-02-03 23:44:41,787 - cmab.policy - INFO - 
2026-02-03 23:44:41,787 - cmab.policy - INFO - Prediction statistics across all trees:
2026-02-03 23:44:41,788 - cmab.policy - INFO -   Mean predictions (top 5 arms): [0.871886, 0.871886, 0.865353, 0.865353, 0.851816]
2026-02-03 23:44:41,788 - cmab.policy - INFO -   Std predictions (top 5 arms): [0.064662, 0.064662, 0.066413, 0.066413, 0.046889]
2026-02-03 23:44:41,788 - cmab.policy - INFO - 
2026-02-03 23:44:41,788 - cmab.policy - INFO - Top 5 arms by mean prediction:
2026-02-03 23:44:41,788 - cmab.policy - INFO -   #1: arm=batch_size=100000,header_size=128,cut_condition_type=3,fast_path_timeout=100,k=3, mean=0.871886, std=0.064662
2026-02-03 23:44:41,788 - cmab.policy - INFO -   #2: arm=batch_size=100000,header_size=128,cut_condition_type=3,fast_path_timeout=0,k=3, mean=0.871886, std=0.064662
2026-02-03 23:44:41,788 - cmab.policy - INFO -   #3: arm=batch_size=100000,header_size=128,cut_condition_type=1,fast_path_timeout=0,k=3, mean=0.865353, std=0.066413
2026-02-03 23:44:41,788 - cmab.policy - INFO -   #4: arm=batch_size=100000,header_size=128,cut_condition_type=1,fast_path_timeout=100,k=3, mean=0.865353, std=0.066413
2026-02-03 23:44:41,788 - cmab.policy - INFO -   #5: arm=batch_size=100000,header_size=32,cut_condition_type=1,fast_path_timeout=100,k=1, mean=0.851816, std=0.046889
2026-02-03 23:44:41,788 - cmab.policy - INFO - 
2026-02-03 23:44:41,788 - cmab.policy - INFO - Selected tree #2 for Thompson Sampling:
2026-02-03 23:44:41,788 - cmab.policy - INFO -   Tree depth: 10
2026-02-03 23:44:41,788 - cmab.policy - INFO -   Tree nodes: 55
2026-02-03 23:44:41,788 - cmab.policy - INFO -   Tree leaves: 28
2026-02-03 23:44:41,788 - cmab.policy - INFO -   Tree shape: (nodes=55, leaves=28, depth=10)
2026-02-03 23:44:41,788 - cmab.policy - INFO -   Tree feature importances: [0.16817011 0.18085413 0.00035417 0.00588329 0.09481014 0.32308001
 0.10456651 0.01616612 0.06342034 0.04269519]
2026-02-03 23:44:41,790 - cmab.policy - INFO -   Forest feature importances: [0.14095013 0.07882271 0.06688917 0.0899789  0.02705728 0.35182257
 0.13390539 0.0335409  0.0331323  0.04390065]
2026-02-03 23:44:41,790 - cmab.policy - INFO -   Top 5 predictions from this tree:
2026-02-03 23:44:41,790 - cmab.policy - INFO -     #1: arm=batch_size=100000,header_size=32,cut_condition_type=1,fast_path_timeout=0,k=1, pred=0.821660
2026-02-03 23:44:41,790 - cmab.policy - INFO -     #2: arm=batch_size=100000,header_size=128,cut_condition_type=3,fast_path_timeout=100,k=1, pred=0.821660
2026-02-03 23:44:41,790 - cmab.policy - INFO -     #3: arm=batch_size=100000,header_size=64,cut_condition_type=3,fast_path_timeout=0,k=1, pred=0.821660
2026-02-03 23:44:41,790 - cmab.policy - INFO -     #4: arm=batch_size=100000,header_size=64,cut_condition_type=3,fast_path_timeout=0,k=3, pred=0.821660
2026-02-03 23:44:41,790 - cmab.policy - INFO -     #5: arm=batch_size=100000,header_size=64,cut_condition_type=3,fast_path_timeout=100,k=1, pred=0.821660
2026-02-03 23:44:41,790 - cmab.policy - INFO - 
2026-02-03 23:44:41,790 - cmab.policy - INFO -   Found 24 arms with same max prediction (0.821660), randomly selecting one...
2026-02-03 23:44:41,790 - cmab.policy - INFO - 
2026-02-03 23:44:41,790 - cmab.policy - INFO - ✓ SELECTED ARM: batch_size=100000,header_size=128,cut_condition_type=3,fast_path_timeout=0,k=1 (prediction=0.821660)
2026-02-03 23:44:41,790 - cmab.policy - INFO - ================================================================================
2026-02-03 23:44:41,793 - cmab.trainer - INFO - Updated parameters file: /home/ccclr0302/autobahn-test/benchmark/.parameters-0.json
2026-02-03 23:44:41,794 - cmab.trainer - INFO - 🚩 Created RL parameter update signal file (epoch 20): /tmp/autobahn_rl_param_update_20.signal
2026-02-03 23:44:41,794 - cmab.trainer - INFO - Applied params: {'batch_size': 100000, 'header_size': 128, 'cut_condition_type': 3, 'fast_path_timeout': 0, 'k': 1}
2026-02-03 23:44:41,794 - cmab.trainer - INFO - Waiting for next metrics file...
2026-02-03 23:45:07,466 - cmab.trainer - INFO - Iteration 21 : context=[ 0.5827771   0.70664465 11.297319    0.          0.        ] arm=batch_size=100000,header_size=128,cut_condition_type=3,fast_path_timeout=0,k=1 params={'batch_size': 100000, 'header_size': 128, 'cut_condition_type': 3, 'fast_path_timeout': 0, 'k': 1}
2026-02-03 23:45:07,466 - cmab.trainer - INFO - Iteration 21 reward=1.023061 avg_reward(20)=0.933207 last_metrics=epoch_21_slot_636.json top_arm=batch_size=100000,header_size=64,cut_condition_type=1,fast_path_timeout=100,k=1 top_ratio=0.14
2026-02-03 23:45:07,469 - cmab.policy - INFO - ================================================================================
2026-02-03 23:45:07,469 - cmab.policy - INFO - SELECT ARM - Detailed Prediction Analysis
2026-02-03 23:45:07,469 - cmab.policy - INFO - Context: [0.0794135  0.         5.477585   0.14906733 0.        ]
2026-02-03 23:45:07,469 - cmab.policy - INFO - Number of trees in forest: 10
2026-02-03 23:45:07,469 - cmab.policy - INFO - 
2026-02-03 23:45:07,469 - cmab.policy - INFO - Prediction statistics across all trees:
2026-02-03 23:45:07,469 - cmab.policy - INFO -   Mean predictions (top 5 arms): [0.909875, 0.909875, 0.907456, 0.907456, 0.906484]
2026-02-03 23:45:07,469 - cmab.policy - INFO -   Std predictions (top 5 arms): [0.081849, 0.081849, 0.083450, 0.083450, 0.097099]
2026-02-03 23:45:07,469 - cmab.policy - INFO - 
2026-02-03 23:45:07,469 - cmab.policy - INFO - Top 5 arms by mean prediction:
2026-02-03 23:45:07,469 - cmab.policy - INFO -   #1: arm=batch_size=100000,header_size=128,cut_condition_type=1,fast_path_timeout=0,k=3, mean=0.909875, std=0.081849
2026-02-03 23:45:07,469 - cmab.policy - INFO -   #2: arm=batch_size=100000,header_size=128,cut_condition_type=1,fast_path_timeout=100,k=3, mean=0.909875, std=0.081849
2026-02-03 23:45:07,469 - cmab.policy - INFO -   #3: arm=batch_size=100000,header_size=128,cut_condition_type=3,fast_path_timeout=0,k=3, mean=0.907456, std=0.083450
2026-02-03 23:45:07,469 - cmab.policy - INFO -   #4: arm=batch_size=100000,header_size=128,cut_condition_type=3,fast_path_timeout=100,k=3, mean=0.907456, std=0.083450
2026-02-03 23:45:07,469 - cmab.policy - INFO -   #5: arm=batch_size=100000,header_size=64,cut_condition_type=1,fast_path_timeout=0,k=1, mean=0.906484, std=0.097099
2026-02-03 23:45:07,469 - cmab.policy - INFO - 
2026-02-03 23:45:07,469 - cmab.policy - INFO - Selected tree #7 for Thompson Sampling:
2026-02-03 23:45:07,470 - cmab.policy - INFO -   Tree depth: 7
2026-02-03 23:45:07,470 - cmab.policy - INFO -   Tree nodes: 69
2026-02-03 23:45:07,470 - cmab.policy - INFO -   Tree leaves: 35
2026-02-03 23:45:07,470 - cmab.policy - INFO -   Tree shape: (nodes=69, leaves=35, depth=7)
2026-02-03 23:45:07,470 - cmab.policy - INFO -   Tree feature importances: [0.08326307 0.04479621 0.05784356 0.2012064  0.00354458 0.30021847
 0.06636944 0.037176   0.02540133 0.18018095]
2026-02-03 23:45:07,472 - cmab.policy - INFO -   Forest feature importances: [0.14095013 0.07882271 0.06688917 0.0899789  0.02705728 0.35182257
 0.13390539 0.0335409  0.0331323  0.04390065]
2026-02-03 23:45:07,472 - cmab.policy - INFO -   Top 5 predictions from this tree:
2026-02-03 23:45:07,472 - cmab.policy - INFO -     #1: arm=batch_size=100000,header_size=32,cut_condition_type=1,fast_path_timeout=0,k=1, pred=1.014715
2026-02-03 23:45:07,472 - cmab.policy - INFO -     #2: arm=batch_size=100000,header_size=64,cut_condition_type=1,fast_path_timeout=0,k=3, pred=1.014715
2026-02-03 23:45:07,472 - cmab.policy - INFO -     #3: arm=batch_size=100000,header_size=128,cut_condition_type=1,fast_path_timeout=100,k=3, pred=1.014715
2026-02-03 23:45:07,472 - cmab.policy - INFO -     #4: arm=batch_size=100000,header_size=128,cut_condition_type=1,fast_path_timeout=100,k=1, pred=1.014715
2026-02-03 23:45:07,472 - cmab.policy - INFO -     #5: arm=batch_size=100000,header_size=128,cut_condition_type=1,fast_path_timeout=0,k=3, pred=1.014715
2026-02-03 23:45:07,472 - cmab.policy - INFO - 
2026-02-03 23:45:07,472 - cmab.policy - INFO -   Found 24 arms with same max prediction (1.014715), randomly selecting one...
2026-02-03 23:45:07,472 - cmab.policy - INFO - 
2026-02-03 23:45:07,472 - cmab.policy - INFO - ✓ SELECTED ARM: batch_size=100000,header_size=128,cut_condition_type=1,fast_path_timeout=0,k=3 (prediction=1.014715)
2026-02-03 23:45:07,472 - cmab.policy - INFO - ================================================================================
2026-02-03 23:45:07,475 - cmab.trainer - INFO - Updated parameters file: /home/ccclr0302/autobahn-test/benchmark/.parameters-0.json
2026-02-03 23:45:07,475 - cmab.trainer - INFO - 🚩 Created RL parameter update signal file (epoch 21): /tmp/autobahn_rl_param_update_21.signal
2026-02-03 23:45:07,475 - cmab.trainer - INFO - Applied params: {'batch_size': 100000, 'header_size': 128, 'cut_condition_type': 1, 'fast_path_timeout': 0, 'k': 3}
2026-02-03 23:45:07,475 - cmab.trainer - INFO - Waiting for next metrics file...
2026-02-03 23:45:25,628 - cmab.trainer - INFO - Iteration 22 : context=[0.0794135  0.         5.477585   0.14906733 0.        ] arm=batch_size=100000,header_size=128,cut_condition_type=1,fast_path_timeout=0,k=3 params={'batch_size': 100000, 'header_size': 128, 'cut_condition_type': 1, 'fast_path_timeout': 0, 'k': 3}
2026-02-03 23:45:25,629 - cmab.trainer - INFO - Iteration 22 reward=0.949056 avg_reward(20)=0.929232 last_metrics=epoch_22_slot_666.json top_arm=batch_size=100000,header_size=128,cut_condition_type=1,fast_path_timeout=0,k=3 top_ratio=0.14
2026-02-03 23:45:25,631 - cmab.policy - INFO - ================================================================================
2026-02-03 23:45:25,632 - cmab.policy - INFO - SELECT ARM - Detailed Prediction Analysis
2026-02-03 23:45:25,632 - cmab.policy - INFO - Context: [0.20086718 0.         0.09936211 5.479131   0.        ]
2026-02-03 23:45:25,632 - cmab.policy - INFO - Number of trees in forest: 10
2026-02-03 23:45:25,632 - cmab.policy - INFO - 
2026-02-03 23:45:25,632 - cmab.policy - INFO - Prediction statistics across all trees:
2026-02-03 23:45:25,632 - cmab.policy - INFO -   Mean predictions (top 5 arms): [0.976845, 0.975460, 0.969525, 0.968139, 0.962641]
2026-02-03 23:45:25,632 - cmab.policy - INFO -   Std predictions (top 5 arms): [0.049915, 0.050626, 0.050673, 0.051176, 0.026194]
2026-02-03 23:45:25,632 - cmab.policy - INFO - 
2026-02-03 23:45:25,632 - cmab.policy - INFO - Top 5 arms by mean prediction:
2026-02-03 23:45:25,632 - cmab.policy - INFO -   #1: arm=batch_size=100000,header_size=64,cut_condition_type=1,fast_path_timeout=0,k=3, mean=0.976845, std=0.049915
2026-02-03 23:45:25,632 - cmab.policy - INFO -   #2: arm=batch_size=100000,header_size=32,cut_condition_type=1,fast_path_timeout=0,k=3, mean=0.975460, std=0.050626
2026-02-03 23:45:25,632 - cmab.policy - INFO -   #3: arm=batch_size=100000,header_size=64,cut_condition_type=1,fast_path_timeout=100,k=3, mean=0.969525, std=0.050673
2026-02-03 23:45:25,632 - cmab.policy - INFO -   #4: arm=batch_size=100000,header_size=32,cut_condition_type=1,fast_path_timeout=100,k=3, mean=0.968139, std=0.051176
2026-02-03 23:45:25,632 - cmab.policy - INFO -   #5: arm=batch_size=100000,header_size=64,cut_condition_type=3,fast_path_timeout=0,k=3, mean=0.962641, std=0.026194
2026-02-03 23:45:25,632 - cmab.policy - INFO - 
2026-02-03 23:45:25,632 - cmab.policy - INFO - Selected tree #5 for Thompson Sampling:
2026-02-03 23:45:25,632 - cmab.policy - INFO -   Tree depth: 9
2026-02-03 23:45:25,632 - cmab.policy - INFO -   Tree nodes: 61
2026-02-03 23:45:25,632 - cmab.policy - INFO -   Tree leaves: 31
2026-02-03 23:45:25,633 - cmab.policy - INFO -   Tree shape: (nodes=61, leaves=31, depth=9)
2026-02-03 23:45:25,633 - cmab.policy - INFO -   Tree feature importances: [0.21755565 0.04557042 0.14125741 0.02439902 0.         0.29097916
 0.17351215 0.06338049 0.04334569 0.        ]
2026-02-03 23:45:25,635 - cmab.policy - INFO -   Forest feature importances: [0.14095013 0.07882271 0.06688917 0.0899789  0.02705728 0.35182257
 0.13390539 0.0335409  0.0331323  0.04390065]
2026-02-03 23:45:25,635 - cmab.policy - INFO -   Top 5 predictions from this tree:
2026-02-03 23:45:25,635 - cmab.policy - INFO -     #1: arm=batch_size=100000,header_size=32,cut_condition_type=1,fast_path_timeout=0,k=1, pred=0.970214
2026-02-03 23:45:25,635 - cmab.policy - INFO -     #2: arm=batch_size=100000,header_size=32,cut_condition_type=3,fast_path_timeout=400,k=3, pred=0.970214
2026-02-03 23:45:25,635 - cmab.policy - INFO -     #3: arm=batch_size=100000,header_size=128,cut_condition_type=1,fast_path_timeout=100,k=3, pred=0.970214
2026-02-03 23:45:25,635 - cmab.policy - INFO -     #4: arm=batch_size=100000,header_size=128,cut_condition_type=1,fast_path_timeout=100,k=1, pred=0.970214
2026-02-03 23:45:25,635 - cmab.policy - INFO -     #5: arm=batch_size=100000,header_size=128,cut_condition_type=1,fast_path_timeout=0,k=3, pred=0.970214
2026-02-03 23:45:25,635 - cmab.policy - INFO - 
2026-02-03 23:45:25,635 - cmab.policy - INFO -   Found 36 arms with same max prediction (0.970214), randomly selecting one...
2026-02-03 23:45:25,635 - cmab.policy - INFO - 
2026-02-03 23:45:25,635 - cmab.policy - INFO - ✓ SELECTED ARM: batch_size=100000,header_size=128,cut_condition_type=3,fast_path_timeout=400,k=3 (prediction=0.970214)
2026-02-03 23:45:25,635 - cmab.policy - INFO - ================================================================================
2026-02-03 23:45:25,638 - cmab.trainer - INFO - Updated parameters file: /home/ccclr0302/autobahn-test/benchmark/.parameters-0.json
2026-02-03 23:45:25,638 - cmab.trainer - INFO - 🚩 Created RL parameter update signal file (epoch 22): /tmp/autobahn_rl_param_update_22.signal
2026-02-03 23:45:25,638 - cmab.trainer - INFO - Applied params: {'batch_size': 100000, 'header_size': 128, 'cut_condition_type': 3, 'fast_path_timeout': 400, 'k': 3}
2026-02-03 23:45:25,638 - cmab.trainer - INFO - Waiting for next metrics file...
2026-02-03 23:45:47,901 - cmab.trainer - INFO - Iteration 23 : context=[0.20086718 0.         0.09936211 5.479131   0.        ] arm=batch_size=100000,header_size=128,cut_condition_type=3,fast_path_timeout=400,k=3 params={'batch_size': 100000, 'header_size': 128, 'cut_condition_type': 3, 'fast_path_timeout': 400, 'k': 3}
2026-02-03 23:45:47,901 - cmab.trainer - INFO - Iteration 23 reward=0.757156 avg_reward(20)=0.917837 last_metrics=epoch_23_slot_696.json top_arm=batch_size=100000,header_size=128,cut_condition_type=1,fast_path_timeout=0,k=3 top_ratio=0.13
2026-02-03 23:45:47,904 - cmab.policy - INFO - ================================================================================
2026-02-03 23:45:47,904 - cmab.policy - INFO - SELECT ARM - Detailed Prediction Analysis
2026-02-03 23:45:47,904 - cmab.policy - INFO - Context: [0.         5.4647975  0.15451564 0.08418077 0.        ]
2026-02-03 23:45:47,904 - cmab.policy - INFO - Number of trees in forest: 10
2026-02-03 23:45:47,904 - cmab.policy - INFO - 
2026-02-03 23:45:47,904 - cmab.policy - INFO - Prediction statistics across all trees:
2026-02-03 23:45:47,904 - cmab.policy - INFO -   Mean predictions (top 5 arms): [0.893724, 0.890953, 0.890953, 0.890164, 0.890164]
2026-02-03 23:45:47,904 - cmab.policy - INFO -   Std predictions (top 5 arms): [0.130365, 0.130365, 0.130365, 0.130430, 0.130430]
2026-02-03 23:45:47,904 - cmab.policy - INFO - 
2026-02-03 23:45:47,904 - cmab.policy - INFO - Top 5 arms by mean prediction:
2026-02-03 23:45:47,904 - cmab.policy - INFO -   #1: arm=batch_size=100000,header_size=32,cut_condition_type=1,fast_path_timeout=100,k=1, mean=0.893724, std=0.130365
2026-02-03 23:45:47,904 - cmab.policy - INFO -   #2: arm=batch_size=100000,header_size=32,cut_condition_type=3,fast_path_timeout=0,k=3, mean=0.890953, std=0.130365
2026-02-03 23:45:47,904 - cmab.policy - INFO -   #3: arm=batch_size=100000,header_size=32,cut_condition_type=3,fast_path_timeout=100,k=3, mean=0.890953, std=0.130365
2026-02-03 23:45:47,904 - cmab.policy - INFO -   #4: arm=batch_size=100000,header_size=32,cut_condition_type=1,fast_path_timeout=0,k=3, mean=0.890164, std=0.130430
2026-02-03 23:45:47,904 - cmab.policy - INFO -   #5: arm=batch_size=100000,header_size=32,cut_condition_type=1,fast_path_timeout=100,k=3, mean=0.890164, std=0.130430
2026-02-03 23:45:47,904 - cmab.policy - INFO - 
2026-02-03 23:45:47,904 - cmab.policy - INFO - Selected tree #8 for Thompson Sampling:
2026-02-03 23:45:47,904 - cmab.policy - INFO -   Tree depth: 9
2026-02-03 23:45:47,904 - cmab.policy - INFO -   Tree nodes: 65
2026-02-03 23:45:47,904 - cmab.policy - INFO -   Tree leaves: 33
2026-02-03 23:45:47,905 - cmab.policy - INFO -   Tree shape: (nodes=65, leaves=33, depth=9)
2026-02-03 23:45:47,905 - cmab.policy - INFO -   Tree feature importances: [0.33468383 0.11641912 0.05907825 0.00504478 0.03929209 0.33303898
 0.09334016 0.         0.01747774 0.00162506]
2026-02-03 23:45:47,906 - cmab.policy - INFO -   Forest feature importances: [0.14095013 0.07882271 0.06688917 0.0899789  0.02705728 0.35182257
 0.13390539 0.0335409  0.0331323  0.04390065]
2026-02-03 23:45:47,907 - cmab.policy - INFO -   Top 5 predictions from this tree:
2026-02-03 23:45:47,907 - cmab.policy - INFO -     #1: arm=batch_size=100000,header_size=64,cut_condition_type=3,fast_path_timeout=100,k=3, pred=0.859987
2026-02-03 23:45:47,907 - cmab.policy - INFO -     #2: arm=batch_size=100000,header_size=32,cut_condition_type=1,fast_path_timeout=0,k=3, pred=0.859987
2026-02-03 23:45:47,907 - cmab.policy - INFO -     #3: arm=batch_size=100000,header_size=128,cut_condition_type=3,fast_path_timeout=100,k=3, pred=0.859987
2026-02-03 23:45:47,907 - cmab.policy - INFO -     #4: arm=batch_size=100000,header_size=32,cut_condition_type=1,fast_path_timeout=100,k=3, pred=0.859987
2026-02-03 23:45:47,907 - cmab.policy - INFO -     #5: arm=batch_size=100000,header_size=128,cut_condition_type=3,fast_path_timeout=0,k=3, pred=0.859987
2026-02-03 23:45:47,907 - cmab.policy - INFO - 
2026-02-03 23:45:47,907 - cmab.policy - INFO -   Found 12 arms with same max prediction (0.859987), randomly selecting one...
2026-02-03 23:45:47,907 - cmab.policy - INFO - 
2026-02-03 23:45:47,907 - cmab.policy - INFO - ✓ SELECTED ARM: batch_size=100000,header_size=64,cut_condition_type=3,fast_path_timeout=0,k=3 (prediction=0.859987)
2026-02-03 23:45:47,907 - cmab.policy - INFO - ================================================================================
2026-02-03 23:45:47,910 - cmab.trainer - INFO - Updated parameters file: /home/ccclr0302/autobahn-test/benchmark/.parameters-0.json
2026-02-03 23:45:47,910 - cmab.trainer - INFO - 🚩 Created RL parameter update signal file (epoch 23): /tmp/autobahn_rl_param_update_23.signal
2026-02-03 23:45:47,910 - cmab.trainer - INFO - Applied params: {'batch_size': 100000, 'header_size': 64, 'cut_condition_type': 3, 'fast_path_timeout': 0, 'k': 3}
2026-02-03 23:45:47,910 - cmab.trainer - INFO - Waiting for next metrics file...
2026-02-03 23:46:10,375 - cmab.trainer - INFO - Iteration 24 : context=[0.         5.4647975  0.15451564 0.08418077 0.        ] arm=batch_size=100000,header_size=64,cut_condition_type=3,fast_path_timeout=0,k=3 params={'batch_size': 100000, 'header_size': 64, 'cut_condition_type': 3, 'fast_path_timeout': 0, 'k': 3}
2026-02-03 23:46:10,376 - cmab.trainer - INFO - Iteration 24 reward=1.409768 avg_reward(20)=0.933132 last_metrics=epoch_24_slot_726.json top_arm=batch_size=100000,header_size=128,cut_condition_type=1,fast_path_timeout=0,k=3 top_ratio=0.12
2026-02-03 23:46:10,378 - cmab.policy - INFO - ================================================================================
2026-02-03 23:46:10,378 - cmab.policy - INFO - SELECT ARM - Detailed Prediction Analysis
2026-02-03 23:46:10,378 - cmab.policy - INFO - Context: [ 0.         11.245095    0.56802595  0.6900496   0.        ]
2026-02-03 23:46:10,378 - cmab.policy - INFO - Number of trees in forest: 10
2026-02-03 23:46:10,378 - cmab.policy - INFO - 
2026-02-03 23:46:10,378 - cmab.policy - INFO - Prediction statistics across all trees:
2026-02-03 23:46:10,379 - cmab.policy - INFO -   Mean predictions (top 5 arms): [0.885249, 0.885024, 0.885024, 0.885024, 0.885024]
2026-02-03 23:46:10,379 - cmab.policy - INFO -   Std predictions (top 5 arms): [0.133722, 0.132182, 0.132182, 0.132182, 0.132182]
2026-02-03 23:46:10,379 - cmab.policy - INFO - 
2026-02-03 23:46:10,379 - cmab.policy - INFO - Top 5 arms by mean prediction:
2026-02-03 23:46:10,379 - cmab.policy - INFO -   #1: arm=batch_size=100000,header_size=32,cut_condition_type=1,fast_path_timeout=100,k=1, mean=0.885249, std=0.133722
2026-02-03 23:46:10,379 - cmab.policy - INFO -   #2: arm=batch_size=100000,header_size=32,cut_condition_type=1,fast_path_timeout=0,k=3, mean=0.885024, std=0.132182
2026-02-03 23:46:10,379 - cmab.policy - INFO -   #3: arm=batch_size=100000,header_size=32,cut_condition_type=1,fast_path_timeout=100,k=3, mean=0.885024, std=0.132182
2026-02-03 23:46:10,379 - cmab.policy - INFO -   #4: arm=batch_size=100000,header_size=32,cut_condition_type=3,fast_path_timeout=0,k=3, mean=0.885024, std=0.132182
2026-02-03 23:46:10,379 - cmab.policy - INFO -   #5: arm=batch_size=100000,header_size=32,cut_condition_type=3,fast_path_timeout=100,k=3, mean=0.885024, std=0.132182
2026-02-03 23:46:10,379 - cmab.policy - INFO - 
2026-02-03 23:46:10,379 - cmab.policy - INFO - Selected tree #9 for Thompson Sampling:
2026-02-03 23:46:10,379 - cmab.policy - INFO -   Tree depth: 9
2026-02-03 23:46:10,379 - cmab.policy - INFO -   Tree nodes: 69
2026-02-03 23:46:10,379 - cmab.policy - INFO -   Tree leaves: 35
2026-02-03 23:46:10,379 - cmab.policy - INFO -   Tree shape: (nodes=69, leaves=35, depth=9)
2026-02-03 23:46:10,379 - cmab.policy - INFO -   Tree feature importances: [0.15566445 0.04837267 0.0147273  0.09682632 0.04693587 0.45704299
 0.11663984 0.0148798  0.04083184 0.00807892]
2026-02-03 23:46:10,381 - cmab.policy - INFO -   Forest feature importances: [0.14095013 0.07882271 0.06688917 0.0899789  0.02705728 0.35182257
 0.13390539 0.0335409  0.0331323  0.04390065]
2026-02-03 23:46:10,381 - cmab.policy - INFO -   Top 5 predictions from this tree:
2026-02-03 23:46:10,381 - cmab.policy - INFO -     #1: arm=batch_size=100000,header_size=64,cut_condition_type=3,fast_path_timeout=400,k=3, pred=0.831068
2026-02-03 23:46:10,381 - cmab.policy - INFO -     #2: arm=batch_size=100000,header_size=32,cut_condition_type=3,fast_path_timeout=400,k=1, pred=0.831068
2026-02-03 23:46:10,381 - cmab.policy - INFO -     #3: arm=batch_size=100000,header_size=64,cut_condition_type=1,fast_path_timeout=400,k=3, pred=0.831068
2026-02-03 23:46:10,381 - cmab.policy - INFO -     #4: arm=batch_size=100000,header_size=64,cut_condition_type=1,fast_path_timeout=400,k=1, pred=0.831068
2026-02-03 23:46:10,381 - cmab.policy - INFO -     #5: arm=batch_size=100000,header_size=128,cut_condition_type=1,fast_path_timeout=400,k=1, pred=0.831068
2026-02-03 23:46:10,381 - cmab.policy - INFO - 
2026-02-03 23:46:10,381 - cmab.policy - INFO -   Found 12 arms with same max prediction (0.831068), randomly selecting one...
2026-02-03 23:46:10,381 - cmab.policy - INFO - 
2026-02-03 23:46:10,381 - cmab.policy - INFO - ✓ SELECTED ARM: batch_size=100000,header_size=128,cut_condition_type=3,fast_path_timeout=400,k=1 (prediction=0.831068)
2026-02-03 23:46:10,381 - cmab.policy - INFO - ================================================================================
2026-02-03 23:46:10,385 - cmab.trainer - INFO - Updated parameters file: /home/ccclr0302/autobahn-test/benchmark/.parameters-0.json
2026-02-03 23:46:10,385 - cmab.trainer - INFO - 🚩 Created RL parameter update signal file (epoch 24): /tmp/autobahn_rl_param_update_24.signal
2026-02-03 23:46:10,385 - cmab.trainer - INFO - Applied params: {'batch_size': 100000, 'header_size': 128, 'cut_condition_type': 3, 'fast_path_timeout': 400, 'k': 1}
2026-02-03 23:46:10,385 - cmab.trainer - INFO - Waiting for next metrics file...
[Parallel(n_jobs=1)]: Done  10 out of  10 | elapsed:    0.0s finished
[Parallel(n_jobs=1)]: Done  10 out of  10 | elapsed:    0.0s finished
2026-02-03 23:46:38,277 - cmab.policy - INFO - RF Updated: samples=125, MSE=0.016611
2026-02-03 23:46:38,277 - cmab.trainer - INFO - Iteration 25 : context=[ 0.         11.245095    0.56802595  0.6900496   0.        ] arm=batch_size=100000,header_size=128,cut_condition_type=3,fast_path_timeout=400,k=1 params={'batch_size': 100000, 'header_size': 128, 'cut_condition_type': 3, 'fast_path_timeout': 400, 'k': 1}
2026-02-03 23:46:38,277 - cmab.trainer - INFO - Iteration 25 reward=0.656543 avg_reward(20)=0.923325 last_metrics=epoch_25_slot_756.json top_arm=batch_size=100000,header_size=128,cut_condition_type=1,fast_path_timeout=0,k=3 top_ratio=0.12
2026-02-03 23:46:38,280 - cmab.policy - INFO - ================================================================================
2026-02-03 23:46:38,280 - cmab.policy - INFO - SELECT ARM - Detailed Prediction Analysis
2026-02-03 23:46:38,280 - cmab.policy - INFO - Context: [0.13938123 5.4627304  0.         0.07854295 0.        ]
2026-02-03 23:46:38,280 - cmab.policy - INFO - Number of trees in forest: 10
2026-02-03 23:46:38,280 - cmab.policy - INFO - 
2026-02-03 23:46:38,280 - cmab.policy - INFO - Prediction statistics across all trees:
2026-02-03 23:46:38,280 - cmab.policy - INFO -   Mean predictions (top 5 arms): [1.130221, 1.118766, 1.089153, 1.080374, 1.077698]
2026-02-03 23:46:38,280 - cmab.policy - INFO -   Std predictions (top 5 arms): [0.191429, 0.172112, 0.225929, 0.149923, 0.207558]
2026-02-03 23:46:38,280 - cmab.policy - INFO - 
2026-02-03 23:46:38,280 - cmab.policy - INFO - Top 5 arms by mean prediction:
2026-02-03 23:46:38,280 - cmab.policy - INFO -   #1: arm=batch_size=100000,header_size=32,cut_condition_type=3,fast_path_timeout=0,k=3, mean=1.130221, std=0.191429
2026-02-03 23:46:38,280 - cmab.policy - INFO -   #2: arm=batch_size=100000,header_size=64,cut_condition_type=3,fast_path_timeout=0,k=3, mean=1.118766, std=0.172112
2026-02-03 23:46:38,280 - cmab.policy - INFO -   #3: arm=batch_size=100000,header_size=32,cut_condition_type=3,fast_path_timeout=100,k=3, mean=1.089153, std=0.225929
2026-02-03 23:46:38,280 - cmab.policy - INFO -   #4: arm=batch_size=100000,header_size=128,cut_condition_type=3,fast_path_timeout=0,k=3, mean=1.080374, std=0.149923
2026-02-03 23:46:38,280 - cmab.policy - INFO -   #5: arm=batch_size=100000,header_size=64,cut_condition_type=3,fast_path_timeout=100,k=3, mean=1.077698, std=0.207558
2026-02-03 23:46:38,280 - cmab.policy - INFO - 
2026-02-03 23:46:38,280 - cmab.policy - INFO - Selected tree #4 for Thompson Sampling:
2026-02-03 23:46:38,280 - cmab.policy - INFO -   Tree depth: 10
2026-02-03 23:46:38,280 - cmab.policy - INFO -   Tree nodes: 65
2026-02-03 23:46:38,280 - cmab.policy - INFO -   Tree leaves: 33
2026-02-03 23:46:38,281 - cmab.policy - INFO -   Tree shape: (nodes=65, leaves=33, depth=10)
2026-02-03 23:46:38,281 - cmab.policy - INFO -   Tree feature importances: [0.17596191 0.16896937 0.0229478  0.1448749  0.         0.29878385
 0.08147906 0.02240879 0.08360698 0.00096734]
2026-02-03 23:46:38,282 - cmab.policy - INFO -   Forest feature importances: [0.15012336 0.06251455 0.07801208 0.05632382 0.01542466 0.42661774
 0.09828344 0.0219998  0.0542921  0.03640846]
2026-02-03 23:46:38,282 - cmab.policy - INFO -   Top 5 predictions from this tree:
2026-02-03 23:46:38,283 - cmab.policy - INFO -     #1: arm=batch_size=100000,header_size=32,cut_condition_type=1,fast_path_timeout=0,k=1, pred=1.285743
2026-02-03 23:46:38,283 - cmab.policy - INFO -     #2: arm=batch_size=100000,header_size=64,cut_condition_type=3,fast_path_timeout=0,k=1, pred=1.285743
2026-02-03 23:46:38,283 - cmab.policy - INFO -     #3: arm=batch_size=100000,header_size=64,cut_condition_type=3,fast_path_timeout=100,k=1, pred=1.285743
2026-02-03 23:46:38,283 - cmab.policy - INFO -     #4: arm=batch_size=100000,header_size=64,cut_condition_type=3,fast_path_timeout=100,k=3, pred=1.285743
2026-02-03 23:46:38,283 - cmab.policy - INFO -     #5: arm=batch_size=100000,header_size=64,cut_condition_type=3,fast_path_timeout=400,k=3, pred=1.285743
2026-02-03 23:46:38,283 - cmab.policy - INFO - 
2026-02-03 23:46:38,283 - cmab.policy - INFO -   Found 36 arms with same max prediction (1.285743), randomly selecting one...
2026-02-03 23:46:38,283 - cmab.policy - INFO - 
2026-02-03 23:46:38,283 - cmab.policy - INFO - ✓ SELECTED ARM: batch_size=100000,header_size=64,cut_condition_type=3,fast_path_timeout=0,k=1 (prediction=1.285743)
2026-02-03 23:46:38,283 - cmab.policy - INFO - ================================================================================
2026-02-03 23:46:38,286 - cmab.trainer - INFO - Updated parameters file: /home/ccclr0302/autobahn-test/benchmark/.parameters-0.json
2026-02-03 23:46:38,286 - cmab.trainer - INFO - 🚩 Created RL parameter update signal file (epoch 25): /tmp/autobahn_rl_param_update_25.signal
2026-02-03 23:46:38,286 - cmab.trainer - INFO - Applied params: {'batch_size': 100000, 'header_size': 64, 'cut_condition_type': 3, 'fast_path_timeout': 0, 'k': 1}
2026-02-03 23:46:38,286 - cmab.trainer - INFO - Waiting for next metrics file...
2026-02-03 23:47:00,652 - cmab.trainer - INFO - Iteration 26 : context=[0.13938123 5.4627304  0.         0.07854295 0.        ] arm=batch_size=100000,header_size=64,cut_condition_type=3,fast_path_timeout=0,k=1 params={'batch_size': 100000, 'header_size': 64, 'cut_condition_type': 3, 'fast_path_timeout': 0, 'k': 1}
2026-02-03 23:47:00,652 - cmab.trainer - INFO - Iteration 26 reward=1.404783 avg_reward(20)=0.947971 last_metrics=epoch_26_slot_786.json top_arm=batch_size=100000,header_size=128,cut_condition_type=1,fast_path_timeout=0,k=3 top_ratio=0.12
2026-02-03 23:47:00,655 - cmab.policy - INFO - ================================================================================
2026-02-03 23:47:00,655 - cmab.policy - INFO - SELECT ARM - Detailed Prediction Analysis
2026-02-03 23:47:00,655 - cmab.policy - INFO - Context: [11.244169    0.          0.56794834  0.6899623   0.        ]
2026-02-03 23:47:00,655 - cmab.policy - INFO - Number of trees in forest: 10
2026-02-03 23:47:00,655 - cmab.policy - INFO - 
2026-02-03 23:47:00,655 - cmab.policy - INFO - Prediction statistics across all trees:
2026-02-03 23:47:00,655 - cmab.policy - INFO -   Mean predictions (top 5 arms): [1.110027, 1.110027, 1.090610, 1.090610, 1.074465]
2026-02-03 23:47:00,655 - cmab.policy - INFO -   Std predictions (top 5 arms): [0.167016, 0.167016, 0.166112, 0.166112, 0.121581]
2026-02-03 23:47:00,655 - cmab.policy - INFO - 
2026-02-03 23:47:00,655 - cmab.policy - INFO - Top 5 arms by mean prediction:
2026-02-03 23:47:00,655 - cmab.policy - INFO -   #1: arm=batch_size=100000,header_size=32,cut_condition_type=1,fast_path_timeout=0,k=3, mean=1.110027, std=0.167016
2026-02-03 23:47:00,655 - cmab.policy - INFO -   #2: arm=batch_size=100000,header_size=32,cut_condition_type=1,fast_path_timeout=100,k=3, mean=1.110027, std=0.167016
2026-02-03 23:47:00,655 - cmab.policy - INFO -   #3: arm=batch_size=100000,header_size=32,cut_condition_type=3,fast_path_timeout=0,k=3, mean=1.090610, std=0.166112
2026-02-03 23:47:00,655 - cmab.policy - INFO -   #4: arm=batch_size=100000,header_size=32,cut_condition_type=3,fast_path_timeout=100,k=3, mean=1.090610, std=0.166112
2026-02-03 23:47:00,655 - cmab.policy - INFO -   #5: arm=batch_size=100000,header_size=64,cut_condition_type=1,fast_path_timeout=100,k=3, mean=1.074465, std=0.121581
2026-02-03 23:47:00,655 - cmab.policy - INFO - 
2026-02-03 23:47:00,655 - cmab.policy - INFO - Selected tree #1 for Thompson Sampling:
2026-02-03 23:47:00,655 - cmab.policy - INFO -   Tree depth: 10
2026-02-03 23:47:00,655 - cmab.policy - INFO -   Tree nodes: 67
2026-02-03 23:47:00,655 - cmab.policy - INFO -   Tree leaves: 34
2026-02-03 23:47:00,656 - cmab.policy - INFO -   Tree shape: (nodes=67, leaves=34, depth=10)
2026-02-03 23:47:00,656 - cmab.policy - INFO -   Tree feature importances: [0.16230337 0.0858657  0.00766549 0.04741308 0.         0.5237783
 0.10804539 0.         0.03697906 0.02794961]
2026-02-03 23:47:00,657 - cmab.policy - INFO -   Forest feature importances: [0.15012336 0.06251455 0.07801208 0.05632382 0.01542466 0.42661774
 0.09828344 0.0219998  0.0542921  0.03640846]
2026-02-03 23:47:00,658 - cmab.policy - INFO -   Top 5 predictions from this tree:
2026-02-03 23:47:00,658 - cmab.policy - INFO -     #1: arm=batch_size=100000,header_size=32,cut_condition_type=3,fast_path_timeout=100,k=1, pred=1.063848
2026-02-03 23:47:00,658 - cmab.policy - INFO -     #2: arm=batch_size=100000,header_size=64,cut_condition_type=3,fast_path_timeout=100,k=1, pred=1.063848
2026-02-03 23:47:00,658 - cmab.policy - INFO -     #3: arm=batch_size=100000,header_size=128,cut_condition_type=3,fast_path_timeout=400,k=1, pred=1.063848
2026-02-03 23:47:00,658 - cmab.policy - INFO -     #4: arm=batch_size=100000,header_size=128,cut_condition_type=3,fast_path_timeout=100,k=1, pred=1.063848
2026-02-03 23:47:00,658 - cmab.policy - INFO -     #5: arm=batch_size=100000,header_size=128,cut_condition_type=1,fast_path_timeout=100,k=1, pred=1.063848
2026-02-03 23:47:00,658 - cmab.policy - INFO - 
2026-02-03 23:47:00,658 - cmab.policy - INFO -   Found 12 arms with same max prediction (1.063848), randomly selecting one...
2026-02-03 23:47:00,658 - cmab.policy - INFO - 
2026-02-03 23:47:00,658 - cmab.policy - INFO - ✓ SELECTED ARM: batch_size=100000,header_size=64,cut_condition_type=3,fast_path_timeout=100,k=1 (prediction=1.063848)
2026-02-03 23:47:00,658 - cmab.policy - INFO - ================================================================================
2026-02-03 23:47:00,661 - cmab.trainer - INFO - Updated parameters file: /home/ccclr0302/autobahn-test/benchmark/.parameters-0.json
2026-02-03 23:47:00,661 - cmab.trainer - INFO - 🚩 Created RL parameter update signal file (epoch 26): /tmp/autobahn_rl_param_update_26.signal
2026-02-03 23:47:00,661 - cmab.trainer - INFO - Applied params: {'batch_size': 100000, 'header_size': 64, 'cut_condition_type': 3, 'fast_path_timeout': 100, 'k': 1}
2026-02-03 23:47:00,661 - cmab.trainer - INFO - Waiting for next metrics file...
2026-02-03 23:47:22,525 - cmab.trainer - INFO - Iteration 27 : context=[11.244169    0.          0.56794834  0.6899623   0.        ] arm=batch_size=100000,header_size=64,cut_condition_type=3,fast_path_timeout=100,k=1 params={'batch_size': 100000, 'header_size': 64, 'cut_condition_type': 3, 'fast_path_timeout': 100, 'k': 1}
2026-02-03 23:47:22,525 - cmab.trainer - INFO - Iteration 27 reward=0.929546 avg_reward(20)=0.945418 last_metrics=epoch_27_slot_816.json top_arm=batch_size=100000,header_size=128,cut_condition_type=1,fast_path_timeout=0,k=3 top_ratio=0.11
2026-02-03 23:47:22,528 - cmab.policy - INFO - ================================================================================
2026-02-03 23:47:22,528 - cmab.policy - INFO - SELECT ARM - Detailed Prediction Analysis
2026-02-03 23:47:22,528 - cmab.policy - INFO - Context: [ 0.65311617 11.265911    0.6122977   0.          0.        ]
2026-02-03 23:47:22,528 - cmab.policy - INFO - Number of trees in forest: 10
2026-02-03 23:47:22,528 - cmab.policy - INFO - 
2026-02-03 23:47:22,528 - cmab.policy - INFO - Prediction statistics across all trees:
2026-02-03 23:47:22,528 - cmab.policy - INFO -   Mean predictions (top 5 arms): [1.016732, 1.016732, 1.013453, 1.013453, 1.013453]
2026-02-03 23:47:22,528 - cmab.policy - INFO -   Std predictions (top 5 arms): [0.147137, 0.147137, 0.150848, 0.150848, 0.150848]
2026-02-03 23:47:22,528 - cmab.policy - INFO - 
2026-02-03 23:47:22,528 - cmab.policy - INFO - Top 5 arms by mean prediction:
2026-02-03 23:47:22,528 - cmab.policy - INFO -   #1: arm=batch_size=100000,header_size=128,cut_condition_type=3,fast_path_timeout=0,k=3, mean=1.016732, std=0.147137
2026-02-03 23:47:22,528 - cmab.policy - INFO -   #2: arm=batch_size=100000,header_size=128,cut_condition_type=1,fast_path_timeout=0,k=3, mean=1.016732, std=0.147137
2026-02-03 23:47:22,528 - cmab.policy - INFO -   #3: arm=batch_size=100000,header_size=32,cut_condition_type=3,fast_path_timeout=0,k=3, mean=1.013453, std=0.150848
2026-02-03 23:47:22,528 - cmab.policy - INFO -   #4: arm=batch_size=100000,header_size=64,cut_condition_type=1,fast_path_timeout=0,k=3, mean=1.013453, std=0.150848
2026-02-03 23:47:22,528 - cmab.policy - INFO -   #5: arm=batch_size=100000,header_size=32,cut_condition_type=1,fast_path_timeout=0,k=3, mean=1.013453, std=0.150848
2026-02-03 23:47:22,528 - cmab.policy - INFO - 
2026-02-03 23:47:22,528 - cmab.policy - INFO - Selected tree #6 for Thompson Sampling:
2026-02-03 23:47:22,528 - cmab.policy - INFO -   Tree depth: 10
2026-02-03 23:47:22,529 - cmab.policy - INFO -   Tree nodes: 73
2026-02-03 23:47:22,529 - cmab.policy - INFO -   Tree leaves: 37
2026-02-03 23:47:22,529 - cmab.policy - INFO -   Tree shape: (nodes=73, leaves=37, depth=10)
2026-02-03 23:47:22,529 - cmab.policy - INFO -   Tree feature importances: [0.13473919 0.0366595  0.20408475 0.02102255 0.01121278 0.41448471
 0.07061469 0.00120816 0.05890018 0.04707349]
2026-02-03 23:47:22,531 - cmab.policy - INFO -   Forest feature importances: [0.15012336 0.06251455 0.07801208 0.05632382 0.01542466 0.42661774
 0.09828344 0.0219998  0.0542921  0.03640846]
2026-02-03 23:47:22,531 - cmab.policy - INFO -   Top 5 predictions from this tree:
2026-02-03 23:47:22,531 - cmab.policy - INFO -     #1: arm=batch_size=100000,header_size=32,cut_condition_type=1,fast_path_timeout=0,k=1, pred=1.133630
2026-02-03 23:47:22,531 - cmab.policy - INFO -     #2: arm=batch_size=100000,header_size=64,cut_condition_type=1,fast_path_timeout=0,k=3, pred=1.133630
2026-02-03 23:47:22,531 - cmab.policy - INFO -     #3: arm=batch_size=100000,header_size=128,cut_condition_type=1,fast_path_timeout=0,k=1, pred=1.133630
2026-02-03 23:47:22,531 - cmab.policy - INFO -     #4: arm=batch_size=100000,header_size=128,cut_condition_type=1,fast_path_timeout=0,k=3, pred=1.133630
2026-02-03 23:47:22,531 - cmab.policy - INFO -     #5: arm=batch_size=100000,header_size=128,cut_condition_type=1,fast_path_timeout=100,k=1, pred=1.133630
2026-02-03 23:47:22,531 - cmab.policy - INFO - 
2026-02-03 23:47:22,531 - cmab.policy - INFO -   Found 24 arms with same max prediction (1.133630), randomly selecting one...
2026-02-03 23:47:22,531 - cmab.policy - INFO - 
2026-02-03 23:47:22,531 - cmab.policy - INFO - ✓ SELECTED ARM: batch_size=100000,header_size=64,cut_condition_type=1,fast_path_timeout=0,k=1 (prediction=1.133630)
2026-02-03 23:47:22,531 - cmab.policy - INFO - ================================================================================
2026-02-03 23:47:22,534 - cmab.trainer - INFO - Updated parameters file: /home/ccclr0302/autobahn-test/benchmark/.parameters-0.json
2026-02-03 23:47:22,535 - cmab.trainer - INFO - 🚩 Created RL parameter update signal file (epoch 27): /tmp/autobahn_rl_param_update_27.signal
2026-02-03 23:47:22,535 - cmab.trainer - INFO - Applied params: {'batch_size': 100000, 'header_size': 64, 'cut_condition_type': 1, 'fast_path_timeout': 0, 'k': 1}
2026-02-03 23:47:22,535 - cmab.trainer - INFO - Waiting for next metrics file...
2026-02-03 23:47:38,682 - cmab.trainer - INFO - Iteration 28 : context=[ 0.65311617 11.265911    0.6122977   0.          0.        ] arm=batch_size=100000,header_size=64,cut_condition_type=1,fast_path_timeout=0,k=1 params={'batch_size': 100000, 'header_size': 64, 'cut_condition_type': 1, 'fast_path_timeout': 0, 'k': 1}
2026-02-03 23:47:38,683 - cmab.trainer - INFO - Iteration 28 reward=0.976414 avg_reward(20)=0.938694 last_metrics=epoch_28_slot_846.json top_arm=batch_size=100000,header_size=128,cut_condition_type=1,fast_path_timeout=0,k=3 top_ratio=0.11
2026-02-03 23:47:38,685 - cmab.policy - INFO - ================================================================================
2026-02-03 23:47:38,685 - cmab.policy - INFO - SELECT ARM - Detailed Prediction Analysis
2026-02-03 23:47:38,685 - cmab.policy - INFO - Context: [ 0.          0.6866628  10.440568    0.58713317  0.        ]
2026-02-03 23:47:38,685 - cmab.policy - INFO - Number of trees in forest: 10
2026-02-03 23:47:38,685 - cmab.policy - INFO - 
2026-02-03 23:47:38,685 - cmab.policy - INFO - Prediction statistics across all trees:
2026-02-03 23:47:38,685 - cmab.policy - INFO -   Mean predictions (top 5 arms): [0.933483, 0.933483, 0.930895, 0.930895, 0.925908]
2026-02-03 23:47:38,686 - cmab.policy - INFO -   Std predictions (top 5 arms): [0.151682, 0.151682, 0.157273, 0.157273, 0.136455]
2026-02-03 23:47:38,686 - cmab.policy - INFO - 
2026-02-03 23:47:38,686 - cmab.policy - INFO - Top 5 arms by mean prediction:
2026-02-03 23:47:38,686 - cmab.policy - INFO -   #1: arm=batch_size=100000,header_size=32,cut_condition_type=3,fast_path_timeout=0,k=1, mean=0.933483, std=0.151682
2026-02-03 23:47:38,686 - cmab.policy - INFO -   #2: arm=batch_size=100000,header_size=64,cut_condition_type=3,fast_path_timeout=0,k=1, mean=0.933483, std=0.151682
2026-02-03 23:47:38,686 - cmab.policy - INFO -   #3: arm=batch_size=100000,header_size=32,cut_condition_type=3,fast_path_timeout=0,k=3, mean=0.930895, std=0.157273
2026-02-03 23:47:38,686 - cmab.policy - INFO -   #4: arm=batch_size=100000,header_size=64,cut_condition_type=3,fast_path_timeout=0,k=3, mean=0.930895, std=0.157273
2026-02-03 23:47:38,686 - cmab.policy - INFO -   #5: arm=batch_size=100000,header_size=64,cut_condition_type=3,fast_path_timeout=100,k=1, mean=0.925908, std=0.136455
2026-02-03 23:47:38,686 - cmab.policy - INFO - 
2026-02-03 23:47:38,686 - cmab.policy - INFO - Selected tree #9 for Thompson Sampling:
2026-02-03 23:47:38,686 - cmab.policy - INFO -   Tree depth: 10
2026-02-03 23:47:38,686 - cmab.policy - INFO -   Tree nodes: 71
2026-02-03 23:47:38,686 - cmab.policy - INFO -   Tree leaves: 36
2026-02-03 23:47:38,686 - cmab.policy - INFO -   Tree shape: (nodes=71, leaves=36, depth=10)
2026-02-03 23:47:38,686 - cmab.policy - INFO -   Tree feature importances: [0.11207604 0.13364103 0.08366624 0.06908271 0.         0.41879697
 0.08433767 0.01011484 0.04156158 0.04672293]
2026-02-03 23:47:38,688 - cmab.policy - INFO -   Forest feature importances: [0.15012336 0.06251455 0.07801208 0.05632382 0.01542466 0.42661774
 0.09828344 0.0219998  0.0542921  0.03640846]
2026-02-03 23:47:38,688 - cmab.policy - INFO -   Top 5 predictions from this tree:
2026-02-03 23:47:38,688 - cmab.policy - INFO -     #1: arm=batch_size=100000,header_size=32,cut_condition_type=1,fast_path_timeout=0,k=1, pred=0.912433
2026-02-03 23:47:38,688 - cmab.policy - INFO -     #2: arm=batch_size=100000,header_size=64,cut_condition_type=1,fast_path_timeout=100,k=1, pred=0.912433
2026-02-03 23:47:38,688 - cmab.policy - INFO -     #3: arm=batch_size=100000,header_size=128,cut_condition_type=3,fast_path_timeout=400,k=1, pred=0.912433
2026-02-03 23:47:38,688 - cmab.policy - INFO -     #4: arm=batch_size=100000,header_size=128,cut_condition_type=3,fast_path_timeout=100,k=1, pred=0.912433
2026-02-03 23:47:38,688 - cmab.policy - INFO -     #5: arm=batch_size=100000,header_size=128,cut_condition_type=3,fast_path_timeout=0,k=1, pred=0.912433
2026-02-03 23:47:38,688 - cmab.policy - INFO - 
2026-02-03 23:47:38,688 - cmab.policy - INFO -   Found 18 arms with same max prediction (0.912433), randomly selecting one...
2026-02-03 23:47:38,688 - cmab.policy - INFO - 
2026-02-03 23:47:38,688 - cmab.policy - INFO - ✓ SELECTED ARM: batch_size=100000,header_size=32,cut_condition_type=1,fast_path_timeout=0,k=1 (prediction=0.912433)
2026-02-03 23:47:38,688 - cmab.policy - INFO - ================================================================================
2026-02-03 23:47:38,691 - cmab.trainer - INFO - Updated parameters file: /home/ccclr0302/autobahn-test/benchmark/.parameters-0.json
2026-02-03 23:47:38,692 - cmab.trainer - INFO - 🚩 Created RL parameter update signal file (epoch 28): /tmp/autobahn_rl_param_update_28.signal
2026-02-03 23:47:38,692 - cmab.trainer - INFO - Applied params: {'batch_size': 100000, 'header_size': 32, 'cut_condition_type': 1, 'fast_path_timeout': 0, 'k': 1}
2026-02-03 23:47:38,692 - cmab.trainer - INFO - Waiting for next metrics file...
2026-02-03 23:47:55,342 - cmab.trainer - INFO - Iteration 29 : context=[ 0.          0.6866628  10.440568    0.58713317  0.        ] arm=batch_size=100000,header_size=32,cut_condition_type=1,fast_path_timeout=0,k=1 params={'batch_size': 100000, 'header_size': 32, 'cut_condition_type': 1, 'fast_path_timeout': 0, 'k': 1}
2026-02-03 23:47:55,342 - cmab.trainer - INFO - Iteration 29 reward=0.977941 avg_reward(20)=0.942642 last_metrics=epoch_29_slot_876.json top_arm=batch_size=100000,header_size=128,cut_condition_type=1,fast_path_timeout=0,k=3 top_ratio=0.10
2026-02-03 23:47:55,344 - cmab.policy - INFO - ================================================================================
2026-02-03 23:47:55,344 - cmab.policy - INFO - SELECT ARM - Detailed Prediction Analysis
2026-02-03 23:47:55,345 - cmab.policy - INFO - Context: [ 1.6098295  1.7107292  0.        20.         0.       ]
2026-02-03 23:47:55,345 - cmab.policy - INFO - Number of trees in forest: 10
2026-02-03 23:47:55,345 - cmab.policy - INFO - 
2026-02-03 23:47:55,345 - cmab.policy - INFO - Prediction statistics across all trees:
2026-02-03 23:47:55,345 - cmab.policy - INFO -   Mean predictions (top 5 arms): [0.946504, 0.946504, 0.936963, 0.936963, 0.935860]
2026-02-03 23:47:55,345 - cmab.policy - INFO -   Std predictions (top 5 arms): [0.129888, 0.129888, 0.130973, 0.130973, 0.117771]
2026-02-03 23:47:55,345 - cmab.policy - INFO - 
2026-02-03 23:47:55,345 - cmab.policy - INFO - Top 5 arms by mean prediction:
2026-02-03 23:47:55,345 - cmab.policy - INFO -   #1: arm=batch_size=100000,header_size=32,cut_condition_type=3,fast_path_timeout=0,k=3, mean=0.946504, std=0.129888
2026-02-03 23:47:55,345 - cmab.policy - INFO -   #2: arm=batch_size=100000,header_size=64,cut_condition_type=3,fast_path_timeout=0,k=3, mean=0.946504, std=0.129888
2026-02-03 23:47:55,345 - cmab.policy - INFO -   #3: arm=batch_size=100000,header_size=32,cut_condition_type=3,fast_path_timeout=0,k=1, mean=0.936963, std=0.130973
2026-02-03 23:47:55,345 - cmab.policy - INFO -   #4: arm=batch_size=100000,header_size=64,cut_condition_type=3,fast_path_timeout=0,k=1, mean=0.936963, std=0.130973
2026-02-03 23:47:55,345 - cmab.policy - INFO -   #5: arm=batch_size=100000,header_size=128,cut_condition_type=3,fast_path_timeout=0,k=3, mean=0.935860, std=0.117771
2026-02-03 23:47:55,345 - cmab.policy - INFO - 
2026-02-03 23:47:55,345 - cmab.policy - INFO - Selected tree #8 for Thompson Sampling:
2026-02-03 23:47:55,345 - cmab.policy - INFO -   Tree depth: 9
2026-02-03 23:47:55,345 - cmab.policy - INFO -   Tree nodes: 63
2026-02-03 23:47:55,345 - cmab.policy - INFO -   Tree leaves: 32
2026-02-03 23:47:55,345 - cmab.policy - INFO -   Tree shape: (nodes=63, leaves=32, depth=9)
2026-02-03 23:47:55,346 - cmab.policy - INFO -   Tree feature importances: [0.22442653 0.00984954 0.05824205 0.06576503 0.         0.3797609
 0.09264735 0.01795821 0.03996995 0.11138043]
2026-02-03 23:47:55,347 - cmab.policy - INFO -   Forest feature importances: [0.15012336 0.06251455 0.07801208 0.05632382 0.01542466 0.42661774
 0.09828344 0.0219998  0.0542921  0.03640846]
2026-02-03 23:47:55,347 - cmab.policy - INFO -   Top 5 predictions from this tree:
2026-02-03 23:47:55,347 - cmab.policy - INFO -     #1: arm=batch_size=100000,header_size=64,cut_condition_type=3,fast_path_timeout=0,k=1, pred=1.197409
2026-02-03 23:47:55,347 - cmab.policy - INFO -     #2: arm=batch_size=100000,header_size=128,cut_condition_type=3,fast_path_timeout=100,k=3, pred=1.197409
2026-02-03 23:47:55,347 - cmab.policy - INFO -     #3: arm=batch_size=100000,header_size=128,cut_condition_type=3,fast_path_timeout=100,k=1, pred=1.197409
2026-02-03 23:47:55,348 - cmab.policy - INFO -     #4: arm=batch_size=100000,header_size=128,cut_condition_type=3,fast_path_timeout=0,k=3, pred=1.197409
2026-02-03 23:47:55,348 - cmab.policy - INFO -     #5: arm=batch_size=100000,header_size=128,cut_condition_type=3,fast_path_timeout=0,k=1, pred=1.197409
2026-02-03 23:47:55,348 - cmab.policy - INFO - 
2026-02-03 23:47:55,348 - cmab.policy - INFO -   Found 12 arms with same max prediction (1.197409), randomly selecting one...
2026-02-03 23:47:55,348 - cmab.policy - INFO - 
2026-02-03 23:47:55,348 - cmab.policy - INFO - ✓ SELECTED ARM: batch_size=100000,header_size=32,cut_condition_type=3,fast_path_timeout=100,k=3 (prediction=1.197409)
2026-02-03 23:47:55,348 - cmab.policy - INFO - ================================================================================
2026-02-03 23:47:55,352 - cmab.trainer - INFO - Updated parameters file: /home/ccclr0302/autobahn-test/benchmark/.parameters-0.json
2026-02-03 23:47:55,352 - cmab.trainer - INFO - 🚩 Created RL parameter update signal file (epoch 29): /tmp/autobahn_rl_param_update_29.signal
2026-02-03 23:47:55,352 - cmab.trainer - INFO - Applied params: {'batch_size': 100000, 'header_size': 32, 'cut_condition_type': 3, 'fast_path_timeout': 100, 'k': 3}
2026-02-03 23:47:55,352 - cmab.trainer - INFO - Waiting for next metrics file...
[Parallel(n_jobs=1)]: Done  10 out of  10 | elapsed:    0.0s finished
[Parallel(n_jobs=1)]: Done  10 out of  10 | elapsed:    0.0s finished
2026-02-03 23:48:08,807 - cmab.policy - INFO - RF Updated: samples=130, MSE=0.014454
2026-02-03 23:48:08,807 - cmab.trainer - INFO - Iteration 30 : context=[ 1.6098295  1.7107292  0.        20.         0.       ] arm=batch_size=100000,header_size=32,cut_condition_type=3,fast_path_timeout=100,k=3 params={'batch_size': 100000, 'header_size': 32, 'cut_condition_type': 3, 'fast_path_timeout': 100, 'k': 3}
2026-02-03 23:48:08,807 - cmab.trainer - INFO - Iteration 30 reward=1.117407 avg_reward(20)=0.952731 last_metrics=epoch_30_slot_906.json top_arm=batch_size=100000,header_size=128,cut_condition_type=1,fast_path_timeout=0,k=3 top_ratio=0.10
2026-02-03 23:48:08,816 - cmab.trainer - INFO - Saved checkpoint: /tmp/cmab_continuous_checkpoints/cmab_checkpoint_30.pkl
2026-02-03 23:48:08,818 - cmab.policy - INFO - ================================================================================
2026-02-03 23:48:08,818 - cmab.policy - INFO - SELECT ARM - Detailed Prediction Analysis
2026-02-03 23:48:08,818 - cmab.policy - INFO - Context: [ 1.7170097 20.         1.5652115  0.         0.       ]
2026-02-03 23:48:08,819 - cmab.policy - INFO - Number of trees in forest: 10
2026-02-03 23:48:08,819 - cmab.policy - INFO - 
2026-02-03 23:48:08,819 - cmab.policy - INFO - Prediction statistics across all trees:
2026-02-03 23:48:08,819 - cmab.policy - INFO -   Mean predictions (top 5 arms): [0.915304, 0.915304, 0.915304, 0.915304, 0.906591]
2026-02-03 23:48:08,819 - cmab.policy - INFO -   Std predictions (top 5 arms): [0.220557, 0.220557, 0.220557, 0.220557, 0.223954]
2026-02-03 23:48:08,819 - cmab.policy - INFO - 
2026-02-03 23:48:08,819 - cmab.policy - INFO - Top 5 arms by mean prediction:
2026-02-03 23:48:08,819 - cmab.policy - INFO -   #1: arm=batch_size=100000,header_size=64,cut_condition_type=3,fast_path_timeout=0,k=3, mean=0.915304, std=0.220557
2026-02-03 23:48:08,819 - cmab.policy - INFO -   #2: arm=batch_size=100000,header_size=64,cut_condition_type=3,fast_path_timeout=100,k=3, mean=0.915304, std=0.220557
2026-02-03 23:48:08,819 - cmab.policy - INFO -   #3: arm=batch_size=100000,header_size=32,cut_condition_type=3,fast_path_timeout=0,k=3, mean=0.915304, std=0.220557
2026-02-03 23:48:08,819 - cmab.policy - INFO -   #4: arm=batch_size=100000,header_size=32,cut_condition_type=3,fast_path_timeout=100,k=3, mean=0.915304, std=0.220557
2026-02-03 23:48:08,819 - cmab.policy - INFO -   #5: arm=batch_size=100000,header_size=64,cut_condition_type=3,fast_path_timeout=0,k=1, mean=0.906591, std=0.223954
2026-02-03 23:48:08,819 - cmab.policy - INFO - 
2026-02-03 23:48:08,819 - cmab.policy - INFO - Selected tree #10 for Thompson Sampling:
2026-02-03 23:48:08,819 - cmab.policy - INFO -   Tree depth: 11
2026-02-03 23:48:08,819 - cmab.policy - INFO -   Tree nodes: 75
2026-02-03 23:48:08,819 - cmab.policy - INFO -   Tree leaves: 38
2026-02-03 23:48:08,819 - cmab.policy - INFO -   Tree shape: (nodes=75, leaves=38, depth=11)
2026-02-03 23:48:08,819 - cmab.policy - INFO -   Tree feature importances: [0.28429491 0.06134637 0.02297097 0.07147235 0.         0.370138
 0.08901018 0.         0.01791717 0.08285005]
2026-02-03 23:48:08,821 - cmab.policy - INFO -   Forest feature importances: [0.14981723 0.09416015 0.09661084 0.08551773 0.0137866  0.37978886
 0.08614069 0.02099577 0.03553057 0.03765155]
2026-02-03 23:48:08,821 - cmab.policy - INFO -   Top 5 predictions from this tree:
2026-02-03 23:48:08,821 - cmab.policy - INFO -     #1: arm=batch_size=100000,header_size=32,cut_condition_type=1,fast_path_timeout=0,k=1, pred=0.619017
2026-02-03 23:48:08,821 - cmab.policy - INFO -     #2: arm=batch_size=100000,header_size=64,cut_condition_type=3,fast_path_timeout=0,k=1, pred=0.619017
2026-02-03 23:48:08,821 - cmab.policy - INFO -     #3: arm=batch_size=100000,header_size=64,cut_condition_type=3,fast_path_timeout=100,k=1, pred=0.619017
2026-02-03 23:48:08,821 - cmab.policy - INFO -     #4: arm=batch_size=100000,header_size=64,cut_condition_type=3,fast_path_timeout=100,k=3, pred=0.619017
2026-02-03 23:48:08,821 - cmab.policy - INFO -     #5: arm=batch_size=100000,header_size=64,cut_condition_type=3,fast_path_timeout=400,k=1, pred=0.619017
2026-02-03 23:48:08,821 - cmab.policy - INFO - 
2026-02-03 23:48:08,821 - cmab.policy - INFO -   Found 36 arms with same max prediction (0.619017), randomly selecting one...
2026-02-03 23:48:08,821 - cmab.policy - INFO - 
2026-02-03 23:48:08,821 - cmab.policy - INFO - ✓ SELECTED ARM: batch_size=100000,header_size=128,cut_condition_type=1,fast_path_timeout=400,k=1 (prediction=0.619017)
2026-02-03 23:48:08,821 - cmab.policy - INFO - ================================================================================
2026-02-03 23:48:08,920 - cmab.trainer - INFO - Updated parameters file: /home/ccclr0302/autobahn-test/benchmark/.parameters-0.json
2026-02-03 23:48:08,920 - cmab.trainer - INFO - 🚩 Created RL parameter update signal file (epoch 30): /tmp/autobahn_rl_param_update_30.signal
2026-02-03 23:48:08,920 - cmab.trainer - INFO - Applied params: {'batch_size': 100000, 'header_size': 128, 'cut_condition_type': 1, 'fast_path_timeout': 400, 'k': 1}
2026-02-03 23:48:08,920 - cmab.trainer - INFO - Waiting for next metrics file...
2026-02-03 23:48:33,094 - cmab.trainer - INFO - Iteration 31 : context=[ 1.7170097 20.         1.5652115  0.         0.       ] arm=batch_size=100000,header_size=128,cut_condition_type=1,fast_path_timeout=400,k=1 params={'batch_size': 100000, 'header_size': 128, 'cut_condition_type': 1, 'fast_path_timeout': 400, 'k': 1}
2026-02-03 23:48:33,094 - cmab.trainer - INFO - Iteration 31 reward=0.599610 avg_reward(20)=0.948718 last_metrics=epoch_31_slot_936.json top_arm=batch_size=100000,header_size=128,cut_condition_type=1,fast_path_timeout=0,k=3 top_ratio=0.10
2026-02-03 23:48:33,097 - cmab.policy - INFO - ================================================================================
2026-02-03 23:48:33,097 - cmab.policy - INFO - SELECT ARM - Detailed Prediction Analysis
2026-02-03 23:48:33,097 - cmab.policy - INFO - Context: [0.         5.4358616  0.09186025 0.18561466 0.        ]
2026-02-03 23:48:33,097 - cmab.policy - INFO - Number of trees in forest: 10
2026-02-03 23:48:33,097 - cmab.policy - INFO - 
2026-02-03 23:48:33,097 - cmab.policy - INFO - Prediction statistics across all trees:
2026-02-03 23:48:33,097 - cmab.policy - INFO -   Mean predictions (top 5 arms): [1.118658, 1.118658, 1.116771, 1.116771, 1.105860]
2026-02-03 23:48:33,097 - cmab.policy - INFO -   Std predictions (top 5 arms): [0.240109, 0.240109, 0.242118, 0.242118, 0.245049]
2026-02-03 23:48:33,097 - cmab.policy - INFO - 
2026-02-03 23:48:33,097 - cmab.policy - INFO - Top 5 arms by mean prediction:
2026-02-03 23:48:33,097 - cmab.policy - INFO -   #1: arm=batch_size=100000,header_size=32,cut_condition_type=3,fast_path_timeout=0,k=3, mean=1.118658, std=0.240109
2026-02-03 23:48:33,097 - cmab.policy - INFO -   #2: arm=batch_size=100000,header_size=64,cut_condition_type=3,fast_path_timeout=0,k=3, mean=1.118658, std=0.240109
2026-02-03 23:48:33,097 - cmab.policy - INFO -   #3: arm=batch_size=100000,header_size=64,cut_condition_type=3,fast_path_timeout=100,k=3, mean=1.116771, std=0.242118
2026-02-03 23:48:33,097 - cmab.policy - INFO -   #4: arm=batch_size=100000,header_size=32,cut_condition_type=3,fast_path_timeout=100,k=3, mean=1.116771, std=0.242118
2026-02-03 23:48:33,097 - cmab.policy - INFO -   #5: arm=batch_size=100000,header_size=64,cut_condition_type=3,fast_path_timeout=0,k=1, mean=1.105860, std=0.245049
2026-02-03 23:48:33,097 - cmab.policy - INFO - 
2026-02-03 23:48:33,097 - cmab.policy - INFO - Selected tree #2 for Thompson Sampling:
2026-02-03 23:48:33,097 - cmab.policy - INFO -   Tree depth: 10
2026-02-03 23:48:33,097 - cmab.policy - INFO -   Tree nodes: 75
2026-02-03 23:48:33,098 - cmab.policy - INFO -   Tree leaves: 38
2026-02-03 23:48:33,098 - cmab.policy - INFO -   Tree shape: (nodes=75, leaves=38, depth=10)
2026-02-03 23:48:33,098 - cmab.policy - INFO -   Tree feature importances: [0.10170513 0.11450705 0.21958469 0.06356019 0.         0.36465867
 0.08310234 0.02376469 0.00038877 0.02872847]
2026-02-03 23:48:33,100 - cmab.policy - INFO -   Forest feature importances: [0.14981723 0.09416015 0.09661084 0.08551773 0.0137866  0.37978886
 0.08614069 0.02099577 0.03553057 0.03765155]
2026-02-03 23:48:33,100 - cmab.policy - INFO -   Top 5 predictions from this tree:
2026-02-03 23:48:33,100 - cmab.policy - INFO -     #1: arm=batch_size=100000,header_size=32,cut_condition_type=1,fast_path_timeout=0,k=1, pred=1.324757
2026-02-03 23:48:33,100 - cmab.policy - INFO -     #2: arm=batch_size=100000,header_size=64,cut_condition_type=1,fast_path_timeout=400,k=3, pred=1.324757
2026-02-03 23:48:33,100 - cmab.policy - INFO -     #3: arm=batch_size=100000,header_size=128,cut_condition_type=1,fast_path_timeout=400,k=1, pred=1.324757
2026-02-03 23:48:33,100 - cmab.policy - INFO -     #4: arm=batch_size=100000,header_size=64,cut_condition_type=3,fast_path_timeout=100,k=1, pred=1.324757
2026-02-03 23:48:33,100 - cmab.policy - INFO -     #5: arm=batch_size=100000,header_size=64,cut_condition_type=3,fast_path_timeout=100,k=3, pred=1.324757
2026-02-03 23:48:33,100 - cmab.policy - INFO - 
2026-02-03 23:48:33,100 - cmab.policy - INFO -   Found 36 arms with same max prediction (1.324757), randomly selecting one...
2026-02-03 23:48:33,100 - cmab.policy - INFO - 
2026-02-03 23:48:33,100 - cmab.policy - INFO - ✓ SELECTED ARM: batch_size=100000,header_size=64,cut_condition_type=3,fast_path_timeout=0,k=3 (prediction=1.324757)
2026-02-03 23:48:33,100 - cmab.policy - INFO - ================================================================================
2026-02-03 23:48:33,103 - cmab.trainer - INFO - Updated parameters file: /home/ccclr0302/autobahn-test/benchmark/.parameters-0.json
2026-02-03 23:48:33,103 - cmab.trainer - INFO - 🚩 Created RL parameter update signal file (epoch 31): /tmp/autobahn_rl_param_update_31.signal
2026-02-03 23:48:33,103 - cmab.trainer - INFO - Applied params: {'batch_size': 100000, 'header_size': 64, 'cut_condition_type': 3, 'fast_path_timeout': 0, 'k': 3}
2026-02-03 23:48:33,103 - cmab.trainer - INFO - Waiting for next metrics file...
2026-02-03 23:48:56,072 - cmab.trainer - INFO - Iteration 32 : context=[0.         5.4358616  0.09186025 0.18561466 0.        ] arm=batch_size=100000,header_size=64,cut_condition_type=3,fast_path_timeout=0,k=3 params={'batch_size': 100000, 'header_size': 64, 'cut_condition_type': 3, 'fast_path_timeout': 0, 'k': 3}
2026-02-03 23:48:56,073 - cmab.trainer - INFO - Iteration 32 reward=1.393988 avg_reward(20)=0.975542 last_metrics=epoch_32_slot_966.json top_arm=batch_size=100000,header_size=128,cut_condition_type=1,fast_path_timeout=0,k=3 top_ratio=0.09
2026-02-03 23:48:56,075 - cmab.policy - INFO - ================================================================================
2026-02-03 23:48:56,075 - cmab.policy - INFO - SELECT ARM - Detailed Prediction Analysis
2026-02-03 23:48:56,075 - cmab.policy - INFO - Context: [ 0.5662612  0.         0.6880642 11.28493    0.       ]
2026-02-03 23:48:56,076 - cmab.policy - INFO - Number of trees in forest: 10
2026-02-03 23:48:56,076 - cmab.policy - INFO - 
2026-02-03 23:48:56,076 - cmab.policy - INFO - Prediction statistics across all trees:
2026-02-03 23:48:56,076 - cmab.policy - INFO -   Mean predictions (top 5 arms): [1.014961, 1.014961, 1.005526, 1.005526, 0.980055]
2026-02-03 23:48:56,076 - cmab.policy - INFO -   Std predictions (top 5 arms): [0.091126, 0.091126, 0.095086, 0.095086, 0.114962]
2026-02-03 23:48:56,076 - cmab.policy - INFO - 
2026-02-03 23:48:56,076 - cmab.policy - INFO - Top 5 arms by mean prediction:
2026-02-03 23:48:56,076 - cmab.policy - INFO -   #1: arm=batch_size=100000,header_size=64,cut_condition_type=3,fast_path_timeout=0,k=3, mean=1.014961, std=0.091126
2026-02-03 23:48:56,076 - cmab.policy - INFO -   #2: arm=batch_size=100000,header_size=64,cut_condition_type=3,fast_path_timeout=100,k=3, mean=1.014961, std=0.091126
2026-02-03 23:48:56,076 - cmab.policy - INFO -   #3: arm=batch_size=100000,header_size=128,cut_condition_type=3,fast_path_timeout=100,k=3, mean=1.005526, std=0.095086
2026-02-03 23:48:56,076 - cmab.policy - INFO -   #4: arm=batch_size=100000,header_size=128,cut_condition_type=3,fast_path_timeout=0,k=3, mean=1.005526, std=0.095086
2026-02-03 23:48:56,076 - cmab.policy - INFO -   #5: arm=batch_size=100000,header_size=32,cut_condition_type=3,fast_path_timeout=0,k=3, mean=0.980055, std=0.114962
2026-02-03 23:48:56,076 - cmab.policy - INFO - 
2026-02-03 23:48:56,076 - cmab.policy - INFO - Selected tree #9 for Thompson Sampling:
2026-02-03 23:48:56,076 - cmab.policy - INFO -   Tree depth: 11
2026-02-03 23:48:56,076 - cmab.policy - INFO -   Tree nodes: 73
2026-02-03 23:48:56,076 - cmab.policy - INFO -   Tree leaves: 37
2026-02-03 23:48:56,076 - cmab.policy - INFO -   Tree shape: (nodes=73, leaves=37, depth=11)
2026-02-03 23:48:56,076 - cmab.policy - INFO -   Tree feature importances: [0.07795292 0.11337893 0.16668648 0.109172   0.         0.37147813
 0.08180842 0.04846482 0.01330932 0.01774897]
2026-02-03 23:48:56,078 - cmab.policy - INFO -   Forest feature importances: [0.14981723 0.09416015 0.09661084 0.08551773 0.0137866  0.37978886
 0.08614069 0.02099577 0.03553057 0.03765155]
2026-02-03 23:48:56,078 - cmab.policy - INFO -   Top 5 predictions from this tree:
2026-02-03 23:48:56,078 - cmab.policy - INFO -     #1: arm=batch_size=100000,header_size=32,cut_condition_type=1,fast_path_timeout=0,k=1, pred=0.982820
2026-02-03 23:48:56,078 - cmab.policy - INFO -     #2: arm=batch_size=100000,header_size=32,cut_condition_type=3,fast_path_timeout=400,k=3, pred=0.982820
2026-02-03 23:48:56,078 - cmab.policy - INFO -     #3: arm=batch_size=100000,header_size=64,cut_condition_type=1,fast_path_timeout=0,k=3, pred=0.982820
2026-02-03 23:48:56,078 - cmab.policy - INFO -     #4: arm=batch_size=100000,header_size=64,cut_condition_type=1,fast_path_timeout=100,k=1, pred=0.982820
2026-02-03 23:48:56,078 - cmab.policy - INFO -     #5: arm=batch_size=100000,header_size=64,cut_condition_type=1,fast_path_timeout=100,k=3, pred=0.982820
2026-02-03 23:48:56,078 - cmab.policy - INFO - 
2026-02-03 23:48:56,079 - cmab.policy - INFO -   Found 24 arms with same max prediction (0.982820), randomly selecting one...
2026-02-03 23:48:56,079 - cmab.policy - INFO - 
2026-02-03 23:48:56,079 - cmab.policy - INFO - ✓ SELECTED ARM: batch_size=100000,header_size=32,cut_condition_type=1,fast_path_timeout=400,k=3 (prediction=0.982820)
2026-02-03 23:48:56,079 - cmab.policy - INFO - ================================================================================
2026-02-03 23:48:56,082 - cmab.trainer - INFO - Updated parameters file: /home/ccclr0302/autobahn-test/benchmark/.parameters-0.json
2026-02-03 23:48:56,082 - cmab.trainer - INFO - 🚩 Created RL parameter update signal file (epoch 32): /tmp/autobahn_rl_param_update_32.signal
2026-02-03 23:48:56,082 - cmab.trainer - INFO - Applied params: {'batch_size': 100000, 'header_size': 32, 'cut_condition_type': 1, 'fast_path_timeout': 400, 'k': 3}
2026-02-03 23:48:56,082 - cmab.trainer - INFO - Waiting for next metrics file...
2026-02-03 23:49:15,840 - cmab.trainer - INFO - Iteration 33 : context=[ 0.5662612  0.         0.6880642 11.28493    0.       ] arm=batch_size=100000,header_size=32,cut_condition_type=1,fast_path_timeout=400,k=3 params={'batch_size': 100000, 'header_size': 32, 'cut_condition_type': 1, 'fast_path_timeout': 400, 'k': 3}
2026-02-03 23:49:15,840 - cmab.trainer - INFO - Iteration 33 reward=0.757923 avg_reward(20)=0.970527 last_metrics=epoch_33_slot_996.json top_arm=batch_size=100000,header_size=128,cut_condition_type=1,fast_path_timeout=0,k=3 top_ratio=0.09
2026-02-03 23:49:15,842 - cmab.policy - INFO - ================================================================================
2026-02-03 23:49:15,842 - cmab.policy - INFO - SELECT ARM - Detailed Prediction Analysis
2026-02-03 23:49:15,843 - cmab.policy - INFO - Context: [ 1.6127384 20.         0.         1.7505271  0.       ]
2026-02-03 23:49:15,843 - cmab.policy - INFO - Number of trees in forest: 10
2026-02-03 23:49:15,843 - cmab.policy - INFO - 
2026-02-03 23:49:15,843 - cmab.policy - INFO - Prediction statistics across all trees:
2026-02-03 23:49:15,843 - cmab.policy - INFO -   Mean predictions (top 5 arms): [0.995191, 0.995191, 0.982195, 0.982195, 0.969672]
2026-02-03 23:49:15,843 - cmab.policy - INFO -   Std predictions (top 5 arms): [0.233256, 0.233256, 0.226423, 0.226423, 0.222923]
2026-02-03 23:49:15,843 - cmab.policy - INFO - 
2026-02-03 23:49:15,843 - cmab.policy - INFO - Top 5 arms by mean prediction:
2026-02-03 23:49:15,843 - cmab.policy - INFO -   #1: arm=batch_size=100000,header_size=64,cut_condition_type=3,fast_path_timeout=100,k=3, mean=0.995191, std=0.233256
2026-02-03 23:49:15,843 - cmab.policy - INFO -   #2: arm=batch_size=100000,header_size=32,cut_condition_type=3,fast_path_timeout=100,k=3, mean=0.995191, std=0.233256
2026-02-03 23:49:15,843 - cmab.policy - INFO -   #3: arm=batch_size=100000,header_size=32,cut_condition_type=3,fast_path_timeout=0,k=3, mean=0.982195, std=0.226423
2026-02-03 23:49:15,843 - cmab.policy - INFO -   #4: arm=batch_size=100000,header_size=64,cut_condition_type=3,fast_path_timeout=0,k=3, mean=0.982195, std=0.226423
2026-02-03 23:49:15,843 - cmab.policy - INFO -   #5: arm=batch_size=100000,header_size=32,cut_condition_type=3,fast_path_timeout=100,k=1, mean=0.969672, std=0.222923
2026-02-03 23:49:15,843 - cmab.policy - INFO - 
2026-02-03 23:49:15,843 - cmab.policy - INFO - Selected tree #5 for Thompson Sampling:
2026-02-03 23:49:15,843 - cmab.policy - INFO -   Tree depth: 10
2026-02-03 23:49:15,843 - cmab.policy - INFO -   Tree nodes: 71
2026-02-03 23:49:15,843 - cmab.policy - INFO -   Tree leaves: 36
2026-02-03 23:49:15,843 - cmab.policy - INFO -   Tree shape: (nodes=71, leaves=36, depth=10)
2026-02-03 23:49:15,844 - cmab.policy - INFO -   Tree feature importances: [0.11970857 0.08484583 0.06111031 0.03158679 0.01716632 0.52532099
 0.08960045 0.0207721  0.03183707 0.01805159]
2026-02-03 23:49:15,845 - cmab.policy - INFO -   Forest feature importances: [0.14981723 0.09416015 0.09661084 0.08551773 0.0137866  0.37978886
 0.08614069 0.02099577 0.03553057 0.03765155]
2026-02-03 23:49:15,845 - cmab.policy - INFO -   Top 5 predictions from this tree:
2026-02-03 23:49:15,845 - cmab.policy - INFO -     #1: arm=batch_size=100000,header_size=32,cut_condition_type=3,fast_path_timeout=100,k=3, pred=0.845092
2026-02-03 23:49:15,845 - cmab.policy - INFO -     #2: arm=batch_size=100000,header_size=128,cut_condition_type=3,fast_path_timeout=0,k=3, pred=0.845092
2026-02-03 23:49:15,846 - cmab.policy - INFO -     #3: arm=batch_size=100000,header_size=128,cut_condition_type=1,fast_path_timeout=0,k=3, pred=0.845092
2026-02-03 23:49:15,846 - cmab.policy - INFO -     #4: arm=batch_size=100000,header_size=64,cut_condition_type=3,fast_path_timeout=0,k=3, pred=0.845092
2026-02-03 23:49:15,846 - cmab.policy - INFO -     #5: arm=batch_size=100000,header_size=64,cut_condition_type=1,fast_path_timeout=100,k=3, pred=0.845092
2026-02-03 23:49:15,846 - cmab.policy - INFO - 
2026-02-03 23:49:15,846 - cmab.policy - INFO -   Found 12 arms with same max prediction (0.845092), randomly selecting one...
2026-02-03 23:49:15,846 - cmab.policy - INFO - 
2026-02-03 23:49:15,846 - cmab.policy - INFO - ✓ SELECTED ARM: batch_size=100000,header_size=128,cut_condition_type=3,fast_path_timeout=0,k=3 (prediction=0.845092)
2026-02-03 23:49:15,846 - cmab.policy - INFO - ================================================================================
2026-02-03 23:49:15,850 - cmab.trainer - INFO - Updated parameters file: /home/ccclr0302/autobahn-test/benchmark/.parameters-0.json
2026-02-03 23:49:15,850 - cmab.trainer - INFO - 🚩 Created RL parameter update signal file (epoch 33): /tmp/autobahn_rl_param_update_33.signal
2026-02-03 23:49:15,850 - cmab.trainer - INFO - Applied params: {'batch_size': 100000, 'header_size': 128, 'cut_condition_type': 3, 'fast_path_timeout': 0, 'k': 3}
2026-02-03 23:49:15,850 - cmab.trainer - INFO - Waiting for next metrics file...
