2026-02-03 23:23:59,215 - __main__ - INFO - Starting Autobahn Continuous CMAB Training
2026-02-03 23:23:59,215 - __main__ - INFO - metrics_dir=/home/ccclr0302/autobahn/metrics-0 parameters_file=/home/ccclr0302/autobahn-test/benchmark/.parameters-0.json
2026-02-03 23:23:59,222 - __main__ - INFO - Loaded CMAB policy from /home/ccclr0302/autobahn-test/experiment-log/S1-default/CMAB/cmab_checkpoint_80.pkl
2026-02-03 23:23:59,222 - cmab.trainer - INFO - Initializing CMAB training loop...
2026-02-03 23:23:59,222 - cmab.trainer - INFO - Policy: rf_ts
2026-02-03 23:23:59,222 - cmab.trainer - INFO - Iterations: 200
2026-02-03 23:23:59,222 - cmab.trainer - INFO - No existing metrics file, waiting for epoch 0...
2026-02-03 23:24:22,890 - cmab.policy - INFO - ================================================================================
2026-02-03 23:24:22,890 - cmab.policy - INFO - SELECT ARM - Detailed Prediction Analysis
2026-02-03 23:24:22,890 - cmab.policy - INFO - Context: [0.1644674  0.         0.35534427 0.         0.        ]
2026-02-03 23:24:22,890 - cmab.policy - INFO - Number of trees in forest: 10
2026-02-03 23:24:22,890 - cmab.policy - INFO - 
2026-02-03 23:24:22,890 - cmab.policy - INFO - Prediction statistics across all trees:
2026-02-03 23:24:22,891 - cmab.policy - INFO -   Mean predictions (top 5 arms): [1.081217, 1.074143, 1.069415, 1.069415, 1.062342]
2026-02-03 23:24:22,891 - cmab.policy - INFO -   Std predictions (top 5 arms): [0.218203, 0.109320, 0.213708, 0.213708, 0.099208]
2026-02-03 23:24:22,891 - cmab.policy - INFO - 
2026-02-03 23:24:22,891 - cmab.policy - INFO - Top 5 arms by mean prediction:
2026-02-03 23:24:22,891 - cmab.policy - INFO -   #1: arm=batch_size=100000,header_size=32,cut_condition_type=3,fast_path_timeout=400,k=3, mean=1.081217, std=0.218203
2026-02-03 23:24:22,891 - cmab.policy - INFO -   #2: arm=batch_size=100000,header_size=64,cut_condition_type=3,fast_path_timeout=400,k=3, mean=1.074143, std=0.109320
2026-02-03 23:24:22,891 - cmab.policy - INFO -   #3: arm=batch_size=100000,header_size=32,cut_condition_type=3,fast_path_timeout=0,k=3, mean=1.069415, std=0.213708
2026-02-03 23:24:22,891 - cmab.policy - INFO -   #4: arm=batch_size=100000,header_size=32,cut_condition_type=3,fast_path_timeout=100,k=3, mean=1.069415, std=0.213708
2026-02-03 23:24:22,891 - cmab.policy - INFO -   #5: arm=batch_size=100000,header_size=64,cut_condition_type=3,fast_path_timeout=100,k=3, mean=1.062342, std=0.099208
2026-02-03 23:24:22,891 - cmab.policy - INFO - 
2026-02-03 23:24:22,891 - cmab.policy - INFO - Selected tree #7 for Thompson Sampling:
2026-02-03 23:24:22,891 - cmab.policy - INFO -   Tree depth: 6
2026-02-03 23:24:22,892 - cmab.policy - INFO -   Tree nodes: 41
2026-02-03 23:24:22,892 - cmab.policy - INFO -   Tree leaves: 21
2026-02-03 23:24:22,892 - cmab.policy - INFO -   Tree shape: (nodes=41, leaves=21, depth=6)
2026-02-03 23:24:22,892 - cmab.policy - INFO -   Tree feature importances: [0.02848535 0.1496648  0.         0.00967369 0.         0.55059944
 0.12230338 0.0462201  0.05468678 0.03836645]
2026-02-03 23:24:22,894 - cmab.policy - INFO -   Forest feature importances: [0.0690565  0.05147504 0.07067384 0.04642539 0.01827344 0.52871011
 0.12896783 0.02745155 0.01245544 0.04651085]
2026-02-03 23:24:22,894 - cmab.policy - INFO -   Top 5 predictions from this tree:
2026-02-03 23:24:22,894 - cmab.policy - INFO -     #1: arm=batch_size=100000,header_size=32,cut_condition_type=3,fast_path_timeout=100,k=1, pred=0.986314
2026-02-03 23:24:22,894 - cmab.policy - INFO -     #2: arm=batch_size=100000,header_size=32,cut_condition_type=3,fast_path_timeout=400,k=3, pred=0.986314
2026-02-03 23:24:22,894 - cmab.policy - INFO -     #3: arm=batch_size=100000,header_size=64,cut_condition_type=3,fast_path_timeout=0,k=1, pred=0.986314
2026-02-03 23:24:22,894 - cmab.policy - INFO -     #4: arm=batch_size=100000,header_size=64,cut_condition_type=3,fast_path_timeout=0,k=3, pred=0.986314
2026-02-03 23:24:22,894 - cmab.policy - INFO -     #5: arm=batch_size=100000,header_size=64,cut_condition_type=3,fast_path_timeout=100,k=1, pred=0.986314
2026-02-03 23:24:22,894 - cmab.policy - INFO - 
2026-02-03 23:24:22,894 - cmab.policy - INFO -   Found 12 arms with same max prediction (0.986314), randomly selecting one...
2026-02-03 23:24:22,894 - cmab.policy - INFO - 
2026-02-03 23:24:22,894 - cmab.policy - INFO - ✓ SELECTED ARM: batch_size=100000,header_size=32,cut_condition_type=3,fast_path_timeout=100,k=1 (prediction=0.986314)
2026-02-03 23:24:22,894 - cmab.policy - INFO - ================================================================================
2026-02-03 23:24:22,898 - cmab.trainer - INFO - Updated parameters file: /home/ccclr0302/autobahn-test/benchmark/.parameters-0.json
2026-02-03 23:24:22,898 - cmab.trainer - INFO - 🚩 Created RL parameter update signal file (epoch 0): /tmp/autobahn_rl_param_update_0.signal
2026-02-03 23:24:22,898 - cmab.trainer - INFO - Applied params: {'batch_size': 100000, 'header_size': 32, 'cut_condition_type': 3, 'fast_path_timeout': 100, 'k': 1}
2026-02-03 23:24:22,898 - cmab.trainer - INFO - Waiting for next metrics file...
2026-02-03 23:24:45,960 - cmab.trainer - INFO - Iteration 1 : context=[0.1644674  0.         0.35534427 0.         0.        ] arm=batch_size=100000,header_size=32,cut_condition_type=3,fast_path_timeout=100,k=1 params={'batch_size': 100000, 'header_size': 32, 'cut_condition_type': 3, 'fast_path_timeout': 100, 'k': 1}
2026-02-03 23:24:45,960 - cmab.trainer - INFO - Iteration 1 reward=0.850619 avg_reward(20)=0.850619 last_metrics=epoch_1_slot_36.json top_arm=batch_size=100000,header_size=32,cut_condition_type=3,fast_path_timeout=100,k=1 top_ratio=1.00
2026-02-03 23:24:45,962 - cmab.policy - INFO - ================================================================================
2026-02-03 23:24:45,962 - cmab.policy - INFO - SELECT ARM - Detailed Prediction Analysis
2026-02-03 23:24:45,962 - cmab.policy - INFO - Context: [ 1.691697   1.6541995 20.         0.         0.       ]
2026-02-03 23:24:45,963 - cmab.policy - INFO - Number of trees in forest: 10
2026-02-03 23:24:45,963 - cmab.policy - INFO - 
2026-02-03 23:24:45,963 - cmab.policy - INFO - Prediction statistics across all trees:
2026-02-03 23:24:45,963 - cmab.policy - INFO -   Mean predictions (top 5 arms): [1.191673, 1.179872, 1.179872, 1.176482, 1.164681]
2026-02-03 23:24:45,963 - cmab.policy - INFO -   Std predictions (top 5 arms): [0.231009, 0.232445, 0.232445, 0.127672, 0.128868]
2026-02-03 23:24:45,963 - cmab.policy - INFO - 
2026-02-03 23:24:45,963 - cmab.policy - INFO - Top 5 arms by mean prediction:
2026-02-03 23:24:45,963 - cmab.policy - INFO -   #1: arm=batch_size=100000,header_size=32,cut_condition_type=3,fast_path_timeout=400,k=3, mean=1.191673, std=0.231009
2026-02-03 23:24:45,963 - cmab.policy - INFO -   #2: arm=batch_size=100000,header_size=32,cut_condition_type=3,fast_path_timeout=0,k=3, mean=1.179872, std=0.232445
2026-02-03 23:24:45,963 - cmab.policy - INFO -   #3: arm=batch_size=100000,header_size=32,cut_condition_type=3,fast_path_timeout=100,k=3, mean=1.179872, std=0.232445
2026-02-03 23:24:45,963 - cmab.policy - INFO -   #4: arm=batch_size=100000,header_size=64,cut_condition_type=3,fast_path_timeout=400,k=3, mean=1.176482, std=0.127672
2026-02-03 23:24:45,963 - cmab.policy - INFO -   #5: arm=batch_size=100000,header_size=64,cut_condition_type=3,fast_path_timeout=0,k=3, mean=1.164681, std=0.128868
2026-02-03 23:24:45,963 - cmab.policy - INFO - 
2026-02-03 23:24:45,963 - cmab.policy - INFO - Selected tree #2 for Thompson Sampling:
2026-02-03 23:24:45,963 - cmab.policy - INFO -   Tree depth: 7
2026-02-03 23:24:45,963 - cmab.policy - INFO -   Tree nodes: 41
2026-02-03 23:24:45,963 - cmab.policy - INFO -   Tree leaves: 21
2026-02-03 23:24:45,963 - cmab.policy - INFO -   Tree shape: (nodes=41, leaves=21, depth=7)
2026-02-03 23:24:45,963 - cmab.policy - INFO -   Tree feature importances: [0.04514675 0.06306751 0.10577385 0.05471723 0.01295297 0.37938435
 0.18892588 0.04945035 0.         0.1005811 ]
2026-02-03 23:24:45,965 - cmab.policy - INFO -   Forest feature importances: [0.0690565  0.05147504 0.07067384 0.04642539 0.01827344 0.52871011
 0.12896783 0.02745155 0.01245544 0.04651085]
2026-02-03 23:24:45,965 - cmab.policy - INFO -   Top 5 predictions from this tree:
2026-02-03 23:24:45,965 - cmab.policy - INFO -     #1: arm=batch_size=100000,header_size=128,cut_condition_type=3,fast_path_timeout=400,k=3, pred=1.261323
2026-02-03 23:24:45,965 - cmab.policy - INFO -     #2: arm=batch_size=100000,header_size=64,cut_condition_type=3,fast_path_timeout=400,k=3, pred=1.261323
2026-02-03 23:24:45,965 - cmab.policy - INFO -     #3: arm=batch_size=100000,header_size=64,cut_condition_type=3,fast_path_timeout=100,k=3, pred=1.261323
2026-02-03 23:24:45,966 - cmab.policy - INFO -     #4: arm=batch_size=100000,header_size=128,cut_condition_type=3,fast_path_timeout=0,k=3, pred=1.261323
2026-02-03 23:24:45,966 - cmab.policy - INFO -     #5: arm=batch_size=100000,header_size=64,cut_condition_type=3,fast_path_timeout=0,k=3, pred=1.261323
2026-02-03 23:24:45,966 - cmab.policy - INFO - 
2026-02-03 23:24:45,966 - cmab.policy - INFO -   Found 6 arms with same max prediction (1.261323), randomly selecting one...
2026-02-03 23:24:45,966 - cmab.policy - INFO - 
2026-02-03 23:24:45,966 - cmab.policy - INFO - ✓ SELECTED ARM: batch_size=100000,header_size=128,cut_condition_type=3,fast_path_timeout=400,k=3 (prediction=1.261323)
2026-02-03 23:24:45,966 - cmab.policy - INFO - ================================================================================
2026-02-03 23:24:45,969 - cmab.trainer - INFO - Updated parameters file: /home/ccclr0302/autobahn-test/benchmark/.parameters-0.json
2026-02-03 23:24:45,969 - cmab.trainer - INFO - 🚩 Created RL parameter update signal file (epoch 1): /tmp/autobahn_rl_param_update_1.signal
2026-02-03 23:24:45,969 - cmab.trainer - INFO - Applied params: {'batch_size': 100000, 'header_size': 128, 'cut_condition_type': 3, 'fast_path_timeout': 400, 'k': 3}
2026-02-03 23:24:45,969 - cmab.trainer - INFO - Waiting for next metrics file...
2026-02-03 23:25:09,133 - cmab.trainer - INFO - Iteration 2 : context=[ 1.691697   1.6541995 20.         0.         0.       ] arm=batch_size=100000,header_size=128,cut_condition_type=3,fast_path_timeout=400,k=3 params={'batch_size': 100000, 'header_size': 128, 'cut_condition_type': 3, 'fast_path_timeout': 400, 'k': 3}
2026-02-03 23:25:09,133 - cmab.trainer - INFO - Iteration 2 reward=0.636921 avg_reward(20)=0.743770 last_metrics=epoch_2_slot_66.json top_arm=batch_size=100000,header_size=32,cut_condition_type=3,fast_path_timeout=100,k=1 top_ratio=0.50
2026-02-03 23:25:09,135 - cmab.policy - INFO - ================================================================================
2026-02-03 23:25:09,136 - cmab.policy - INFO - SELECT ARM - Detailed Prediction Analysis
2026-02-03 23:25:09,136 - cmab.policy - INFO - Context: [0.18024957 0.12675749 5.475965   0.         0.        ]
2026-02-03 23:25:09,136 - cmab.policy - INFO - Number of trees in forest: 10
2026-02-03 23:25:09,136 - cmab.policy - INFO - 
2026-02-03 23:25:09,136 - cmab.policy - INFO - Prediction statistics across all trees:
2026-02-03 23:25:09,136 - cmab.policy - INFO -   Mean predictions (top 5 arms): [1.213442, 1.201640, 1.201640, 1.198250, 1.186449]
2026-02-03 23:25:09,136 - cmab.policy - INFO -   Std predictions (top 5 arms): [0.229180, 0.231739, 0.231739, 0.126964, 0.130156]
2026-02-03 23:25:09,136 - cmab.policy - INFO - 
2026-02-03 23:25:09,136 - cmab.policy - INFO - Top 5 arms by mean prediction:
2026-02-03 23:25:09,136 - cmab.policy - INFO -   #1: arm=batch_size=100000,header_size=32,cut_condition_type=3,fast_path_timeout=400,k=3, mean=1.213442, std=0.229180
2026-02-03 23:25:09,136 - cmab.policy - INFO -   #2: arm=batch_size=100000,header_size=32,cut_condition_type=3,fast_path_timeout=100,k=3, mean=1.201640, std=0.231739
2026-02-03 23:25:09,136 - cmab.policy - INFO -   #3: arm=batch_size=100000,header_size=32,cut_condition_type=3,fast_path_timeout=0,k=3, mean=1.201640, std=0.231739
2026-02-03 23:25:09,136 - cmab.policy - INFO -   #4: arm=batch_size=100000,header_size=64,cut_condition_type=3,fast_path_timeout=400,k=3, mean=1.198250, std=0.126964
2026-02-03 23:25:09,136 - cmab.policy - INFO -   #5: arm=batch_size=100000,header_size=64,cut_condition_type=3,fast_path_timeout=100,k=3, mean=1.186449, std=0.130156
2026-02-03 23:25:09,136 - cmab.policy - INFO - 
2026-02-03 23:25:09,136 - cmab.policy - INFO - Selected tree #6 for Thompson Sampling:
2026-02-03 23:25:09,136 - cmab.policy - INFO -   Tree depth: 8
2026-02-03 23:25:09,136 - cmab.policy - INFO -   Tree nodes: 45
2026-02-03 23:25:09,136 - cmab.policy - INFO -   Tree leaves: 23
2026-02-03 23:25:09,136 - cmab.policy - INFO -   Tree shape: (nodes=45, leaves=23, depth=8)
2026-02-03 23:25:09,137 - cmab.policy - INFO -   Tree feature importances: [1.85092501e-01 4.02278029e-02 6.03908636e-02 3.86929817e-02
 5.03646658e-03 4.73695095e-01 7.46598705e-02 0.00000000e+00
 6.11637797e-05 1.22143255e-01]
2026-02-03 23:25:09,138 - cmab.policy - INFO -   Forest feature importances: [0.0690565  0.05147504 0.07067384 0.04642539 0.01827344 0.52871011
 0.12896783 0.02745155 0.01245544 0.04651085]
2026-02-03 23:25:09,139 - cmab.policy - INFO -   Top 5 predictions from this tree:
2026-02-03 23:25:09,139 - cmab.policy - INFO -     #1: arm=batch_size=100000,header_size=128,cut_condition_type=1,fast_path_timeout=0,k=3, pred=1.249605
2026-02-03 23:25:09,139 - cmab.policy - INFO -     #2: arm=batch_size=100000,header_size=64,cut_condition_type=3,fast_path_timeout=0,k=3, pred=1.249605
2026-02-03 23:25:09,139 - cmab.policy - INFO -     #3: arm=batch_size=100000,header_size=64,cut_condition_type=1,fast_path_timeout=400,k=3, pred=1.249605
2026-02-03 23:25:09,139 - cmab.policy - INFO -     #4: arm=batch_size=100000,header_size=64,cut_condition_type=3,fast_path_timeout=100,k=3, pred=1.249605
2026-02-03 23:25:09,139 - cmab.policy - INFO -     #5: arm=batch_size=100000,header_size=64,cut_condition_type=1,fast_path_timeout=100,k=3, pred=1.249605
2026-02-03 23:25:09,139 - cmab.policy - INFO - 
2026-02-03 23:25:09,139 - cmab.policy - INFO -   Found 18 arms with same max prediction (1.249605), randomly selecting one...
2026-02-03 23:25:09,139 - cmab.policy - INFO - 
2026-02-03 23:25:09,139 - cmab.policy - INFO - ✓ SELECTED ARM: batch_size=100000,header_size=64,cut_condition_type=1,fast_path_timeout=400,k=3 (prediction=1.249605)
2026-02-03 23:25:09,139 - cmab.policy - INFO - ================================================================================
2026-02-03 23:25:09,143 - cmab.trainer - INFO - Updated parameters file: /home/ccclr0302/autobahn-test/benchmark/.parameters-0.json
2026-02-03 23:25:09,143 - cmab.trainer - INFO - 🚩 Created RL parameter update signal file (epoch 2): /tmp/autobahn_rl_param_update_2.signal
2026-02-03 23:25:09,143 - cmab.trainer - INFO - Applied params: {'batch_size': 100000, 'header_size': 64, 'cut_condition_type': 1, 'fast_path_timeout': 400, 'k': 3}
2026-02-03 23:25:09,143 - cmab.trainer - INFO - Waiting for next metrics file...
2026-02-03 23:25:31,602 - cmab.trainer - INFO - Iteration 3 : context=[0.18024957 0.12675749 5.475965   0.         0.        ] arm=batch_size=100000,header_size=64,cut_condition_type=1,fast_path_timeout=400,k=3 params={'batch_size': 100000, 'header_size': 64, 'cut_condition_type': 1, 'fast_path_timeout': 400, 'k': 3}
2026-02-03 23:25:31,602 - cmab.trainer - INFO - Iteration 3 reward=0.641338 avg_reward(20)=0.709626 last_metrics=epoch_3_slot_96.json top_arm=batch_size=100000,header_size=32,cut_condition_type=3,fast_path_timeout=100,k=1 top_ratio=0.33
2026-02-03 23:25:31,605 - cmab.policy - INFO - ================================================================================
2026-02-03 23:25:31,605 - cmab.policy - INFO - SELECT ARM - Detailed Prediction Analysis
2026-02-03 23:25:31,605 - cmab.policy - INFO - Context: [10.542921   0.5661325  0.         0.6440761  0.       ]
2026-02-03 23:25:31,605 - cmab.policy - INFO - Number of trees in forest: 10
2026-02-03 23:25:31,605 - cmab.policy - INFO - 
2026-02-03 23:25:31,605 - cmab.policy - INFO - Prediction statistics across all trees:
2026-02-03 23:25:31,605 - cmab.policy - INFO -   Mean predictions (top 5 arms): [1.092427, 1.080625, 1.080625, 1.072250, 1.060449]
2026-02-03 23:25:31,605 - cmab.policy - INFO -   Std predictions (top 5 arms): [0.129408, 0.122757, 0.122757, 0.224669, 0.219825]
2026-02-03 23:25:31,605 - cmab.policy - INFO - 
2026-02-03 23:25:31,605 - cmab.policy - INFO - Top 5 arms by mean prediction:
2026-02-03 23:25:31,605 - cmab.policy - INFO -   #1: arm=batch_size=100000,header_size=64,cut_condition_type=3,fast_path_timeout=400,k=3, mean=1.092427, std=0.129408
2026-02-03 23:25:31,605 - cmab.policy - INFO -   #2: arm=batch_size=100000,header_size=64,cut_condition_type=3,fast_path_timeout=100,k=3, mean=1.080625, std=0.122757
2026-02-03 23:25:31,605 - cmab.policy - INFO -   #3: arm=batch_size=100000,header_size=64,cut_condition_type=3,fast_path_timeout=0,k=3, mean=1.080625, std=0.122757
2026-02-03 23:25:31,605 - cmab.policy - INFO -   #4: arm=batch_size=100000,header_size=32,cut_condition_type=3,fast_path_timeout=400,k=3, mean=1.072250, std=0.224669
2026-02-03 23:25:31,605 - cmab.policy - INFO -   #5: arm=batch_size=100000,header_size=32,cut_condition_type=3,fast_path_timeout=0,k=3, mean=1.060449, std=0.219825
2026-02-03 23:25:31,605 - cmab.policy - INFO - 
2026-02-03 23:25:31,605 - cmab.policy - INFO - Selected tree #9 for Thompson Sampling:
2026-02-03 23:25:31,605 - cmab.policy - INFO -   Tree depth: 10
2026-02-03 23:25:31,605 - cmab.policy - INFO -   Tree nodes: 47
2026-02-03 23:25:31,605 - cmab.policy - INFO -   Tree leaves: 24
2026-02-03 23:25:31,606 - cmab.policy - INFO -   Tree shape: (nodes=47, leaves=24, depth=10)
2026-02-03 23:25:31,606 - cmab.policy - INFO -   Tree feature importances: [0.09092466 0.04610266 0.02025031 0.         0.01523422 0.58132296
 0.21159103 0.01776484 0.00604649 0.01076284]
2026-02-03 23:25:31,607 - cmab.policy - INFO -   Forest feature importances: [0.0690565  0.05147504 0.07067384 0.04642539 0.01827344 0.52871011
 0.12896783 0.02745155 0.01245544 0.04651085]
2026-02-03 23:25:31,608 - cmab.policy - INFO -   Top 5 predictions from this tree:
2026-02-03 23:25:31,608 - cmab.policy - INFO -     #1: arm=batch_size=100000,header_size=64,cut_condition_type=1,fast_path_timeout=400,k=3, pred=1.103597
2026-02-03 23:25:31,608 - cmab.policy - INFO -     #2: arm=batch_size=100000,header_size=64,cut_condition_type=3,fast_path_timeout=100,k=1, pred=1.103597
2026-02-03 23:25:31,608 - cmab.policy - INFO -     #3: arm=batch_size=100000,header_size=64,cut_condition_type=1,fast_path_timeout=100,k=1, pred=1.103597
2026-02-03 23:25:31,608 - cmab.policy - INFO -     #4: arm=batch_size=100000,header_size=64,cut_condition_type=1,fast_path_timeout=0,k=3, pred=1.103597
2026-02-03 23:25:31,608 - cmab.policy - INFO -     #5: arm=batch_size=100000,header_size=64,cut_condition_type=1,fast_path_timeout=0,k=1, pred=1.103597
2026-02-03 23:25:31,608 - cmab.policy - INFO - 
2026-02-03 23:25:31,608 - cmab.policy - INFO -   Found 12 arms with same max prediction (1.103597), randomly selecting one...
2026-02-03 23:25:31,608 - cmab.policy - INFO - 
2026-02-03 23:25:31,608 - cmab.policy - INFO - ✓ SELECTED ARM: batch_size=100000,header_size=64,cut_condition_type=3,fast_path_timeout=400,k=3 (prediction=1.103597)
2026-02-03 23:25:31,608 - cmab.policy - INFO - ================================================================================
2026-02-03 23:25:31,611 - cmab.trainer - INFO - Updated parameters file: /home/ccclr0302/autobahn-test/benchmark/.parameters-0.json
2026-02-03 23:25:31,611 - cmab.trainer - INFO - 🚩 Created RL parameter update signal file (epoch 3): /tmp/autobahn_rl_param_update_3.signal
2026-02-03 23:25:31,611 - cmab.trainer - INFO - Applied params: {'batch_size': 100000, 'header_size': 64, 'cut_condition_type': 3, 'fast_path_timeout': 400, 'k': 3}
2026-02-03 23:25:31,612 - cmab.trainer - INFO - Waiting for next metrics file...
2026-02-03 23:25:51,063 - cmab.trainer - INFO - Iteration 4 : context=[10.542921   0.5661325  0.         0.6440761  0.       ] arm=batch_size=100000,header_size=64,cut_condition_type=3,fast_path_timeout=400,k=3 params={'batch_size': 100000, 'header_size': 64, 'cut_condition_type': 3, 'fast_path_timeout': 400, 'k': 3}
2026-02-03 23:25:51,064 - cmab.trainer - INFO - Iteration 4 reward=0.611291 avg_reward(20)=0.685042 last_metrics=epoch_4_slot_126.json top_arm=batch_size=100000,header_size=32,cut_condition_type=3,fast_path_timeout=100,k=1 top_ratio=0.25
2026-02-03 23:25:51,066 - cmab.policy - INFO - ================================================================================
2026-02-03 23:25:51,066 - cmab.policy - INFO - SELECT ARM - Detailed Prediction Analysis
2026-02-03 23:25:51,066 - cmab.policy - INFO - Context: [ 0.68359435  0.68359435 11.191761    0.          0.        ]
2026-02-03 23:25:51,066 - cmab.policy - INFO - Number of trees in forest: 10
2026-02-03 23:25:51,066 - cmab.policy - INFO - 
2026-02-03 23:25:51,066 - cmab.policy - INFO - Prediction statistics across all trees:
2026-02-03 23:25:51,066 - cmab.policy - INFO -   Mean predictions (top 5 arms): [1.191673, 1.179872, 1.179872, 1.176482, 1.164681]
2026-02-03 23:25:51,066 - cmab.policy - INFO -   Std predictions (top 5 arms): [0.231009, 0.232445, 0.232445, 0.127672, 0.128868]
2026-02-03 23:25:51,067 - cmab.policy - INFO - 
2026-02-03 23:25:51,067 - cmab.policy - INFO - Top 5 arms by mean prediction:
2026-02-03 23:25:51,067 - cmab.policy - INFO -   #1: arm=batch_size=100000,header_size=32,cut_condition_type=3,fast_path_timeout=400,k=3, mean=1.191673, std=0.231009
2026-02-03 23:25:51,067 - cmab.policy - INFO -   #2: arm=batch_size=100000,header_size=32,cut_condition_type=3,fast_path_timeout=100,k=3, mean=1.179872, std=0.232445
2026-02-03 23:25:51,067 - cmab.policy - INFO -   #3: arm=batch_size=100000,header_size=32,cut_condition_type=3,fast_path_timeout=0,k=3, mean=1.179872, std=0.232445
2026-02-03 23:25:51,067 - cmab.policy - INFO -   #4: arm=batch_size=100000,header_size=64,cut_condition_type=3,fast_path_timeout=400,k=3, mean=1.176482, std=0.127672
2026-02-03 23:25:51,067 - cmab.policy - INFO -   #5: arm=batch_size=100000,header_size=64,cut_condition_type=3,fast_path_timeout=100,k=3, mean=1.164681, std=0.128868
2026-02-03 23:25:51,067 - cmab.policy - INFO - 
2026-02-03 23:25:51,067 - cmab.policy - INFO - Selected tree #10 for Thompson Sampling:
2026-02-03 23:25:51,067 - cmab.policy - INFO -   Tree depth: 7
2026-02-03 23:25:51,067 - cmab.policy - INFO -   Tree nodes: 41
2026-02-03 23:25:51,067 - cmab.policy - INFO -   Tree leaves: 21
2026-02-03 23:25:51,067 - cmab.policy - INFO -   Tree shape: (nodes=41, leaves=21, depth=7)
2026-02-03 23:25:51,067 - cmab.policy - INFO -   Tree feature importances: [0.17320283 0.07916932 0.10574502 0.         0.04856986 0.52326807
 0.01411224 0.01914912 0.03678353 0.        ]
2026-02-03 23:25:51,069 - cmab.policy - INFO -   Forest feature importances: [0.0690565  0.05147504 0.07067384 0.04642539 0.01827344 0.52871011
 0.12896783 0.02745155 0.01245544 0.04651085]
2026-02-03 23:25:51,069 - cmab.policy - INFO -   Top 5 predictions from this tree:
2026-02-03 23:25:51,069 - cmab.policy - INFO -     #1: arm=batch_size=100000,header_size=32,cut_condition_type=1,fast_path_timeout=0,k=1, pred=1.074383
2026-02-03 23:25:51,069 - cmab.policy - INFO -     #2: arm=batch_size=100000,header_size=64,cut_condition_type=3,fast_path_timeout=0,k=1, pred=1.074383
2026-02-03 23:25:51,069 - cmab.policy - INFO -     #3: arm=batch_size=100000,header_size=64,cut_condition_type=3,fast_path_timeout=100,k=1, pred=1.074383
2026-02-03 23:25:51,069 - cmab.policy - INFO -     #4: arm=batch_size=100000,header_size=64,cut_condition_type=3,fast_path_timeout=100,k=3, pred=1.074383
2026-02-03 23:25:51,069 - cmab.policy - INFO -     #5: arm=batch_size=100000,header_size=64,cut_condition_type=3,fast_path_timeout=400,k=1, pred=1.074383
2026-02-03 23:25:51,069 - cmab.policy - INFO - 
2026-02-03 23:25:51,069 - cmab.policy - INFO -   Found 36 arms with same max prediction (1.074383), randomly selecting one...
2026-02-03 23:25:51,070 - cmab.policy - INFO - 
2026-02-03 23:25:51,070 - cmab.policy - INFO - ✓ SELECTED ARM: batch_size=100000,header_size=32,cut_condition_type=1,fast_path_timeout=400,k=3 (prediction=1.074383)
2026-02-03 23:25:51,070 - cmab.policy - INFO - ================================================================================
2026-02-03 23:25:51,073 - cmab.trainer - INFO - Updated parameters file: /home/ccclr0302/autobahn-test/benchmark/.parameters-0.json
2026-02-03 23:25:51,073 - cmab.trainer - INFO - 🚩 Created RL parameter update signal file (epoch 4): /tmp/autobahn_rl_param_update_4.signal
2026-02-03 23:25:51,073 - cmab.trainer - INFO - Applied params: {'batch_size': 100000, 'header_size': 32, 'cut_condition_type': 1, 'fast_path_timeout': 400, 'k': 3}
2026-02-03 23:25:51,073 - cmab.trainer - INFO - Waiting for next metrics file...
[Parallel(n_jobs=1)]: Done  10 out of  10 | elapsed:    0.0s finished
[Parallel(n_jobs=1)]: Done  10 out of  10 | elapsed:    0.0s finished
2026-02-03 23:26:12,441 - cmab.policy - INFO - RF Updated: samples=85, MSE=0.017938
2026-02-03 23:26:12,441 - cmab.trainer - INFO - Iteration 5 : context=[ 0.68359435  0.68359435 11.191761    0.          0.        ] arm=batch_size=100000,header_size=32,cut_condition_type=1,fast_path_timeout=400,k=3 params={'batch_size': 100000, 'header_size': 32, 'cut_condition_type': 1, 'fast_path_timeout': 400, 'k': 3}
2026-02-03 23:26:12,441 - cmab.trainer - INFO - Iteration 5 reward=0.684580 avg_reward(20)=0.684950 last_metrics=epoch_5_slot_156.json top_arm=batch_size=100000,header_size=32,cut_condition_type=3,fast_path_timeout=100,k=1 top_ratio=0.20
2026-02-03 23:26:12,443 - cmab.policy - INFO - ================================================================================
2026-02-03 23:26:12,443 - cmab.policy - INFO - SELECT ARM - Detailed Prediction Analysis
2026-02-03 23:26:12,444 - cmab.policy - INFO - Context: [ 1.6675302  1.6290914  0.        20.         0.       ]
2026-02-03 23:26:12,444 - cmab.policy - INFO - Number of trees in forest: 10
2026-02-03 23:26:12,444 - cmab.policy - INFO - 
2026-02-03 23:26:12,444 - cmab.policy - INFO - Prediction statistics across all trees:
2026-02-03 23:26:12,444 - cmab.policy - INFO -   Mean predictions (top 5 arms): [1.167410, 1.159800, 1.132626, 1.068323, 1.060714]
2026-02-03 23:26:12,444 - cmab.policy - INFO -   Std predictions (top 5 arms): [0.348791, 0.358533, 0.313271, 0.281067, 0.290485]
2026-02-03 23:26:12,444 - cmab.policy - INFO - 
2026-02-03 23:26:12,444 - cmab.policy - INFO - Top 5 arms by mean prediction:
2026-02-03 23:26:12,444 - cmab.policy - INFO -   #1: arm=batch_size=100000,header_size=32,cut_condition_type=3,fast_path_timeout=100,k=3, mean=1.167410, std=0.348791
2026-02-03 23:26:12,444 - cmab.policy - INFO -   #2: arm=batch_size=100000,header_size=32,cut_condition_type=3,fast_path_timeout=400,k=3, mean=1.159800, std=0.358533
2026-02-03 23:26:12,444 - cmab.policy - INFO -   #3: arm=batch_size=100000,header_size=32,cut_condition_type=3,fast_path_timeout=0,k=3, mean=1.132626, std=0.313271
2026-02-03 23:26:12,444 - cmab.policy - INFO -   #4: arm=batch_size=100000,header_size=64,cut_condition_type=3,fast_path_timeout=100,k=3, mean=1.068323, std=0.281067
2026-02-03 23:26:12,444 - cmab.policy - INFO -   #5: arm=batch_size=100000,header_size=64,cut_condition_type=3,fast_path_timeout=400,k=3, mean=1.060714, std=0.290485
2026-02-03 23:26:12,444 - cmab.policy - INFO - 
2026-02-03 23:26:12,444 - cmab.policy - INFO - Selected tree #10 for Thompson Sampling:
2026-02-03 23:26:12,444 - cmab.policy - INFO -   Tree depth: 9
2026-02-03 23:26:12,444 - cmab.policy - INFO -   Tree nodes: 43
2026-02-03 23:26:12,444 - cmab.policy - INFO -   Tree leaves: 22
2026-02-03 23:26:12,444 - cmab.policy - INFO -   Tree shape: (nodes=43, leaves=22, depth=9)
2026-02-03 23:26:12,444 - cmab.policy - INFO -   Tree feature importances: [0.20745027 0.03515616 0.03563625 0.11414725 0.02658457 0.34034897
 0.08039794 0.06152784 0.09050226 0.0082485 ]
2026-02-03 23:26:12,446 - cmab.policy - INFO -   Forest feature importances: [0.09099993 0.08447368 0.07975322 0.10087484 0.00321896 0.42959075
 0.09176029 0.02409723 0.02610467 0.06912644]
2026-02-03 23:26:12,446 - cmab.policy - INFO -   Top 5 predictions from this tree:
2026-02-03 23:26:12,446 - cmab.policy - INFO -     #1: arm=batch_size=100000,header_size=32,cut_condition_type=1,fast_path_timeout=0,k=1, pred=0.764131
2026-02-03 23:26:12,446 - cmab.policy - INFO -     #2: arm=batch_size=100000,header_size=64,cut_condition_type=1,fast_path_timeout=0,k=1, pred=0.764131
2026-02-03 23:26:12,446 - cmab.policy - INFO -     #3: arm=batch_size=100000,header_size=128,cut_condition_type=3,fast_path_timeout=0,k=3, pred=0.764131
2026-02-03 23:26:12,446 - cmab.policy - INFO -     #4: arm=batch_size=100000,header_size=128,cut_condition_type=3,fast_path_timeout=0,k=1, pred=0.764131
2026-02-03 23:26:12,446 - cmab.policy - INFO -     #5: arm=batch_size=100000,header_size=128,cut_condition_type=1,fast_path_timeout=0,k=1, pred=0.764131
2026-02-03 23:26:12,446 - cmab.policy - INFO - 
2026-02-03 23:26:12,447 - cmab.policy - INFO -   Found 12 arms with same max prediction (0.764131), randomly selecting one...
2026-02-03 23:26:12,447 - cmab.policy - INFO - 
2026-02-03 23:26:12,447 - cmab.policy - INFO - ✓ SELECTED ARM: batch_size=100000,header_size=32,cut_condition_type=1,fast_path_timeout=0,k=3 (prediction=0.764131)
2026-02-03 23:26:12,447 - cmab.policy - INFO - ================================================================================
2026-02-03 23:26:12,450 - cmab.trainer - INFO - Updated parameters file: /home/ccclr0302/autobahn-test/benchmark/.parameters-0.json
2026-02-03 23:26:12,450 - cmab.trainer - INFO - 🚩 Created RL parameter update signal file (epoch 5): /tmp/autobahn_rl_param_update_5.signal
2026-02-03 23:26:12,450 - cmab.trainer - INFO - Applied params: {'batch_size': 100000, 'header_size': 32, 'cut_condition_type': 1, 'fast_path_timeout': 0, 'k': 3}
2026-02-03 23:26:12,450 - cmab.trainer - INFO - Waiting for next metrics file...
2026-02-03 23:26:29,496 - cmab.trainer - INFO - Iteration 6 : context=[ 1.6675302  1.6290914  0.        20.         0.       ] arm=batch_size=100000,header_size=32,cut_condition_type=1,fast_path_timeout=0,k=3 params={'batch_size': 100000, 'header_size': 32, 'cut_condition_type': 1, 'fast_path_timeout': 0, 'k': 3}
2026-02-03 23:26:29,496 - cmab.trainer - INFO - Iteration 6 reward=0.837919 avg_reward(20)=0.710445 last_metrics=epoch_6_slot_187.json top_arm=batch_size=100000,header_size=32,cut_condition_type=3,fast_path_timeout=100,k=1 top_ratio=0.17
2026-02-03 23:26:29,499 - cmab.policy - INFO - ================================================================================
2026-02-03 23:26:29,499 - cmab.policy - INFO - SELECT ARM - Detailed Prediction Analysis
2026-02-03 23:26:29,499 - cmab.policy - INFO - Context: [ 1.8159153  1.637989  20.         0.         0.       ]
2026-02-03 23:26:29,499 - cmab.policy - INFO - Number of trees in forest: 10
2026-02-03 23:26:29,499 - cmab.policy - INFO - 
2026-02-03 23:26:29,499 - cmab.policy - INFO - Prediction statistics across all trees:
2026-02-03 23:26:29,499 - cmab.policy - INFO -   Mean predictions (top 5 arms): [0.827548, 0.823857, 0.815682, 0.810968, 0.807678]
2026-02-03 23:26:29,499 - cmab.policy - INFO -   Std predictions (top 5 arms): [0.325043, 0.244488, 0.259396, 0.240302, 0.331133]
2026-02-03 23:26:29,499 - cmab.policy - INFO - 
2026-02-03 23:26:29,499 - cmab.policy - INFO - Top 5 arms by mean prediction:
2026-02-03 23:26:29,499 - cmab.policy - INFO -   #1: arm=batch_size=100000,header_size=32,cut_condition_type=3,fast_path_timeout=100,k=3, mean=0.827548, std=0.325043
2026-02-03 23:26:29,499 - cmab.policy - INFO -   #2: arm=batch_size=100000,header_size=32,cut_condition_type=3,fast_path_timeout=100,k=1, mean=0.823857, std=0.244488
2026-02-03 23:26:29,499 - cmab.policy - INFO -   #3: arm=batch_size=100000,header_size=32,cut_condition_type=3,fast_path_timeout=400,k=1, mean=0.815682, std=0.259396
2026-02-03 23:26:29,499 - cmab.policy - INFO -   #4: arm=batch_size=100000,header_size=32,cut_condition_type=3,fast_path_timeout=0,k=1, mean=0.810968, std=0.240302
2026-02-03 23:26:29,499 - cmab.policy - INFO -   #5: arm=batch_size=100000,header_size=32,cut_condition_type=3,fast_path_timeout=400,k=3, mean=0.807678, std=0.331133
2026-02-03 23:26:29,499 - cmab.policy - INFO - 
2026-02-03 23:26:29,499 - cmab.policy - INFO - Selected tree #10 for Thompson Sampling:
2026-02-03 23:26:29,499 - cmab.policy - INFO -   Tree depth: 9
2026-02-03 23:26:29,499 - cmab.policy - INFO -   Tree nodes: 43
2026-02-03 23:26:29,500 - cmab.policy - INFO -   Tree leaves: 22
2026-02-03 23:26:29,500 - cmab.policy - INFO -   Tree shape: (nodes=43, leaves=22, depth=9)
2026-02-03 23:26:29,500 - cmab.policy - INFO -   Tree feature importances: [0.20745027 0.03515616 0.03563625 0.11414725 0.02658457 0.34034897
 0.08039794 0.06152784 0.09050226 0.0082485 ]
2026-02-03 23:26:29,502 - cmab.policy - INFO -   Forest feature importances: [0.09099993 0.08447368 0.07975322 0.10087484 0.00321896 0.42959075
 0.09176029 0.02409723 0.02610467 0.06912644]
2026-02-03 23:26:29,502 - cmab.policy - INFO -   Top 5 predictions from this tree:
2026-02-03 23:26:29,502 - cmab.policy - INFO -     #1: arm=batch_size=100000,header_size=32,cut_condition_type=1,fast_path_timeout=0,k=1, pred=0.764131
2026-02-03 23:26:29,502 - cmab.policy - INFO -     #2: arm=batch_size=100000,header_size=64,cut_condition_type=3,fast_path_timeout=0,k=1, pred=0.764131
2026-02-03 23:26:29,502 - cmab.policy - INFO -     #3: arm=batch_size=100000,header_size=128,cut_condition_type=3,fast_path_timeout=0,k=3, pred=0.764131
2026-02-03 23:26:29,502 - cmab.policy - INFO -     #4: arm=batch_size=100000,header_size=128,cut_condition_type=3,fast_path_timeout=0,k=1, pred=0.764131
2026-02-03 23:26:29,502 - cmab.policy - INFO -     #5: arm=batch_size=100000,header_size=128,cut_condition_type=1,fast_path_timeout=0,k=3, pred=0.764131
2026-02-03 23:26:29,502 - cmab.policy - INFO - 
2026-02-03 23:26:29,502 - cmab.policy - INFO -   Found 12 arms with same max prediction (0.764131), randomly selecting one...
2026-02-03 23:26:29,502 - cmab.policy - INFO - 
2026-02-03 23:26:29,502 - cmab.policy - INFO - ✓ SELECTED ARM: batch_size=100000,header_size=32,cut_condition_type=3,fast_path_timeout=0,k=1 (prediction=0.764131)
2026-02-03 23:26:29,502 - cmab.policy - INFO - ================================================================================
2026-02-03 23:26:29,505 - cmab.trainer - INFO - Updated parameters file: /home/ccclr0302/autobahn-test/benchmark/.parameters-0.json
2026-02-03 23:26:29,505 - cmab.trainer - INFO - 🚩 Created RL parameter update signal file (epoch 6): /tmp/autobahn_rl_param_update_6.signal
2026-02-03 23:26:29,505 - cmab.trainer - INFO - Applied params: {'batch_size': 100000, 'header_size': 32, 'cut_condition_type': 3, 'fast_path_timeout': 0, 'k': 1}
2026-02-03 23:26:29,505 - cmab.trainer - INFO - Waiting for next metrics file...
2026-02-03 23:26:49,660 - cmab.trainer - INFO - Iteration 7 : context=[ 1.8159153  1.637989  20.         0.         0.       ] arm=batch_size=100000,header_size=32,cut_condition_type=3,fast_path_timeout=0,k=1 params={'batch_size': 100000, 'header_size': 32, 'cut_condition_type': 3, 'fast_path_timeout': 0, 'k': 1}
2026-02-03 23:26:49,660 - cmab.trainer - INFO - Iteration 7 reward=0.933335 avg_reward(20)=0.742286 last_metrics=epoch_7_slot_216.json top_arm=batch_size=100000,header_size=32,cut_condition_type=3,fast_path_timeout=100,k=1 top_ratio=0.14
2026-02-03 23:26:49,663 - cmab.policy - INFO - ================================================================================
2026-02-03 23:26:49,663 - cmab.policy - INFO - SELECT ARM - Detailed Prediction Analysis
2026-02-03 23:26:49,663 - cmab.policy - INFO - Context: [ 1.6174295 20.         1.6596293  0.         0.       ]
2026-02-03 23:26:49,663 - cmab.policy - INFO - Number of trees in forest: 10
2026-02-03 23:26:49,663 - cmab.policy - INFO - 
2026-02-03 23:26:49,663 - cmab.policy - INFO - Prediction statistics across all trees:
2026-02-03 23:26:49,663 - cmab.policy - INFO -   Mean predictions (top 5 arms): [0.915247, 0.911170, 0.902995, 0.898281, 0.895377]
2026-02-03 23:26:49,663 - cmab.policy - INFO -   Std predictions (top 5 arms): [0.353441, 0.208995, 0.229388, 0.209524, 0.363871]
2026-02-03 23:26:49,663 - cmab.policy - INFO - 
2026-02-03 23:26:49,663 - cmab.policy - INFO - Top 5 arms by mean prediction:
2026-02-03 23:26:49,663 - cmab.policy - INFO -   #1: arm=batch_size=100000,header_size=32,cut_condition_type=3,fast_path_timeout=100,k=3, mean=0.915247, std=0.353441
2026-02-03 23:26:49,663 - cmab.policy - INFO -   #2: arm=batch_size=100000,header_size=32,cut_condition_type=3,fast_path_timeout=100,k=1, mean=0.911170, std=0.208995
2026-02-03 23:26:49,663 - cmab.policy - INFO -   #3: arm=batch_size=100000,header_size=32,cut_condition_type=3,fast_path_timeout=400,k=1, mean=0.902995, std=0.229388
2026-02-03 23:26:49,663 - cmab.policy - INFO -   #4: arm=batch_size=100000,header_size=32,cut_condition_type=3,fast_path_timeout=0,k=1, mean=0.898281, std=0.209524
2026-02-03 23:26:49,663 - cmab.policy - INFO -   #5: arm=batch_size=100000,header_size=32,cut_condition_type=3,fast_path_timeout=400,k=3, mean=0.895377, std=0.363871
2026-02-03 23:26:49,663 - cmab.policy - INFO - 
2026-02-03 23:26:49,663 - cmab.policy - INFO - Selected tree #4 for Thompson Sampling:
2026-02-03 23:26:49,663 - cmab.policy - INFO -   Tree depth: 7
2026-02-03 23:26:49,663 - cmab.policy - INFO -   Tree nodes: 45
2026-02-03 23:26:49,664 - cmab.policy - INFO -   Tree leaves: 23
2026-02-03 23:26:49,664 - cmab.policy - INFO -   Tree shape: (nodes=45, leaves=23, depth=7)
2026-02-03 23:26:49,664 - cmab.policy - INFO -   Tree feature importances: [0.11760206 0.15469226 0.1988661  0.07986597 0.00065463 0.34694088
 0.09024464 0.         0.01113346 0.        ]
2026-02-03 23:26:49,666 - cmab.policy - INFO -   Forest feature importances: [0.09099993 0.08447368 0.07975322 0.10087484 0.00321896 0.42959075
 0.09176029 0.02409723 0.02610467 0.06912644]
2026-02-03 23:26:49,666 - cmab.policy - INFO -   Top 5 predictions from this tree:
2026-02-03 23:26:49,666 - cmab.policy - INFO -     #1: arm=batch_size=100000,header_size=32,cut_condition_type=1,fast_path_timeout=0,k=1, pred=0.769015
2026-02-03 23:26:49,666 - cmab.policy - INFO -     #2: arm=batch_size=100000,header_size=64,cut_condition_type=3,fast_path_timeout=0,k=1, pred=0.769015
2026-02-03 23:26:49,666 - cmab.policy - INFO -     #3: arm=batch_size=100000,header_size=64,cut_condition_type=3,fast_path_timeout=100,k=1, pred=0.769015
2026-02-03 23:26:49,666 - cmab.policy - INFO -     #4: arm=batch_size=100000,header_size=64,cut_condition_type=3,fast_path_timeout=100,k=3, pred=0.769015
2026-02-03 23:26:49,666 - cmab.policy - INFO -     #5: arm=batch_size=100000,header_size=64,cut_condition_type=3,fast_path_timeout=400,k=1, pred=0.769015
2026-02-03 23:26:49,666 - cmab.policy - INFO - 
2026-02-03 23:26:49,666 - cmab.policy - INFO -   Found 36 arms with same max prediction (0.769015), randomly selecting one...
2026-02-03 23:26:49,666 - cmab.policy - INFO - 
2026-02-03 23:26:49,666 - cmab.policy - INFO - ✓ SELECTED ARM: batch_size=100000,header_size=64,cut_condition_type=1,fast_path_timeout=400,k=3 (prediction=0.769015)
2026-02-03 23:26:49,666 - cmab.policy - INFO - ================================================================================
2026-02-03 23:26:49,669 - cmab.trainer - INFO - Updated parameters file: /home/ccclr0302/autobahn-test/benchmark/.parameters-0.json
2026-02-03 23:26:49,669 - cmab.trainer - INFO - 🚩 Created RL parameter update signal file (epoch 7): /tmp/autobahn_rl_param_update_7.signal
2026-02-03 23:26:49,669 - cmab.trainer - INFO - Applied params: {'batch_size': 100000, 'header_size': 64, 'cut_condition_type': 1, 'fast_path_timeout': 400, 'k': 3}
2026-02-03 23:26:49,669 - cmab.trainer - INFO - Waiting for next metrics file...
2026-02-03 23:27:08,726 - cmab.trainer - INFO - Iteration 8 : context=[ 1.6174295 20.         1.6596293  0.         0.       ] arm=batch_size=100000,header_size=64,cut_condition_type=1,fast_path_timeout=400,k=3 params={'batch_size': 100000, 'header_size': 64, 'cut_condition_type': 1, 'fast_path_timeout': 400, 'k': 3}
2026-02-03 23:27:08,726 - cmab.trainer - INFO - Iteration 8 reward=0.565892 avg_reward(20)=0.720237 last_metrics=epoch_8_slot_246.json top_arm=batch_size=100000,header_size=64,cut_condition_type=1,fast_path_timeout=400,k=3 top_ratio=0.25
2026-02-03 23:27:08,729 - cmab.policy - INFO - ================================================================================
2026-02-03 23:27:08,729 - cmab.policy - INFO - SELECT ARM - Detailed Prediction Analysis
2026-02-03 23:27:08,729 - cmab.policy - INFO - Context: [0.7203705  0.57930374 9.678107   0.         0.        ]
2026-02-03 23:27:08,729 - cmab.policy - INFO - Number of trees in forest: 10
2026-02-03 23:27:08,729 - cmab.policy - INFO - 
2026-02-03 23:27:08,729 - cmab.policy - INFO - Prediction statistics across all trees:
2026-02-03 23:27:08,729 - cmab.policy - INFO -   Mean predictions (top 5 arms): [0.757304, 0.753613, 0.753613, 0.745438, 0.745438]
2026-02-03 23:27:08,729 - cmab.policy - INFO -   Std predictions (top 5 arms): [0.259131, 0.144054, 0.144054, 0.164667, 0.164667]
2026-02-03 23:27:08,729 - cmab.policy - INFO - 
2026-02-03 23:27:08,729 - cmab.policy - INFO - Top 5 arms by mean prediction:
2026-02-03 23:27:08,729 - cmab.policy - INFO -   #1: arm=batch_size=100000,header_size=32,cut_condition_type=3,fast_path_timeout=100,k=3, mean=0.757304, std=0.259131
2026-02-03 23:27:08,729 - cmab.policy - INFO -   #2: arm=batch_size=100000,header_size=32,cut_condition_type=3,fast_path_timeout=100,k=1, mean=0.753613, std=0.144054
2026-02-03 23:27:08,729 - cmab.policy - INFO -   #3: arm=batch_size=100000,header_size=32,cut_condition_type=1,fast_path_timeout=100,k=1, mean=0.753613, std=0.144054
2026-02-03 23:27:08,729 - cmab.policy - INFO -   #4: arm=batch_size=100000,header_size=32,cut_condition_type=1,fast_path_timeout=400,k=1, mean=0.745438, std=0.164667
2026-02-03 23:27:08,729 - cmab.policy - INFO -   #5: arm=batch_size=100000,header_size=32,cut_condition_type=3,fast_path_timeout=400,k=1, mean=0.745438, std=0.164667
2026-02-03 23:27:08,730 - cmab.policy - INFO - 
2026-02-03 23:27:08,730 - cmab.policy - INFO - Selected tree #6 for Thompson Sampling:
2026-02-03 23:27:08,730 - cmab.policy - INFO -   Tree depth: 8
2026-02-03 23:27:08,730 - cmab.policy - INFO -   Tree nodes: 47
2026-02-03 23:27:08,730 - cmab.policy - INFO -   Tree leaves: 24
2026-02-03 23:27:08,730 - cmab.policy - INFO -   Tree shape: (nodes=47, leaves=24, depth=8)
2026-02-03 23:27:08,730 - cmab.policy - INFO -   Tree feature importances: [1.38716682e-01 2.15911561e-02 1.58070397e-03 2.90345882e-04
 3.14556461e-03 5.84647167e-01 7.82141131e-02 6.66298756e-02
 3.98212663e-02 6.53631248e-02]
2026-02-03 23:27:08,732 - cmab.policy - INFO -   Forest feature importances: [0.09099993 0.08447368 0.07975322 0.10087484 0.00321896 0.42959075
 0.09176029 0.02409723 0.02610467 0.06912644]
2026-02-03 23:27:08,732 - cmab.policy - INFO -   Top 5 predictions from this tree:
2026-02-03 23:27:08,732 - cmab.policy - INFO -     #1: arm=batch_size=100000,header_size=32,cut_condition_type=3,fast_path_timeout=100,k=3, pred=1.516949
2026-02-03 23:27:08,732 - cmab.policy - INFO -     #2: arm=batch_size=100000,header_size=32,cut_condition_type=3,fast_path_timeout=400,k=3, pred=1.516949
2026-02-03 23:27:08,732 - cmab.policy - INFO -     #3: arm=batch_size=100000,header_size=128,cut_condition_type=3,fast_path_timeout=400,k=3, pred=1.316320
2026-02-03 23:27:08,732 - cmab.policy - INFO -     #4: arm=batch_size=100000,header_size=64,cut_condition_type=3,fast_path_timeout=400,k=3, pred=1.316320
2026-02-03 23:27:08,732 - cmab.policy - INFO -     #5: arm=batch_size=100000,header_size=64,cut_condition_type=3,fast_path_timeout=100,k=3, pred=1.316320
2026-02-03 23:27:08,732 - cmab.policy - INFO - 
2026-02-03 23:27:08,732 - cmab.policy - INFO -   Found 2 arms with same max prediction (1.516949), randomly selecting one...
2026-02-03 23:27:08,732 - cmab.policy - INFO - 
2026-02-03 23:27:08,732 - cmab.policy - INFO - ✓ SELECTED ARM: batch_size=100000,header_size=32,cut_condition_type=3,fast_path_timeout=100,k=3 (prediction=1.516949)
2026-02-03 23:27:08,732 - cmab.policy - INFO - ================================================================================
2026-02-03 23:27:08,735 - cmab.trainer - INFO - Updated parameters file: /home/ccclr0302/autobahn-test/benchmark/.parameters-0.json
2026-02-03 23:27:08,735 - cmab.trainer - INFO - 🚩 Created RL parameter update signal file (epoch 8): /tmp/autobahn_rl_param_update_8.signal
2026-02-03 23:27:08,736 - cmab.trainer - INFO - Applied params: {'batch_size': 100000, 'header_size': 32, 'cut_condition_type': 3, 'fast_path_timeout': 100, 'k': 3}
2026-02-03 23:27:08,736 - cmab.trainer - INFO - Waiting for next metrics file...
2026-02-03 23:27:28,493 - cmab.trainer - INFO - Iteration 9 : context=[0.7203705  0.57930374 9.678107   0.         0.        ] arm=batch_size=100000,header_size=32,cut_condition_type=3,fast_path_timeout=100,k=3 params={'batch_size': 100000, 'header_size': 32, 'cut_condition_type': 3, 'fast_path_timeout': 100, 'k': 3}
2026-02-03 23:27:28,493 - cmab.trainer - INFO - Iteration 9 reward=0.807530 avg_reward(20)=0.729936 last_metrics=epoch_9_slot_276.json top_arm=batch_size=100000,header_size=64,cut_condition_type=1,fast_path_timeout=400,k=3 top_ratio=0.22
2026-02-03 23:27:28,496 - cmab.policy - INFO - ================================================================================
2026-02-03 23:27:28,496 - cmab.policy - INFO - SELECT ARM - Detailed Prediction Analysis
2026-02-03 23:27:28,496 - cmab.policy - INFO - Context: [ 1.6505643 20.         1.6505643  0.         0.       ]
2026-02-03 23:27:28,496 - cmab.policy - INFO - Number of trees in forest: 10
2026-02-03 23:27:28,496 - cmab.policy - INFO - 
2026-02-03 23:27:28,496 - cmab.policy - INFO - Prediction statistics across all trees:
2026-02-03 23:27:28,496 - cmab.policy - INFO -   Mean predictions (top 5 arms): [0.915247, 0.911170, 0.902995, 0.898281, 0.895377]
2026-02-03 23:27:28,496 - cmab.policy - INFO -   Std predictions (top 5 arms): [0.353441, 0.208995, 0.229388, 0.209524, 0.363871]
2026-02-03 23:27:28,496 - cmab.policy - INFO - 
2026-02-03 23:27:28,496 - cmab.policy - INFO - Top 5 arms by mean prediction:
2026-02-03 23:27:28,496 - cmab.policy - INFO -   #1: arm=batch_size=100000,header_size=32,cut_condition_type=3,fast_path_timeout=100,k=3, mean=0.915247, std=0.353441
2026-02-03 23:27:28,496 - cmab.policy - INFO -   #2: arm=batch_size=100000,header_size=32,cut_condition_type=3,fast_path_timeout=100,k=1, mean=0.911170, std=0.208995
2026-02-03 23:27:28,496 - cmab.policy - INFO -   #3: arm=batch_size=100000,header_size=32,cut_condition_type=3,fast_path_timeout=400,k=1, mean=0.902995, std=0.229388
2026-02-03 23:27:28,496 - cmab.policy - INFO -   #4: arm=batch_size=100000,header_size=32,cut_condition_type=3,fast_path_timeout=0,k=1, mean=0.898281, std=0.209524
2026-02-03 23:27:28,496 - cmab.policy - INFO -   #5: arm=batch_size=100000,header_size=32,cut_condition_type=3,fast_path_timeout=400,k=3, mean=0.895377, std=0.363871
2026-02-03 23:27:28,496 - cmab.policy - INFO - 
2026-02-03 23:27:28,497 - cmab.policy - INFO - Selected tree #3 for Thompson Sampling:
2026-02-03 23:27:28,497 - cmab.policy - INFO -   Tree depth: 8
2026-02-03 23:27:28,497 - cmab.policy - INFO -   Tree nodes: 51
2026-02-03 23:27:28,497 - cmab.policy - INFO -   Tree leaves: 26
2026-02-03 23:27:28,497 - cmab.policy - INFO -   Tree shape: (nodes=51, leaves=26, depth=8)
2026-02-03 23:27:28,497 - cmab.policy - INFO -   Tree feature importances: [0.0826941  0.14137524 0.00400148 0.06599737 0.         0.4150071
 0.07594206 0.05760783 0.0486663  0.10870852]
2026-02-03 23:27:28,499 - cmab.policy - INFO -   Forest feature importances: [0.09099993 0.08447368 0.07975322 0.10087484 0.00321896 0.42959075
 0.09176029 0.02409723 0.02610467 0.06912644]
2026-02-03 23:27:28,499 - cmab.policy - INFO -   Top 5 predictions from this tree:
2026-02-03 23:27:28,499 - cmab.policy - INFO -     #1: arm=batch_size=100000,header_size=32,cut_condition_type=3,fast_path_timeout=0,k=3, pred=1.403061
2026-02-03 23:27:28,499 - cmab.policy - INFO -     #2: arm=batch_size=100000,header_size=32,cut_condition_type=3,fast_path_timeout=100,k=3, pred=1.403061
2026-02-03 23:27:28,499 - cmab.policy - INFO -     #3: arm=batch_size=100000,header_size=32,cut_condition_type=3,fast_path_timeout=400,k=3, pred=1.403061
2026-02-03 23:27:28,499 - cmab.policy - INFO -     #4: arm=batch_size=100000,header_size=64,cut_condition_type=3,fast_path_timeout=400,k=3, pred=1.291638
2026-02-03 23:27:28,499 - cmab.policy - INFO -     #5: arm=batch_size=100000,header_size=128,cut_condition_type=3,fast_path_timeout=400,k=3, pred=1.291638
2026-02-03 23:27:28,499 - cmab.policy - INFO - 
2026-02-03 23:27:28,499 - cmab.policy - INFO -   Found 3 arms with same max prediction (1.403061), randomly selecting one...
2026-02-03 23:27:28,499 - cmab.policy - INFO - 
2026-02-03 23:27:28,499 - cmab.policy - INFO - ✓ SELECTED ARM: batch_size=100000,header_size=32,cut_condition_type=3,fast_path_timeout=400,k=3 (prediction=1.403061)
2026-02-03 23:27:28,499 - cmab.policy - INFO - ================================================================================
2026-02-03 23:27:28,692 - cmab.trainer - INFO - Updated parameters file: /home/ccclr0302/autobahn-test/benchmark/.parameters-0.json
2026-02-03 23:27:28,692 - cmab.trainer - INFO - 🚩 Created RL parameter update signal file (epoch 9): /tmp/autobahn_rl_param_update_9.signal
2026-02-03 23:27:28,692 - cmab.trainer - INFO - Applied params: {'batch_size': 100000, 'header_size': 32, 'cut_condition_type': 3, 'fast_path_timeout': 400, 'k': 3}
2026-02-03 23:27:28,692 - cmab.trainer - INFO - Waiting for next metrics file...
[Parallel(n_jobs=1)]: Done  10 out of  10 | elapsed:    0.0s finished
[Parallel(n_jobs=1)]: Done  10 out of  10 | elapsed:    0.0s finished
2026-02-03 23:27:45,449 - cmab.policy - INFO - RF Updated: samples=90, MSE=0.019389
2026-02-03 23:27:45,449 - cmab.trainer - INFO - Iteration 10 : context=[ 1.6505643 20.         1.6505643  0.         0.       ] arm=batch_size=100000,header_size=32,cut_condition_type=3,fast_path_timeout=400,k=3 params={'batch_size': 100000, 'header_size': 32, 'cut_condition_type': 3, 'fast_path_timeout': 400, 'k': 3}
2026-02-03 23:27:45,449 - cmab.trainer - INFO - Iteration 10 reward=0.646703 avg_reward(20)=0.721613 last_metrics=epoch_10_slot_306.json top_arm=batch_size=100000,header_size=64,cut_condition_type=1,fast_path_timeout=400,k=3 top_ratio=0.20
2026-02-03 23:27:45,457 - cmab.trainer - INFO - Saved checkpoint: /tmp/cmab_continuous_checkpoints/cmab_checkpoint_10.pkl
2026-02-03 23:27:45,459 - cmab.policy - INFO - ================================================================================
2026-02-03 23:27:45,459 - cmab.policy - INFO - SELECT ARM - Detailed Prediction Analysis
2026-02-03 23:27:45,459 - cmab.policy - INFO - Context: [ 1.7126806  1.7126806 20.         0.         0.       ]
2026-02-03 23:27:45,459 - cmab.policy - INFO - Number of trees in forest: 10
2026-02-03 23:27:45,459 - cmab.policy - INFO - 
2026-02-03 23:27:45,459 - cmab.policy - INFO - Prediction statistics across all trees:
2026-02-03 23:27:45,459 - cmab.policy - INFO -   Mean predictions (top 5 arms): [0.913869, 0.896202, 0.896202, 0.893414, 0.882020]
2026-02-03 23:27:45,459 - cmab.policy - INFO -   Std predictions (top 5 arms): [0.242729, 0.146054, 0.146054, 0.200253, 0.138585]
2026-02-03 23:27:45,459 - cmab.policy - INFO - 
2026-02-03 23:27:45,459 - cmab.policy - INFO - Top 5 arms by mean prediction:
2026-02-03 23:27:45,459 - cmab.policy - INFO -   #1: arm=batch_size=100000,header_size=32,cut_condition_type=3,fast_path_timeout=100,k=3, mean=0.913869, std=0.242729
2026-02-03 23:27:45,459 - cmab.policy - INFO -   #2: arm=batch_size=100000,header_size=32,cut_condition_type=3,fast_path_timeout=100,k=1, mean=0.896202, std=0.146054
2026-02-03 23:27:45,459 - cmab.policy - INFO -   #3: arm=batch_size=100000,header_size=32,cut_condition_type=3,fast_path_timeout=0,k=1, mean=0.896202, std=0.146054
2026-02-03 23:27:45,459 - cmab.policy - INFO -   #4: arm=batch_size=100000,header_size=64,cut_condition_type=3,fast_path_timeout=100,k=3, mean=0.893414, std=0.200253
2026-02-03 23:27:45,459 - cmab.policy - INFO -   #5: arm=batch_size=100000,header_size=64,cut_condition_type=3,fast_path_timeout=100,k=1, mean=0.882020, std=0.138585
2026-02-03 23:27:45,459 - cmab.policy - INFO - 
2026-02-03 23:27:45,460 - cmab.policy - INFO - Selected tree #5 for Thompson Sampling:
2026-02-03 23:27:45,460 - cmab.policy - INFO -   Tree depth: 9
2026-02-03 23:27:45,460 - cmab.policy - INFO -   Tree nodes: 47
2026-02-03 23:27:45,460 - cmab.policy - INFO -   Tree leaves: 24
2026-02-03 23:27:45,460 - cmab.policy - INFO -   Tree shape: (nodes=47, leaves=24, depth=9)
2026-02-03 23:27:45,460 - cmab.policy - INFO -   Tree feature importances: [0.07760682 0.05969276 0.12550741 0.13070609 0.         0.33811207
 0.08746471 0.07172785 0.10753041 0.00165189]
2026-02-03 23:27:45,462 - cmab.policy - INFO -   Forest feature importances: [0.07072578 0.04909931 0.09837559 0.13315682 0.02255385 0.39239887
 0.11272979 0.03509734 0.04290557 0.04295707]
2026-02-03 23:27:45,462 - cmab.policy - INFO -   Top 5 predictions from this tree:
2026-02-03 23:27:45,462 - cmab.policy - INFO -     #1: arm=batch_size=100000,header_size=32,cut_condition_type=1,fast_path_timeout=0,k=1, pred=0.866470
2026-02-03 23:27:45,462 - cmab.policy - INFO -     #2: arm=batch_size=100000,header_size=64,cut_condition_type=1,fast_path_timeout=100,k=1, pred=0.866470
2026-02-03 23:27:45,462 - cmab.policy - INFO -     #3: arm=batch_size=100000,header_size=128,cut_condition_type=1,fast_path_timeout=0,k=3, pred=0.866470
2026-02-03 23:27:45,462 - cmab.policy - INFO -     #4: arm=batch_size=100000,header_size=128,cut_condition_type=1,fast_path_timeout=100,k=1, pred=0.866470
2026-02-03 23:27:45,462 - cmab.policy - INFO -     #5: arm=batch_size=100000,header_size=128,cut_condition_type=1,fast_path_timeout=100,k=3, pred=0.866470
2026-02-03 23:27:45,462 - cmab.policy - INFO - 
2026-02-03 23:27:45,462 - cmab.policy - INFO -   Found 24 arms with same max prediction (0.866470), randomly selecting one...
2026-02-03 23:27:45,462 - cmab.policy - INFO - 
2026-02-03 23:27:45,462 - cmab.policy - INFO - ✓ SELECTED ARM: batch_size=100000,header_size=128,cut_condition_type=3,fast_path_timeout=0,k=1 (prediction=0.866470)
2026-02-03 23:27:45,462 - cmab.policy - INFO - ================================================================================
2026-02-03 23:27:45,466 - cmab.trainer - INFO - Updated parameters file: /home/ccclr0302/autobahn-test/benchmark/.parameters-0.json
2026-02-03 23:27:45,466 - cmab.trainer - INFO - 🚩 Created RL parameter update signal file (epoch 10): /tmp/autobahn_rl_param_update_10.signal
2026-02-03 23:27:45,466 - cmab.trainer - INFO - Applied params: {'batch_size': 100000, 'header_size': 128, 'cut_condition_type': 3, 'fast_path_timeout': 0, 'k': 1}
2026-02-03 23:27:45,466 - cmab.trainer - INFO - Waiting for next metrics file...
2026-02-03 23:28:08,927 - cmab.trainer - INFO - Iteration 11 : context=[ 1.7126806  1.7126806 20.         0.         0.       ] arm=batch_size=100000,header_size=128,cut_condition_type=3,fast_path_timeout=0,k=1 params={'batch_size': 100000, 'header_size': 128, 'cut_condition_type': 3, 'fast_path_timeout': 0, 'k': 1}
2026-02-03 23:28:08,928 - cmab.trainer - INFO - Iteration 11 reward=0.868309 avg_reward(20)=0.734949 last_metrics=epoch_11_slot_336.json top_arm=batch_size=100000,header_size=64,cut_condition_type=1,fast_path_timeout=400,k=3 top_ratio=0.18
2026-02-03 23:28:08,930 - cmab.policy - INFO - ================================================================================
2026-02-03 23:28:08,930 - cmab.policy - INFO - SELECT ARM - Detailed Prediction Analysis
2026-02-03 23:28:08,930 - cmab.policy - INFO - Context: [0.11695343 0.         5.298105   0.08194565 0.        ]
2026-02-03 23:28:08,930 - cmab.policy - INFO - Number of trees in forest: 10
2026-02-03 23:28:08,930 - cmab.policy - INFO - 
2026-02-03 23:28:08,930 - cmab.policy - INFO - Prediction statistics across all trees:
2026-02-03 23:28:08,931 - cmab.policy - INFO -   Mean predictions (top 5 arms): [0.896403, 0.876835, 0.876835, 0.875949, 0.863804]
2026-02-03 23:28:08,931 - cmab.policy - INFO -   Std predictions (top 5 arms): [0.223939, 0.113467, 0.113467, 0.174980, 0.176530]
2026-02-03 23:28:08,931 - cmab.policy - INFO - 
2026-02-03 23:28:08,931 - cmab.policy - INFO - Top 5 arms by mean prediction:
2026-02-03 23:28:08,931 - cmab.policy - INFO -   #1: arm=batch_size=100000,header_size=32,cut_condition_type=3,fast_path_timeout=100,k=3, mean=0.896403, std=0.223939
2026-02-03 23:28:08,931 - cmab.policy - INFO -   #2: arm=batch_size=100000,header_size=32,cut_condition_type=3,fast_path_timeout=0,k=1, mean=0.876835, std=0.113467
2026-02-03 23:28:08,931 - cmab.policy - INFO -   #3: arm=batch_size=100000,header_size=32,cut_condition_type=3,fast_path_timeout=100,k=1, mean=0.876835, std=0.113467
2026-02-03 23:28:08,931 - cmab.policy - INFO -   #4: arm=batch_size=100000,header_size=64,cut_condition_type=3,fast_path_timeout=100,k=3, mean=0.875949, std=0.174980
2026-02-03 23:28:08,931 - cmab.policy - INFO -   #5: arm=batch_size=100000,header_size=128,cut_condition_type=3,fast_path_timeout=100,k=3, mean=0.863804, std=0.176530
2026-02-03 23:28:08,931 - cmab.policy - INFO - 
2026-02-03 23:28:08,931 - cmab.policy - INFO - Selected tree #9 for Thompson Sampling:
2026-02-03 23:28:08,931 - cmab.policy - INFO -   Tree depth: 10
2026-02-03 23:28:08,931 - cmab.policy - INFO -   Tree nodes: 49
2026-02-03 23:28:08,931 - cmab.policy - INFO -   Tree leaves: 25
2026-02-03 23:28:08,931 - cmab.policy - INFO -   Tree shape: (nodes=49, leaves=25, depth=10)
2026-02-03 23:28:08,931 - cmab.policy - INFO -   Tree feature importances: [0.08608953 0.00662758 0.07334048 0.04265429 0.01335767 0.37386548
 0.16224425 0.05839431 0.02649298 0.15693344]
2026-02-03 23:28:08,933 - cmab.policy - INFO -   Forest feature importances: [0.07072578 0.04909931 0.09837559 0.13315682 0.02255385 0.39239887
 0.11272979 0.03509734 0.04290557 0.04295707]
2026-02-03 23:28:08,933 - cmab.policy - INFO -   Top 5 predictions from this tree:
2026-02-03 23:28:08,933 - cmab.policy - INFO -     #1: arm=batch_size=100000,header_size=32,cut_condition_type=3,fast_path_timeout=100,k=3, pred=1.465869
2026-02-03 23:28:08,933 - cmab.policy - INFO -     #2: arm=batch_size=100000,header_size=32,cut_condition_type=3,fast_path_timeout=400,k=3, pred=1.465869
2026-02-03 23:28:08,933 - cmab.policy - INFO -     #3: arm=batch_size=100000,header_size=128,cut_condition_type=3,fast_path_timeout=400,k=3, pred=1.261323
2026-02-03 23:28:08,933 - cmab.policy - INFO -     #4: arm=batch_size=100000,header_size=64,cut_condition_type=3,fast_path_timeout=400,k=3, pred=1.261323
2026-02-03 23:28:08,933 - cmab.policy - INFO -     #5: arm=batch_size=100000,header_size=128,cut_condition_type=3,fast_path_timeout=100,k=3, pred=1.261323
2026-02-03 23:28:08,933 - cmab.policy - INFO - 
2026-02-03 23:28:08,933 - cmab.policy - INFO -   Found 2 arms with same max prediction (1.465869), randomly selecting one...
2026-02-03 23:28:08,933 - cmab.policy - INFO - 
2026-02-03 23:28:08,933 - cmab.policy - INFO - ✓ SELECTED ARM: batch_size=100000,header_size=32,cut_condition_type=3,fast_path_timeout=100,k=3 (prediction=1.465869)
2026-02-03 23:28:08,933 - cmab.policy - INFO - ================================================================================
2026-02-03 23:28:09,188 - cmab.trainer - INFO - Updated parameters file: /home/ccclr0302/autobahn-test/benchmark/.parameters-0.json
2026-02-03 23:28:09,188 - cmab.trainer - INFO - 🚩 Created RL parameter update signal file (epoch 11): /tmp/autobahn_rl_param_update_11.signal
2026-02-03 23:28:09,188 - cmab.trainer - INFO - Applied params: {'batch_size': 100000, 'header_size': 32, 'cut_condition_type': 3, 'fast_path_timeout': 100, 'k': 3}
2026-02-03 23:28:09,188 - cmab.trainer - INFO - Waiting for next metrics file...
2026-02-03 23:28:26,936 - cmab.trainer - INFO - Iteration 12 : context=[0.11695343 0.         5.298105   0.08194565 0.        ] arm=batch_size=100000,header_size=32,cut_condition_type=3,fast_path_timeout=100,k=3 params={'batch_size': 100000, 'header_size': 32, 'cut_condition_type': 3, 'fast_path_timeout': 100, 'k': 3}
2026-02-03 23:28:26,936 - cmab.trainer - INFO - Iteration 12 reward=0.824372 avg_reward(20)=0.742401 last_metrics=epoch_12_slot_367.json top_arm=batch_size=100000,header_size=64,cut_condition_type=1,fast_path_timeout=400,k=3 top_ratio=0.17
2026-02-03 23:28:26,939 - cmab.policy - INFO - ================================================================================
2026-02-03 23:28:26,939 - cmab.policy - INFO - SELECT ARM - Detailed Prediction Analysis
2026-02-03 23:28:26,939 - cmab.policy - INFO - Context: [ 1.8022411  1.7203743 20.         0.         0.       ]
2026-02-03 23:28:26,939 - cmab.policy - INFO - Number of trees in forest: 10
2026-02-03 23:28:26,939 - cmab.policy - INFO - 
2026-02-03 23:28:26,939 - cmab.policy - INFO - Prediction statistics across all trees:
2026-02-03 23:28:26,939 - cmab.policy - INFO -   Mean predictions (top 5 arms): [0.913869, 0.896202, 0.896202, 0.893414, 0.882020]
2026-02-03 23:28:26,939 - cmab.policy - INFO -   Std predictions (top 5 arms): [0.242729, 0.146054, 0.146054, 0.200253, 0.138585]
2026-02-03 23:28:26,939 - cmab.policy - INFO - 
2026-02-03 23:28:26,939 - cmab.policy - INFO - Top 5 arms by mean prediction:
2026-02-03 23:28:26,939 - cmab.policy - INFO -   #1: arm=batch_size=100000,header_size=32,cut_condition_type=3,fast_path_timeout=100,k=3, mean=0.913869, std=0.242729
2026-02-03 23:28:26,939 - cmab.policy - INFO -   #2: arm=batch_size=100000,header_size=32,cut_condition_type=3,fast_path_timeout=100,k=1, mean=0.896202, std=0.146054
2026-02-03 23:28:26,939 - cmab.policy - INFO -   #3: arm=batch_size=100000,header_size=32,cut_condition_type=3,fast_path_timeout=0,k=1, mean=0.896202, std=0.146054
2026-02-03 23:28:26,939 - cmab.policy - INFO -   #4: arm=batch_size=100000,header_size=64,cut_condition_type=3,fast_path_timeout=100,k=3, mean=0.893414, std=0.200253
2026-02-03 23:28:26,940 - cmab.policy - INFO -   #5: arm=batch_size=100000,header_size=64,cut_condition_type=3,fast_path_timeout=100,k=1, mean=0.882020, std=0.138585
2026-02-03 23:28:26,940 - cmab.policy - INFO - 
2026-02-03 23:28:26,940 - cmab.policy - INFO - Selected tree #3 for Thompson Sampling:
2026-02-03 23:28:26,940 - cmab.policy - INFO -   Tree depth: 10
2026-02-03 23:28:26,940 - cmab.policy - INFO -   Tree nodes: 47
2026-02-03 23:28:26,940 - cmab.policy - INFO -   Tree leaves: 24
2026-02-03 23:28:26,940 - cmab.policy - INFO -   Tree shape: (nodes=47, leaves=24, depth=10)
2026-02-03 23:28:26,940 - cmab.policy - INFO -   Tree feature importances: [0.09432768 0.0043894  0.00391567 0.11647412 0.01537568 0.46724952
 0.07492998 0.05778874 0.07616508 0.08938412]
2026-02-03 23:28:26,942 - cmab.policy - INFO -   Forest feature importances: [0.07072578 0.04909931 0.09837559 0.13315682 0.02255385 0.39239887
 0.11272979 0.03509734 0.04290557 0.04295707]
2026-02-03 23:28:26,942 - cmab.policy - INFO -   Top 5 predictions from this tree:
2026-02-03 23:28:26,942 - cmab.policy - INFO -     #1: arm=batch_size=100000,header_size=32,cut_condition_type=1,fast_path_timeout=0,k=1, pred=0.836256
2026-02-03 23:28:26,942 - cmab.policy - INFO -     #2: arm=batch_size=100000,header_size=64,cut_condition_type=3,fast_path_timeout=0,k=1, pred=0.836256
2026-02-03 23:28:26,942 - cmab.policy - INFO -     #3: arm=batch_size=100000,header_size=128,cut_condition_type=3,fast_path_timeout=100,k=3, pred=0.836256
2026-02-03 23:28:26,942 - cmab.policy - INFO -     #4: arm=batch_size=100000,header_size=128,cut_condition_type=3,fast_path_timeout=100,k=1, pred=0.836256
2026-02-03 23:28:26,942 - cmab.policy - INFO -     #5: arm=batch_size=100000,header_size=128,cut_condition_type=3,fast_path_timeout=0,k=3, pred=0.836256
2026-02-03 23:28:26,942 - cmab.policy - INFO - 
2026-02-03 23:28:26,942 - cmab.policy - INFO -   Found 24 arms with same max prediction (0.836256), randomly selecting one...
2026-02-03 23:28:26,942 - cmab.policy - INFO - 
2026-02-03 23:28:26,942 - cmab.policy - INFO - ✓ SELECTED ARM: batch_size=100000,header_size=128,cut_condition_type=1,fast_path_timeout=100,k=1 (prediction=0.836256)
2026-02-03 23:28:26,942 - cmab.policy - INFO - ================================================================================
2026-02-03 23:28:26,945 - cmab.trainer - INFO - Updated parameters file: /home/ccclr0302/autobahn-test/benchmark/.parameters-0.json
2026-02-03 23:28:26,945 - cmab.trainer - INFO - 🚩 Created RL parameter update signal file (epoch 12): /tmp/autobahn_rl_param_update_12.signal
2026-02-03 23:28:26,945 - cmab.trainer - INFO - Applied params: {'batch_size': 100000, 'header_size': 128, 'cut_condition_type': 1, 'fast_path_timeout': 100, 'k': 1}
2026-02-03 23:28:26,946 - cmab.trainer - INFO - Waiting for next metrics file...
2026-02-03 23:28:50,007 - cmab.trainer - INFO - Iteration 13 : context=[ 1.8022411  1.7203743 20.         0.         0.       ] arm=batch_size=100000,header_size=128,cut_condition_type=1,fast_path_timeout=100,k=1 params={'batch_size': 100000, 'header_size': 128, 'cut_condition_type': 1, 'fast_path_timeout': 100, 'k': 1}
2026-02-03 23:28:50,007 - cmab.trainer - INFO - Iteration 13 reward=0.779292 avg_reward(20)=0.745239 last_metrics=epoch_13_slot_396.json top_arm=batch_size=100000,header_size=64,cut_condition_type=1,fast_path_timeout=400,k=3 top_ratio=0.15
2026-02-03 23:28:50,010 - cmab.policy - INFO - ================================================================================
2026-02-03 23:28:50,010 - cmab.policy - INFO - SELECT ARM - Detailed Prediction Analysis
2026-02-03 23:28:50,010 - cmab.policy - INFO - Context: [5.4756637  0.11650922 0.         0.07903261 0.        ]
2026-02-03 23:28:50,010 - cmab.policy - INFO - Number of trees in forest: 10
2026-02-03 23:28:50,010 - cmab.policy - INFO - 
2026-02-03 23:28:50,010 - cmab.policy - INFO - Prediction statistics across all trees:
2026-02-03 23:28:50,010 - cmab.policy - INFO -   Mean predictions (top 5 arms): [0.909797, 0.909797, 0.895615, 0.895615, 0.857155]
2026-02-03 23:28:50,010 - cmab.policy - INFO -   Std predictions (top 5 arms): [0.165312, 0.165312, 0.159962, 0.159962, 0.182248]
2026-02-03 23:28:50,010 - cmab.policy - INFO - 
2026-02-03 23:28:50,010 - cmab.policy - INFO - Top 5 arms by mean prediction:
2026-02-03 23:28:50,010 - cmab.policy - INFO -   #1: arm=batch_size=100000,header_size=32,cut_condition_type=3,fast_path_timeout=100,k=1, mean=0.909797, std=0.165312
2026-02-03 23:28:50,010 - cmab.policy - INFO -   #2: arm=batch_size=100000,header_size=32,cut_condition_type=3,fast_path_timeout=0,k=1, mean=0.909797, std=0.165312
2026-02-03 23:28:50,010 - cmab.policy - INFO -   #3: arm=batch_size=100000,header_size=64,cut_condition_type=3,fast_path_timeout=100,k=1, mean=0.895615, std=0.159962
2026-02-03 23:28:50,010 - cmab.policy - INFO -   #4: arm=batch_size=100000,header_size=64,cut_condition_type=3,fast_path_timeout=0,k=1, mean=0.895615, std=0.159962
2026-02-03 23:28:50,010 - cmab.policy - INFO -   #5: arm=batch_size=100000,header_size=64,cut_condition_type=3,fast_path_timeout=100,k=3, mean=0.857155, std=0.182248
2026-02-03 23:28:50,010 - cmab.policy - INFO - 
2026-02-03 23:28:50,010 - cmab.policy - INFO - Selected tree #7 for Thompson Sampling:
2026-02-03 23:28:50,010 - cmab.policy - INFO -   Tree depth: 9
2026-02-03 23:28:50,011 - cmab.policy - INFO -   Tree nodes: 47
2026-02-03 23:28:50,011 - cmab.policy - INFO -   Tree leaves: 24
2026-02-03 23:28:50,011 - cmab.policy - INFO -   Tree shape: (nodes=47, leaves=24, depth=9)
2026-02-03 23:28:50,011 - cmab.policy - INFO -   Tree feature importances: [0.00149792 0.08660303 0.08397696 0.23812959 0.         0.39842145
 0.09038844 0.0136811  0.00202782 0.08527369]
2026-02-03 23:28:50,013 - cmab.policy - INFO -   Forest feature importances: [0.07072578 0.04909931 0.09837559 0.13315682 0.02255385 0.39239887
 0.11272979 0.03509734 0.04290557 0.04295707]
2026-02-03 23:28:50,013 - cmab.policy - INFO -   Top 5 predictions from this tree:
2026-02-03 23:28:50,013 - cmab.policy - INFO -     #1: arm=batch_size=500000,header_size=64,cut_condition_type=1,fast_path_timeout=400,k=3, pred=0.742007
2026-02-03 23:28:50,013 - cmab.policy - INFO -     #2: arm=batch_size=500000,header_size=64,cut_condition_type=3,fast_path_timeout=400,k=3, pred=0.742007
2026-02-03 23:28:50,013 - cmab.policy - INFO -     #3: arm=batch_size=750000,header_size=32,cut_condition_type=3,fast_path_timeout=400,k=3, pred=0.742007
2026-02-03 23:28:50,013 - cmab.policy - INFO -     #4: arm=batch_size=750000,header_size=32,cut_condition_type=3,fast_path_timeout=100,k=3, pred=0.742007
2026-02-03 23:28:50,013 - cmab.policy - INFO -     #5: arm=batch_size=750000,header_size=32,cut_condition_type=3,fast_path_timeout=0,k=3, pred=0.742007
2026-02-03 23:28:50,013 - cmab.policy - INFO - 
2026-02-03 23:28:50,013 - cmab.policy - INFO -   Found 24 arms with same max prediction (0.742007), randomly selecting one...
2026-02-03 23:28:50,013 - cmab.policy - INFO - 
2026-02-03 23:28:50,013 - cmab.policy - INFO - ✓ SELECTED ARM: batch_size=500000,header_size=64,cut_condition_type=1,fast_path_timeout=100,k=3 (prediction=0.742007)
2026-02-03 23:28:50,013 - cmab.policy - INFO - ================================================================================
2026-02-03 23:28:50,016 - cmab.trainer - INFO - Updated parameters file: /home/ccclr0302/autobahn-test/benchmark/.parameters-0.json
2026-02-03 23:28:50,016 - cmab.trainer - INFO - 🚩 Created RL parameter update signal file (epoch 13): /tmp/autobahn_rl_param_update_13.signal
2026-02-03 23:28:50,016 - cmab.trainer - INFO - Applied params: {'batch_size': 500000, 'header_size': 64, 'cut_condition_type': 1, 'fast_path_timeout': 100, 'k': 3}
2026-02-03 23:28:50,016 - cmab.trainer - INFO - Waiting for next metrics file...
2026-02-03 23:29:08,468 - cmab.trainer - INFO - Iteration 14 : context=[5.4756637  0.11650922 0.         0.07903261 0.        ] arm=batch_size=500000,header_size=64,cut_condition_type=1,fast_path_timeout=100,k=3 params={'batch_size': 500000, 'header_size': 64, 'cut_condition_type': 1, 'fast_path_timeout': 100, 'k': 3}
2026-02-03 23:29:08,468 - cmab.trainer - INFO - Iteration 14 reward=0.613860 avg_reward(20)=0.735854 last_metrics=epoch_14_slot_426.json top_arm=batch_size=100000,header_size=64,cut_condition_type=1,fast_path_timeout=400,k=3 top_ratio=0.14
2026-02-03 23:29:08,470 - cmab.policy - INFO - ================================================================================
2026-02-03 23:29:08,470 - cmab.policy - INFO - SELECT ARM - Detailed Prediction Analysis
2026-02-03 23:29:08,470 - cmab.policy - INFO - Context: [0.16231947 0.16231947 1.8737676  0.         0.        ]
2026-02-03 23:29:08,471 - cmab.policy - INFO - Number of trees in forest: 10
2026-02-03 23:29:08,471 - cmab.policy - INFO - 
2026-02-03 23:29:08,471 - cmab.policy - INFO - Prediction statistics across all trees:
2026-02-03 23:29:08,471 - cmab.policy - INFO -   Mean predictions (top 5 arms): [0.876835, 0.876835, 0.862653, 0.862653, 0.856246]
2026-02-03 23:29:08,471 - cmab.policy - INFO -   Std predictions (top 5 arms): [0.113467, 0.113467, 0.100993, 0.100993, 0.124094]
2026-02-03 23:29:08,471 - cmab.policy - INFO - 
2026-02-03 23:29:08,471 - cmab.policy - INFO - Top 5 arms by mean prediction:
2026-02-03 23:29:08,471 - cmab.policy - INFO -   #1: arm=batch_size=100000,header_size=32,cut_condition_type=3,fast_path_timeout=100,k=1, mean=0.876835, std=0.113467
2026-02-03 23:29:08,471 - cmab.policy - INFO -   #2: arm=batch_size=100000,header_size=32,cut_condition_type=3,fast_path_timeout=0,k=1, mean=0.876835, std=0.113467
2026-02-03 23:29:08,471 - cmab.policy - INFO -   #3: arm=batch_size=100000,header_size=64,cut_condition_type=3,fast_path_timeout=100,k=1, mean=0.862653, std=0.100993
2026-02-03 23:29:08,471 - cmab.policy - INFO -   #4: arm=batch_size=100000,header_size=64,cut_condition_type=3,fast_path_timeout=0,k=1, mean=0.862653, std=0.100993
2026-02-03 23:29:08,471 - cmab.policy - INFO -   #5: arm=batch_size=100000,header_size=32,cut_condition_type=1,fast_path_timeout=0,k=1, mean=0.856246, std=0.124094
2026-02-03 23:29:08,471 - cmab.policy - INFO - 
2026-02-03 23:29:08,471 - cmab.policy - INFO - Selected tree #7 for Thompson Sampling:
2026-02-03 23:29:08,471 - cmab.policy - INFO -   Tree depth: 9
2026-02-03 23:29:08,471 - cmab.policy - INFO -   Tree nodes: 47
2026-02-03 23:29:08,471 - cmab.policy - INFO -   Tree leaves: 24
2026-02-03 23:29:08,471 - cmab.policy - INFO -   Tree shape: (nodes=47, leaves=24, depth=9)
2026-02-03 23:29:08,471 - cmab.policy - INFO -   Tree feature importances: [0.00149792 0.08660303 0.08397696 0.23812959 0.         0.39842145
 0.09038844 0.0136811  0.00202782 0.08527369]
2026-02-03 23:29:08,473 - cmab.policy - INFO -   Forest feature importances: [0.07072578 0.04909931 0.09837559 0.13315682 0.02255385 0.39239887
 0.11272979 0.03509734 0.04290557 0.04295707]
2026-02-03 23:29:08,473 - cmab.policy - INFO -   Top 5 predictions from this tree:
2026-02-03 23:29:08,473 - cmab.policy - INFO -     #1: arm=batch_size=500000,header_size=64,cut_condition_type=1,fast_path_timeout=400,k=3, pred=0.742007
2026-02-03 23:29:08,473 - cmab.policy - INFO -     #2: arm=batch_size=500000,header_size=64,cut_condition_type=3,fast_path_timeout=400,k=3, pred=0.742007
2026-02-03 23:29:08,473 - cmab.policy - INFO -     #3: arm=batch_size=750000,header_size=32,cut_condition_type=3,fast_path_timeout=400,k=3, pred=0.742007
2026-02-03 23:29:08,473 - cmab.policy - INFO -     #4: arm=batch_size=750000,header_size=32,cut_condition_type=3,fast_path_timeout=100,k=3, pred=0.742007
2026-02-03 23:29:08,473 - cmab.policy - INFO -     #5: arm=batch_size=750000,header_size=32,cut_condition_type=3,fast_path_timeout=0,k=3, pred=0.742007
2026-02-03 23:29:08,473 - cmab.policy - INFO - 
2026-02-03 23:29:08,473 - cmab.policy - INFO -   Found 24 arms with same max prediction (0.742007), randomly selecting one...
2026-02-03 23:29:08,474 - cmab.policy - INFO - 
2026-02-03 23:29:08,474 - cmab.policy - INFO - ✓ SELECTED ARM: batch_size=500000,header_size=64,cut_condition_type=3,fast_path_timeout=400,k=3 (prediction=0.742007)
2026-02-03 23:29:08,474 - cmab.policy - INFO - ================================================================================
2026-02-03 23:29:08,477 - cmab.trainer - INFO - Updated parameters file: /home/ccclr0302/autobahn-test/benchmark/.parameters-0.json
2026-02-03 23:29:08,477 - cmab.trainer - INFO - 🚩 Created RL parameter update signal file (epoch 14): /tmp/autobahn_rl_param_update_14.signal
2026-02-03 23:29:08,477 - cmab.trainer - INFO - Applied params: {'batch_size': 500000, 'header_size': 64, 'cut_condition_type': 3, 'fast_path_timeout': 400, 'k': 3}
2026-02-03 23:29:08,477 - cmab.trainer - INFO - Waiting for next metrics file...
[Parallel(n_jobs=1)]: Done  10 out of  10 | elapsed:    0.0s finished
[Parallel(n_jobs=1)]: Done  10 out of  10 | elapsed:    0.0s finished
2026-02-03 23:29:32,756 - cmab.policy - INFO - RF Updated: samples=95, MSE=0.019192
2026-02-03 23:29:32,756 - cmab.trainer - INFO - Iteration 15 : context=[0.16231947 0.16231947 1.8737676  0.         0.        ] arm=batch_size=500000,header_size=64,cut_condition_type=3,fast_path_timeout=400,k=3 params={'batch_size': 500000, 'header_size': 64, 'cut_condition_type': 3, 'fast_path_timeout': 400, 'k': 3}
2026-02-03 23:29:32,756 - cmab.trainer - INFO - Iteration 15 reward=0.593258 avg_reward(20)=0.726348 last_metrics=epoch_15_slot_456.json top_arm=batch_size=100000,header_size=64,cut_condition_type=1,fast_path_timeout=400,k=3 top_ratio=0.13
2026-02-03 23:29:32,758 - cmab.policy - INFO - ================================================================================
2026-02-03 23:29:32,758 - cmab.policy - INFO - SELECT ARM - Detailed Prediction Analysis
2026-02-03 23:29:32,758 - cmab.policy - INFO - Context: [1.9675846  0.         0.06698631 0.06698631 0.        ]
2026-02-03 23:29:32,759 - cmab.policy - INFO - Number of trees in forest: 10
2026-02-03 23:29:32,759 - cmab.policy - INFO - 
2026-02-03 23:29:32,759 - cmab.policy - INFO - Prediction statistics across all trees:
2026-02-03 23:29:32,759 - cmab.policy - INFO -   Mean predictions (top 5 arms): [0.884171, 0.884171, 0.884171, 0.884171, 0.874540]
2026-02-03 23:29:32,759 - cmab.policy - INFO -   Std predictions (top 5 arms): [0.124158, 0.124158, 0.124158, 0.124158, 0.130331]
2026-02-03 23:29:32,759 - cmab.policy - INFO - 
2026-02-03 23:29:32,759 - cmab.policy - INFO - Top 5 arms by mean prediction:
2026-02-03 23:29:32,759 - cmab.policy - INFO -   #1: arm=batch_size=100000,header_size=32,cut_condition_type=3,fast_path_timeout=100,k=1, mean=0.884171, std=0.124158
2026-02-03 23:29:32,759 - cmab.policy - INFO -   #2: arm=batch_size=100000,header_size=64,cut_condition_type=3,fast_path_timeout=100,k=1, mean=0.884171, std=0.124158
2026-02-03 23:29:32,759 - cmab.policy - INFO -   #3: arm=batch_size=100000,header_size=64,cut_condition_type=3,fast_path_timeout=0,k=1, mean=0.884171, std=0.124158
2026-02-03 23:29:32,759 - cmab.policy - INFO -   #4: arm=batch_size=100000,header_size=32,cut_condition_type=3,fast_path_timeout=0,k=1, mean=0.884171, std=0.124158
2026-02-03 23:29:32,759 - cmab.policy - INFO -   #5: arm=batch_size=100000,header_size=32,cut_condition_type=1,fast_path_timeout=0,k=1, mean=0.874540, std=0.130331
2026-02-03 23:29:32,759 - cmab.policy - INFO - 
2026-02-03 23:29:32,759 - cmab.policy - INFO - Selected tree #7 for Thompson Sampling:
2026-02-03 23:29:32,759 - cmab.policy - INFO -   Tree depth: 9
2026-02-03 23:29:32,759 - cmab.policy - INFO -   Tree nodes: 53
2026-02-03 23:29:32,759 - cmab.policy - INFO -   Tree leaves: 27
2026-02-03 23:29:32,759 - cmab.policy - INFO -   Tree shape: (nodes=53, leaves=27, depth=9)
2026-02-03 23:29:32,759 - cmab.policy - INFO -   Tree feature importances: [0.02795501 0.13567286 0.08897496 0.17368271 0.         0.40489957
 0.09542213 0.03174868 0.03515116 0.00649291]
2026-02-03 23:29:32,761 - cmab.policy - INFO -   Forest feature importances: [0.10908821 0.08121578 0.10092425 0.08426464 0.01225478 0.44518589
 0.08027162 0.01681242 0.01361718 0.05636523]
2026-02-03 23:29:32,761 - cmab.policy - INFO -   Top 5 predictions from this tree:
2026-02-03 23:29:32,761 - cmab.policy - INFO -     #1: arm=batch_size=100000,header_size=32,cut_condition_type=1,fast_path_timeout=0,k=1, pred=1.006942
2026-02-03 23:29:32,761 - cmab.policy - INFO -     #2: arm=batch_size=100000,header_size=64,cut_condition_type=3,fast_path_timeout=0,k=1, pred=1.006942
2026-02-03 23:29:32,761 - cmab.policy - INFO -     #3: arm=batch_size=100000,header_size=64,cut_condition_type=3,fast_path_timeout=100,k=1, pred=1.006942
2026-02-03 23:29:32,761 - cmab.policy - INFO -     #4: arm=batch_size=100000,header_size=64,cut_condition_type=3,fast_path_timeout=100,k=3, pred=1.006942
2026-02-03 23:29:32,761 - cmab.policy - INFO -     #5: arm=batch_size=100000,header_size=64,cut_condition_type=3,fast_path_timeout=400,k=3, pred=1.006942
2026-02-03 23:29:32,761 - cmab.policy - INFO - 
2026-02-03 23:29:32,761 - cmab.policy - INFO -   Found 36 arms with same max prediction (1.006942), randomly selecting one...
2026-02-03 23:29:32,762 - cmab.policy - INFO - 
2026-02-03 23:29:32,762 - cmab.policy - INFO - ✓ SELECTED ARM: batch_size=100000,header_size=64,cut_condition_type=1,fast_path_timeout=0,k=1 (prediction=1.006942)
2026-02-03 23:29:32,762 - cmab.policy - INFO - ================================================================================
2026-02-03 23:29:32,905 - cmab.trainer - INFO - Updated parameters file: /home/ccclr0302/autobahn-test/benchmark/.parameters-0.json
2026-02-03 23:29:32,905 - cmab.trainer - INFO - 🚩 Created RL parameter update signal file (epoch 15): /tmp/autobahn_rl_param_update_15.signal
2026-02-03 23:29:32,905 - cmab.trainer - INFO - Applied params: {'batch_size': 100000, 'header_size': 64, 'cut_condition_type': 1, 'fast_path_timeout': 0, 'k': 1}
2026-02-03 23:29:32,905 - cmab.trainer - INFO - Waiting for next metrics file...
2026-02-03 23:29:52,961 - cmab.trainer - INFO - Iteration 16 : context=[1.9675846  0.         0.06698631 0.06698631 0.        ] arm=batch_size=100000,header_size=64,cut_condition_type=1,fast_path_timeout=0,k=1 params={'batch_size': 100000, 'header_size': 64, 'cut_condition_type': 1, 'fast_path_timeout': 0, 'k': 1}
2026-02-03 23:29:52,961 - cmab.trainer - INFO - Iteration 16 reward=0.867175 avg_reward(20)=0.735150 last_metrics=epoch_16_slot_486.json top_arm=batch_size=100000,header_size=64,cut_condition_type=1,fast_path_timeout=400,k=3 top_ratio=0.12
2026-02-03 23:29:52,964 - cmab.policy - INFO - ================================================================================
2026-02-03 23:29:52,964 - cmab.policy - INFO - SELECT ARM - Detailed Prediction Analysis
2026-02-03 23:29:52,964 - cmab.policy - INFO - Context: [ 0.6669458  0.6669458 11.216454   0.         0.       ]
2026-02-03 23:29:52,964 - cmab.policy - INFO - Number of trees in forest: 10
2026-02-03 23:29:52,964 - cmab.policy - INFO - 
2026-02-03 23:29:52,964 - cmab.policy - INFO - Prediction statistics across all trees:
2026-02-03 23:29:52,964 - cmab.policy - INFO -   Mean predictions (top 5 arms): [0.835901, 0.835901, 0.835901, 0.835901, 0.821608]
2026-02-03 23:29:52,964 - cmab.policy - INFO -   Std predictions (top 5 arms): [0.052485, 0.052485, 0.052485, 0.052485, 0.078218]
2026-02-03 23:29:52,964 - cmab.policy - INFO - 
2026-02-03 23:29:52,964 - cmab.policy - INFO - Top 5 arms by mean prediction:
2026-02-03 23:29:52,964 - cmab.policy - INFO -   #1: arm=batch_size=100000,header_size=64,cut_condition_type=3,fast_path_timeout=100,k=1, mean=0.835901, std=0.052485
2026-02-03 23:29:52,964 - cmab.policy - INFO -   #2: arm=batch_size=100000,header_size=32,cut_condition_type=3,fast_path_timeout=0,k=1, mean=0.835901, std=0.052485
2026-02-03 23:29:52,964 - cmab.policy - INFO -   #3: arm=batch_size=100000,header_size=32,cut_condition_type=3,fast_path_timeout=100,k=1, mean=0.835901, std=0.052485
2026-02-03 23:29:52,964 - cmab.policy - INFO -   #4: arm=batch_size=100000,header_size=64,cut_condition_type=3,fast_path_timeout=0,k=1, mean=0.835901, std=0.052485
2026-02-03 23:29:52,964 - cmab.policy - INFO -   #5: arm=batch_size=100000,header_size=64,cut_condition_type=3,fast_path_timeout=100,k=3, mean=0.821608, std=0.078218
2026-02-03 23:29:52,964 - cmab.policy - INFO - 
2026-02-03 23:29:52,964 - cmab.policy - INFO - Selected tree #8 for Thompson Sampling:
2026-02-03 23:29:52,965 - cmab.policy - INFO -   Tree depth: 9
2026-02-03 23:29:52,965 - cmab.policy - INFO -   Tree nodes: 51
2026-02-03 23:29:52,965 - cmab.policy - INFO -   Tree leaves: 26
2026-02-03 23:29:52,965 - cmab.policy - INFO -   Tree shape: (nodes=51, leaves=26, depth=9)
2026-02-03 23:29:52,965 - cmab.policy - INFO -   Tree feature importances: [0.05984741 0.09398216 0.11774358 0.00140973 0.05258214 0.48804329
 0.10430544 0.0140804  0.03696333 0.03104251]
2026-02-03 23:29:52,967 - cmab.policy - INFO -   Forest feature importances: [0.10908821 0.08121578 0.10092425 0.08426464 0.01225478 0.44518589
 0.08027162 0.01681242 0.01361718 0.05636523]
2026-02-03 23:29:52,967 - cmab.policy - INFO -   Top 5 predictions from this tree:
2026-02-03 23:29:52,967 - cmab.policy - INFO -     #1: arm=batch_size=100000,header_size=32,cut_condition_type=1,fast_path_timeout=0,k=1, pred=0.854157
2026-02-03 23:29:52,967 - cmab.policy - INFO -     #2: arm=batch_size=100000,header_size=32,cut_condition_type=3,fast_path_timeout=100,k=1, pred=0.854157
2026-02-03 23:29:52,967 - cmab.policy - INFO -     #3: arm=batch_size=100000,header_size=128,cut_condition_type=1,fast_path_timeout=0,k=1, pred=0.854157
2026-02-03 23:29:52,967 - cmab.policy - INFO -     #4: arm=batch_size=100000,header_size=64,cut_condition_type=3,fast_path_timeout=100,k=1, pred=0.854157
2026-02-03 23:29:52,967 - cmab.policy - INFO -     #5: arm=batch_size=100000,header_size=64,cut_condition_type=3,fast_path_timeout=0,k=1, pred=0.854157
2026-02-03 23:29:52,967 - cmab.policy - INFO - 
2026-02-03 23:29:52,967 - cmab.policy - INFO -   Found 12 arms with same max prediction (0.854157), randomly selecting one...
2026-02-03 23:29:52,967 - cmab.policy - INFO - 
2026-02-03 23:29:52,967 - cmab.policy - INFO - ✓ SELECTED ARM: batch_size=100000,header_size=128,cut_condition_type=1,fast_path_timeout=0,k=1 (prediction=0.854157)
2026-02-03 23:29:52,967 - cmab.policy - INFO - ================================================================================
2026-02-03 23:29:52,970 - cmab.trainer - INFO - Updated parameters file: /home/ccclr0302/autobahn-test/benchmark/.parameters-0.json
2026-02-03 23:29:52,970 - cmab.trainer - INFO - 🚩 Created RL parameter update signal file (epoch 16): /tmp/autobahn_rl_param_update_16.signal
2026-02-03 23:29:52,970 - cmab.trainer - INFO - Applied params: {'batch_size': 100000, 'header_size': 128, 'cut_condition_type': 1, 'fast_path_timeout': 0, 'k': 1}
2026-02-03 23:29:52,970 - cmab.trainer - INFO - Waiting for next metrics file...
2026-02-03 23:30:14,529 - cmab.trainer - INFO - Iteration 17 : context=[ 0.6669458  0.6669458 11.216454   0.         0.       ] arm=batch_size=100000,header_size=128,cut_condition_type=1,fast_path_timeout=0,k=1 params={'batch_size': 100000, 'header_size': 128, 'cut_condition_type': 1, 'fast_path_timeout': 0, 'k': 1}
2026-02-03 23:30:14,530 - cmab.trainer - INFO - Iteration 17 reward=0.776049 avg_reward(20)=0.737555 last_metrics=epoch_17_slot_516.json top_arm=batch_size=100000,header_size=64,cut_condition_type=1,fast_path_timeout=400,k=3 top_ratio=0.12
2026-02-03 23:30:14,532 - cmab.policy - INFO - ================================================================================
2026-02-03 23:30:14,532 - cmab.policy - INFO - SELECT ARM - Detailed Prediction Analysis
2026-02-03 23:30:14,532 - cmab.policy - INFO - Context: [0.         0.14047596 0.09827293 5.542462   0.        ]
2026-02-03 23:30:14,532 - cmab.policy - INFO - Number of trees in forest: 10
2026-02-03 23:30:14,532 - cmab.policy - INFO - 
2026-02-03 23:30:14,532 - cmab.policy - INFO - Prediction statistics across all trees:
2026-02-03 23:30:14,532 - cmab.policy - INFO -   Mean predictions (top 5 arms): [1.069158, 1.029071, 1.028236, 1.005466, 0.999576]
2026-02-03 23:30:14,533 - cmab.policy - INFO -   Std predictions (top 5 arms): [0.269949, 0.205266, 0.314960, 0.189403, 0.244158]
2026-02-03 23:30:14,533 - cmab.policy - INFO - 
2026-02-03 23:30:14,533 - cmab.policy - INFO - Top 5 arms by mean prediction:
2026-02-03 23:30:14,533 - cmab.policy - INFO -   #1: arm=batch_size=100000,header_size=32,cut_condition_type=3,fast_path_timeout=100,k=3, mean=1.069158, std=0.269949
2026-02-03 23:30:14,533 - cmab.policy - INFO -   #2: arm=batch_size=100000,header_size=32,cut_condition_type=3,fast_path_timeout=100,k=1, mean=1.029071, std=0.205266
2026-02-03 23:30:14,533 - cmab.policy - INFO -   #3: arm=batch_size=100000,header_size=32,cut_condition_type=3,fast_path_timeout=400,k=3, mean=1.028236, std=0.314960
2026-02-03 23:30:14,533 - cmab.policy - INFO -   #4: arm=batch_size=100000,header_size=64,cut_condition_type=3,fast_path_timeout=100,k=3, mean=1.005466, std=0.189403
2026-02-03 23:30:14,533 - cmab.policy - INFO -   #5: arm=batch_size=100000,header_size=32,cut_condition_type=3,fast_path_timeout=0,k=3, mean=0.999576, std=0.244158
2026-02-03 23:30:14,533 - cmab.policy - INFO - 
2026-02-03 23:30:14,533 - cmab.policy - INFO - Selected tree #2 for Thompson Sampling:
2026-02-03 23:30:14,533 - cmab.policy - INFO -   Tree depth: 9
2026-02-03 23:30:14,533 - cmab.policy - INFO -   Tree nodes: 53
2026-02-03 23:30:14,533 - cmab.policy - INFO -   Tree leaves: 27
2026-02-03 23:30:14,533 - cmab.policy - INFO -   Tree shape: (nodes=53, leaves=27, depth=9)
2026-02-03 23:30:14,533 - cmab.policy - INFO -   Tree feature importances: [0.03734582 0.07981846 0.02448975 0.20762014 0.01557712 0.46232614
 0.02187714 0.04494729 0.00998468 0.09601347]
2026-02-03 23:30:14,535 - cmab.policy - INFO -   Forest feature importances: [0.10908821 0.08121578 0.10092425 0.08426464 0.01225478 0.44518589
 0.08027162 0.01681242 0.01361718 0.05636523]
2026-02-03 23:30:14,535 - cmab.policy - INFO -   Top 5 predictions from this tree:
2026-02-03 23:30:14,535 - cmab.policy - INFO -     #1: arm=batch_size=100000,header_size=32,cut_condition_type=3,fast_path_timeout=400,k=3, pred=1.514794
2026-02-03 23:30:14,535 - cmab.policy - INFO -     #2: arm=batch_size=100000,header_size=32,cut_condition_type=3,fast_path_timeout=0,k=3, pred=1.514794
2026-02-03 23:30:14,535 - cmab.policy - INFO -     #3: arm=batch_size=100000,header_size=32,cut_condition_type=3,fast_path_timeout=100,k=3, pred=1.514794
2026-02-03 23:30:14,535 - cmab.policy - INFO -     #4: arm=batch_size=100000,header_size=64,cut_condition_type=3,fast_path_timeout=0,k=3, pred=1.256422
2026-02-03 23:30:14,535 - cmab.policy - INFO -     #5: arm=batch_size=100000,header_size=128,cut_condition_type=3,fast_path_timeout=400,k=3, pred=1.256422
2026-02-03 23:30:14,535 - cmab.policy - INFO - 
2026-02-03 23:30:14,535 - cmab.policy - INFO -   Found 3 arms with same max prediction (1.514794), randomly selecting one...
2026-02-03 23:30:14,536 - cmab.policy - INFO - 
2026-02-03 23:30:14,536 - cmab.policy - INFO - ✓ SELECTED ARM: batch_size=100000,header_size=32,cut_condition_type=3,fast_path_timeout=100,k=3 (prediction=1.514794)
2026-02-03 23:30:14,536 - cmab.policy - INFO - ================================================================================
2026-02-03 23:30:14,539 - cmab.trainer - INFO - Updated parameters file: /home/ccclr0302/autobahn-test/benchmark/.parameters-0.json
2026-02-03 23:30:14,539 - cmab.trainer - INFO - 🚩 Created RL parameter update signal file (epoch 17): /tmp/autobahn_rl_param_update_17.signal
2026-02-03 23:30:14,539 - cmab.trainer - INFO - Applied params: {'batch_size': 100000, 'header_size': 32, 'cut_condition_type': 3, 'fast_path_timeout': 100, 'k': 3}
2026-02-03 23:30:14,539 - cmab.trainer - INFO - Waiting for next metrics file...
2026-02-03 23:30:32,590 - cmab.trainer - INFO - Iteration 18 : context=[0.         0.14047596 0.09827293 5.542462   0.        ] arm=batch_size=100000,header_size=32,cut_condition_type=3,fast_path_timeout=100,k=3 params={'batch_size': 100000, 'header_size': 32, 'cut_condition_type': 3, 'fast_path_timeout': 100, 'k': 3}
2026-02-03 23:30:32,591 - cmab.trainer - INFO - Iteration 18 reward=0.794392 avg_reward(20)=0.740713 last_metrics=epoch_18_slot_547.json top_arm=batch_size=100000,header_size=32,cut_condition_type=3,fast_path_timeout=100,k=3 top_ratio=0.17
2026-02-03 23:30:32,593 - cmab.policy - INFO - ================================================================================
2026-02-03 23:30:32,593 - cmab.policy - INFO - SELECT ARM - Detailed Prediction Analysis
2026-02-03 23:30:32,593 - cmab.policy - INFO - Context: [ 1.7182326  1.7182326 20.         0.         0.       ]
2026-02-03 23:30:32,593 - cmab.policy - INFO - Number of trees in forest: 10
2026-02-03 23:30:32,593 - cmab.policy - INFO - 
2026-02-03 23:30:32,593 - cmab.policy - INFO - Prediction statistics across all trees:
2026-02-03 23:30:32,593 - cmab.policy - INFO -   Mean predictions (top 5 arms): [0.902344, 0.902344, 0.880564, 0.880564, 0.858189]
2026-02-03 23:30:32,593 - cmab.policy - INFO -   Std predictions (top 5 arms): [0.271824, 0.271824, 0.286218, 0.286218, 0.189198]
2026-02-03 23:30:32,593 - cmab.policy - INFO - 
2026-02-03 23:30:32,593 - cmab.policy - INFO - Top 5 arms by mean prediction:
2026-02-03 23:30:32,593 - cmab.policy - INFO -   #1: arm=batch_size=100000,header_size=32,cut_condition_type=3,fast_path_timeout=0,k=3, mean=0.902344, std=0.271824
2026-02-03 23:30:32,594 - cmab.policy - INFO -   #2: arm=batch_size=100000,header_size=32,cut_condition_type=3,fast_path_timeout=100,k=3, mean=0.902344, std=0.271824
2026-02-03 23:30:32,594 - cmab.policy - INFO -   #3: arm=batch_size=100000,header_size=32,cut_condition_type=1,fast_path_timeout=0,k=3, mean=0.880564, std=0.286218
2026-02-03 23:30:32,594 - cmab.policy - INFO -   #4: arm=batch_size=100000,header_size=32,cut_condition_type=1,fast_path_timeout=100,k=3, mean=0.880564, std=0.286218
2026-02-03 23:30:32,594 - cmab.policy - INFO -   #5: arm=batch_size=100000,header_size=64,cut_condition_type=3,fast_path_timeout=0,k=3, mean=0.858189, std=0.189198
2026-02-03 23:30:32,594 - cmab.policy - INFO - 
2026-02-03 23:30:32,594 - cmab.policy - INFO - Selected tree #5 for Thompson Sampling:
2026-02-03 23:30:32,594 - cmab.policy - INFO -   Tree depth: 8
2026-02-03 23:30:32,594 - cmab.policy - INFO -   Tree nodes: 49
2026-02-03 23:30:32,594 - cmab.policy - INFO -   Tree leaves: 25
2026-02-03 23:30:32,594 - cmab.policy - INFO -   Tree shape: (nodes=49, leaves=25, depth=8)
2026-02-03 23:30:32,594 - cmab.policy - INFO -   Tree feature importances: [0.1464603  0.10558324 0.1018427  0.09236674 0.         0.46123234
 0.07041635 0.         0.00253697 0.01956138]
2026-02-03 23:30:32,596 - cmab.policy - INFO -   Forest feature importances: [0.10908821 0.08121578 0.10092425 0.08426464 0.01225478 0.44518589
 0.08027162 0.01681242 0.01361718 0.05636523]
2026-02-03 23:30:32,596 - cmab.policy - INFO -   Top 5 predictions from this tree:
2026-02-03 23:30:32,596 - cmab.policy - INFO -     #1: arm=batch_size=100000,header_size=32,cut_condition_type=1,fast_path_timeout=0,k=1, pred=0.604702
2026-02-03 23:30:32,596 - cmab.policy - INFO -     #2: arm=batch_size=100000,header_size=64,cut_condition_type=3,fast_path_timeout=0,k=1, pred=0.604702
2026-02-03 23:30:32,596 - cmab.policy - INFO -     #3: arm=batch_size=100000,header_size=64,cut_condition_type=3,fast_path_timeout=100,k=1, pred=0.604702
2026-02-03 23:30:32,596 - cmab.policy - INFO -     #4: arm=batch_size=100000,header_size=64,cut_condition_type=3,fast_path_timeout=100,k=3, pred=0.604702
2026-02-03 23:30:32,596 - cmab.policy - INFO -     #5: arm=batch_size=100000,header_size=64,cut_condition_type=3,fast_path_timeout=400,k=1, pred=0.604702
2026-02-03 23:30:32,596 - cmab.policy - INFO - 
2026-02-03 23:30:32,596 - cmab.policy - INFO -   Found 36 arms with same max prediction (0.604702), randomly selecting one...
2026-02-03 23:30:32,596 - cmab.policy - INFO - 
2026-02-03 23:30:32,596 - cmab.policy - INFO - ✓ SELECTED ARM: batch_size=100000,header_size=32,cut_condition_type=1,fast_path_timeout=100,k=1 (prediction=0.604702)
2026-02-03 23:30:32,596 - cmab.policy - INFO - ================================================================================
2026-02-03 23:30:32,599 - cmab.trainer - INFO - Updated parameters file: /home/ccclr0302/autobahn-test/benchmark/.parameters-0.json
2026-02-03 23:30:32,600 - cmab.trainer - INFO - 🚩 Created RL parameter update signal file (epoch 18): /tmp/autobahn_rl_param_update_18.signal
2026-02-03 23:30:32,600 - cmab.trainer - INFO - Applied params: {'batch_size': 100000, 'header_size': 32, 'cut_condition_type': 1, 'fast_path_timeout': 100, 'k': 1}
2026-02-03 23:30:32,600 - cmab.trainer - INFO - Waiting for next metrics file...
2026-02-03 23:30:55,061 - cmab.trainer - INFO - Iteration 19 : context=[ 1.7182326  1.7182326 20.         0.         0.       ] arm=batch_size=100000,header_size=32,cut_condition_type=1,fast_path_timeout=100,k=1 params={'batch_size': 100000, 'header_size': 32, 'cut_condition_type': 1, 'fast_path_timeout': 100, 'k': 1}
2026-02-03 23:30:55,062 - cmab.trainer - INFO - Iteration 19 reward=0.861847 avg_reward(20)=0.747089 last_metrics=epoch_19_slot_576.json top_arm=batch_size=100000,header_size=32,cut_condition_type=3,fast_path_timeout=100,k=3 top_ratio=0.16
2026-02-03 23:30:55,064 - cmab.policy - INFO - ================================================================================
2026-02-03 23:30:55,064 - cmab.policy - INFO - SELECT ARM - Detailed Prediction Analysis
2026-02-03 23:30:55,064 - cmab.policy - INFO - Context: [ 1.6903421 20.         1.6528687  0.         0.       ]
2026-02-03 23:30:55,065 - cmab.policy - INFO - Number of trees in forest: 10
2026-02-03 23:30:55,065 - cmab.policy - INFO - 
2026-02-03 23:30:55,065 - cmab.policy - INFO - Prediction statistics across all trees:
2026-02-03 23:30:55,065 - cmab.policy - INFO -   Mean predictions (top 5 arms): [0.852500, 0.852500, 0.852500, 0.852500, 0.831456]
2026-02-03 23:30:55,065 - cmab.policy - INFO -   Std predictions (top 5 arms): [0.222327, 0.222327, 0.222327, 0.222327, 0.217203]
2026-02-03 23:30:55,065 - cmab.policy - INFO - 
2026-02-03 23:30:55,065 - cmab.policy - INFO - Top 5 arms by mean prediction:
2026-02-03 23:30:55,065 - cmab.policy - INFO -   #1: arm=batch_size=100000,header_size=32,cut_condition_type=1,fast_path_timeout=0,k=3, mean=0.852500, std=0.222327
2026-02-03 23:30:55,065 - cmab.policy - INFO -   #2: arm=batch_size=100000,header_size=32,cut_condition_type=1,fast_path_timeout=100,k=3, mean=0.852500, std=0.222327
2026-02-03 23:30:55,065 - cmab.policy - INFO -   #3: arm=batch_size=100000,header_size=32,cut_condition_type=3,fast_path_timeout=0,k=3, mean=0.852500, std=0.222327
2026-02-03 23:30:55,065 - cmab.policy - INFO -   #4: arm=batch_size=100000,header_size=32,cut_condition_type=3,fast_path_timeout=100,k=3, mean=0.852500, std=0.222327
2026-02-03 23:30:55,065 - cmab.policy - INFO -   #5: arm=batch_size=100000,header_size=32,cut_condition_type=1,fast_path_timeout=0,k=1, mean=0.831456, std=0.217203
2026-02-03 23:30:55,065 - cmab.policy - INFO - 
2026-02-03 23:30:55,065 - cmab.policy - INFO - Selected tree #6 for Thompson Sampling:
2026-02-03 23:30:55,065 - cmab.policy - INFO -   Tree depth: 8
2026-02-03 23:30:55,065 - cmab.policy - INFO -   Tree nodes: 51
2026-02-03 23:30:55,065 - cmab.policy - INFO -   Tree leaves: 26
2026-02-03 23:30:55,065 - cmab.policy - INFO -   Tree shape: (nodes=51, leaves=26, depth=8)
2026-02-03 23:30:55,065 - cmab.policy - INFO -   Tree feature importances: [0.05905841 0.16343343 0.0738778  0.03334489 0.         0.45249126
 0.05317149 0.         0.01172948 0.15289323]
2026-02-03 23:30:55,067 - cmab.policy - INFO -   Forest feature importances: [0.10908821 0.08121578 0.10092425 0.08426464 0.01225478 0.44518589
 0.08027162 0.01681242 0.01361718 0.05636523]
2026-02-03 23:30:55,067 - cmab.policy - INFO -   Top 5 predictions from this tree:
2026-02-03 23:30:55,067 - cmab.policy - INFO -     #1: arm=batch_size=100000,header_size=32,cut_condition_type=1,fast_path_timeout=400,k=3, pred=1.440992
2026-02-03 23:30:55,067 - cmab.policy - INFO -     #2: arm=batch_size=100000,header_size=32,cut_condition_type=3,fast_path_timeout=400,k=3, pred=1.440992
2026-02-03 23:30:55,067 - cmab.policy - INFO -     #3: arm=batch_size=100000,header_size=128,cut_condition_type=3,fast_path_timeout=400,k=3, pred=1.146967
2026-02-03 23:30:55,067 - cmab.policy - INFO -     #4: arm=batch_size=100000,header_size=64,cut_condition_type=3,fast_path_timeout=400,k=3, pred=1.146967
2026-02-03 23:30:55,067 - cmab.policy - INFO -     #5: arm=batch_size=100000,header_size=128,cut_condition_type=1,fast_path_timeout=400,k=3, pred=1.146967
2026-02-03 23:30:55,068 - cmab.policy - INFO - 
2026-02-03 23:30:55,068 - cmab.policy - INFO -   Found 2 arms with same max prediction (1.440992), randomly selecting one...
2026-02-03 23:30:55,068 - cmab.policy - INFO - 
2026-02-03 23:30:55,068 - cmab.policy - INFO - ✓ SELECTED ARM: batch_size=100000,header_size=32,cut_condition_type=3,fast_path_timeout=400,k=3 (prediction=1.440992)
2026-02-03 23:30:55,068 - cmab.policy - INFO - ================================================================================
2026-02-03 23:30:55,072 - cmab.trainer - INFO - Updated parameters file: /home/ccclr0302/autobahn-test/benchmark/.parameters-0.json
2026-02-03 23:30:55,072 - cmab.trainer - INFO - 🚩 Created RL parameter update signal file (epoch 19): /tmp/autobahn_rl_param_update_19.signal
2026-02-03 23:30:55,072 - cmab.trainer - INFO - Applied params: {'batch_size': 100000, 'header_size': 32, 'cut_condition_type': 3, 'fast_path_timeout': 400, 'k': 3}
2026-02-03 23:30:55,072 - cmab.trainer - INFO - Waiting for next metrics file...
[Parallel(n_jobs=1)]: Done  10 out of  10 | elapsed:    0.0s finished
[Parallel(n_jobs=1)]: Done  10 out of  10 | elapsed:    0.0s finished
2026-02-03 23:31:12,131 - cmab.policy - INFO - RF Updated: samples=100, MSE=0.018685
2026-02-03 23:31:12,131 - cmab.trainer - INFO - Iteration 20 : context=[ 1.6903421 20.         1.6528687  0.         0.       ] arm=batch_size=100000,header_size=32,cut_condition_type=3,fast_path_timeout=400,k=3 params={'batch_size': 100000, 'header_size': 32, 'cut_condition_type': 3, 'fast_path_timeout': 400, 'k': 3}
2026-02-03 23:31:12,131 - cmab.trainer - INFO - Iteration 20 reward=0.644455 avg_reward(20)=0.741957 last_metrics=epoch_20_slot_606.json top_arm=batch_size=100000,header_size=32,cut_condition_type=3,fast_path_timeout=100,k=3 top_ratio=0.15
2026-02-03 23:31:12,139 - cmab.trainer - INFO - Saved checkpoint: /tmp/cmab_continuous_checkpoints/cmab_checkpoint_20.pkl
2026-02-03 23:31:12,142 - cmab.policy - INFO - ================================================================================
2026-02-03 23:31:12,142 - cmab.policy - INFO - SELECT ARM - Detailed Prediction Analysis
2026-02-03 23:31:12,142 - cmab.policy - INFO - Context: [ 1.7468576  1.7468576 20.         0.         0.       ]
2026-02-03 23:31:12,142 - cmab.policy - INFO - Number of trees in forest: 10
2026-02-03 23:31:12,142 - cmab.policy - INFO - 
2026-02-03 23:31:12,142 - cmab.policy - INFO - Prediction statistics across all trees:
2026-02-03 23:31:12,142 - cmab.policy - INFO -   Mean predictions (top 5 arms): [0.930959, 0.930959, 0.924658, 0.922815, 0.914143]
2026-02-03 23:31:12,142 - cmab.policy - INFO -   Std predictions (top 5 arms): [0.194571, 0.194571, 0.196601, 0.206700, 0.203884]
2026-02-03 23:31:12,142 - cmab.policy - INFO - 
2026-02-03 23:31:12,142 - cmab.policy - INFO - Top 5 arms by mean prediction:
2026-02-03 23:31:12,142 - cmab.policy - INFO -   #1: arm=batch_size=100000,header_size=128,cut_condition_type=3,fast_path_timeout=0,k=3, mean=0.930959, std=0.194571
2026-02-03 23:31:12,142 - cmab.policy - INFO -   #2: arm=batch_size=100000,header_size=128,cut_condition_type=3,fast_path_timeout=100,k=3, mean=0.930959, std=0.194571
2026-02-03 23:31:12,142 - cmab.policy - INFO -   #3: arm=batch_size=100000,header_size=64,cut_condition_type=3,fast_path_timeout=100,k=3, mean=0.924658, std=0.196601
2026-02-03 23:31:12,142 - cmab.policy - INFO -   #4: arm=batch_size=100000,header_size=32,cut_condition_type=3,fast_path_timeout=100,k=3, mean=0.922815, std=0.206700
2026-02-03 23:31:12,142 - cmab.policy - INFO -   #5: arm=batch_size=100000,header_size=64,cut_condition_type=3,fast_path_timeout=0,k=3, mean=0.914143, std=0.203884
2026-02-03 23:31:12,142 - cmab.policy - INFO - 
2026-02-03 23:31:12,142 - cmab.policy - INFO - Selected tree #6 for Thompson Sampling:
2026-02-03 23:31:12,142 - cmab.policy - INFO -   Tree depth: 9
2026-02-03 23:31:12,142 - cmab.policy - INFO -   Tree nodes: 61
2026-02-03 23:31:12,142 - cmab.policy - INFO -   Tree leaves: 31
2026-02-03 23:31:12,142 - cmab.policy - INFO -   Tree shape: (nodes=61, leaves=31, depth=9)
2026-02-03 23:31:12,143 - cmab.policy - INFO -   Tree feature importances: [0.18581189 0.14874167 0.04453762 0.00101351 0.04176257 0.37323116
 0.06193883 0.01257768 0.02699448 0.10339059]
2026-02-03 23:31:12,144 - cmab.policy - INFO -   Forest feature importances: [0.09622249 0.0668932  0.07649629 0.07418475 0.01546538 0.44186871
 0.11966892 0.01203172 0.02982178 0.06734675]
2026-02-03 23:31:12,144 - cmab.policy - INFO -   Top 5 predictions from this tree:
2026-02-03 23:31:12,144 - cmab.policy - INFO -     #1: arm=batch_size=100000,header_size=32,cut_condition_type=1,fast_path_timeout=0,k=1, pred=0.810293
2026-02-03 23:31:12,144 - cmab.policy - INFO -     #2: arm=batch_size=100000,header_size=64,cut_condition_type=3,fast_path_timeout=0,k=1, pred=0.810293
2026-02-03 23:31:12,144 - cmab.policy - INFO -     #3: arm=batch_size=100000,header_size=64,cut_condition_type=3,fast_path_timeout=100,k=1, pred=0.810293
2026-02-03 23:31:12,144 - cmab.policy - INFO -     #4: arm=batch_size=100000,header_size=64,cut_condition_type=3,fast_path_timeout=100,k=3, pred=0.810293
2026-02-03 23:31:12,144 - cmab.policy - INFO -     #5: arm=batch_size=100000,header_size=64,cut_condition_type=1,fast_path_timeout=100,k=3, pred=0.810293
2026-02-03 23:31:12,145 - cmab.policy - INFO - 
2026-02-03 23:31:12,145 - cmab.policy - INFO -   Found 24 arms with same max prediction (0.810293), randomly selecting one...
2026-02-03 23:31:12,145 - cmab.policy - INFO - 
2026-02-03 23:31:12,145 - cmab.policy - INFO - ✓ SELECTED ARM: batch_size=100000,header_size=64,cut_condition_type=3,fast_path_timeout=0,k=3 (prediction=0.810293)
2026-02-03 23:31:12,145 - cmab.policy - INFO - ================================================================================
2026-02-03 23:31:12,148 - cmab.trainer - INFO - Updated parameters file: /home/ccclr0302/autobahn-test/benchmark/.parameters-0.json
2026-02-03 23:31:12,148 - cmab.trainer - INFO - 🚩 Created RL parameter update signal file (epoch 20): /tmp/autobahn_rl_param_update_20.signal
2026-02-03 23:31:12,148 - cmab.trainer - INFO - Applied params: {'batch_size': 100000, 'header_size': 64, 'cut_condition_type': 3, 'fast_path_timeout': 0, 'k': 3}
2026-02-03 23:31:12,148 - cmab.trainer - INFO - Waiting for next metrics file...
2026-02-03 23:31:34,513 - cmab.trainer - INFO - Iteration 21 : context=[ 1.7468576  1.7468576 20.         0.         0.       ] arm=batch_size=100000,header_size=64,cut_condition_type=3,fast_path_timeout=0,k=3 params={'batch_size': 100000, 'header_size': 64, 'cut_condition_type': 3, 'fast_path_timeout': 0, 'k': 3}
2026-02-03 23:31:34,513 - cmab.trainer - INFO - Iteration 21 reward=0.923530 avg_reward(20)=0.745602 last_metrics=epoch_21_slot_636.json top_arm=batch_size=100000,header_size=32,cut_condition_type=3,fast_path_timeout=100,k=3 top_ratio=0.14
2026-02-03 23:31:34,516 - cmab.policy - INFO - ================================================================================
2026-02-03 23:31:34,516 - cmab.policy - INFO - SELECT ARM - Detailed Prediction Analysis
2026-02-03 23:31:34,516 - cmab.policy - INFO - Context: [ 0.         11.34711     0.60173994  0.60173994  0.        ]
2026-02-03 23:31:34,516 - cmab.policy - INFO - Number of trees in forest: 10
2026-02-03 23:31:34,516 - cmab.policy - INFO - 
2026-02-03 23:31:34,516 - cmab.policy - INFO - Prediction statistics across all trees:
2026-02-03 23:31:34,516 - cmab.policy - INFO -   Mean predictions (top 5 arms): [0.835054, 0.835054, 0.830829, 0.830829, 0.828754]
2026-02-03 23:31:34,516 - cmab.policy - INFO -   Std predictions (top 5 arms): [0.175741, 0.175741, 0.136201, 0.136201, 0.174558]
2026-02-03 23:31:34,516 - cmab.policy - INFO - 
2026-02-03 23:31:34,516 - cmab.policy - INFO - Top 5 arms by mean prediction:
2026-02-03 23:31:34,516 - cmab.policy - INFO -   #1: arm=batch_size=100000,header_size=128,cut_condition_type=3,fast_path_timeout=100,k=3, mean=0.835054, std=0.175741
2026-02-03 23:31:34,516 - cmab.policy - INFO -   #2: arm=batch_size=100000,header_size=128,cut_condition_type=3,fast_path_timeout=0,k=3, mean=0.835054, std=0.175741
2026-02-03 23:31:34,516 - cmab.policy - INFO -   #3: arm=batch_size=100000,header_size=128,cut_condition_type=1,fast_path_timeout=100,k=3, mean=0.830829, std=0.136201
2026-02-03 23:31:34,516 - cmab.policy - INFO -   #4: arm=batch_size=100000,header_size=128,cut_condition_type=1,fast_path_timeout=0,k=3, mean=0.830829, std=0.136201
2026-02-03 23:31:34,516 - cmab.policy - INFO -   #5: arm=batch_size=100000,header_size=64,cut_condition_type=3,fast_path_timeout=100,k=3, mean=0.828754, std=0.174558
2026-02-03 23:31:34,516 - cmab.policy - INFO - 
2026-02-03 23:31:34,516 - cmab.policy - INFO - Selected tree #10 for Thompson Sampling:
2026-02-03 23:31:34,516 - cmab.policy - INFO -   Tree depth: 7
2026-02-03 23:31:34,516 - cmab.policy - INFO -   Tree nodes: 49
2026-02-03 23:31:34,516 - cmab.policy - INFO -   Tree leaves: 25
2026-02-03 23:31:34,517 - cmab.policy - INFO -   Tree shape: (nodes=49, leaves=25, depth=7)
2026-02-03 23:31:34,517 - cmab.policy - INFO -   Tree feature importances: [0.03918753 0.0210225  0.10923723 0.12718752 0.         0.44466435
 0.12769455 0.02119132 0.06481383 0.04500117]
2026-02-03 23:31:34,518 - cmab.policy - INFO -   Forest feature importances: [0.09622249 0.0668932  0.07649629 0.07418475 0.01546538 0.44186871
 0.11966892 0.01203172 0.02982178 0.06734675]
2026-02-03 23:31:34,519 - cmab.policy - INFO -   Top 5 predictions from this tree:
2026-02-03 23:31:34,519 - cmab.policy - INFO -     #1: arm=batch_size=100000,header_size=32,cut_condition_type=1,fast_path_timeout=0,k=1, pred=0.898751
2026-02-03 23:31:34,519 - cmab.policy - INFO -     #2: arm=batch_size=100000,header_size=32,cut_condition_type=1,fast_path_timeout=400,k=1, pred=0.898751
2026-02-03 23:31:34,519 - cmab.policy - INFO -     #3: arm=batch_size=100000,header_size=64,cut_condition_type=1,fast_path_timeout=400,k=1, pred=0.898751
2026-02-03 23:31:34,519 - cmab.policy - INFO -     #4: arm=batch_size=100000,header_size=64,cut_condition_type=1,fast_path_timeout=0,k=1, pred=0.898751
2026-02-03 23:31:34,519 - cmab.policy - INFO -     #5: arm=batch_size=100000,header_size=64,cut_condition_type=1,fast_path_timeout=100,k=1, pred=0.898751
2026-02-03 23:31:34,519 - cmab.policy - INFO - 
2026-02-03 23:31:34,519 - cmab.policy - INFO -   Found 6 arms with same max prediction (0.898751), randomly selecting one...
2026-02-03 23:31:34,519 - cmab.policy - INFO - 
2026-02-03 23:31:34,519 - cmab.policy - INFO - ✓ SELECTED ARM: batch_size=100000,header_size=64,cut_condition_type=1,fast_path_timeout=100,k=1 (prediction=0.898751)
2026-02-03 23:31:34,519 - cmab.policy - INFO - ================================================================================
2026-02-03 23:31:34,522 - cmab.trainer - INFO - Updated parameters file: /home/ccclr0302/autobahn-test/benchmark/.parameters-0.json
2026-02-03 23:31:34,522 - cmab.trainer - INFO - 🚩 Created RL parameter update signal file (epoch 21): /tmp/autobahn_rl_param_update_21.signal
2026-02-03 23:31:34,522 - cmab.trainer - INFO - Applied params: {'batch_size': 100000, 'header_size': 64, 'cut_condition_type': 1, 'fast_path_timeout': 100, 'k': 1}
2026-02-03 23:31:34,522 - cmab.trainer - INFO - Waiting for next metrics file...
2026-02-03 23:31:55,181 - cmab.trainer - INFO - Iteration 22 : context=[ 0.         11.34711     0.60173994  0.60173994  0.        ] arm=batch_size=100000,header_size=64,cut_condition_type=1,fast_path_timeout=100,k=1 params={'batch_size': 100000, 'header_size': 64, 'cut_condition_type': 1, 'fast_path_timeout': 100, 'k': 1}
2026-02-03 23:31:55,181 - cmab.trainer - INFO - Iteration 22 reward=0.802721 avg_reward(20)=0.753892 last_metrics=epoch_22_slot_666.json top_arm=batch_size=100000,header_size=32,cut_condition_type=3,fast_path_timeout=100,k=3 top_ratio=0.14
2026-02-03 23:31:55,183 - cmab.policy - INFO - ================================================================================
2026-02-03 23:31:55,183 - cmab.policy - INFO - SELECT ARM - Detailed Prediction Analysis
2026-02-03 23:31:55,184 - cmab.policy - INFO - Context: [ 0.6885221  0.6885221 10.339354   0.         0.       ]
2026-02-03 23:31:55,184 - cmab.policy - INFO - Number of trees in forest: 10
2026-02-03 23:31:55,184 - cmab.policy - INFO - 
2026-02-03 23:31:55,184 - cmab.policy - INFO - Prediction statistics across all trees:
2026-02-03 23:31:55,184 - cmab.policy - INFO -   Mean predictions (top 5 arms): [0.846937, 0.846937, 0.840636, 0.830121, 0.824202]
2026-02-03 23:31:55,184 - cmab.policy - INFO -   Std predictions (top 5 arms): [0.170254, 0.170254, 0.169475, 0.172834, 0.138893]
2026-02-03 23:31:55,184 - cmab.policy - INFO - 
2026-02-03 23:31:55,184 - cmab.policy - INFO - Top 5 arms by mean prediction:
2026-02-03 23:31:55,184 - cmab.policy - INFO -   #1: arm=batch_size=100000,header_size=128,cut_condition_type=3,fast_path_timeout=100,k=3, mean=0.846937, std=0.170254
2026-02-03 23:31:55,184 - cmab.policy - INFO -   #2: arm=batch_size=100000,header_size=128,cut_condition_type=3,fast_path_timeout=0,k=3, mean=0.846937, std=0.170254
2026-02-03 23:31:55,184 - cmab.policy - INFO -   #3: arm=batch_size=100000,header_size=64,cut_condition_type=3,fast_path_timeout=100,k=3, mean=0.840636, std=0.169475
2026-02-03 23:31:55,184 - cmab.policy - INFO -   #4: arm=batch_size=100000,header_size=64,cut_condition_type=3,fast_path_timeout=0,k=3, mean=0.830121, std=0.172834
2026-02-03 23:31:55,184 - cmab.policy - INFO -   #5: arm=batch_size=100000,header_size=128,cut_condition_type=1,fast_path_timeout=0,k=3, mean=0.824202, std=0.138893
2026-02-03 23:31:55,184 - cmab.policy - INFO - 
2026-02-03 23:31:55,184 - cmab.policy - INFO - Selected tree #1 for Thompson Sampling:
2026-02-03 23:31:55,184 - cmab.policy - INFO -   Tree depth: 7
2026-02-03 23:31:55,184 - cmab.policy - INFO -   Tree nodes: 51
2026-02-03 23:31:55,184 - cmab.policy - INFO -   Tree leaves: 26
2026-02-03 23:31:55,184 - cmab.policy - INFO -   Tree shape: (nodes=51, leaves=26, depth=7)
2026-02-03 23:31:55,185 - cmab.policy - INFO -   Tree feature importances: [0.01241774 0.21600066 0.15045539 0.03912425 0.         0.39550722
 0.07166576 0.00487142 0.02930155 0.080656  ]
2026-02-03 23:31:55,186 - cmab.policy - INFO -   Forest feature importances: [0.09622249 0.0668932  0.07649629 0.07418475 0.01546538 0.44186871
 0.11966892 0.01203172 0.02982178 0.06734675]
2026-02-03 23:31:55,186 - cmab.policy - INFO -   Top 5 predictions from this tree:
2026-02-03 23:31:55,186 - cmab.policy - INFO -     #1: arm=batch_size=100000,header_size=32,cut_condition_type=1,fast_path_timeout=0,k=1, pred=0.834519
2026-02-03 23:31:55,186 - cmab.policy - INFO -     #2: arm=batch_size=100000,header_size=64,cut_condition_type=1,fast_path_timeout=100,k=1, pred=0.834519
2026-02-03 23:31:55,186 - cmab.policy - INFO -     #3: arm=batch_size=100000,header_size=128,cut_condition_type=1,fast_path_timeout=0,k=3, pred=0.834519
2026-02-03 23:31:55,187 - cmab.policy - INFO -     #4: arm=batch_size=100000,header_size=128,cut_condition_type=1,fast_path_timeout=100,k=1, pred=0.834519
2026-02-03 23:31:55,187 - cmab.policy - INFO -     #5: arm=batch_size=100000,header_size=128,cut_condition_type=1,fast_path_timeout=100,k=3, pred=0.834519
2026-02-03 23:31:55,187 - cmab.policy - INFO - 
2026-02-03 23:31:55,187 - cmab.policy - INFO -   Found 24 arms with same max prediction (0.834519), randomly selecting one...
2026-02-03 23:31:55,187 - cmab.policy - INFO - 
2026-02-03 23:31:55,187 - cmab.policy - INFO - ✓ SELECTED ARM: batch_size=100000,header_size=32,cut_condition_type=1,fast_path_timeout=0,k=3 (prediction=0.834519)
2026-02-03 23:31:55,187 - cmab.policy - INFO - ================================================================================
2026-02-03 23:31:55,189 - cmab.trainer - INFO - Updated parameters file: /home/ccclr0302/autobahn-test/benchmark/.parameters-0.json
2026-02-03 23:31:55,190 - cmab.trainer - INFO - 🚩 Created RL parameter update signal file (epoch 22): /tmp/autobahn_rl_param_update_22.signal
2026-02-03 23:31:55,190 - cmab.trainer - INFO - Applied params: {'batch_size': 100000, 'header_size': 32, 'cut_condition_type': 1, 'fast_path_timeout': 0, 'k': 3}
2026-02-03 23:31:55,190 - cmab.trainer - INFO - Waiting for next metrics file...
2026-02-03 23:37:53,880 - __main__ - INFO - Starting Autobahn Continuous CMAB Training
2026-02-03 23:37:53,880 - __main__ - INFO - metrics_dir=/home/ccclr0302/autobahn/metrics-0 parameters_file=/home/ccclr0302/autobahn-test/benchmark/.parameters-0.json
2026-02-03 23:37:53,886 - __main__ - INFO - Loaded CMAB policy from /home/ccclr0302/autobahn-test/experiment-log/S3-dynamic/cmab_checkpoint_20.pkl
2026-02-03 23:37:53,886 - cmab.trainer - INFO - Initializing CMAB training loop...
2026-02-03 23:37:53,886 - cmab.trainer - INFO - Policy: rf_ts
2026-02-03 23:37:53,886 - cmab.trainer - INFO - Iterations: 200
2026-02-03 23:37:53,886 - cmab.trainer - INFO - No existing metrics file, waiting for epoch 0...
2026-02-03 23:38:18,156 - cmab.policy - INFO - ================================================================================
2026-02-03 23:38:18,156 - cmab.policy - INFO - SELECT ARM - Detailed Prediction Analysis
2026-02-03 23:38:18,156 - cmab.policy - INFO - Context: [0.10088114 0.         0.         0.05846078 0.        ]
2026-02-03 23:38:18,157 - cmab.policy - INFO - Number of trees in forest: 10
2026-02-03 23:38:18,157 - cmab.policy - INFO - 
2026-02-03 23:38:18,157 - cmab.policy - INFO - Prediction statistics across all trees:
2026-02-03 23:38:18,157 - cmab.policy - INFO -   Mean predictions (top 5 arms): [0.832477, 0.832477, 0.828251, 0.828251, 0.826176]
2026-02-03 23:38:18,157 - cmab.policy - INFO -   Std predictions (top 5 arms): [0.177898, 0.177898, 0.138894, 0.138894, 0.176637]
2026-02-03 23:38:18,157 - cmab.policy - INFO - 
2026-02-03 23:38:18,157 - cmab.policy - INFO - Top 5 arms by mean prediction:
2026-02-03 23:38:18,157 - cmab.policy - INFO -   #1: arm=batch_size=100000,header_size=128,cut_condition_type=3,fast_path_timeout=0,k=3, mean=0.832477, std=0.177898
2026-02-03 23:38:18,157 - cmab.policy - INFO -   #2: arm=batch_size=100000,header_size=128,cut_condition_type=3,fast_path_timeout=100,k=3, mean=0.832477, std=0.177898
2026-02-03 23:38:18,157 - cmab.policy - INFO -   #3: arm=batch_size=100000,header_size=128,cut_condition_type=1,fast_path_timeout=100,k=3, mean=0.828251, std=0.138894
2026-02-03 23:38:18,157 - cmab.policy - INFO -   #4: arm=batch_size=100000,header_size=128,cut_condition_type=1,fast_path_timeout=0,k=3, mean=0.828251, std=0.138894
2026-02-03 23:38:18,157 - cmab.policy - INFO -   #5: arm=batch_size=100000,header_size=64,cut_condition_type=3,fast_path_timeout=100,k=3, mean=0.826176, std=0.176637
2026-02-03 23:38:18,157 - cmab.policy - INFO - 
2026-02-03 23:38:18,157 - cmab.policy - INFO - Selected tree #8 for Thompson Sampling:
2026-02-03 23:38:18,157 - cmab.policy - INFO -   Tree depth: 8
2026-02-03 23:38:18,157 - cmab.policy - INFO -   Tree nodes: 55
2026-02-03 23:38:18,157 - cmab.policy - INFO -   Tree leaves: 28
2026-02-03 23:38:18,158 - cmab.policy - INFO -   Tree shape: (nodes=55, leaves=28, depth=8)
2026-02-03 23:38:18,158 - cmab.policy - INFO -   Tree feature importances: [0.18109464 0.06841631 0.0078829  0.06288613 0.         0.40630493
 0.17205438 0.         0.01856035 0.08280036]
2026-02-03 23:38:18,160 - cmab.policy - INFO -   Forest feature importances: [0.09622249 0.0668932  0.07649629 0.07418475 0.01546538 0.44186871
 0.11966892 0.01203172 0.02982178 0.06734675]
2026-02-03 23:38:18,160 - cmab.policy - INFO -   Top 5 predictions from this tree:
2026-02-03 23:38:18,160 - cmab.policy - INFO -     #1: arm=batch_size=100000,header_size=128,cut_condition_type=3,fast_path_timeout=100,k=3, pred=0.812871
2026-02-03 23:38:18,160 - cmab.policy - INFO -     #2: arm=batch_size=100000,header_size=64,cut_condition_type=3,fast_path_timeout=100,k=3, pred=0.812871
2026-02-03 23:38:18,160 - cmab.policy - INFO -     #3: arm=batch_size=100000,header_size=32,cut_condition_type=1,fast_path_timeout=0,k=3, pred=0.812871
2026-02-03 23:38:18,160 - cmab.policy - INFO -     #4: arm=batch_size=100000,header_size=64,cut_condition_type=3,fast_path_timeout=0,k=3, pred=0.812871
2026-02-03 23:38:18,160 - cmab.policy - INFO -     #5: arm=batch_size=100000,header_size=32,cut_condition_type=1,fast_path_timeout=100,k=3, pred=0.812871
2026-02-03 23:38:18,160 - cmab.policy - INFO - 
2026-02-03 23:38:18,160 - cmab.policy - INFO -   Found 12 arms with same max prediction (0.812871), randomly selecting one...
2026-02-03 23:38:18,160 - cmab.policy - INFO - 
2026-02-03 23:38:18,160 - cmab.policy - INFO - ✓ SELECTED ARM: batch_size=100000,header_size=128,cut_condition_type=1,fast_path_timeout=0,k=3 (prediction=0.812871)
2026-02-03 23:38:18,160 - cmab.policy - INFO - ================================================================================
2026-02-03 23:38:18,163 - cmab.trainer - INFO - Updated parameters file: /home/ccclr0302/autobahn-test/benchmark/.parameters-0.json
2026-02-03 23:38:18,163 - cmab.trainer - INFO - 🚩 Created RL parameter update signal file (epoch 0): /tmp/autobahn_rl_param_update_22.signal
2026-02-03 23:38:18,163 - cmab.trainer - INFO - Applied params: {'batch_size': 100000, 'header_size': 128, 'cut_condition_type': 1, 'fast_path_timeout': 0, 'k': 3}
2026-02-03 23:38:18,163 - cmab.trainer - INFO - Waiting for next metrics file...
2026-02-03 23:38:34,607 - cmab.trainer - INFO - Iteration 23 : context=[0.10088114 0.         0.         0.05846078 0.        ] arm=batch_size=100000,header_size=128,cut_condition_type=1,fast_path_timeout=0,k=3 params={'batch_size': 100000, 'header_size': 128, 'cut_condition_type': 1, 'fast_path_timeout': 0, 'k': 3}
2026-02-03 23:38:34,607 - cmab.trainer - INFO - Iteration 23 reward=0.873884 avg_reward(20)=0.765520 last_metrics=epoch_23_slot_36.json top_arm=batch_size=100000,header_size=128,cut_condition_type=1,fast_path_timeout=0,k=3 top_ratio=1.00
2026-02-03 23:38:34,609 - cmab.policy - INFO - ================================================================================
2026-02-03 23:38:34,610 - cmab.policy - INFO - SELECT ARM - Detailed Prediction Analysis
2026-02-03 23:38:34,610 - cmab.policy - INFO - Context: [0.18864726 0.         5.4604735  0.03944462 0.        ]
2026-02-03 23:38:34,610 - cmab.policy - INFO - Number of trees in forest: 10
2026-02-03 23:38:34,610 - cmab.policy - INFO - 
2026-02-03 23:38:34,610 - cmab.policy - INFO - Prediction statistics across all trees:
2026-02-03 23:38:34,610 - cmab.policy - INFO -   Mean predictions (top 5 arms): [0.846937, 0.846937, 0.840636, 0.830121, 0.824202]
2026-02-03 23:38:34,610 - cmab.policy - INFO -   Std predictions (top 5 arms): [0.170254, 0.170254, 0.169475, 0.172834, 0.138893]
2026-02-03 23:38:34,610 - cmab.policy - INFO - 
2026-02-03 23:38:34,610 - cmab.policy - INFO - Top 5 arms by mean prediction:
2026-02-03 23:38:34,610 - cmab.policy - INFO -   #1: arm=batch_size=100000,header_size=128,cut_condition_type=3,fast_path_timeout=100,k=3, mean=0.846937, std=0.170254
2026-02-03 23:38:34,610 - cmab.policy - INFO -   #2: arm=batch_size=100000,header_size=128,cut_condition_type=3,fast_path_timeout=0,k=3, mean=0.846937, std=0.170254
2026-02-03 23:38:34,610 - cmab.policy - INFO -   #3: arm=batch_size=100000,header_size=64,cut_condition_type=3,fast_path_timeout=100,k=3, mean=0.840636, std=0.169475
2026-02-03 23:38:34,610 - cmab.policy - INFO -   #4: arm=batch_size=100000,header_size=64,cut_condition_type=3,fast_path_timeout=0,k=3, mean=0.830121, std=0.172834
2026-02-03 23:38:34,610 - cmab.policy - INFO -   #5: arm=batch_size=100000,header_size=128,cut_condition_type=1,fast_path_timeout=0,k=3, mean=0.824202, std=0.138893
2026-02-03 23:38:34,610 - cmab.policy - INFO - 
2026-02-03 23:38:34,610 - cmab.policy - INFO - Selected tree #8 for Thompson Sampling:
2026-02-03 23:38:34,610 - cmab.policy - INFO -   Tree depth: 8
2026-02-03 23:38:34,610 - cmab.policy - INFO -   Tree nodes: 55
2026-02-03 23:38:34,610 - cmab.policy - INFO -   Tree leaves: 28
2026-02-03 23:38:34,610 - cmab.policy - INFO -   Tree shape: (nodes=55, leaves=28, depth=8)
2026-02-03 23:38:34,611 - cmab.policy - INFO -   Tree feature importances: [0.18109464 0.06841631 0.0078829  0.06288613 0.         0.40630493
 0.17205438 0.         0.01856035 0.08280036]
2026-02-03 23:38:34,612 - cmab.policy - INFO -   Forest feature importances: [0.09622249 0.0668932  0.07649629 0.07418475 0.01546538 0.44186871
 0.11966892 0.01203172 0.02982178 0.06734675]
2026-02-03 23:38:34,613 - cmab.policy - INFO -   Top 5 predictions from this tree:
2026-02-03 23:38:34,613 - cmab.policy - INFO -     #1: arm=batch_size=100000,header_size=128,cut_condition_type=3,fast_path_timeout=100,k=3, pred=0.812871
2026-02-03 23:38:34,613 - cmab.policy - INFO -     #2: arm=batch_size=100000,header_size=64,cut_condition_type=3,fast_path_timeout=100,k=3, pred=0.812871
2026-02-03 23:38:34,613 - cmab.policy - INFO -     #3: arm=batch_size=100000,header_size=32,cut_condition_type=1,fast_path_timeout=0,k=3, pred=0.812871
2026-02-03 23:38:34,613 - cmab.policy - INFO -     #4: arm=batch_size=100000,header_size=64,cut_condition_type=3,fast_path_timeout=0,k=3, pred=0.812871
2026-02-03 23:38:34,613 - cmab.policy - INFO -     #5: arm=batch_size=100000,header_size=32,cut_condition_type=1,fast_path_timeout=100,k=3, pred=0.812871
2026-02-03 23:38:34,613 - cmab.policy - INFO - 
2026-02-03 23:38:34,613 - cmab.policy - INFO -   Found 12 arms with same max prediction (0.812871), randomly selecting one...
2026-02-03 23:38:34,613 - cmab.policy - INFO - 
2026-02-03 23:38:34,613 - cmab.policy - INFO - ✓ SELECTED ARM: batch_size=100000,header_size=128,cut_condition_type=1,fast_path_timeout=0,k=3 (prediction=0.812871)
2026-02-03 23:38:34,613 - cmab.policy - INFO - ================================================================================
2026-02-03 23:38:34,617 - cmab.trainer - INFO - Updated parameters file: /home/ccclr0302/autobahn-test/benchmark/.parameters-0.json
2026-02-03 23:38:34,617 - cmab.trainer - INFO - 🚩 Created RL parameter update signal file (epoch 1): /tmp/autobahn_rl_param_update_23.signal
2026-02-03 23:38:34,617 - cmab.trainer - INFO - Applied params: {'batch_size': 100000, 'header_size': 128, 'cut_condition_type': 1, 'fast_path_timeout': 0, 'k': 3}
2026-02-03 23:38:34,617 - cmab.trainer - INFO - Waiting for next metrics file...
2026-02-03 23:38:48,955 - cmab.trainer - INFO - Iteration 24 : context=[0.18864726 0.         5.4604735  0.03944462 0.        ] arm=batch_size=100000,header_size=128,cut_condition_type=1,fast_path_timeout=0,k=3 params={'batch_size': 100000, 'header_size': 128, 'cut_condition_type': 1, 'fast_path_timeout': 0, 'k': 3}
2026-02-03 23:38:48,955 - cmab.trainer - INFO - Iteration 24 reward=1.028563 avg_reward(20)=0.786383 last_metrics=epoch_24_slot_66.json top_arm=batch_size=100000,header_size=128,cut_condition_type=1,fast_path_timeout=0,k=3 top_ratio=1.00
2026-02-03 23:38:48,957 - cmab.policy - INFO - ================================================================================
2026-02-03 23:38:48,957 - cmab.policy - INFO - SELECT ARM - Detailed Prediction Analysis
2026-02-03 23:38:48,957 - cmab.policy - INFO - Context: [0.20058225 0.         0.         5.4763765  0.        ]
2026-02-03 23:38:48,958 - cmab.policy - INFO - Number of trees in forest: 10
2026-02-03 23:38:48,958 - cmab.policy - INFO - 
2026-02-03 23:38:48,958 - cmab.policy - INFO - Prediction statistics across all trees:
2026-02-03 23:38:48,958 - cmab.policy - INFO -   Mean predictions (top 5 arms): [0.949803, 0.913737, 0.913737, 0.913129, 0.913129]
2026-02-03 23:38:48,958 - cmab.policy - INFO -   Std predictions (top 5 arms): [0.262956, 0.213444, 0.213444, 0.241405, 0.241405]
2026-02-03 23:38:48,958 - cmab.policy - INFO - 
2026-02-03 23:38:48,958 - cmab.policy - INFO - Top 5 arms by mean prediction:
2026-02-03 23:38:48,958 - cmab.policy - INFO -   #1: arm=batch_size=100000,header_size=64,cut_condition_type=3,fast_path_timeout=100,k=3, mean=0.949803, std=0.262956
2026-02-03 23:38:48,958 - cmab.policy - INFO -   #2: arm=batch_size=100000,header_size=128,cut_condition_type=1,fast_path_timeout=0,k=3, mean=0.913737, std=0.213444
2026-02-03 23:38:48,958 - cmab.policy - INFO -   #3: arm=batch_size=100000,header_size=128,cut_condition_type=1,fast_path_timeout=100,k=3, mean=0.913737, std=0.213444
2026-02-03 23:38:48,958 - cmab.policy - INFO -   #4: arm=batch_size=100000,header_size=128,cut_condition_type=3,fast_path_timeout=100,k=3, mean=0.913129, std=0.241405
2026-02-03 23:38:48,958 - cmab.policy - INFO -   #5: arm=batch_size=100000,header_size=128,cut_condition_type=3,fast_path_timeout=0,k=3, mean=0.913129, std=0.241405
2026-02-03 23:38:48,958 - cmab.policy - INFO - 
2026-02-03 23:38:48,958 - cmab.policy - INFO - Selected tree #6 for Thompson Sampling:
2026-02-03 23:38:48,958 - cmab.policy - INFO -   Tree depth: 9
2026-02-03 23:38:48,958 - cmab.policy - INFO -   Tree nodes: 61
2026-02-03 23:38:48,958 - cmab.policy - INFO -   Tree leaves: 31
2026-02-03 23:38:48,958 - cmab.policy - INFO -   Tree shape: (nodes=61, leaves=31, depth=9)
2026-02-03 23:38:48,958 - cmab.policy - INFO -   Tree feature importances: [0.18581189 0.14874167 0.04453762 0.00101351 0.04176257 0.37323116
 0.06193883 0.01257768 0.02699448 0.10339059]
2026-02-03 23:38:48,960 - cmab.policy - INFO -   Forest feature importances: [0.09622249 0.0668932  0.07649629 0.07418475 0.01546538 0.44186871
 0.11966892 0.01203172 0.02982178 0.06734675]
2026-02-03 23:38:48,960 - cmab.policy - INFO -   Top 5 predictions from this tree:
2026-02-03 23:38:48,960 - cmab.policy - INFO -     #1: arm=batch_size=100000,header_size=32,cut_condition_type=1,fast_path_timeout=0,k=1, pred=0.809382
2026-02-03 23:38:48,960 - cmab.policy - INFO -     #2: arm=batch_size=100000,header_size=64,cut_condition_type=3,fast_path_timeout=0,k=1, pred=0.809382
2026-02-03 23:38:48,960 - cmab.policy - INFO -     #3: arm=batch_size=100000,header_size=64,cut_condition_type=3,fast_path_timeout=100,k=1, pred=0.809382
2026-02-03 23:38:48,961 - cmab.policy - INFO -     #4: arm=batch_size=100000,header_size=64,cut_condition_type=3,fast_path_timeout=100,k=3, pred=0.809382
2026-02-03 23:38:48,961 - cmab.policy - INFO -     #5: arm=batch_size=100000,header_size=64,cut_condition_type=1,fast_path_timeout=100,k=3, pred=0.809382
2026-02-03 23:38:48,961 - cmab.policy - INFO - 
2026-02-03 23:38:48,961 - cmab.policy - INFO -   Found 24 arms with same max prediction (0.809382), randomly selecting one...
2026-02-03 23:38:48,961 - cmab.policy - INFO - 
2026-02-03 23:38:48,961 - cmab.policy - INFO - ✓ SELECTED ARM: batch_size=100000,header_size=64,cut_condition_type=3,fast_path_timeout=100,k=3 (prediction=0.809382)
2026-02-03 23:38:48,961 - cmab.policy - INFO - ================================================================================
2026-02-03 23:38:48,965 - cmab.trainer - INFO - Updated parameters file: /home/ccclr0302/autobahn-test/benchmark/.parameters-0.json
2026-02-03 23:38:48,965 - cmab.trainer - INFO - 🚩 Created RL parameter update signal file (epoch 2): /tmp/autobahn_rl_param_update_24.signal
2026-02-03 23:38:48,965 - cmab.trainer - INFO - Applied params: {'batch_size': 100000, 'header_size': 64, 'cut_condition_type': 3, 'fast_path_timeout': 100, 'k': 3}
2026-02-03 23:38:48,965 - cmab.trainer - INFO - Waiting for next metrics file...
2026-02-03 23:39:09,018 - cmab.trainer - INFO - Iteration 25 : context=[0.20058225 0.         0.         5.4763765  0.        ] arm=batch_size=100000,header_size=64,cut_condition_type=3,fast_path_timeout=100,k=3 params={'batch_size': 100000, 'header_size': 64, 'cut_condition_type': 3, 'fast_path_timeout': 100, 'k': 3}
2026-02-03 23:39:09,019 - cmab.trainer - INFO - Iteration 25 reward=0.985050 avg_reward(20)=0.801407 last_metrics=epoch_25_slot_96.json top_arm=batch_size=100000,header_size=128,cut_condition_type=1,fast_path_timeout=0,k=3 top_ratio=0.67
2026-02-03 23:39:09,021 - cmab.policy - INFO - ================================================================================
2026-02-03 23:39:09,021 - cmab.policy - INFO - SELECT ARM - Detailed Prediction Analysis
2026-02-03 23:39:09,021 - cmab.policy - INFO - Context: [ 0.6740733  0.        11.246692   0.5908243  0.       ]
2026-02-03 23:39:09,022 - cmab.policy - INFO - Number of trees in forest: 10
2026-02-03 23:39:09,022 - cmab.policy - INFO - 
2026-02-03 23:39:09,022 - cmab.policy - INFO - Prediction statistics across all trees:
2026-02-03 23:39:09,022 - cmab.policy - INFO -   Mean predictions (top 5 arms): [0.848696, 0.848696, 0.842396, 0.831880, 0.829119]
2026-02-03 23:39:09,022 - cmab.policy - INFO -   Std predictions (top 5 arms): [0.169765, 0.169765, 0.169049, 0.172524, 0.058870]
2026-02-03 23:39:09,022 - cmab.policy - INFO - 
2026-02-03 23:39:09,022 - cmab.policy - INFO - Top 5 arms by mean prediction:
2026-02-03 23:39:09,022 - cmab.policy - INFO -   #1: arm=batch_size=100000,header_size=128,cut_condition_type=3,fast_path_timeout=100,k=3, mean=0.848696, std=0.169765
2026-02-03 23:39:09,022 - cmab.policy - INFO -   #2: arm=batch_size=100000,header_size=128,cut_condition_type=3,fast_path_timeout=0,k=3, mean=0.848696, std=0.169765
2026-02-03 23:39:09,022 - cmab.policy - INFO -   #3: arm=batch_size=100000,header_size=64,cut_condition_type=3,fast_path_timeout=100,k=3, mean=0.842396, std=0.169049
2026-02-03 23:39:09,022 - cmab.policy - INFO -   #4: arm=batch_size=100000,header_size=64,cut_condition_type=3,fast_path_timeout=0,k=3, mean=0.831880, std=0.172524
2026-02-03 23:39:09,022 - cmab.policy - INFO -   #5: arm=batch_size=100000,header_size=32,cut_condition_type=1,fast_path_timeout=100,k=1, mean=0.829119, std=0.058870
2026-02-03 23:39:09,022 - cmab.policy - INFO - 
2026-02-03 23:39:09,022 - cmab.policy - INFO - Selected tree #6 for Thompson Sampling:
2026-02-03 23:39:09,022 - cmab.policy - INFO -   Tree depth: 9
2026-02-03 23:39:09,022 - cmab.policy - INFO -   Tree nodes: 61
2026-02-03 23:39:09,022 - cmab.policy - INFO -   Tree leaves: 31
2026-02-03 23:39:09,022 - cmab.policy - INFO -   Tree shape: (nodes=61, leaves=31, depth=9)
2026-02-03 23:39:09,022 - cmab.policy - INFO -   Tree feature importances: [0.18581189 0.14874167 0.04453762 0.00101351 0.04176257 0.37323116
 0.06193883 0.01257768 0.02699448 0.10339059]
2026-02-03 23:39:09,024 - cmab.policy - INFO -   Forest feature importances: [0.09622249 0.0668932  0.07649629 0.07418475 0.01546538 0.44186871
 0.11966892 0.01203172 0.02982178 0.06734675]
2026-02-03 23:39:09,024 - cmab.policy - INFO -   Top 5 predictions from this tree:
2026-02-03 23:39:09,024 - cmab.policy - INFO -     #1: arm=batch_size=100000,header_size=32,cut_condition_type=1,fast_path_timeout=0,k=1, pred=0.809382
2026-02-03 23:39:09,024 - cmab.policy - INFO -     #2: arm=batch_size=100000,header_size=64,cut_condition_type=3,fast_path_timeout=0,k=1, pred=0.809382
2026-02-03 23:39:09,024 - cmab.policy - INFO -     #3: arm=batch_size=100000,header_size=64,cut_condition_type=3,fast_path_timeout=100,k=1, pred=0.809382
2026-02-03 23:39:09,024 - cmab.policy - INFO -     #4: arm=batch_size=100000,header_size=64,cut_condition_type=3,fast_path_timeout=100,k=3, pred=0.809382
2026-02-03 23:39:09,024 - cmab.policy - INFO -     #5: arm=batch_size=100000,header_size=64,cut_condition_type=1,fast_path_timeout=100,k=3, pred=0.809382
2026-02-03 23:39:09,024 - cmab.policy - INFO - 
2026-02-03 23:39:09,025 - cmab.policy - INFO -   Found 24 arms with same max prediction (0.809382), randomly selecting one...
2026-02-03 23:39:09,025 - cmab.policy - INFO - 
2026-02-03 23:39:09,025 - cmab.policy - INFO - ✓ SELECTED ARM: batch_size=100000,header_size=128,cut_condition_type=3,fast_path_timeout=100,k=1 (prediction=0.809382)
2026-02-03 23:39:09,025 - cmab.policy - INFO - ================================================================================
2026-02-03 23:39:09,028 - cmab.trainer - INFO - Updated parameters file: /home/ccclr0302/autobahn-test/benchmark/.parameters-0.json
2026-02-03 23:39:09,028 - cmab.trainer - INFO - 🚩 Created RL parameter update signal file (epoch 3): /tmp/autobahn_rl_param_update_25.signal
2026-02-03 23:39:09,029 - cmab.trainer - INFO - Applied params: {'batch_size': 100000, 'header_size': 128, 'cut_condition_type': 3, 'fast_path_timeout': 100, 'k': 1}
2026-02-03 23:39:09,029 - cmab.trainer - INFO - Waiting for next metrics file...
2026-02-03 23:39:32,795 - cmab.trainer - INFO - Iteration 26 : context=[ 0.6740733  0.        11.246692   0.5908243  0.       ] arm=batch_size=100000,header_size=128,cut_condition_type=3,fast_path_timeout=100,k=1 params={'batch_size': 100000, 'header_size': 128, 'cut_condition_type': 3, 'fast_path_timeout': 100, 'k': 1}
2026-02-03 23:39:32,796 - cmab.trainer - INFO - Iteration 26 reward=1.103872 avg_reward(20)=0.814704 last_metrics=epoch_26_slot_126.json top_arm=batch_size=100000,header_size=128,cut_condition_type=1,fast_path_timeout=0,k=3 top_ratio=0.50
2026-02-03 23:39:32,798 - cmab.policy - INFO - ================================================================================
2026-02-03 23:39:32,798 - cmab.policy - INFO - SELECT ARM - Detailed Prediction Analysis
2026-02-03 23:39:32,798 - cmab.policy - INFO - Context: [0.14401065 5.3896627  0.         0.09799615 0.        ]
2026-02-03 23:39:32,799 - cmab.policy - INFO - Number of trees in forest: 10
2026-02-03 23:39:32,799 - cmab.policy - INFO - 
2026-02-03 23:39:32,799 - cmab.policy - INFO - Prediction statistics across all trees:
2026-02-03 23:39:32,799 - cmab.policy - INFO -   Mean predictions (top 5 arms): [0.830463, 0.830463, 0.826238, 0.826238, 0.824163]
2026-02-03 23:39:32,799 - cmab.policy - INFO -   Std predictions (top 5 arms): [0.178363, 0.178363, 0.139428, 0.139428, 0.177034]
2026-02-03 23:39:32,799 - cmab.policy - INFO - 
2026-02-03 23:39:32,799 - cmab.policy - INFO - Top 5 arms by mean prediction:
2026-02-03 23:39:32,799 - cmab.policy - INFO -   #1: arm=batch_size=100000,header_size=128,cut_condition_type=3,fast_path_timeout=0,k=3, mean=0.830463, std=0.178363
2026-02-03 23:39:32,799 - cmab.policy - INFO -   #2: arm=batch_size=100000,header_size=128,cut_condition_type=3,fast_path_timeout=100,k=3, mean=0.830463, std=0.178363
2026-02-03 23:39:32,799 - cmab.policy - INFO -   #3: arm=batch_size=100000,header_size=128,cut_condition_type=1,fast_path_timeout=0,k=3, mean=0.826238, std=0.139428
2026-02-03 23:39:32,799 - cmab.policy - INFO -   #4: arm=batch_size=100000,header_size=128,cut_condition_type=1,fast_path_timeout=100,k=3, mean=0.826238, std=0.139428
2026-02-03 23:39:32,799 - cmab.policy - INFO -   #5: arm=batch_size=100000,header_size=64,cut_condition_type=3,fast_path_timeout=100,k=3, mean=0.824163, std=0.177034
2026-02-03 23:39:32,799 - cmab.policy - INFO - 
2026-02-03 23:39:32,799 - cmab.policy - INFO - Selected tree #2 for Thompson Sampling:
2026-02-03 23:39:32,799 - cmab.policy - INFO -   Tree depth: 8
2026-02-03 23:39:32,799 - cmab.policy - INFO -   Tree nodes: 53
2026-02-03 23:39:32,799 - cmab.policy - INFO -   Tree leaves: 27
2026-02-03 23:39:32,799 - cmab.policy - INFO -   Tree shape: (nodes=53, leaves=27, depth=8)
2026-02-03 23:39:32,799 - cmab.policy - INFO -   Tree feature importances: [0.08041317 0.02815172 0.06259418 0.02684878 0.07162767 0.47155321
 0.12407588 0.         0.02963843 0.10509697]
2026-02-03 23:39:32,801 - cmab.policy - INFO -   Forest feature importances: [0.09622249 0.0668932  0.07649629 0.07418475 0.01546538 0.44186871
 0.11966892 0.01203172 0.02982178 0.06734675]
2026-02-03 23:39:32,801 - cmab.policy - INFO -   Top 5 predictions from this tree:
2026-02-03 23:39:32,801 - cmab.policy - INFO -     #1: arm=batch_size=100000,header_size=32,cut_condition_type=1,fast_path_timeout=0,k=1, pred=0.780255
2026-02-03 23:39:32,801 - cmab.policy - INFO -     #2: arm=batch_size=100000,header_size=64,cut_condition_type=1,fast_path_timeout=0,k=3, pred=0.780255
2026-02-03 23:39:32,801 - cmab.policy - INFO -     #3: arm=batch_size=100000,header_size=64,cut_condition_type=3,fast_path_timeout=0,k=3, pred=0.780255
2026-02-03 23:39:32,802 - cmab.policy - INFO -     #4: arm=batch_size=100000,header_size=128,cut_condition_type=1,fast_path_timeout=0,k=1, pred=0.780255
2026-02-03 23:39:32,802 - cmab.policy - INFO -     #5: arm=batch_size=100000,header_size=128,cut_condition_type=1,fast_path_timeout=0,k=3, pred=0.780255
2026-02-03 23:39:32,802 - cmab.policy - INFO - 
2026-02-03 23:39:32,802 - cmab.policy - INFO -   Found 24 arms with same max prediction (0.780255), randomly selecting one...
2026-02-03 23:39:32,802 - cmab.policy - INFO - 
2026-02-03 23:39:32,802 - cmab.policy - INFO - ✓ SELECTED ARM: batch_size=100000,header_size=64,cut_condition_type=1,fast_path_timeout=100,k=3 (prediction=0.780255)
2026-02-03 23:39:32,802 - cmab.policy - INFO - ================================================================================
2026-02-03 23:39:32,805 - cmab.trainer - INFO - Updated parameters file: /home/ccclr0302/autobahn-test/benchmark/.parameters-0.json
2026-02-03 23:39:32,805 - cmab.trainer - INFO - 🚩 Created RL parameter update signal file (epoch 4): /tmp/autobahn_rl_param_update_26.signal
2026-02-03 23:39:32,805 - cmab.trainer - INFO - Applied params: {'batch_size': 100000, 'header_size': 64, 'cut_condition_type': 1, 'fast_path_timeout': 100, 'k': 3}
2026-02-03 23:39:32,805 - cmab.trainer - INFO - Waiting for next metrics file...
[Parallel(n_jobs=1)]: Done  10 out of  10 | elapsed:    0.0s finished
[Parallel(n_jobs=1)]: Done  10 out of  10 | elapsed:    0.0s finished
2026-02-03 23:39:52,970 - cmab.policy - INFO - RF Updated: samples=105, MSE=0.016355
2026-02-03 23:39:52,970 - cmab.trainer - INFO - Iteration 27 : context=[0.14401065 5.3896627  0.         0.09799615 0.        ] arm=batch_size=100000,header_size=64,cut_condition_type=1,fast_path_timeout=100,k=3 params={'batch_size': 100000, 'header_size': 64, 'cut_condition_type': 1, 'fast_path_timeout': 100, 'k': 3}
2026-02-03 23:39:52,971 - cmab.trainer - INFO - Iteration 27 reward=0.852688 avg_reward(20)=0.810672 last_metrics=epoch_27_slot_157.json top_arm=batch_size=100000,header_size=128,cut_condition_type=1,fast_path_timeout=0,k=3 top_ratio=0.40
2026-02-03 23:39:52,973 - cmab.policy - INFO - ================================================================================
2026-02-03 23:39:52,973 - cmab.policy - INFO - SELECT ARM - Detailed Prediction Analysis
2026-02-03 23:39:52,973 - cmab.policy - INFO - Context: [ 0.6162707  0.        11.250872   0.6650533  0.       ]
2026-02-03 23:39:52,973 - cmab.policy - INFO - Number of trees in forest: 10
2026-02-03 23:39:52,973 - cmab.policy - INFO - 
2026-02-03 23:39:52,973 - cmab.policy - INFO - Prediction statistics across all trees:
2026-02-03 23:39:52,973 - cmab.policy - INFO -   Mean predictions (top 5 arms): [1.035383, 1.031699, 1.028290, 1.024605, 1.023777]
2026-02-03 23:39:52,973 - cmab.policy - INFO -   Std predictions (top 5 arms): [0.100307, 0.108586, 0.095162, 0.103600, 0.134140]
2026-02-03 23:39:52,973 - cmab.policy - INFO - 
2026-02-03 23:39:52,973 - cmab.policy - INFO - Top 5 arms by mean prediction:
2026-02-03 23:39:52,973 - cmab.policy - INFO -   #1: arm=batch_size=100000,header_size=128,cut_condition_type=3,fast_path_timeout=0,k=3, mean=1.035383, std=0.100307
2026-02-03 23:39:52,973 - cmab.policy - INFO -   #2: arm=batch_size=100000,header_size=128,cut_condition_type=3,fast_path_timeout=100,k=3, mean=1.031699, std=0.108586
2026-02-03 23:39:52,973 - cmab.policy - INFO -   #3: arm=batch_size=100000,header_size=128,cut_condition_type=1,fast_path_timeout=0,k=3, mean=1.028290, std=0.095162
2026-02-03 23:39:52,973 - cmab.policy - INFO -   #4: arm=batch_size=100000,header_size=128,cut_condition_type=1,fast_path_timeout=100,k=3, mean=1.024605, std=0.103600
2026-02-03 23:39:52,973 - cmab.policy - INFO -   #5: arm=batch_size=100000,header_size=64,cut_condition_type=3,fast_path_timeout=100,k=3, mean=1.023777, std=0.134140
2026-02-03 23:39:52,973 - cmab.policy - INFO - 
2026-02-03 23:39:52,974 - cmab.policy - INFO - Selected tree #8 for Thompson Sampling:
2026-02-03 23:39:52,974 - cmab.policy - INFO -   Tree depth: 9
2026-02-03 23:39:52,974 - cmab.policy - INFO -   Tree nodes: 55
2026-02-03 23:39:52,974 - cmab.policy - INFO -   Tree leaves: 28
2026-02-03 23:39:52,974 - cmab.policy - INFO -   Tree shape: (nodes=55, leaves=28, depth=9)
2026-02-03 23:39:52,974 - cmab.policy - INFO -   Tree feature importances: [0.06832785 0.04065882 0.0016022  0.29862459 0.00411478 0.35577517
 0.19411009 0.01390906 0.02287744 0.        ]
2026-02-03 23:39:52,976 - cmab.policy - INFO -   Forest feature importances: [0.11450752 0.06062744 0.05685905 0.10548409 0.01985996 0.41167156
 0.11875975 0.02432828 0.05607103 0.03183132]
2026-02-03 23:39:52,976 - cmab.policy - INFO -   Top 5 predictions from this tree:
2026-02-03 23:39:52,976 - cmab.policy - INFO -     #1: arm=batch_size=100000,header_size=32,cut_condition_type=1,fast_path_timeout=0,k=1, pred=1.069349
2026-02-03 23:39:52,976 - cmab.policy - INFO -     #2: arm=batch_size=100000,header_size=64,cut_condition_type=1,fast_path_timeout=0,k=3, pred=1.069349
2026-02-03 23:39:52,976 - cmab.policy - INFO -     #3: arm=batch_size=100000,header_size=128,cut_condition_type=1,fast_path_timeout=100,k=1, pred=1.069349
2026-02-03 23:39:52,976 - cmab.policy - INFO -     #4: arm=batch_size=100000,header_size=128,cut_condition_type=1,fast_path_timeout=100,k=3, pred=1.069349
2026-02-03 23:39:52,976 - cmab.policy - INFO -     #5: arm=batch_size=100000,header_size=128,cut_condition_type=3,fast_path_timeout=0,k=1, pred=1.069349
2026-02-03 23:39:52,976 - cmab.policy - INFO - 
2026-02-03 23:39:52,976 - cmab.policy - INFO -   Found 24 arms with same max prediction (1.069349), randomly selecting one...
2026-02-03 23:39:52,976 - cmab.policy - INFO - 
2026-02-03 23:39:52,976 - cmab.policy - INFO - ✓ SELECTED ARM: batch_size=100000,header_size=128,cut_condition_type=1,fast_path_timeout=100,k=3 (prediction=1.069349)
2026-02-03 23:39:52,976 - cmab.policy - INFO - ================================================================================
2026-02-03 23:39:52,979 - cmab.trainer - INFO - Updated parameters file: /home/ccclr0302/autobahn-test/benchmark/.parameters-0.json
2026-02-03 23:39:52,979 - cmab.trainer - INFO - 🚩 Created RL parameter update signal file (epoch 5): /tmp/autobahn_rl_param_update_27.signal
2026-02-03 23:39:52,979 - cmab.trainer - INFO - Applied params: {'batch_size': 100000, 'header_size': 128, 'cut_condition_type': 1, 'fast_path_timeout': 100, 'k': 3}
2026-02-03 23:39:52,979 - cmab.trainer - INFO - Waiting for next metrics file...
2026-02-03 23:40:08,120 - cmab.trainer - INFO - Iteration 28 : context=[ 0.6162707  0.        11.250872   0.6650533  0.       ] arm=batch_size=100000,header_size=128,cut_condition_type=1,fast_path_timeout=100,k=3 params={'batch_size': 100000, 'header_size': 128, 'cut_condition_type': 1, 'fast_path_timeout': 100, 'k': 3}
2026-02-03 23:40:08,120 - cmab.trainer - INFO - Iteration 28 reward=0.911865 avg_reward(20)=0.827971 last_metrics=epoch_28_slot_186.json top_arm=batch_size=100000,header_size=128,cut_condition_type=1,fast_path_timeout=0,k=3 top_ratio=0.33
2026-02-03 23:40:08,123 - cmab.policy - INFO - ================================================================================
2026-02-03 23:40:08,123 - cmab.policy - INFO - SELECT ARM - Detailed Prediction Analysis
2026-02-03 23:40:08,123 - cmab.policy - INFO - Context: [0.23770934 0.         0.         5.496958   0.        ]
2026-02-03 23:40:08,123 - cmab.policy - INFO - Number of trees in forest: 10
2026-02-03 23:40:08,123 - cmab.policy - INFO - 
2026-02-03 23:40:08,123 - cmab.policy - INFO - Prediction statistics across all trees:
2026-02-03 23:40:08,123 - cmab.policy - INFO -   Mean predictions (top 5 arms): [0.993687, 0.964052, 0.962488, 0.959693, 0.951960]
2026-02-03 23:40:08,123 - cmab.policy - INFO -   Std predictions (top 5 arms): [0.196844, 0.256088, 0.122606, 0.212153, 0.081514]
2026-02-03 23:40:08,124 - cmab.policy - INFO - 
2026-02-03 23:40:08,124 - cmab.policy - INFO - Top 5 arms by mean prediction:
2026-02-03 23:40:08,124 - cmab.policy - INFO -   #1: arm=batch_size=100000,header_size=32,cut_condition_type=3,fast_path_timeout=100,k=1, mean=0.993687, std=0.196844
2026-02-03 23:40:08,124 - cmab.policy - INFO -   #2: arm=batch_size=100000,header_size=32,cut_condition_type=3,fast_path_timeout=400,k=1, mean=0.964052, std=0.256088
2026-02-03 23:40:08,124 - cmab.policy - INFO -   #3: arm=batch_size=100000,header_size=64,cut_condition_type=3,fast_path_timeout=100,k=1, mean=0.962488, std=0.122606
2026-02-03 23:40:08,124 - cmab.policy - INFO -   #4: arm=batch_size=100000,header_size=32,cut_condition_type=3,fast_path_timeout=100,k=3, mean=0.959693, std=0.212153
2026-02-03 23:40:08,124 - cmab.policy - INFO -   #5: arm=batch_size=100000,header_size=64,cut_condition_type=1,fast_path_timeout=0,k=1, mean=0.951960, std=0.081514
2026-02-03 23:40:08,124 - cmab.policy - INFO - 
2026-02-03 23:40:08,124 - cmab.policy - INFO - Selected tree #2 for Thompson Sampling:
2026-02-03 23:40:08,124 - cmab.policy - INFO -   Tree depth: 8
2026-02-03 23:40:08,124 - cmab.policy - INFO -   Tree nodes: 59
2026-02-03 23:40:08,124 - cmab.policy - INFO -   Tree leaves: 30
2026-02-03 23:40:08,124 - cmab.policy - INFO -   Tree shape: (nodes=59, leaves=30, depth=8)
2026-02-03 23:40:08,124 - cmab.policy - INFO -   Tree feature importances: [0.10977263 0.02729654 0.15803208 0.01980615 0.0197994  0.43690974
 0.0764859  0.01898842 0.11194372 0.02096542]
2026-02-03 23:40:08,126 - cmab.policy - INFO -   Forest feature importances: [0.11450752 0.06062744 0.05685905 0.10548409 0.01985996 0.41167156
 0.11875975 0.02432828 0.05607103 0.03183132]
2026-02-03 23:40:08,126 - cmab.policy - INFO -   Top 5 predictions from this tree:
2026-02-03 23:40:08,126 - cmab.policy - INFO -     #1: arm=batch_size=100000,header_size=32,cut_condition_type=1,fast_path_timeout=0,k=1, pred=0.995928
2026-02-03 23:40:08,126 - cmab.policy - INFO -     #2: arm=batch_size=100000,header_size=64,cut_condition_type=1,fast_path_timeout=0,k=3, pred=0.995928
2026-02-03 23:40:08,126 - cmab.policy - INFO -     #3: arm=batch_size=100000,header_size=128,cut_condition_type=3,fast_path_timeout=100,k=3, pred=0.995928
2026-02-03 23:40:08,126 - cmab.policy - INFO -     #4: arm=batch_size=100000,header_size=128,cut_condition_type=3,fast_path_timeout=100,k=1, pred=0.995928
2026-02-03 23:40:08,126 - cmab.policy - INFO -     #5: arm=batch_size=100000,header_size=128,cut_condition_type=3,fast_path_timeout=0,k=3, pred=0.995928
2026-02-03 23:40:08,126 - cmab.policy - INFO - 
2026-02-03 23:40:08,126 - cmab.policy - INFO -   Found 24 arms with same max prediction (0.995928), randomly selecting one...
2026-02-03 23:40:08,126 - cmab.policy - INFO - 
2026-02-03 23:40:08,126 - cmab.policy - INFO - ✓ SELECTED ARM: batch_size=100000,header_size=32,cut_condition_type=1,fast_path_timeout=0,k=3 (prediction=0.995928)
2026-02-03 23:40:08,126 - cmab.policy - INFO - ================================================================================
2026-02-03 23:40:08,129 - cmab.trainer - INFO - Updated parameters file: /home/ccclr0302/autobahn-test/benchmark/.parameters-0.json
2026-02-03 23:40:08,130 - cmab.trainer - INFO - 🚩 Created RL parameter update signal file (epoch 6): /tmp/autobahn_rl_param_update_28.signal
2026-02-03 23:40:08,130 - cmab.trainer - INFO - Applied params: {'batch_size': 100000, 'header_size': 32, 'cut_condition_type': 1, 'fast_path_timeout': 0, 'k': 3}
2026-02-03 23:40:08,130 - cmab.trainer - INFO - Waiting for next metrics file...
2026-02-03 23:40:24,776 - cmab.trainer - INFO - Iteration 29 : context=[0.23770934 0.         0.         5.496958   0.        ] arm=batch_size=100000,header_size=32,cut_condition_type=1,fast_path_timeout=0,k=3 params={'batch_size': 100000, 'header_size': 32, 'cut_condition_type': 1, 'fast_path_timeout': 0, 'k': 3}
2026-02-03 23:40:24,776 - cmab.trainer - INFO - Iteration 29 reward=0.980590 avg_reward(20)=0.836624 last_metrics=epoch_29_slot_217.json top_arm=batch_size=100000,header_size=128,cut_condition_type=1,fast_path_timeout=0,k=3 top_ratio=0.29
2026-02-03 23:40:24,778 - cmab.policy - INFO - ================================================================================
2026-02-03 23:40:24,779 - cmab.policy - INFO - SELECT ARM - Detailed Prediction Analysis
2026-02-03 23:40:24,779 - cmab.policy - INFO - Context: [20.         1.7100835  1.6092147  0.         0.       ]
2026-02-03 23:40:24,779 - cmab.policy - INFO - Number of trees in forest: 10
2026-02-03 23:40:24,779 - cmab.policy - INFO - 
2026-02-03 23:40:24,779 - cmab.policy - INFO - Prediction statistics across all trees:
2026-02-03 23:40:24,779 - cmab.policy - INFO -   Mean predictions (top 5 arms): [1.022743, 1.022743, 1.004257, 0.980927, 0.974453]
2026-02-03 23:40:24,779 - cmab.policy - INFO -   Std predictions (top 5 arms): [0.242428, 0.242428, 0.206079, 0.173043, 0.233876]
2026-02-03 23:40:24,779 - cmab.policy - INFO - 
2026-02-03 23:40:24,779 - cmab.policy - INFO - Top 5 arms by mean prediction:
2026-02-03 23:40:24,779 - cmab.policy - INFO -   #1: arm=batch_size=100000,header_size=32,cut_condition_type=3,fast_path_timeout=100,k=3, mean=1.022743, std=0.242428
2026-02-03 23:40:24,779 - cmab.policy - INFO -   #2: arm=batch_size=100000,header_size=32,cut_condition_type=1,fast_path_timeout=100,k=3, mean=1.022743, std=0.242428
2026-02-03 23:40:24,779 - cmab.policy - INFO -   #3: arm=batch_size=100000,header_size=64,cut_condition_type=3,fast_path_timeout=100,k=3, mean=1.004257, std=0.206079
2026-02-03 23:40:24,779 - cmab.policy - INFO -   #4: arm=batch_size=100000,header_size=64,cut_condition_type=1,fast_path_timeout=100,k=3, mean=0.980927, std=0.173043
2026-02-03 23:40:24,779 - cmab.policy - INFO -   #5: arm=batch_size=100000,header_size=32,cut_condition_type=3,fast_path_timeout=0,k=3, mean=0.974453, std=0.233876
2026-02-03 23:40:24,779 - cmab.policy - INFO - 
2026-02-03 23:40:24,779 - cmab.policy - INFO - Selected tree #5 for Thompson Sampling:
2026-02-03 23:40:24,779 - cmab.policy - INFO -   Tree depth: 8
2026-02-03 23:40:24,779 - cmab.policy - INFO -   Tree nodes: 61
2026-02-03 23:40:24,779 - cmab.policy - INFO -   Tree leaves: 31
2026-02-03 23:40:24,779 - cmab.policy - INFO -   Tree shape: (nodes=61, leaves=31, depth=8)
2026-02-03 23:40:24,780 - cmab.policy - INFO -   Tree feature importances: [0.33679324 0.01733085 0.01692009 0.05388353 0.01445984 0.33261823
 0.09485318 0.00171217 0.02212082 0.10930805]
2026-02-03 23:40:24,781 - cmab.policy - INFO -   Forest feature importances: [0.11450752 0.06062744 0.05685905 0.10548409 0.01985996 0.41167156
 0.11875975 0.02432828 0.05607103 0.03183132]
2026-02-03 23:40:24,782 - cmab.policy - INFO -   Top 5 predictions from this tree:
2026-02-03 23:40:24,782 - cmab.policy - INFO -     #1: arm=batch_size=100000,header_size=32,cut_condition_type=3,fast_path_timeout=100,k=3, pred=1.540296
2026-02-03 23:40:24,782 - cmab.policy - INFO -     #2: arm=batch_size=100000,header_size=32,cut_condition_type=3,fast_path_timeout=0,k=3, pred=1.540296
2026-02-03 23:40:24,782 - cmab.policy - INFO -     #3: arm=batch_size=100000,header_size=32,cut_condition_type=1,fast_path_timeout=0,k=3, pred=1.540296
2026-02-03 23:40:24,782 - cmab.policy - INFO -     #4: arm=batch_size=100000,header_size=32,cut_condition_type=1,fast_path_timeout=100,k=3, pred=1.540296
2026-02-03 23:40:24,782 - cmab.policy - INFO -     #5: arm=batch_size=100000,header_size=32,cut_condition_type=1,fast_path_timeout=400,k=3, pred=1.540296
2026-02-03 23:40:24,782 - cmab.policy - INFO - 
2026-02-03 23:40:24,782 - cmab.policy - INFO -   Found 6 arms with same max prediction (1.540296), randomly selecting one...
2026-02-03 23:40:24,782 - cmab.policy - INFO - 
2026-02-03 23:40:24,782 - cmab.policy - INFO - ✓ SELECTED ARM: batch_size=100000,header_size=32,cut_condition_type=3,fast_path_timeout=100,k=3 (prediction=1.540296)
2026-02-03 23:40:24,782 - cmab.policy - INFO - ================================================================================
2026-02-03 23:40:24,785 - cmab.trainer - INFO - Updated parameters file: /home/ccclr0302/autobahn-test/benchmark/.parameters-0.json
2026-02-03 23:40:24,785 - cmab.trainer - INFO - 🚩 Created RL parameter update signal file (epoch 7): /tmp/autobahn_rl_param_update_29.signal
2026-02-03 23:40:24,785 - cmab.trainer - INFO - Applied params: {'batch_size': 100000, 'header_size': 32, 'cut_condition_type': 3, 'fast_path_timeout': 100, 'k': 3}
2026-02-03 23:40:24,785 - cmab.trainer - INFO - Waiting for next metrics file...
2026-02-03 23:40:40,630 - cmab.trainer - INFO - Iteration 30 : context=[20.         1.7100835  1.6092147  0.         0.       ] arm=batch_size=100000,header_size=32,cut_condition_type=3,fast_path_timeout=100,k=3 params={'batch_size': 100000, 'header_size': 32, 'cut_condition_type': 3, 'fast_path_timeout': 100, 'k': 3}
2026-02-03 23:40:40,630 - cmab.trainer - INFO - Iteration 30 reward=1.110907 avg_reward(20)=0.859834 last_metrics=epoch_30_slot_246.json top_arm=batch_size=100000,header_size=128,cut_condition_type=1,fast_path_timeout=0,k=3 top_ratio=0.25
2026-02-03 23:40:40,633 - cmab.policy - INFO - ================================================================================
2026-02-03 23:40:40,633 - cmab.policy - INFO - SELECT ARM - Detailed Prediction Analysis
2026-02-03 23:40:40,633 - cmab.policy - INFO - Context: [ 1.5960432  1.7502129 20.         0.         0.       ]
2026-02-03 23:40:40,633 - cmab.policy - INFO - Number of trees in forest: 10
2026-02-03 23:40:40,633 - cmab.policy - INFO - 
2026-02-03 23:40:40,633 - cmab.policy - INFO - Prediction statistics across all trees:
2026-02-03 23:40:40,633 - cmab.policy - INFO -   Mean predictions (top 5 arms): [0.928375, 0.928375, 0.918660, 0.918660, 0.918313]
2026-02-03 23:40:40,633 - cmab.policy - INFO -   Std predictions (top 5 arms): [0.206365, 0.206365, 0.208939, 0.208939, 0.095176]
2026-02-03 23:40:40,633 - cmab.policy - INFO - 
2026-02-03 23:40:40,633 - cmab.policy - INFO - Top 5 arms by mean prediction:
2026-02-03 23:40:40,633 - cmab.policy - INFO -   #1: arm=batch_size=100000,header_size=32,cut_condition_type=1,fast_path_timeout=0,k=3, mean=0.928375, std=0.206365
2026-02-03 23:40:40,633 - cmab.policy - INFO -   #2: arm=batch_size=100000,header_size=32,cut_condition_type=3,fast_path_timeout=0,k=3, mean=0.928375, std=0.206365
2026-02-03 23:40:40,633 - cmab.policy - INFO -   #3: arm=batch_size=100000,header_size=32,cut_condition_type=3,fast_path_timeout=100,k=3, mean=0.918660, std=0.208939
2026-02-03 23:40:40,633 - cmab.policy - INFO -   #4: arm=batch_size=100000,header_size=32,cut_condition_type=1,fast_path_timeout=100,k=3, mean=0.918660, std=0.208939
2026-02-03 23:40:40,633 - cmab.policy - INFO -   #5: arm=batch_size=100000,header_size=32,cut_condition_type=3,fast_path_timeout=0,k=1, mean=0.918313, std=0.095176
2026-02-03 23:40:40,633 - cmab.policy - INFO - 
2026-02-03 23:40:40,633 - cmab.policy - INFO - Selected tree #6 for Thompson Sampling:
2026-02-03 23:40:40,633 - cmab.policy - INFO -   Tree depth: 11
2026-02-03 23:40:40,634 - cmab.policy - INFO -   Tree nodes: 53
2026-02-03 23:40:40,634 - cmab.policy - INFO -   Tree leaves: 27
2026-02-03 23:40:40,634 - cmab.policy - INFO -   Tree shape: (nodes=53, leaves=27, depth=11)
2026-02-03 23:40:40,634 - cmab.policy - INFO -   Tree feature importances: [0.18644263 0.01348878 0.05009557 0.02387264 0.00674087 0.44644139
 0.1667858  0.00695325 0.09917906 0.        ]
2026-02-03 23:40:40,636 - cmab.policy - INFO -   Forest feature importances: [0.11450752 0.06062744 0.05685905 0.10548409 0.01985996 0.41167156
 0.11875975 0.02432828 0.05607103 0.03183132]
2026-02-03 23:40:40,636 - cmab.policy - INFO -   Top 5 predictions from this tree:
2026-02-03 23:40:40,636 - cmab.policy - INFO -     #1: arm=batch_size=100000,header_size=32,cut_condition_type=1,fast_path_timeout=0,k=1, pred=0.855223
2026-02-03 23:40:40,636 - cmab.policy - INFO -     #2: arm=batch_size=100000,header_size=64,cut_condition_type=1,fast_path_timeout=100,k=1, pred=0.855223
2026-02-03 23:40:40,636 - cmab.policy - INFO -     #3: arm=batch_size=100000,header_size=128,cut_condition_type=3,fast_path_timeout=100,k=3, pred=0.855223
2026-02-03 23:40:40,636 - cmab.policy - INFO -     #4: arm=batch_size=100000,header_size=128,cut_condition_type=3,fast_path_timeout=100,k=1, pred=0.855223
2026-02-03 23:40:40,636 - cmab.policy - INFO -     #5: arm=batch_size=100000,header_size=128,cut_condition_type=3,fast_path_timeout=0,k=3, pred=0.855223
2026-02-03 23:40:40,636 - cmab.policy - INFO - 
2026-02-03 23:40:40,636 - cmab.policy - INFO -   Found 24 arms with same max prediction (0.855223), randomly selecting one...
2026-02-03 23:40:40,636 - cmab.policy - INFO - 
2026-02-03 23:40:40,636 - cmab.policy - INFO - ✓ SELECTED ARM: batch_size=100000,header_size=32,cut_condition_type=1,fast_path_timeout=100,k=3 (prediction=0.855223)
2026-02-03 23:40:40,636 - cmab.policy - INFO - ================================================================================
2026-02-03 23:40:40,639 - cmab.trainer - INFO - Updated parameters file: /home/ccclr0302/autobahn-test/benchmark/.parameters-0.json
2026-02-03 23:40:40,639 - cmab.trainer - INFO - 🚩 Created RL parameter update signal file (epoch 8): /tmp/autobahn_rl_param_update_30.signal
2026-02-03 23:40:40,640 - cmab.trainer - INFO - Applied params: {'batch_size': 100000, 'header_size': 32, 'cut_condition_type': 1, 'fast_path_timeout': 100, 'k': 3}
2026-02-03 23:40:40,640 - cmab.trainer - INFO - Waiting for next metrics file...
2026-02-03 23:40:58,488 - cmab.trainer - INFO - Iteration 31 : context=[ 1.5960432  1.7502129 20.         0.         0.       ] arm=batch_size=100000,header_size=32,cut_condition_type=1,fast_path_timeout=100,k=3 params={'batch_size': 100000, 'header_size': 32, 'cut_condition_type': 1, 'fast_path_timeout': 100, 'k': 3}
2026-02-03 23:40:58,488 - cmab.trainer - INFO - Iteration 31 reward=0.898978 avg_reward(20)=0.861367 last_metrics=epoch_31_slot_277.json top_arm=batch_size=100000,header_size=128,cut_condition_type=1,fast_path_timeout=0,k=3 top_ratio=0.22
2026-02-03 23:40:58,491 - cmab.policy - INFO - ================================================================================
2026-02-03 23:40:58,491 - cmab.policy - INFO - SELECT ARM - Detailed Prediction Analysis
2026-02-03 23:40:58,491 - cmab.policy - INFO - Context: [ 0.         1.6949084  1.6459998 20.         0.       ]
2026-02-03 23:40:58,491 - cmab.policy - INFO - Number of trees in forest: 10
2026-02-03 23:40:58,491 - cmab.policy - INFO - 
2026-02-03 23:40:58,491 - cmab.policy - INFO - Prediction statistics across all trees:
2026-02-03 23:40:58,491 - cmab.policy - INFO -   Mean predictions (top 5 arms): [1.050404, 1.024883, 0.995123, 0.983155, 0.974859]
2026-02-03 23:40:58,491 - cmab.policy - INFO -   Std predictions (top 5 arms): [0.284537, 0.260491, 0.205869, 0.195847, 0.320614]
2026-02-03 23:40:58,491 - cmab.policy - INFO - 
2026-02-03 23:40:58,491 - cmab.policy - INFO - Top 5 arms by mean prediction:
2026-02-03 23:40:58,491 - cmab.policy - INFO -   #1: arm=batch_size=100000,header_size=32,cut_condition_type=3,fast_path_timeout=400,k=1, mean=1.050404, std=0.284537
2026-02-03 23:40:58,491 - cmab.policy - INFO -   #2: arm=batch_size=100000,header_size=32,cut_condition_type=3,fast_path_timeout=100,k=1, mean=1.024883, std=0.260491
2026-02-03 23:40:58,491 - cmab.policy - INFO -   #3: arm=batch_size=100000,header_size=64,cut_condition_type=3,fast_path_timeout=400,k=1, mean=0.995123, std=0.205869
2026-02-03 23:40:58,491 - cmab.policy - INFO -   #4: arm=batch_size=100000,header_size=32,cut_condition_type=1,fast_path_timeout=0,k=1, mean=0.983155, std=0.195847
2026-02-03 23:40:58,491 - cmab.policy - INFO -   #5: arm=batch_size=100000,header_size=32,cut_condition_type=3,fast_path_timeout=400,k=3, mean=0.974859, std=0.320614
2026-02-03 23:40:58,491 - cmab.policy - INFO - 
2026-02-03 23:40:58,491 - cmab.policy - INFO - Selected tree #9 for Thompson Sampling:
2026-02-03 23:40:58,491 - cmab.policy - INFO -   Tree depth: 11
2026-02-03 23:40:58,491 - cmab.policy - INFO -   Tree nodes: 61
2026-02-03 23:40:58,492 - cmab.policy - INFO -   Tree leaves: 31
2026-02-03 23:40:58,492 - cmab.policy - INFO -   Tree shape: (nodes=61, leaves=31, depth=11)
2026-02-03 23:40:58,492 - cmab.policy - INFO -   Tree feature importances: [0.11810521 0.09023309 0.02034837 0.08801751 0.         0.44109167
 0.08567205 0.04433586 0.0541643  0.05803194]
2026-02-03 23:40:58,494 - cmab.policy - INFO -   Forest feature importances: [0.11450752 0.06062744 0.05685905 0.10548409 0.01985996 0.41167156
 0.11875975 0.02432828 0.05607103 0.03183132]
2026-02-03 23:40:58,494 - cmab.policy - INFO -   Top 5 predictions from this tree:
2026-02-03 23:40:58,494 - cmab.policy - INFO -     #1: arm=batch_size=100000,header_size=32,cut_condition_type=1,fast_path_timeout=0,k=1, pred=1.083669
2026-02-03 23:40:58,494 - cmab.policy - INFO -     #2: arm=batch_size=100000,header_size=32,cut_condition_type=3,fast_path_timeout=100,k=1, pred=1.083669
2026-02-03 23:40:58,494 - cmab.policy - INFO -     #3: arm=batch_size=100000,header_size=64,cut_condition_type=3,fast_path_timeout=100,k=1, pred=1.083669
2026-02-03 23:40:58,494 - cmab.policy - INFO -     #4: arm=batch_size=100000,header_size=64,cut_condition_type=1,fast_path_timeout=400,k=1, pred=1.083669
2026-02-03 23:40:58,494 - cmab.policy - INFO -     #5: arm=batch_size=100000,header_size=64,cut_condition_type=1,fast_path_timeout=100,k=1, pred=1.083669
2026-02-03 23:40:58,494 - cmab.policy - INFO - 
2026-02-03 23:40:58,494 - cmab.policy - INFO -   Found 12 arms with same max prediction (1.083669), randomly selecting one...
2026-02-03 23:40:58,494 - cmab.policy - INFO - 
2026-02-03 23:40:58,494 - cmab.policy - INFO - ✓ SELECTED ARM: batch_size=100000,header_size=64,cut_condition_type=1,fast_path_timeout=100,k=1 (prediction=1.083669)
2026-02-03 23:40:58,494 - cmab.policy - INFO - ================================================================================
2026-02-03 23:40:58,498 - cmab.trainer - INFO - Updated parameters file: /home/ccclr0302/autobahn-test/benchmark/.parameters-0.json
2026-02-03 23:40:58,498 - cmab.trainer - INFO - 🚩 Created RL parameter update signal file (epoch 9): /tmp/autobahn_rl_param_update_31.signal
2026-02-03 23:40:58,498 - cmab.trainer - INFO - Applied params: {'batch_size': 100000, 'header_size': 64, 'cut_condition_type': 1, 'fast_path_timeout': 100, 'k': 1}
2026-02-03 23:40:58,498 - cmab.trainer - INFO - Waiting for next metrics file...
[Parallel(n_jobs=1)]: Done  10 out of  10 | elapsed:    0.0s finished
[Parallel(n_jobs=1)]: Done  10 out of  10 | elapsed:    0.0s finished
2026-02-03 23:41:13,350 - cmab.policy - INFO - RF Updated: samples=110, MSE=0.013128
2026-02-03 23:41:13,350 - cmab.trainer - INFO - Iteration 32 : context=[ 0.         1.6949084  1.6459998 20.         0.       ] arm=batch_size=100000,header_size=64,cut_condition_type=1,fast_path_timeout=100,k=1 params={'batch_size': 100000, 'header_size': 64, 'cut_condition_type': 1, 'fast_path_timeout': 100, 'k': 1}
2026-02-03 23:41:13,351 - cmab.trainer - INFO - Iteration 32 reward=0.915617 avg_reward(20)=0.865930 last_metrics=epoch_32_slot_306.json top_arm=batch_size=100000,header_size=128,cut_condition_type=1,fast_path_timeout=0,k=3 top_ratio=0.20
2026-02-03 23:41:13,425 - cmab.trainer - INFO - Saved checkpoint: /tmp/cmab_continuous_checkpoints/cmab_checkpoint_10.pkl
2026-02-03 23:41:13,428 - cmab.policy - INFO - ================================================================================
2026-02-03 23:41:13,428 - cmab.policy - INFO - SELECT ARM - Detailed Prediction Analysis
2026-02-03 23:41:13,428 - cmab.policy - INFO - Context: [ 0.         0.6021149  0.7575423 11.171179   0.       ]
2026-02-03 23:41:13,428 - cmab.policy - INFO - Number of trees in forest: 10
2026-02-03 23:41:13,428 - cmab.policy - INFO - 
2026-02-03 23:41:13,428 - cmab.policy - INFO - Prediction statistics across all trees:
2026-02-03 23:41:13,428 - cmab.policy - INFO -   Mean predictions (top 5 arms): [0.965194, 0.959605, 0.937508, 0.927252, 0.927252]
2026-02-03 23:41:13,428 - cmab.policy - INFO -   Std predictions (top 5 arms): [0.202304, 0.208157, 0.175256, 0.174453, 0.174453]
2026-02-03 23:41:13,428 - cmab.policy - INFO - 
2026-02-03 23:41:13,428 - cmab.policy - INFO - Top 5 arms by mean prediction:
2026-02-03 23:41:13,428 - cmab.policy - INFO -   #1: arm=batch_size=100000,header_size=64,cut_condition_type=3,fast_path_timeout=100,k=3, mean=0.965194, std=0.202304
2026-02-03 23:41:13,428 - cmab.policy - INFO -   #2: arm=batch_size=100000,header_size=128,cut_condition_type=3,fast_path_timeout=100,k=3, mean=0.959605, std=0.208157
2026-02-03 23:41:13,428 - cmab.policy - INFO -   #3: arm=batch_size=100000,header_size=64,cut_condition_type=3,fast_path_timeout=0,k=3, mean=0.937508, std=0.175256
2026-02-03 23:41:13,428 - cmab.policy - INFO -   #4: arm=batch_size=100000,header_size=64,cut_condition_type=3,fast_path_timeout=100,k=1, mean=0.927252, std=0.174453
2026-02-03 23:41:13,428 - cmab.policy - INFO -   #5: arm=batch_size=100000,header_size=32,cut_condition_type=3,fast_path_timeout=0,k=1, mean=0.927252, std=0.174453
2026-02-03 23:41:13,428 - cmab.policy - INFO - 
2026-02-03 23:41:13,428 - cmab.policy - INFO - Selected tree #1 for Thompson Sampling:
2026-02-03 23:41:13,428 - cmab.policy - INFO -   Tree depth: 9
2026-02-03 23:41:13,428 - cmab.policy - INFO -   Tree nodes: 65
2026-02-03 23:41:13,429 - cmab.policy - INFO -   Tree leaves: 33
2026-02-03 23:41:13,429 - cmab.policy - INFO -   Tree shape: (nodes=65, leaves=33, depth=9)
2026-02-03 23:41:13,429 - cmab.policy - INFO -   Tree feature importances: [0.06888766 0.12489866 0.10032965 0.01786809 0.         0.52058073
 0.12510854 0.         0.0215963  0.02073039]
2026-02-03 23:41:13,431 - cmab.policy - INFO -   Forest feature importances: [0.10527247 0.06102575 0.10231192 0.06775133 0.01277148 0.42700863
 0.11890448 0.02687746 0.03040773 0.04766875]
2026-02-03 23:41:13,431 - cmab.policy - INFO -   Top 5 predictions from this tree:
2026-02-03 23:41:13,431 - cmab.policy - INFO -     #1: arm=batch_size=100000,header_size=32,cut_condition_type=1,fast_path_timeout=0,k=1, pred=0.983563
2026-02-03 23:41:13,431 - cmab.policy - INFO -     #2: arm=batch_size=100000,header_size=64,cut_condition_type=1,fast_path_timeout=0,k=1, pred=0.983563
2026-02-03 23:41:13,431 - cmab.policy - INFO -     #3: arm=batch_size=100000,header_size=64,cut_condition_type=3,fast_path_timeout=400,k=3, pred=0.983563
2026-02-03 23:41:13,431 - cmab.policy - INFO -     #4: arm=batch_size=100000,header_size=64,cut_condition_type=3,fast_path_timeout=400,k=1, pred=0.983563
2026-02-03 23:41:13,431 - cmab.policy - INFO -     #5: arm=batch_size=100000,header_size=64,cut_condition_type=3,fast_path_timeout=100,k=3, pred=0.983563
2026-02-03 23:41:13,431 - cmab.policy - INFO - 
2026-02-03 23:41:13,431 - cmab.policy - INFO -   Found 24 arms with same max prediction (0.983563), randomly selecting one...
2026-02-03 23:41:13,431 - cmab.policy - INFO - 
2026-02-03 23:41:13,431 - cmab.policy - INFO - ✓ SELECTED ARM: batch_size=100000,header_size=64,cut_condition_type=3,fast_path_timeout=400,k=1 (prediction=0.983563)
2026-02-03 23:41:13,431 - cmab.policy - INFO - ================================================================================
2026-02-03 23:41:13,714 - cmab.trainer - INFO - Updated parameters file: /home/ccclr0302/autobahn-test/benchmark/.parameters-0.json
2026-02-03 23:41:13,715 - cmab.trainer - INFO - 🚩 Created RL parameter update signal file (epoch 10): /tmp/autobahn_rl_param_update_32.signal
2026-02-03 23:41:13,715 - cmab.trainer - INFO - Applied params: {'batch_size': 100000, 'header_size': 64, 'cut_condition_type': 3, 'fast_path_timeout': 400, 'k': 1}
2026-02-03 23:41:13,715 - cmab.trainer - INFO - Waiting for next metrics file...
2026-02-03 23:41:38,883 - cmab.trainer - INFO - Iteration 33 : context=[ 0.         0.6021149  0.7575423 11.171179   0.       ] arm=batch_size=100000,header_size=64,cut_condition_type=3,fast_path_timeout=400,k=1 params={'batch_size': 100000, 'header_size': 64, 'cut_condition_type': 3, 'fast_path_timeout': 400, 'k': 1}
2026-02-03 23:41:38,884 - cmab.trainer - INFO - Iteration 33 reward=0.679889 avg_reward(20)=0.860959 last_metrics=epoch_33_slot_336.json top_arm=batch_size=100000,header_size=128,cut_condition_type=1,fast_path_timeout=0,k=3 top_ratio=0.18
2026-02-03 23:41:38,886 - cmab.policy - INFO - ================================================================================
2026-02-03 23:41:38,886 - cmab.policy - INFO - SELECT ARM - Detailed Prediction Analysis
2026-02-03 23:41:38,886 - cmab.policy - INFO - Context: [ 0.5985457 11.483586   0.661465   0.         0.       ]
2026-02-03 23:41:38,887 - cmab.policy - INFO - Number of trees in forest: 10
2026-02-03 23:41:38,887 - cmab.policy - INFO - 
2026-02-03 23:41:38,887 - cmab.policy - INFO - Prediction statistics across all trees:
2026-02-03 23:41:38,887 - cmab.policy - INFO -   Mean predictions (top 5 arms): [0.805164, 0.805164, 0.805164, 0.805164, 0.794470]
2026-02-03 23:41:38,887 - cmab.policy - INFO -   Std predictions (top 5 arms): [0.093116, 0.093116, 0.093116, 0.093116, 0.089975]
2026-02-03 23:41:38,887 - cmab.policy - INFO - 
2026-02-03 23:41:38,887 - cmab.policy - INFO - Top 5 arms by mean prediction:
2026-02-03 23:41:38,887 - cmab.policy - INFO -   #1: arm=batch_size=100000,header_size=32,cut_condition_type=1,fast_path_timeout=0,k=1, mean=0.805164, std=0.093116
2026-02-03 23:41:38,887 - cmab.policy - INFO -   #2: arm=batch_size=100000,header_size=64,cut_condition_type=1,fast_path_timeout=100,k=1, mean=0.805164, std=0.093116
2026-02-03 23:41:38,887 - cmab.policy - INFO -   #3: arm=batch_size=100000,header_size=32,cut_condition_type=1,fast_path_timeout=100,k=1, mean=0.805164, std=0.093116
2026-02-03 23:41:38,887 - cmab.policy - INFO -   #4: arm=batch_size=100000,header_size=64,cut_condition_type=1,fast_path_timeout=0,k=1, mean=0.805164, std=0.093116
2026-02-03 23:41:38,887 - cmab.policy - INFO -   #5: arm=batch_size=100000,header_size=32,cut_condition_type=3,fast_path_timeout=0,k=1, mean=0.794470, std=0.089975
2026-02-03 23:41:38,887 - cmab.policy - INFO - 
2026-02-03 23:41:38,887 - cmab.policy - INFO - Selected tree #8 for Thompson Sampling:
2026-02-03 23:41:38,887 - cmab.policy - INFO -   Tree depth: 7
2026-02-03 23:41:38,887 - cmab.policy - INFO -   Tree nodes: 55
2026-02-03 23:41:38,887 - cmab.policy - INFO -   Tree leaves: 28
2026-02-03 23:41:38,887 - cmab.policy - INFO -   Tree shape: (nodes=55, leaves=28, depth=7)
2026-02-03 23:41:38,887 - cmab.policy - INFO -   Tree feature importances: [0.09359805 0.04201046 0.29409036 0.04728323 0.07446369 0.29067367
 0.07076931 0.         0.03014688 0.05696435]
2026-02-03 23:41:38,889 - cmab.policy - INFO -   Forest feature importances: [0.10527247 0.06102575 0.10231192 0.06775133 0.01277148 0.42700863
 0.11890448 0.02687746 0.03040773 0.04766875]
2026-02-03 23:41:38,889 - cmab.policy - INFO -   Top 5 predictions from this tree:
2026-02-03 23:41:38,889 - cmab.policy - INFO -     #1: arm=batch_size=100000,header_size=32,cut_condition_type=1,fast_path_timeout=0,k=1, pred=0.798363
2026-02-03 23:41:38,889 - cmab.policy - INFO -     #2: arm=batch_size=100000,header_size=64,cut_condition_type=1,fast_path_timeout=0,k=3, pred=0.798363
2026-02-03 23:41:38,889 - cmab.policy - INFO -     #3: arm=batch_size=100000,header_size=64,cut_condition_type=3,fast_path_timeout=0,k=3, pred=0.798363
2026-02-03 23:41:38,889 - cmab.policy - INFO -     #4: arm=batch_size=100000,header_size=128,cut_condition_type=1,fast_path_timeout=0,k=1, pred=0.798363
2026-02-03 23:41:38,889 - cmab.policy - INFO -     #5: arm=batch_size=100000,header_size=128,cut_condition_type=1,fast_path_timeout=0,k=3, pred=0.798363
2026-02-03 23:41:38,889 - cmab.policy - INFO - 
2026-02-03 23:41:38,890 - cmab.policy - INFO -   Found 24 arms with same max prediction (0.798363), randomly selecting one...
2026-02-03 23:41:38,890 - cmab.policy - INFO - 
2026-02-03 23:41:38,890 - cmab.policy - INFO - ✓ SELECTED ARM: batch_size=100000,header_size=128,cut_condition_type=1,fast_path_timeout=100,k=3 (prediction=0.798363)
2026-02-03 23:41:38,890 - cmab.policy - INFO - ================================================================================
2026-02-03 23:41:38,892 - cmab.trainer - INFO - Updated parameters file: /home/ccclr0302/autobahn-test/benchmark/.parameters-0.json
2026-02-03 23:41:38,892 - cmab.trainer - INFO - 🚩 Created RL parameter update signal file (epoch 11): /tmp/autobahn_rl_param_update_33.signal
2026-02-03 23:41:38,893 - cmab.trainer - INFO - Applied params: {'batch_size': 100000, 'header_size': 128, 'cut_condition_type': 1, 'fast_path_timeout': 100, 'k': 3}
2026-02-03 23:41:38,893 - cmab.trainer - INFO - Waiting for next metrics file...
2026-02-03 23:41:57,843 - cmab.trainer - INFO - Iteration 34 : context=[ 0.5985457 11.483586   0.661465   0.         0.       ] arm=batch_size=100000,header_size=128,cut_condition_type=1,fast_path_timeout=100,k=3 params={'batch_size': 100000, 'header_size': 128, 'cut_condition_type': 1, 'fast_path_timeout': 100, 'k': 3}
2026-02-03 23:41:57,844 - cmab.trainer - INFO - Iteration 34 reward=0.857492 avg_reward(20)=0.873141 last_metrics=epoch_34_slot_366.json top_arm=batch_size=100000,header_size=128,cut_condition_type=1,fast_path_timeout=0,k=3 top_ratio=0.17
2026-02-03 23:41:57,846 - cmab.policy - INFO - ================================================================================
2026-02-03 23:41:57,846 - cmab.policy - INFO - SELECT ARM - Detailed Prediction Analysis
2026-02-03 23:41:57,846 - cmab.policy - INFO - Context: [0.14548562 0.         0.05321081 5.40515    0.        ]
2026-02-03 23:41:57,846 - cmab.policy - INFO - Number of trees in forest: 10
2026-02-03 23:41:57,846 - cmab.policy - INFO - 
2026-02-03 23:41:57,847 - cmab.policy - INFO - Prediction statistics across all trees:
2026-02-03 23:41:57,847 - cmab.policy - INFO -   Mean predictions (top 5 arms): [0.920299, 0.920299, 0.920299, 0.920299, 0.918065]
2026-02-03 23:41:57,847 - cmab.policy - INFO -   Std predictions (top 5 arms): [0.081550, 0.081550, 0.081550, 0.081550, 0.106033]
2026-02-03 23:41:57,847 - cmab.policy - INFO - 
2026-02-03 23:41:57,847 - cmab.policy - INFO - Top 5 arms by mean prediction:
2026-02-03 23:41:57,847 - cmab.policy - INFO -   #1: arm=batch_size=100000,header_size=64,cut_condition_type=3,fast_path_timeout=100,k=1, mean=0.920299, std=0.081550
2026-02-03 23:41:57,847 - cmab.policy - INFO -   #2: arm=batch_size=100000,header_size=32,cut_condition_type=3,fast_path_timeout=0,k=1, mean=0.920299, std=0.081550
2026-02-03 23:41:57,847 - cmab.policy - INFO -   #3: arm=batch_size=100000,header_size=32,cut_condition_type=3,fast_path_timeout=100,k=1, mean=0.920299, std=0.081550
2026-02-03 23:41:57,847 - cmab.policy - INFO -   #4: arm=batch_size=100000,header_size=64,cut_condition_type=3,fast_path_timeout=0,k=1, mean=0.920299, std=0.081550
2026-02-03 23:41:57,847 - cmab.policy - INFO -   #5: arm=batch_size=100000,header_size=128,cut_condition_type=3,fast_path_timeout=100,k=3, mean=0.918065, std=0.106033
2026-02-03 23:41:57,847 - cmab.policy - INFO - 
2026-02-03 23:41:57,847 - cmab.policy - INFO - Selected tree #4 for Thompson Sampling:
2026-02-03 23:41:57,847 - cmab.policy - INFO -   Tree depth: 9
2026-02-03 23:41:57,847 - cmab.policy - INFO -   Tree nodes: 65
2026-02-03 23:41:57,847 - cmab.policy - INFO -   Tree leaves: 33
2026-02-03 23:41:57,847 - cmab.policy - INFO -   Tree shape: (nodes=65, leaves=33, depth=9)
2026-02-03 23:41:57,847 - cmab.policy - INFO -   Tree feature importances: [0.08748339 0.03139282 0.0701751  0.12230374 0.00134015 0.36482634
 0.10313975 0.03075673 0.07808534 0.11049666]
2026-02-03 23:41:57,849 - cmab.policy - INFO -   Forest feature importances: [0.10527247 0.06102575 0.10231192 0.06775133 0.01277148 0.42700863
 0.11890448 0.02687746 0.03040773 0.04766875]
2026-02-03 23:41:57,849 - cmab.policy - INFO -   Top 5 predictions from this tree:
2026-02-03 23:41:57,849 - cmab.policy - INFO -     #1: arm=batch_size=100000,header_size=32,cut_condition_type=1,fast_path_timeout=0,k=1, pred=0.857380
2026-02-03 23:41:57,849 - cmab.policy - INFO -     #2: arm=batch_size=100000,header_size=64,cut_condition_type=1,fast_path_timeout=0,k=3, pred=0.857380
2026-02-03 23:41:57,849 - cmab.policy - INFO -     #3: arm=batch_size=100000,header_size=128,cut_condition_type=1,fast_path_timeout=0,k=1, pred=0.857380
2026-02-03 23:41:57,849 - cmab.policy - INFO -     #4: arm=batch_size=100000,header_size=128,cut_condition_type=1,fast_path_timeout=0,k=3, pred=0.857380
2026-02-03 23:41:57,849 - cmab.policy - INFO -     #5: arm=batch_size=100000,header_size=128,cut_condition_type=1,fast_path_timeout=100,k=1, pred=0.857380
2026-02-03 23:41:57,849 - cmab.policy - INFO - 
2026-02-03 23:41:57,849 - cmab.policy - INFO -   Found 24 arms with same max prediction (0.857380), randomly selecting one...
2026-02-03 23:41:57,849 - cmab.policy - INFO - 
2026-02-03 23:41:57,849 - cmab.policy - INFO - ✓ SELECTED ARM: batch_size=100000,header_size=64,cut_condition_type=1,fast_path_timeout=100,k=1 (prediction=0.857380)
2026-02-03 23:41:57,849 - cmab.policy - INFO - ================================================================================
2026-02-03 23:41:57,852 - cmab.trainer - INFO - Updated parameters file: /home/ccclr0302/autobahn-test/benchmark/.parameters-0.json
2026-02-03 23:41:57,853 - cmab.trainer - INFO - 🚩 Created RL parameter update signal file (epoch 12): /tmp/autobahn_rl_param_update_34.signal
2026-02-03 23:41:57,853 - cmab.trainer - INFO - Applied params: {'batch_size': 100000, 'header_size': 64, 'cut_condition_type': 1, 'fast_path_timeout': 100, 'k': 1}
2026-02-03 23:41:57,853 - cmab.trainer - INFO - Waiting for next metrics file...
2026-02-03 23:42:15,901 - cmab.trainer - INFO - Iteration 35 : context=[0.14548562 0.         0.05321081 5.40515    0.        ] arm=batch_size=100000,header_size=64,cut_condition_type=1,fast_path_timeout=100,k=1 params={'batch_size': 100000, 'header_size': 64, 'cut_condition_type': 1, 'fast_path_timeout': 100, 'k': 1}
2026-02-03 23:42:15,902 - cmab.trainer - INFO - Iteration 35 reward=0.858234 avg_reward(20)=0.886390 last_metrics=epoch_35_slot_396.json top_arm=batch_size=100000,header_size=128,cut_condition_type=1,fast_path_timeout=0,k=3 top_ratio=0.15
2026-02-03 23:42:15,904 - cmab.policy - INFO - ================================================================================
2026-02-03 23:42:15,904 - cmab.policy - INFO - SELECT ARM - Detailed Prediction Analysis
2026-02-03 23:42:15,904 - cmab.policy - INFO - Context: [ 0.         11.239397    0.60658634  0.6948254   0.        ]
2026-02-03 23:42:15,905 - cmab.policy - INFO - Number of trees in forest: 10
2026-02-03 23:42:15,905 - cmab.policy - INFO - 
2026-02-03 23:42:15,905 - cmab.policy - INFO - Prediction statistics across all trees:
2026-02-03 23:42:15,905 - cmab.policy - INFO -   Mean predictions (top 5 arms): [0.851479, 0.845399, 0.845399, 0.845399, 0.845399]
2026-02-03 23:42:15,905 - cmab.policy - INFO -   Std predictions (top 5 arms): [0.199600, 0.197016, 0.197016, 0.197016, 0.197016]
2026-02-03 23:42:15,905 - cmab.policy - INFO - 
2026-02-03 23:42:15,905 - cmab.policy - INFO - Top 5 arms by mean prediction:
2026-02-03 23:42:15,905 - cmab.policy - INFO -   #1: arm=batch_size=100000,header_size=128,cut_condition_type=3,fast_path_timeout=100,k=3, mean=0.851479, std=0.199600
2026-02-03 23:42:15,905 - cmab.policy - INFO -   #2: arm=batch_size=100000,header_size=64,cut_condition_type=3,fast_path_timeout=100,k=1, mean=0.845399, std=0.197016
2026-02-03 23:42:15,905 - cmab.policy - INFO -   #3: arm=batch_size=100000,header_size=32,cut_condition_type=3,fast_path_timeout=0,k=1, mean=0.845399, std=0.197016
2026-02-03 23:42:15,905 - cmab.policy - INFO -   #4: arm=batch_size=100000,header_size=32,cut_condition_type=3,fast_path_timeout=100,k=1, mean=0.845399, std=0.197016
2026-02-03 23:42:15,905 - cmab.policy - INFO -   #5: arm=batch_size=100000,header_size=64,cut_condition_type=3,fast_path_timeout=0,k=1, mean=0.845399, std=0.197016
2026-02-03 23:42:15,905 - cmab.policy - INFO - 
2026-02-03 23:42:15,905 - cmab.policy - INFO - Selected tree #3 for Thompson Sampling:
2026-02-03 23:42:15,905 - cmab.policy - INFO -   Tree depth: 10
2026-02-03 23:42:15,905 - cmab.policy - INFO -   Tree nodes: 59
2026-02-03 23:42:15,905 - cmab.policy - INFO -   Tree leaves: 30
2026-02-03 23:42:15,905 - cmab.policy - INFO -   Tree shape: (nodes=59, leaves=30, depth=10)
2026-02-03 23:42:15,905 - cmab.policy - INFO -   Tree feature importances: [0.07488833 0.1245566  0.0214065  0.01901807 0.         0.56157876
 0.1104778  0.0058046  0.03521689 0.04705244]
2026-02-03 23:42:15,907 - cmab.policy - INFO -   Forest feature importances: [0.10527247 0.06102575 0.10231192 0.06775133 0.01277148 0.42700863
 0.11890448 0.02687746 0.03040773 0.04766875]
2026-02-03 23:42:15,907 - cmab.policy - INFO -   Top 5 predictions from this tree:
2026-02-03 23:42:15,907 - cmab.policy - INFO -     #1: arm=batch_size=100000,header_size=32,cut_condition_type=1,fast_path_timeout=0,k=1, pred=0.894784
2026-02-03 23:42:15,907 - cmab.policy - INFO -     #2: arm=batch_size=100000,header_size=32,cut_condition_type=3,fast_path_timeout=100,k=1, pred=0.894784
2026-02-03 23:42:15,907 - cmab.policy - INFO -     #3: arm=batch_size=100000,header_size=64,cut_condition_type=3,fast_path_timeout=100,k=1, pred=0.894784
2026-02-03 23:42:15,907 - cmab.policy - INFO -     #4: arm=batch_size=100000,header_size=64,cut_condition_type=1,fast_path_timeout=400,k=1, pred=0.894784
2026-02-03 23:42:15,907 - cmab.policy - INFO -     #5: arm=batch_size=100000,header_size=64,cut_condition_type=1,fast_path_timeout=100,k=1, pred=0.894784
2026-02-03 23:42:15,908 - cmab.policy - INFO - 
2026-02-03 23:42:15,908 - cmab.policy - INFO -   Found 12 arms with same max prediction (0.894784), randomly selecting one...
2026-02-03 23:42:15,908 - cmab.policy - INFO - 
2026-02-03 23:42:15,908 - cmab.policy - INFO - ✓ SELECTED ARM: batch_size=100000,header_size=64,cut_condition_type=1,fast_path_timeout=400,k=1 (prediction=0.894784)
2026-02-03 23:42:15,908 - cmab.policy - INFO - ================================================================================
2026-02-03 23:42:15,911 - cmab.trainer - INFO - Updated parameters file: /home/ccclr0302/autobahn-test/benchmark/.parameters-0.json
2026-02-03 23:42:15,911 - cmab.trainer - INFO - 🚩 Created RL parameter update signal file (epoch 13): /tmp/autobahn_rl_param_update_35.signal
2026-02-03 23:42:15,911 - cmab.trainer - INFO - Applied params: {'batch_size': 100000, 'header_size': 64, 'cut_condition_type': 1, 'fast_path_timeout': 400, 'k': 1}
2026-02-03 23:42:15,911 - cmab.trainer - INFO - Waiting for next metrics file...
2026-02-03 23:42:39,877 - cmab.trainer - INFO - Iteration 36 : context=[ 0.         11.239397    0.60658634  0.6948254   0.        ] arm=batch_size=100000,header_size=64,cut_condition_type=1,fast_path_timeout=400,k=1 params={'batch_size': 100000, 'header_size': 64, 'cut_condition_type': 1, 'fast_path_timeout': 400, 'k': 1}
2026-02-03 23:42:39,878 - cmab.trainer - INFO - Iteration 36 reward=0.760435 avg_reward(20)=0.881053 last_metrics=epoch_36_slot_426.json top_arm=batch_size=100000,header_size=128,cut_condition_type=1,fast_path_timeout=0,k=3 top_ratio=0.14
2026-02-03 23:42:39,880 - cmab.policy - INFO - ================================================================================
2026-02-03 23:42:39,880 - cmab.policy - INFO - SELECT ARM - Detailed Prediction Analysis
2026-02-03 23:42:39,880 - cmab.policy - INFO - Context: [0.57000405 0.70339054 9.59582    0.         0.        ]
2026-02-03 23:42:39,880 - cmab.policy - INFO - Number of trees in forest: 10
2026-02-03 23:42:39,880 - cmab.policy - INFO - 
2026-02-03 23:42:39,880 - cmab.policy - INFO - Prediction statistics across all trees:
2026-02-03 23:42:39,881 - cmab.policy - INFO -   Mean predictions (top 5 arms): [0.863361, 0.852379, 0.847397, 0.846929, 0.843093]
2026-02-03 23:42:39,881 - cmab.policy - INFO -   Std predictions (top 5 arms): [0.117731, 0.150366, 0.082339, 0.161274, 0.132917]
2026-02-03 23:42:39,881 - cmab.policy - INFO - 
2026-02-03 23:42:39,881 - cmab.policy - INFO - Top 5 arms by mean prediction:
2026-02-03 23:42:39,881 - cmab.policy - INFO -   #1: arm=batch_size=100000,header_size=64,cut_condition_type=1,fast_path_timeout=100,k=3, mean=0.863361, std=0.117731
2026-02-03 23:42:39,881 - cmab.policy - INFO -   #2: arm=batch_size=100000,header_size=64,cut_condition_type=3,fast_path_timeout=100,k=3, mean=0.852379, std=0.150366
2026-02-03 23:42:39,881 - cmab.policy - INFO -   #3: arm=batch_size=100000,header_size=64,cut_condition_type=1,fast_path_timeout=0,k=3, mean=0.847397, std=0.082339
2026-02-03 23:42:39,881 - cmab.policy - INFO -   #4: arm=batch_size=100000,header_size=128,cut_condition_type=3,fast_path_timeout=100,k=3, mean=0.846929, std=0.161274
2026-02-03 23:42:39,881 - cmab.policy - INFO -   #5: arm=batch_size=100000,header_size=128,cut_condition_type=1,fast_path_timeout=100,k=3, mean=0.843093, std=0.132917
2026-02-03 23:42:39,881 - cmab.policy - INFO - 
2026-02-03 23:42:39,881 - cmab.policy - INFO - Selected tree #8 for Thompson Sampling:
2026-02-03 23:42:39,881 - cmab.policy - INFO -   Tree depth: 7
2026-02-03 23:42:39,881 - cmab.policy - INFO -   Tree nodes: 55
2026-02-03 23:42:39,881 - cmab.policy - INFO -   Tree leaves: 28
2026-02-03 23:42:39,881 - cmab.policy - INFO -   Tree shape: (nodes=55, leaves=28, depth=7)
2026-02-03 23:42:39,881 - cmab.policy - INFO -   Tree feature importances: [0.09359805 0.04201046 0.29409036 0.04728323 0.07446369 0.29067367
 0.07076931 0.         0.03014688 0.05696435]
2026-02-03 23:42:39,883 - cmab.policy - INFO -   Forest feature importances: [0.10527247 0.06102575 0.10231192 0.06775133 0.01277148 0.42700863
 0.11890448 0.02687746 0.03040773 0.04766875]
2026-02-03 23:42:39,883 - cmab.policy - INFO -   Top 5 predictions from this tree:
2026-02-03 23:42:39,883 - cmab.policy - INFO -     #1: arm=batch_size=100000,header_size=32,cut_condition_type=1,fast_path_timeout=0,k=1, pred=0.780635
2026-02-03 23:42:39,883 - cmab.policy - INFO -     #2: arm=batch_size=100000,header_size=64,cut_condition_type=1,fast_path_timeout=0,k=3, pred=0.780635
2026-02-03 23:42:39,883 - cmab.policy - INFO -     #3: arm=batch_size=100000,header_size=64,cut_condition_type=3,fast_path_timeout=0,k=3, pred=0.780635
2026-02-03 23:42:39,883 - cmab.policy - INFO -     #4: arm=batch_size=100000,header_size=128,cut_condition_type=1,fast_path_timeout=0,k=1, pred=0.780635
2026-02-03 23:42:39,883 - cmab.policy - INFO -     #5: arm=batch_size=100000,header_size=128,cut_condition_type=1,fast_path_timeout=0,k=3, pred=0.780635
2026-02-03 23:42:39,883 - cmab.policy - INFO - 
2026-02-03 23:42:39,884 - cmab.policy - INFO -   Found 24 arms with same max prediction (0.780635), randomly selecting one...
2026-02-03 23:42:39,884 - cmab.policy - INFO - 
2026-02-03 23:42:39,884 - cmab.policy - INFO - ✓ SELECTED ARM: batch_size=100000,header_size=128,cut_condition_type=3,fast_path_timeout=100,k=1 (prediction=0.780635)
2026-02-03 23:42:39,884 - cmab.policy - INFO - ================================================================================
2026-02-03 23:42:39,887 - cmab.trainer - INFO - Updated parameters file: /home/ccclr0302/autobahn-test/benchmark/.parameters-0.json
2026-02-03 23:42:39,887 - cmab.trainer - INFO - 🚩 Created RL parameter update signal file (epoch 14): /tmp/autobahn_rl_param_update_36.signal
2026-02-03 23:42:39,887 - cmab.trainer - INFO - Applied params: {'batch_size': 100000, 'header_size': 128, 'cut_condition_type': 3, 'fast_path_timeout': 100, 'k': 1}
2026-02-03 23:42:39,887 - cmab.trainer - INFO - Waiting for next metrics file...
[Parallel(n_jobs=1)]: Done  10 out of  10 | elapsed:    0.0s finished
[Parallel(n_jobs=1)]: Done  10 out of  10 | elapsed:    0.0s finished
2026-02-03 23:43:07,900 - cmab.policy - INFO - RF Updated: samples=115, MSE=0.014554
2026-02-03 23:43:07,900 - cmab.trainer - INFO - Iteration 37 : context=[0.57000405 0.70339054 9.59582    0.         0.        ] arm=batch_size=100000,header_size=128,cut_condition_type=3,fast_path_timeout=100,k=1 params={'batch_size': 100000, 'header_size': 128, 'cut_condition_type': 3, 'fast_path_timeout': 100, 'k': 1}
2026-02-03 23:43:07,901 - cmab.trainer - INFO - Iteration 37 reward=0.910311 avg_reward(20)=0.887766 last_metrics=epoch_37_slot_456.json top_arm=batch_size=100000,header_size=128,cut_condition_type=1,fast_path_timeout=0,k=3 top_ratio=0.13
2026-02-03 23:43:07,903 - cmab.policy - INFO - ================================================================================
2026-02-03 23:43:07,903 - cmab.policy - INFO - SELECT ARM - Detailed Prediction Analysis
2026-02-03 23:43:07,903 - cmab.policy - INFO - Context: [5.4194374  0.15016972 0.         0.11527391 0.        ]
2026-02-03 23:43:07,903 - cmab.policy - INFO - Number of trees in forest: 10
2026-02-03 23:43:07,903 - cmab.policy - INFO - 
2026-02-03 23:43:07,903 - cmab.policy - INFO - Prediction statistics across all trees:
2026-02-03 23:43:07,903 - cmab.policy - INFO -   Mean predictions (top 5 arms): [1.096281, 1.096281, 1.080879, 1.080879, 1.080686]
2026-02-03 23:43:07,903 - cmab.policy - INFO -   Std predictions (top 5 arms): [0.221097, 0.221097, 0.204360, 0.204360, 0.223384]
2026-02-03 23:43:07,903 - cmab.policy - INFO - 
2026-02-03 23:43:07,903 - cmab.policy - INFO - Top 5 arms by mean prediction:
2026-02-03 23:43:07,903 - cmab.policy - INFO -   #1: arm=batch_size=100000,header_size=32,cut_condition_type=3,fast_path_timeout=100,k=3, mean=1.096281, std=0.221097
2026-02-03 23:43:07,903 - cmab.policy - INFO -   #2: arm=batch_size=100000,header_size=32,cut_condition_type=3,fast_path_timeout=0,k=3, mean=1.096281, std=0.221097
2026-02-03 23:43:07,903 - cmab.policy - INFO -   #3: arm=batch_size=100000,header_size=64,cut_condition_type=3,fast_path_timeout=100,k=3, mean=1.080879, std=0.204360
2026-02-03 23:43:07,903 - cmab.policy - INFO -   #4: arm=batch_size=100000,header_size=64,cut_condition_type=3,fast_path_timeout=0,k=3, mean=1.080879, std=0.204360
2026-02-03 23:43:07,903 - cmab.policy - INFO -   #5: arm=batch_size=100000,header_size=32,cut_condition_type=1,fast_path_timeout=0,k=3, mean=1.080686, std=0.223384
2026-02-03 23:43:07,903 - cmab.policy - INFO - 
2026-02-03 23:43:07,903 - cmab.policy - INFO - Selected tree #9 for Thompson Sampling:
2026-02-03 23:43:07,904 - cmab.policy - INFO -   Tree depth: 9
2026-02-03 23:43:07,904 - cmab.policy - INFO -   Tree nodes: 63
2026-02-03 23:43:07,904 - cmab.policy - INFO -   Tree leaves: 32
2026-02-03 23:43:07,904 - cmab.policy - INFO -   Tree shape: (nodes=63, leaves=32, depth=9)
2026-02-03 23:43:07,904 - cmab.policy - INFO -   Tree feature importances: [0.09080172 0.05269411 0.03875726 0.24395658 0.0296809  0.26346944
 0.07003366 0.05256102 0.0554793  0.10256602]
2026-02-03 23:43:07,906 - cmab.policy - INFO -   Forest feature importances: [0.1307919  0.06172455 0.09012087 0.0780652  0.02987774 0.41205731
 0.09413744 0.04296322 0.03484623 0.02541552]
2026-02-03 23:43:07,906 - cmab.policy - INFO -   Top 5 predictions from this tree:
2026-02-03 23:43:07,906 - cmab.policy - INFO -     #1: arm=batch_size=100000,header_size=32,cut_condition_type=1,fast_path_timeout=0,k=1, pred=0.862252
2026-02-03 23:43:07,906 - cmab.policy - INFO -     #2: arm=batch_size=100000,header_size=64,cut_condition_type=1,fast_path_timeout=100,k=1, pred=0.862252
2026-02-03 23:43:07,906 - cmab.policy - INFO -     #3: arm=batch_size=100000,header_size=128,cut_condition_type=3,fast_path_timeout=100,k=3, pred=0.862252
2026-02-03 23:43:07,906 - cmab.policy - INFO -     #4: arm=batch_size=100000,header_size=128,cut_condition_type=3,fast_path_timeout=100,k=1, pred=0.862252
2026-02-03 23:43:07,906 - cmab.policy - INFO -     #5: arm=batch_size=100000,header_size=128,cut_condition_type=3,fast_path_timeout=0,k=3, pred=0.862252
2026-02-03 23:43:07,906 - cmab.policy - INFO - 
2026-02-03 23:43:07,906 - cmab.policy - INFO -   Found 24 arms with same max prediction (0.862252), randomly selecting one...
2026-02-03 23:43:07,906 - cmab.policy - INFO - 
2026-02-03 23:43:07,906 - cmab.policy - INFO - ✓ SELECTED ARM: batch_size=100000,header_size=64,cut_condition_type=1,fast_path_timeout=100,k=1 (prediction=0.862252)
2026-02-03 23:43:07,906 - cmab.policy - INFO - ================================================================================
2026-02-03 23:43:08,063 - cmab.trainer - INFO - Updated parameters file: /home/ccclr0302/autobahn-test/benchmark/.parameters-0.json
2026-02-03 23:43:08,063 - cmab.trainer - INFO - 🚩 Created RL parameter update signal file (epoch 15): /tmp/autobahn_rl_param_update_37.signal
2026-02-03 23:43:08,063 - cmab.trainer - INFO - Applied params: {'batch_size': 100000, 'header_size': 64, 'cut_condition_type': 1, 'fast_path_timeout': 100, 'k': 1}
2026-02-03 23:43:08,063 - cmab.trainer - INFO - Waiting for next metrics file...
2026-02-03 23:43:27,616 - cmab.trainer - INFO - Iteration 38 : context=[5.4194374  0.15016972 0.         0.11527391 0.        ] arm=batch_size=100000,header_size=64,cut_condition_type=1,fast_path_timeout=100,k=1 params={'batch_size': 100000, 'header_size': 64, 'cut_condition_type': 1, 'fast_path_timeout': 100, 'k': 1}
2026-02-03 23:43:27,617 - cmab.trainer - INFO - Iteration 38 reward=0.984996 avg_reward(20)=0.897296 last_metrics=epoch_38_slot_486.json top_arm=batch_size=100000,header_size=64,cut_condition_type=1,fast_path_timeout=100,k=1 top_ratio=0.19
2026-02-03 23:43:27,619 - cmab.policy - INFO - ================================================================================
2026-02-03 23:43:27,619 - cmab.policy - INFO - SELECT ARM - Detailed Prediction Analysis
2026-02-03 23:43:27,619 - cmab.policy - INFO - Context: [11.171431    0.52442145  0.          0.67985225  0.        ]
2026-02-03 23:43:27,619 - cmab.policy - INFO - Number of trees in forest: 10
2026-02-03 23:43:27,619 - cmab.policy - INFO - 
2026-02-03 23:43:27,619 - cmab.policy - INFO - Prediction statistics across all trees:
2026-02-03 23:43:27,620 - cmab.policy - INFO -   Mean predictions (top 5 arms): [1.114357, 1.114357, 1.093637, 1.093637, 1.056530]
2026-02-03 23:43:27,620 - cmab.policy - INFO -   Std predictions (top 5 arms): [0.241328, 0.241328, 0.215698, 0.215698, 0.282347]
2026-02-03 23:43:27,620 - cmab.policy - INFO - 
2026-02-03 23:43:27,620 - cmab.policy - INFO - Top 5 arms by mean prediction:
2026-02-03 23:43:27,620 - cmab.policy - INFO -   #1: arm=batch_size=100000,header_size=32,cut_condition_type=3,fast_path_timeout=0,k=3, mean=1.114357, std=0.241328
2026-02-03 23:43:27,620 - cmab.policy - INFO -   #2: arm=batch_size=100000,header_size=32,cut_condition_type=3,fast_path_timeout=100,k=3, mean=1.114357, std=0.241328
2026-02-03 23:43:27,620 - cmab.policy - INFO -   #3: arm=batch_size=100000,header_size=64,cut_condition_type=3,fast_path_timeout=100,k=3, mean=1.093637, std=0.215698
2026-02-03 23:43:27,620 - cmab.policy - INFO -   #4: arm=batch_size=100000,header_size=64,cut_condition_type=3,fast_path_timeout=0,k=3, mean=1.093637, std=0.215698
2026-02-03 23:43:27,620 - cmab.policy - INFO -   #5: arm=batch_size=100000,header_size=32,cut_condition_type=3,fast_path_timeout=400,k=3, mean=1.056530, std=0.282347
2026-02-03 23:43:27,620 - cmab.policy - INFO - 
2026-02-03 23:43:27,620 - cmab.policy - INFO - Selected tree #5 for Thompson Sampling:
2026-02-03 23:43:27,620 - cmab.policy - INFO -   Tree depth: 9
2026-02-03 23:43:27,620 - cmab.policy - INFO -   Tree nodes: 65
2026-02-03 23:43:27,620 - cmab.policy - INFO -   Tree leaves: 33
2026-02-03 23:43:27,620 - cmab.policy - INFO -   Tree shape: (nodes=65, leaves=33, depth=9)
2026-02-03 23:43:27,620 - cmab.policy - INFO -   Tree feature importances: [3.05133749e-01 7.21819779e-02 6.34237964e-04 8.70673200e-03
 0.00000000e+00 5.35406052e-01 5.64865436e-02 1.57876737e-02
 5.60443188e-03 5.86024115e-05]
2026-02-03 23:43:27,622 - cmab.policy - INFO -   Forest feature importances: [0.1307919  0.06172455 0.09012087 0.0780652  0.02987774 0.41205731
 0.09413744 0.04296322 0.03484623 0.02541552]
2026-02-03 23:43:27,622 - cmab.policy - INFO -   Top 5 predictions from this tree:
2026-02-03 23:43:27,622 - cmab.policy - INFO -     #1: arm=batch_size=100000,header_size=128,cut_condition_type=3,fast_path_timeout=100,k=3, pred=1.323074
2026-02-03 23:43:27,622 - cmab.policy - INFO -     #2: arm=batch_size=100000,header_size=128,cut_condition_type=3,fast_path_timeout=400,k=3, pred=1.323074
2026-02-03 23:43:27,622 - cmab.policy - INFO -     #3: arm=batch_size=100000,header_size=64,cut_condition_type=3,fast_path_timeout=100,k=1, pred=1.323074
2026-02-03 23:43:27,622 - cmab.policy - INFO -     #4: arm=batch_size=100000,header_size=64,cut_condition_type=3,fast_path_timeout=100,k=3, pred=1.323074
2026-02-03 23:43:27,622 - cmab.policy - INFO -     #5: arm=batch_size=100000,header_size=64,cut_condition_type=3,fast_path_timeout=400,k=1, pred=1.323074
2026-02-03 23:43:27,622 - cmab.policy - INFO - 
2026-02-03 23:43:27,622 - cmab.policy - INFO -   Found 12 arms with same max prediction (1.323074), randomly selecting one...
2026-02-03 23:43:27,622 - cmab.policy - INFO - 
2026-02-03 23:43:27,622 - cmab.policy - INFO - ✓ SELECTED ARM: batch_size=100000,header_size=64,cut_condition_type=3,fast_path_timeout=0,k=3 (prediction=1.323074)
2026-02-03 23:43:27,622 - cmab.policy - INFO - ================================================================================
2026-02-03 23:43:27,626 - cmab.trainer - INFO - Updated parameters file: /home/ccclr0302/autobahn-test/benchmark/.parameters-0.json
2026-02-03 23:43:27,626 - cmab.trainer - INFO - 🚩 Created RL parameter update signal file (epoch 16): /tmp/autobahn_rl_param_update_38.signal
2026-02-03 23:43:27,626 - cmab.trainer - INFO - Applied params: {'batch_size': 100000, 'header_size': 64, 'cut_condition_type': 3, 'fast_path_timeout': 0, 'k': 3}
2026-02-03 23:43:27,626 - cmab.trainer - INFO - Waiting for next metrics file...
2026-02-03 23:43:48,585 - cmab.trainer - INFO - Iteration 39 : context=[11.171431    0.52442145  0.          0.67985225  0.        ] arm=batch_size=100000,header_size=64,cut_condition_type=3,fast_path_timeout=0,k=3 params={'batch_size': 100000, 'header_size': 64, 'cut_condition_type': 3, 'fast_path_timeout': 0, 'k': 3}
2026-02-03 23:43:48,585 - cmab.trainer - INFO - Iteration 39 reward=1.133331 avg_reward(20)=0.910870 last_metrics=epoch_39_slot_516.json top_arm=batch_size=100000,header_size=64,cut_condition_type=1,fast_path_timeout=100,k=1 top_ratio=0.18
2026-02-03 23:43:48,587 - cmab.policy - INFO - ================================================================================
2026-02-03 23:43:48,587 - cmab.policy - INFO - SELECT ARM - Detailed Prediction Analysis
2026-02-03 23:43:48,587 - cmab.policy - INFO - Context: [11.162112   0.6739488  0.5907094  0.         0.       ]
2026-02-03 23:43:48,588 - cmab.policy - INFO - Number of trees in forest: 10
2026-02-03 23:43:48,588 - cmab.policy - INFO - 
2026-02-03 23:43:48,588 - cmab.policy - INFO - Prediction statistics across all trees:
2026-02-03 23:43:48,588 - cmab.policy - INFO -   Mean predictions (top 5 arms): [1.068962, 1.068962, 1.062144, 1.062144, 1.053367]
2026-02-03 23:43:48,588 - cmab.policy - INFO -   Std predictions (top 5 arms): [0.212112, 0.212112, 0.202102, 0.202102, 0.212498]
2026-02-03 23:43:48,588 - cmab.policy - INFO - 
2026-02-03 23:43:48,588 - cmab.policy - INFO - Top 5 arms by mean prediction:
2026-02-03 23:43:48,588 - cmab.policy - INFO -   #1: arm=batch_size=100000,header_size=32,cut_condition_type=3,fast_path_timeout=0,k=3, mean=1.068962, std=0.212112
2026-02-03 23:43:48,588 - cmab.policy - INFO -   #2: arm=batch_size=100000,header_size=32,cut_condition_type=3,fast_path_timeout=100,k=3, mean=1.068962, std=0.212112
2026-02-03 23:43:48,588 - cmab.policy - INFO -   #3: arm=batch_size=100000,header_size=64,cut_condition_type=3,fast_path_timeout=100,k=3, mean=1.062144, std=0.202102
2026-02-03 23:43:48,588 - cmab.policy - INFO -   #4: arm=batch_size=100000,header_size=64,cut_condition_type=3,fast_path_timeout=0,k=3, mean=1.062144, std=0.202102
2026-02-03 23:43:48,588 - cmab.policy - INFO -   #5: arm=batch_size=100000,header_size=32,cut_condition_type=1,fast_path_timeout=0,k=3, mean=1.053367, std=0.212498
2026-02-03 23:43:48,588 - cmab.policy - INFO - 
2026-02-03 23:43:48,588 - cmab.policy - INFO - Selected tree #10 for Thompson Sampling:
2026-02-03 23:43:48,588 - cmab.policy - INFO -   Tree depth: 9
2026-02-03 23:43:48,588 - cmab.policy - INFO -   Tree nodes: 61
2026-02-03 23:43:48,588 - cmab.policy - INFO -   Tree leaves: 31
2026-02-03 23:43:48,588 - cmab.policy - INFO -   Tree shape: (nodes=61, leaves=31, depth=9)
2026-02-03 23:43:48,589 - cmab.policy - INFO -   Tree feature importances: [0.18409334 0.01561426 0.04312554 0.05128308 0.03237688 0.46212921
 0.10337537 0.03922804 0.05208413 0.01669015]
2026-02-03 23:43:48,590 - cmab.policy - INFO -   Forest feature importances: [0.1307919  0.06172455 0.09012087 0.0780652  0.02987774 0.41205731
 0.09413744 0.04296322 0.03484623 0.02541552]
2026-02-03 23:43:48,590 - cmab.policy - INFO -   Top 5 predictions from this tree:
2026-02-03 23:43:48,590 - cmab.policy - INFO -     #1: arm=batch_size=100000,header_size=32,cut_condition_type=1,fast_path_timeout=0,k=1, pred=1.097800
2026-02-03 23:43:48,591 - cmab.policy - INFO -     #2: arm=batch_size=100000,header_size=64,cut_condition_type=1,fast_path_timeout=400,k=1, pred=1.097800
2026-02-03 23:43:48,591 - cmab.policy - INFO -     #3: arm=batch_size=100000,header_size=64,cut_condition_type=1,fast_path_timeout=100,k=1, pred=1.097800
2026-02-03 23:43:48,591 - cmab.policy - INFO -     #4: arm=batch_size=100000,header_size=64,cut_condition_type=1,fast_path_timeout=0,k=3, pred=1.097800
2026-02-03 23:43:48,591 - cmab.policy - INFO -     #5: arm=batch_size=100000,header_size=64,cut_condition_type=1,fast_path_timeout=0,k=1, pred=1.097800
2026-02-03 23:43:48,591 - cmab.policy - INFO - 
2026-02-03 23:43:48,591 - cmab.policy - INFO -   Found 12 arms with same max prediction (1.097800), randomly selecting one...
2026-02-03 23:43:48,591 - cmab.policy - INFO - 
2026-02-03 23:43:48,591 - cmab.policy - INFO - ✓ SELECTED ARM: batch_size=100000,header_size=32,cut_condition_type=1,fast_path_timeout=400,k=3 (prediction=1.097800)
2026-02-03 23:43:48,591 - cmab.policy - INFO - ================================================================================
2026-02-03 23:43:48,594 - cmab.trainer - INFO - Updated parameters file: /home/ccclr0302/autobahn-test/benchmark/.parameters-0.json
2026-02-03 23:43:48,595 - cmab.trainer - INFO - 🚩 Created RL parameter update signal file (epoch 17): /tmp/autobahn_rl_param_update_39.signal
2026-02-03 23:43:48,595 - cmab.trainer - INFO - Applied params: {'batch_size': 100000, 'header_size': 32, 'cut_condition_type': 1, 'fast_path_timeout': 400, 'k': 3}
2026-02-03 23:43:48,595 - cmab.trainer - INFO - Waiting for next metrics file...
2026-02-03 23:44:06,644 - cmab.trainer - INFO - Iteration 40 : context=[11.162112   0.6739488  0.5907094  0.         0.       ] arm=batch_size=100000,header_size=32,cut_condition_type=1,fast_path_timeout=400,k=3 params={'batch_size': 100000, 'header_size': 32, 'cut_condition_type': 1, 'fast_path_timeout': 400, 'k': 3}
2026-02-03 23:44:06,644 - cmab.trainer - INFO - Iteration 40 reward=0.815686 avg_reward(20)=0.919432 last_metrics=epoch_40_slot_546.json top_arm=batch_size=100000,header_size=64,cut_condition_type=1,fast_path_timeout=100,k=1 top_ratio=0.17
2026-02-03 23:44:06,647 - cmab.policy - INFO - ================================================================================
2026-02-03 23:44:06,647 - cmab.policy - INFO - SELECT ARM - Detailed Prediction Analysis
2026-02-03 23:44:06,647 - cmab.policy - INFO - Context: [ 1.7691395  0.         1.623986  20.         0.       ]
2026-02-03 23:44:06,647 - cmab.policy - INFO - Number of trees in forest: 10
2026-02-03 23:44:06,647 - cmab.policy - INFO - 
2026-02-03 23:44:06,647 - cmab.policy - INFO - Prediction statistics across all trees:
2026-02-03 23:44:06,647 - cmab.policy - INFO -   Mean predictions (top 5 arms): [0.983649, 0.983649, 0.978920, 0.978920, 0.968403]
2026-02-03 23:44:06,647 - cmab.policy - INFO -   Std predictions (top 5 arms): [0.121525, 0.121525, 0.142329, 0.142329, 0.113833]
2026-02-03 23:44:06,647 - cmab.policy - INFO - 
2026-02-03 23:44:06,647 - cmab.policy - INFO - Top 5 arms by mean prediction:
2026-02-03 23:44:06,647 - cmab.policy - INFO -   #1: arm=batch_size=100000,header_size=32,cut_condition_type=3,fast_path_timeout=0,k=1, mean=0.983649, std=0.121525
2026-02-03 23:44:06,647 - cmab.policy - INFO -   #2: arm=batch_size=100000,header_size=64,cut_condition_type=3,fast_path_timeout=0,k=1, mean=0.983649, std=0.121525
2026-02-03 23:44:06,647 - cmab.policy - INFO -   #3: arm=batch_size=100000,header_size=64,cut_condition_type=3,fast_path_timeout=100,k=1, mean=0.978920, std=0.142329
2026-02-03 23:44:06,647 - cmab.policy - INFO -   #4: arm=batch_size=100000,header_size=32,cut_condition_type=3,fast_path_timeout=100,k=1, mean=0.978920, std=0.142329
2026-02-03 23:44:06,647 - cmab.policy - INFO -   #5: arm=batch_size=100000,header_size=64,cut_condition_type=3,fast_path_timeout=0,k=3, mean=0.968403, std=0.113833
2026-02-03 23:44:06,647 - cmab.policy - INFO - 
2026-02-03 23:44:06,647 - cmab.policy - INFO - Selected tree #6 for Thompson Sampling:
2026-02-03 23:44:06,647 - cmab.policy - INFO -   Tree depth: 9
2026-02-03 23:44:06,648 - cmab.policy - INFO -   Tree nodes: 63
2026-02-03 23:44:06,648 - cmab.policy - INFO -   Tree leaves: 32
2026-02-03 23:44:06,648 - cmab.policy - INFO -   Tree shape: (nodes=63, leaves=32, depth=9)
2026-02-03 23:44:06,648 - cmab.policy - INFO -   Tree feature importances: [0.00082388 0.08163772 0.12612368 0.13081648 0.         0.371621
 0.16678198 0.04773426 0.05853993 0.01592106]
2026-02-03 23:44:06,650 - cmab.policy - INFO -   Forest feature importances: [0.1307919  0.06172455 0.09012087 0.0780652  0.02987774 0.41205731
 0.09413744 0.04296322 0.03484623 0.02541552]
2026-02-03 23:44:06,650 - cmab.policy - INFO -   Top 5 predictions from this tree:
2026-02-03 23:44:06,650 - cmab.policy - INFO -     #1: arm=batch_size=100000,header_size=64,cut_condition_type=3,fast_path_timeout=400,k=3, pred=1.096562
2026-02-03 23:44:06,650 - cmab.policy - INFO -     #2: arm=batch_size=100000,header_size=64,cut_condition_type=3,fast_path_timeout=400,k=1, pred=1.096562
2026-02-03 23:44:06,650 - cmab.policy - INFO -     #3: arm=batch_size=100000,header_size=64,cut_condition_type=3,fast_path_timeout=100,k=3, pred=1.096562
2026-02-03 23:44:06,650 - cmab.policy - INFO -     #4: arm=batch_size=100000,header_size=64,cut_condition_type=3,fast_path_timeout=100,k=1, pred=1.096562
2026-02-03 23:44:06,650 - cmab.policy - INFO -     #5: arm=batch_size=100000,header_size=32,cut_condition_type=3,fast_path_timeout=100,k=1, pred=1.096562
2026-02-03 23:44:06,650 - cmab.policy - INFO - 
2026-02-03 23:44:06,650 - cmab.policy - INFO -   Found 8 arms with same max prediction (1.096562), randomly selecting one...
2026-02-03 23:44:06,650 - cmab.policy - INFO - 
2026-02-03 23:44:06,650 - cmab.policy - INFO - ✓ SELECTED ARM: batch_size=100000,header_size=32,cut_condition_type=3,fast_path_timeout=100,k=3 (prediction=1.096562)
2026-02-03 23:44:06,650 - cmab.policy - INFO - ================================================================================
2026-02-03 23:44:06,653 - cmab.trainer - INFO - Updated parameters file: /home/ccclr0302/autobahn-test/benchmark/.parameters-0.json
2026-02-03 23:44:06,654 - cmab.trainer - INFO - 🚩 Created RL parameter update signal file (epoch 18): /tmp/autobahn_rl_param_update_40.signal
2026-02-03 23:44:06,654 - cmab.trainer - INFO - Applied params: {'batch_size': 100000, 'header_size': 32, 'cut_condition_type': 3, 'fast_path_timeout': 100, 'k': 3}
2026-02-03 23:44:06,654 - cmab.trainer - INFO - Waiting for next metrics file...
2026-02-03 23:44:25,306 - cmab.trainer - INFO - Iteration 41 : context=[ 1.7691395  0.         1.623986  20.         0.       ] arm=batch_size=100000,header_size=32,cut_condition_type=3,fast_path_timeout=100,k=3 params={'batch_size': 100000, 'header_size': 32, 'cut_condition_type': 3, 'fast_path_timeout': 100, 'k': 3}
2026-02-03 23:44:25,306 - cmab.trainer - INFO - Iteration 41 reward=0.950880 avg_reward(20)=0.920799 last_metrics=epoch_41_slot_576.json top_arm=batch_size=100000,header_size=64,cut_condition_type=1,fast_path_timeout=100,k=1 top_ratio=0.16
2026-02-03 23:44:25,309 - cmab.policy - INFO - ================================================================================
2026-02-03 23:44:25,309 - cmab.policy - INFO - SELECT ARM - Detailed Prediction Analysis
2026-02-03 23:44:25,309 - cmab.policy - INFO - Context: [ 1.677914   0.        20.         1.7242713  0.       ]
2026-02-03 23:44:25,309 - cmab.policy - INFO - Number of trees in forest: 10
2026-02-03 23:44:25,309 - cmab.policy - INFO - 
2026-02-03 23:44:25,309 - cmab.policy - INFO - Prediction statistics across all trees:
2026-02-03 23:44:25,309 - cmab.policy - INFO -   Mean predictions (top 5 arms): [1.000436, 1.000436, 0.995707, 0.995707, 0.988705]
2026-02-03 23:44:25,309 - cmab.policy - INFO -   Std predictions (top 5 arms): [0.099972, 0.099972, 0.125070, 0.125070, 0.108310]
2026-02-03 23:44:25,309 - cmab.policy - INFO - 
2026-02-03 23:44:25,309 - cmab.policy - INFO - Top 5 arms by mean prediction:
2026-02-03 23:44:25,309 - cmab.policy - INFO -   #1: arm=batch_size=100000,header_size=32,cut_condition_type=3,fast_path_timeout=0,k=1, mean=1.000436, std=0.099972
2026-02-03 23:44:25,309 - cmab.policy - INFO -   #2: arm=batch_size=100000,header_size=64,cut_condition_type=3,fast_path_timeout=0,k=1, mean=1.000436, std=0.099972
2026-02-03 23:44:25,310 - cmab.policy - INFO -   #3: arm=batch_size=100000,header_size=32,cut_condition_type=3,fast_path_timeout=100,k=1, mean=0.995707, std=0.125070
2026-02-03 23:44:25,310 - cmab.policy - INFO -   #4: arm=batch_size=100000,header_size=64,cut_condition_type=3,fast_path_timeout=100,k=1, mean=0.995707, std=0.125070
2026-02-03 23:44:25,310 - cmab.policy - INFO -   #5: arm=batch_size=100000,header_size=64,cut_condition_type=1,fast_path_timeout=0,k=1, mean=0.988705, std=0.108310
2026-02-03 23:44:25,310 - cmab.policy - INFO - 
2026-02-03 23:44:25,310 - cmab.policy - INFO - Selected tree #6 for Thompson Sampling:
2026-02-03 23:44:25,310 - cmab.policy - INFO -   Tree depth: 9
2026-02-03 23:44:25,310 - cmab.policy - INFO -   Tree nodes: 63
2026-02-03 23:44:25,310 - cmab.policy - INFO -   Tree leaves: 32
2026-02-03 23:44:25,310 - cmab.policy - INFO -   Tree shape: (nodes=63, leaves=32, depth=9)
2026-02-03 23:44:25,310 - cmab.policy - INFO -   Tree feature importances: [0.00082388 0.08163772 0.12612368 0.13081648 0.         0.371621
 0.16678198 0.04773426 0.05853993 0.01592106]
2026-02-03 23:44:25,312 - cmab.policy - INFO -   Forest feature importances: [0.1307919  0.06172455 0.09012087 0.0780652  0.02987774 0.41205731
 0.09413744 0.04296322 0.03484623 0.02541552]
2026-02-03 23:44:25,312 - cmab.policy - INFO -   Top 5 predictions from this tree:
2026-02-03 23:44:25,312 - cmab.policy - INFO -     #1: arm=batch_size=100000,header_size=64,cut_condition_type=3,fast_path_timeout=400,k=3, pred=1.096562
2026-02-03 23:44:25,312 - cmab.policy - INFO -     #2: arm=batch_size=100000,header_size=64,cut_condition_type=3,fast_path_timeout=400,k=1, pred=1.096562
2026-02-03 23:44:25,312 - cmab.policy - INFO -     #3: arm=batch_size=100000,header_size=64,cut_condition_type=3,fast_path_timeout=100,k=3, pred=1.096562
2026-02-03 23:44:25,312 - cmab.policy - INFO -     #4: arm=batch_size=100000,header_size=64,cut_condition_type=3,fast_path_timeout=100,k=1, pred=1.096562
2026-02-03 23:44:25,312 - cmab.policy - INFO -     #5: arm=batch_size=100000,header_size=32,cut_condition_type=3,fast_path_timeout=100,k=1, pred=1.096562
2026-02-03 23:44:25,312 - cmab.policy - INFO - 
2026-02-03 23:44:25,312 - cmab.policy - INFO -   Found 8 arms with same max prediction (1.096562), randomly selecting one...
2026-02-03 23:44:25,312 - cmab.policy - INFO - 
2026-02-03 23:44:25,312 - cmab.policy - INFO - ✓ SELECTED ARM: batch_size=100000,header_size=64,cut_condition_type=3,fast_path_timeout=400,k=3 (prediction=1.096562)
2026-02-03 23:44:25,312 - cmab.policy - INFO - ================================================================================
2026-02-03 23:44:25,316 - cmab.trainer - INFO - Updated parameters file: /home/ccclr0302/autobahn-test/benchmark/.parameters-0.json
2026-02-03 23:44:25,316 - cmab.trainer - INFO - 🚩 Created RL parameter update signal file (epoch 19): /tmp/autobahn_rl_param_update_41.signal
2026-02-03 23:44:25,316 - cmab.trainer - INFO - Applied params: {'batch_size': 100000, 'header_size': 64, 'cut_condition_type': 3, 'fast_path_timeout': 400, 'k': 3}
2026-02-03 23:44:25,316 - cmab.trainer - INFO - Waiting for next metrics file...
[Parallel(n_jobs=1)]: Done  10 out of  10 | elapsed:    0.0s finished
[Parallel(n_jobs=1)]: Done  10 out of  10 | elapsed:    0.0s finished
2026-02-03 23:44:41,776 - cmab.policy - INFO - RF Updated: samples=120, MSE=0.016873
2026-02-03 23:44:41,776 - cmab.trainer - INFO - Iteration 42 : context=[ 1.677914   0.        20.         1.7242713  0.       ] arm=batch_size=100000,header_size=64,cut_condition_type=3,fast_path_timeout=400,k=3 params={'batch_size': 100000, 'header_size': 64, 'cut_condition_type': 3, 'fast_path_timeout': 400, 'k': 3}
2026-02-03 23:44:41,776 - cmab.trainer - INFO - Iteration 42 reward=0.901701 avg_reward(20)=0.925748 last_metrics=epoch_42_slot_606.json top_arm=batch_size=100000,header_size=64,cut_condition_type=1,fast_path_timeout=100,k=1 top_ratio=0.15
2026-02-03 23:44:41,785 - cmab.trainer - INFO - Saved checkpoint: /tmp/cmab_continuous_checkpoints/cmab_checkpoint_20.pkl
2026-02-03 23:44:41,787 - cmab.policy - INFO - ================================================================================
2026-02-03 23:44:41,787 - cmab.policy - INFO - SELECT ARM - Detailed Prediction Analysis
2026-02-03 23:44:41,787 - cmab.policy - INFO - Context: [ 0.5827771   0.70664465 11.297319    0.          0.        ]
2026-02-03 23:44:41,787 - cmab.policy - INFO - Number of trees in forest: 10
2026-02-03 23:44:41,787 - cmab.policy - INFO - 
2026-02-03 23:44:41,787 - cmab.policy - INFO - Prediction statistics across all trees:
2026-02-03 23:44:41,788 - cmab.policy - INFO -   Mean predictions (top 5 arms): [0.871886, 0.871886, 0.865353, 0.865353, 0.851816]
2026-02-03 23:44:41,788 - cmab.policy - INFO -   Std predictions (top 5 arms): [0.064662, 0.064662, 0.066413, 0.066413, 0.046889]
2026-02-03 23:44:41,788 - cmab.policy - INFO - 
2026-02-03 23:44:41,788 - cmab.policy - INFO - Top 5 arms by mean prediction:
2026-02-03 23:44:41,788 - cmab.policy - INFO -   #1: arm=batch_size=100000,header_size=128,cut_condition_type=3,fast_path_timeout=100,k=3, mean=0.871886, std=0.064662
2026-02-03 23:44:41,788 - cmab.policy - INFO -   #2: arm=batch_size=100000,header_size=128,cut_condition_type=3,fast_path_timeout=0,k=3, mean=0.871886, std=0.064662
2026-02-03 23:44:41,788 - cmab.policy - INFO -   #3: arm=batch_size=100000,header_size=128,cut_condition_type=1,fast_path_timeout=0,k=3, mean=0.865353, std=0.066413
2026-02-03 23:44:41,788 - cmab.policy - INFO -   #4: arm=batch_size=100000,header_size=128,cut_condition_type=1,fast_path_timeout=100,k=3, mean=0.865353, std=0.066413
2026-02-03 23:44:41,788 - cmab.policy - INFO -   #5: arm=batch_size=100000,header_size=32,cut_condition_type=1,fast_path_timeout=100,k=1, mean=0.851816, std=0.046889
2026-02-03 23:44:41,788 - cmab.policy - INFO - 
2026-02-03 23:44:41,788 - cmab.policy - INFO - Selected tree #2 for Thompson Sampling:
2026-02-03 23:44:41,788 - cmab.policy - INFO -   Tree depth: 10
2026-02-03 23:44:41,788 - cmab.policy - INFO -   Tree nodes: 55
2026-02-03 23:44:41,788 - cmab.policy - INFO -   Tree leaves: 28
2026-02-03 23:44:41,788 - cmab.policy - INFO -   Tree shape: (nodes=55, leaves=28, depth=10)
2026-02-03 23:44:41,788 - cmab.policy - INFO -   Tree feature importances: [0.16817011 0.18085413 0.00035417 0.00588329 0.09481014 0.32308001
 0.10456651 0.01616612 0.06342034 0.04269519]
2026-02-03 23:44:41,790 - cmab.policy - INFO -   Forest feature importances: [0.14095013 0.07882271 0.06688917 0.0899789  0.02705728 0.35182257
 0.13390539 0.0335409  0.0331323  0.04390065]
2026-02-03 23:44:41,790 - cmab.policy - INFO -   Top 5 predictions from this tree:
2026-02-03 23:44:41,790 - cmab.policy - INFO -     #1: arm=batch_size=100000,header_size=32,cut_condition_type=1,fast_path_timeout=0,k=1, pred=0.821660
2026-02-03 23:44:41,790 - cmab.policy - INFO -     #2: arm=batch_size=100000,header_size=128,cut_condition_type=3,fast_path_timeout=100,k=1, pred=0.821660
2026-02-03 23:44:41,790 - cmab.policy - INFO -     #3: arm=batch_size=100000,header_size=64,cut_condition_type=3,fast_path_timeout=0,k=1, pred=0.821660
2026-02-03 23:44:41,790 - cmab.policy - INFO -     #4: arm=batch_size=100000,header_size=64,cut_condition_type=3,fast_path_timeout=0,k=3, pred=0.821660
2026-02-03 23:44:41,790 - cmab.policy - INFO -     #5: arm=batch_size=100000,header_size=64,cut_condition_type=3,fast_path_timeout=100,k=1, pred=0.821660
2026-02-03 23:44:41,790 - cmab.policy - INFO - 
2026-02-03 23:44:41,790 - cmab.policy - INFO -   Found 24 arms with same max prediction (0.821660), randomly selecting one...
2026-02-03 23:44:41,790 - cmab.policy - INFO - 
2026-02-03 23:44:41,790 - cmab.policy - INFO - ✓ SELECTED ARM: batch_size=100000,header_size=128,cut_condition_type=3,fast_path_timeout=0,k=1 (prediction=0.821660)
2026-02-03 23:44:41,790 - cmab.policy - INFO - ================================================================================
2026-02-03 23:44:41,793 - cmab.trainer - INFO - Updated parameters file: /home/ccclr0302/autobahn-test/benchmark/.parameters-0.json
2026-02-03 23:44:41,794 - cmab.trainer - INFO - 🚩 Created RL parameter update signal file (epoch 20): /tmp/autobahn_rl_param_update_42.signal
2026-02-03 23:44:41,794 - cmab.trainer - INFO - Applied params: {'batch_size': 100000, 'header_size': 128, 'cut_condition_type': 3, 'fast_path_timeout': 0, 'k': 1}
2026-02-03 23:44:41,794 - cmab.trainer - INFO - Waiting for next metrics file...
2026-02-03 23:45:07,466 - cmab.trainer - INFO - Iteration 43 : context=[ 0.5827771   0.70664465 11.297319    0.          0.        ] arm=batch_size=100000,header_size=128,cut_condition_type=3,fast_path_timeout=0,k=1 params={'batch_size': 100000, 'header_size': 128, 'cut_condition_type': 3, 'fast_path_timeout': 0, 'k': 1}
2026-02-03 23:45:07,466 - cmab.trainer - INFO - Iteration 43 reward=1.023061 avg_reward(20)=0.933207 last_metrics=epoch_43_slot_636.json top_arm=batch_size=100000,header_size=64,cut_condition_type=1,fast_path_timeout=100,k=1 top_ratio=0.14
2026-02-03 23:45:07,469 - cmab.policy - INFO - ================================================================================
2026-02-03 23:45:07,469 - cmab.policy - INFO - SELECT ARM - Detailed Prediction Analysis
2026-02-03 23:45:07,469 - cmab.policy - INFO - Context: [0.0794135  0.         5.477585   0.14906733 0.        ]
2026-02-03 23:45:07,469 - cmab.policy - INFO - Number of trees in forest: 10
2026-02-03 23:45:07,469 - cmab.policy - INFO - 
2026-02-03 23:45:07,469 - cmab.policy - INFO - Prediction statistics across all trees:
2026-02-03 23:45:07,469 - cmab.policy - INFO -   Mean predictions (top 5 arms): [0.909875, 0.909875, 0.907456, 0.907456, 0.906484]
2026-02-03 23:45:07,469 - cmab.policy - INFO -   Std predictions (top 5 arms): [0.081849, 0.081849, 0.083450, 0.083450, 0.097099]
2026-02-03 23:45:07,469 - cmab.policy - INFO - 
2026-02-03 23:45:07,469 - cmab.policy - INFO - Top 5 arms by mean prediction:
2026-02-03 23:45:07,469 - cmab.policy - INFO -   #1: arm=batch_size=100000,header_size=128,cut_condition_type=1,fast_path_timeout=0,k=3, mean=0.909875, std=0.081849
2026-02-03 23:45:07,469 - cmab.policy - INFO -   #2: arm=batch_size=100000,header_size=128,cut_condition_type=1,fast_path_timeout=100,k=3, mean=0.909875, std=0.081849
2026-02-03 23:45:07,469 - cmab.policy - INFO -   #3: arm=batch_size=100000,header_size=128,cut_condition_type=3,fast_path_timeout=0,k=3, mean=0.907456, std=0.083450
2026-02-03 23:45:07,469 - cmab.policy - INFO -   #4: arm=batch_size=100000,header_size=128,cut_condition_type=3,fast_path_timeout=100,k=3, mean=0.907456, std=0.083450
2026-02-03 23:45:07,469 - cmab.policy - INFO -   #5: arm=batch_size=100000,header_size=64,cut_condition_type=1,fast_path_timeout=0,k=1, mean=0.906484, std=0.097099
2026-02-03 23:45:07,469 - cmab.policy - INFO - 
2026-02-03 23:45:07,469 - cmab.policy - INFO - Selected tree #7 for Thompson Sampling:
2026-02-03 23:45:07,470 - cmab.policy - INFO -   Tree depth: 7
2026-02-03 23:45:07,470 - cmab.policy - INFO -   Tree nodes: 69
2026-02-03 23:45:07,470 - cmab.policy - INFO -   Tree leaves: 35
2026-02-03 23:45:07,470 - cmab.policy - INFO -   Tree shape: (nodes=69, leaves=35, depth=7)
2026-02-03 23:45:07,470 - cmab.policy - INFO -   Tree feature importances: [0.08326307 0.04479621 0.05784356 0.2012064  0.00354458 0.30021847
 0.06636944 0.037176   0.02540133 0.18018095]
2026-02-03 23:45:07,472 - cmab.policy - INFO -   Forest feature importances: [0.14095013 0.07882271 0.06688917 0.0899789  0.02705728 0.35182257
 0.13390539 0.0335409  0.0331323  0.04390065]
2026-02-03 23:45:07,472 - cmab.policy - INFO -   Top 5 predictions from this tree:
2026-02-03 23:45:07,472 - cmab.policy - INFO -     #1: arm=batch_size=100000,header_size=32,cut_condition_type=1,fast_path_timeout=0,k=1, pred=1.014715
2026-02-03 23:45:07,472 - cmab.policy - INFO -     #2: arm=batch_size=100000,header_size=64,cut_condition_type=1,fast_path_timeout=0,k=3, pred=1.014715
2026-02-03 23:45:07,472 - cmab.policy - INFO -     #3: arm=batch_size=100000,header_size=128,cut_condition_type=1,fast_path_timeout=100,k=3, pred=1.014715
2026-02-03 23:45:07,472 - cmab.policy - INFO -     #4: arm=batch_size=100000,header_size=128,cut_condition_type=1,fast_path_timeout=100,k=1, pred=1.014715
2026-02-03 23:45:07,472 - cmab.policy - INFO -     #5: arm=batch_size=100000,header_size=128,cut_condition_type=1,fast_path_timeout=0,k=3, pred=1.014715
2026-02-03 23:45:07,472 - cmab.policy - INFO - 
2026-02-03 23:45:07,472 - cmab.policy - INFO -   Found 24 arms with same max prediction (1.014715), randomly selecting one...
2026-02-03 23:45:07,472 - cmab.policy - INFO - 
2026-02-03 23:45:07,472 - cmab.policy - INFO - ✓ SELECTED ARM: batch_size=100000,header_size=128,cut_condition_type=1,fast_path_timeout=0,k=3 (prediction=1.014715)
2026-02-03 23:45:07,472 - cmab.policy - INFO - ================================================================================
2026-02-03 23:45:07,475 - cmab.trainer - INFO - Updated parameters file: /home/ccclr0302/autobahn-test/benchmark/.parameters-0.json
2026-02-03 23:45:07,475 - cmab.trainer - INFO - 🚩 Created RL parameter update signal file (epoch 21): /tmp/autobahn_rl_param_update_43.signal
2026-02-03 23:45:07,475 - cmab.trainer - INFO - Applied params: {'batch_size': 100000, 'header_size': 128, 'cut_condition_type': 1, 'fast_path_timeout': 0, 'k': 3}
2026-02-03 23:45:07,475 - cmab.trainer - INFO - Waiting for next metrics file...
2026-02-03 23:45:25,628 - cmab.trainer - INFO - Iteration 44 : context=[0.0794135  0.         5.477585   0.14906733 0.        ] arm=batch_size=100000,header_size=128,cut_condition_type=1,fast_path_timeout=0,k=3 params={'batch_size': 100000, 'header_size': 128, 'cut_condition_type': 1, 'fast_path_timeout': 0, 'k': 3}
2026-02-03 23:45:25,629 - cmab.trainer - INFO - Iteration 44 reward=0.949056 avg_reward(20)=0.929232 last_metrics=epoch_44_slot_666.json top_arm=batch_size=100000,header_size=128,cut_condition_type=1,fast_path_timeout=0,k=3 top_ratio=0.14
2026-02-03 23:45:25,631 - cmab.policy - INFO - ================================================================================
2026-02-03 23:45:25,632 - cmab.policy - INFO - SELECT ARM - Detailed Prediction Analysis
2026-02-03 23:45:25,632 - cmab.policy - INFO - Context: [0.20086718 0.         0.09936211 5.479131   0.        ]
2026-02-03 23:45:25,632 - cmab.policy - INFO - Number of trees in forest: 10
2026-02-03 23:45:25,632 - cmab.policy - INFO - 
2026-02-03 23:45:25,632 - cmab.policy - INFO - Prediction statistics across all trees:
2026-02-03 23:45:25,632 - cmab.policy - INFO -   Mean predictions (top 5 arms): [0.976845, 0.975460, 0.969525, 0.968139, 0.962641]
2026-02-03 23:45:25,632 - cmab.policy - INFO -   Std predictions (top 5 arms): [0.049915, 0.050626, 0.050673, 0.051176, 0.026194]
2026-02-03 23:45:25,632 - cmab.policy - INFO - 
2026-02-03 23:45:25,632 - cmab.policy - INFO - Top 5 arms by mean prediction:
2026-02-03 23:45:25,632 - cmab.policy - INFO -   #1: arm=batch_size=100000,header_size=64,cut_condition_type=1,fast_path_timeout=0,k=3, mean=0.976845, std=0.049915
2026-02-03 23:45:25,632 - cmab.policy - INFO -   #2: arm=batch_size=100000,header_size=32,cut_condition_type=1,fast_path_timeout=0,k=3, mean=0.975460, std=0.050626
2026-02-03 23:45:25,632 - cmab.policy - INFO -   #3: arm=batch_size=100000,header_size=64,cut_condition_type=1,fast_path_timeout=100,k=3, mean=0.969525, std=0.050673
2026-02-03 23:45:25,632 - cmab.policy - INFO -   #4: arm=batch_size=100000,header_size=32,cut_condition_type=1,fast_path_timeout=100,k=3, mean=0.968139, std=0.051176
2026-02-03 23:45:25,632 - cmab.policy - INFO -   #5: arm=batch_size=100000,header_size=64,cut_condition_type=3,fast_path_timeout=0,k=3, mean=0.962641, std=0.026194
2026-02-03 23:45:25,632 - cmab.policy - INFO - 
2026-02-03 23:45:25,632 - cmab.policy - INFO - Selected tree #5 for Thompson Sampling:
2026-02-03 23:45:25,632 - cmab.policy - INFO -   Tree depth: 9
2026-02-03 23:45:25,632 - cmab.policy - INFO -   Tree nodes: 61
2026-02-03 23:45:25,632 - cmab.policy - INFO -   Tree leaves: 31
2026-02-03 23:45:25,633 - cmab.policy - INFO -   Tree shape: (nodes=61, leaves=31, depth=9)
2026-02-03 23:45:25,633 - cmab.policy - INFO -   Tree feature importances: [0.21755565 0.04557042 0.14125741 0.02439902 0.         0.29097916
 0.17351215 0.06338049 0.04334569 0.        ]
2026-02-03 23:45:25,635 - cmab.policy - INFO -   Forest feature importances: [0.14095013 0.07882271 0.06688917 0.0899789  0.02705728 0.35182257
 0.13390539 0.0335409  0.0331323  0.04390065]
2026-02-03 23:45:25,635 - cmab.policy - INFO -   Top 5 predictions from this tree:
2026-02-03 23:45:25,635 - cmab.policy - INFO -     #1: arm=batch_size=100000,header_size=32,cut_condition_type=1,fast_path_timeout=0,k=1, pred=0.970214
2026-02-03 23:45:25,635 - cmab.policy - INFO -     #2: arm=batch_size=100000,header_size=32,cut_condition_type=3,fast_path_timeout=400,k=3, pred=0.970214
2026-02-03 23:45:25,635 - cmab.policy - INFO -     #3: arm=batch_size=100000,header_size=128,cut_condition_type=1,fast_path_timeout=100,k=3, pred=0.970214
2026-02-03 23:45:25,635 - cmab.policy - INFO -     #4: arm=batch_size=100000,header_size=128,cut_condition_type=1,fast_path_timeout=100,k=1, pred=0.970214
2026-02-03 23:45:25,635 - cmab.policy - INFO -     #5: arm=batch_size=100000,header_size=128,cut_condition_type=1,fast_path_timeout=0,k=3, pred=0.970214
2026-02-03 23:45:25,635 - cmab.policy - INFO - 
2026-02-03 23:45:25,635 - cmab.policy - INFO -   Found 36 arms with same max prediction (0.970214), randomly selecting one...
2026-02-03 23:45:25,635 - cmab.policy - INFO - 
2026-02-03 23:45:25,635 - cmab.policy - INFO - ✓ SELECTED ARM: batch_size=100000,header_size=128,cut_condition_type=3,fast_path_timeout=400,k=3 (prediction=0.970214)
2026-02-03 23:45:25,635 - cmab.policy - INFO - ================================================================================
2026-02-03 23:45:25,638 - cmab.trainer - INFO - Updated parameters file: /home/ccclr0302/autobahn-test/benchmark/.parameters-0.json
2026-02-03 23:45:25,638 - cmab.trainer - INFO - 🚩 Created RL parameter update signal file (epoch 22): /tmp/autobahn_rl_param_update_44.signal
2026-02-03 23:45:25,638 - cmab.trainer - INFO - Applied params: {'batch_size': 100000, 'header_size': 128, 'cut_condition_type': 3, 'fast_path_timeout': 400, 'k': 3}
2026-02-03 23:45:25,638 - cmab.trainer - INFO - Waiting for next metrics file...
2026-02-03 23:45:47,901 - cmab.trainer - INFO - Iteration 45 : context=[0.20086718 0.         0.09936211 5.479131   0.        ] arm=batch_size=100000,header_size=128,cut_condition_type=3,fast_path_timeout=400,k=3 params={'batch_size': 100000, 'header_size': 128, 'cut_condition_type': 3, 'fast_path_timeout': 400, 'k': 3}
2026-02-03 23:45:47,901 - cmab.trainer - INFO - Iteration 45 reward=0.757156 avg_reward(20)=0.917837 last_metrics=epoch_45_slot_696.json top_arm=batch_size=100000,header_size=128,cut_condition_type=1,fast_path_timeout=0,k=3 top_ratio=0.13
2026-02-03 23:45:47,904 - cmab.policy - INFO - ================================================================================
2026-02-03 23:45:47,904 - cmab.policy - INFO - SELECT ARM - Detailed Prediction Analysis
2026-02-03 23:45:47,904 - cmab.policy - INFO - Context: [0.         5.4647975  0.15451564 0.08418077 0.        ]
2026-02-03 23:45:47,904 - cmab.policy - INFO - Number of trees in forest: 10
2026-02-03 23:45:47,904 - cmab.policy - INFO - 
2026-02-03 23:45:47,904 - cmab.policy - INFO - Prediction statistics across all trees:
2026-02-03 23:45:47,904 - cmab.policy - INFO -   Mean predictions (top 5 arms): [0.893724, 0.890953, 0.890953, 0.890164, 0.890164]
2026-02-03 23:45:47,904 - cmab.policy - INFO -   Std predictions (top 5 arms): [0.130365, 0.130365, 0.130365, 0.130430, 0.130430]
2026-02-03 23:45:47,904 - cmab.policy - INFO - 
2026-02-03 23:45:47,904 - cmab.policy - INFO - Top 5 arms by mean prediction:
2026-02-03 23:45:47,904 - cmab.policy - INFO -   #1: arm=batch_size=100000,header_size=32,cut_condition_type=1,fast_path_timeout=100,k=1, mean=0.893724, std=0.130365
2026-02-03 23:45:47,904 - cmab.policy - INFO -   #2: arm=batch_size=100000,header_size=32,cut_condition_type=3,fast_path_timeout=0,k=3, mean=0.890953, std=0.130365
2026-02-03 23:45:47,904 - cmab.policy - INFO -   #3: arm=batch_size=100000,header_size=32,cut_condition_type=3,fast_path_timeout=100,k=3, mean=0.890953, std=0.130365
2026-02-03 23:45:47,904 - cmab.policy - INFO -   #4: arm=batch_size=100000,header_size=32,cut_condition_type=1,fast_path_timeout=0,k=3, mean=0.890164, std=0.130430
2026-02-03 23:45:47,904 - cmab.policy - INFO -   #5: arm=batch_size=100000,header_size=32,cut_condition_type=1,fast_path_timeout=100,k=3, mean=0.890164, std=0.130430
2026-02-03 23:45:47,904 - cmab.policy - INFO - 
2026-02-03 23:45:47,904 - cmab.policy - INFO - Selected tree #8 for Thompson Sampling:
2026-02-03 23:45:47,904 - cmab.policy - INFO -   Tree depth: 9
2026-02-03 23:45:47,904 - cmab.policy - INFO -   Tree nodes: 65
2026-02-03 23:45:47,904 - cmab.policy - INFO -   Tree leaves: 33
2026-02-03 23:45:47,905 - cmab.policy - INFO -   Tree shape: (nodes=65, leaves=33, depth=9)
2026-02-03 23:45:47,905 - cmab.policy - INFO -   Tree feature importances: [0.33468383 0.11641912 0.05907825 0.00504478 0.03929209 0.33303898
 0.09334016 0.         0.01747774 0.00162506]
2026-02-03 23:45:47,906 - cmab.policy - INFO -   Forest feature importances: [0.14095013 0.07882271 0.06688917 0.0899789  0.02705728 0.35182257
 0.13390539 0.0335409  0.0331323  0.04390065]
2026-02-03 23:45:47,907 - cmab.policy - INFO -   Top 5 predictions from this tree:
2026-02-03 23:45:47,907 - cmab.policy - INFO -     #1: arm=batch_size=100000,header_size=64,cut_condition_type=3,fast_path_timeout=100,k=3, pred=0.859987
2026-02-03 23:45:47,907 - cmab.policy - INFO -     #2: arm=batch_size=100000,header_size=32,cut_condition_type=1,fast_path_timeout=0,k=3, pred=0.859987
2026-02-03 23:45:47,907 - cmab.policy - INFO -     #3: arm=batch_size=100000,header_size=128,cut_condition_type=3,fast_path_timeout=100,k=3, pred=0.859987
2026-02-03 23:45:47,907 - cmab.policy - INFO -     #4: arm=batch_size=100000,header_size=32,cut_condition_type=1,fast_path_timeout=100,k=3, pred=0.859987
2026-02-03 23:45:47,907 - cmab.policy - INFO -     #5: arm=batch_size=100000,header_size=128,cut_condition_type=3,fast_path_timeout=0,k=3, pred=0.859987
2026-02-03 23:45:47,907 - cmab.policy - INFO - 
2026-02-03 23:45:47,907 - cmab.policy - INFO -   Found 12 arms with same max prediction (0.859987), randomly selecting one...
2026-02-03 23:45:47,907 - cmab.policy - INFO - 
2026-02-03 23:45:47,907 - cmab.policy - INFO - ✓ SELECTED ARM: batch_size=100000,header_size=64,cut_condition_type=3,fast_path_timeout=0,k=3 (prediction=0.859987)
2026-02-03 23:45:47,907 - cmab.policy - INFO - ================================================================================
2026-02-03 23:45:47,910 - cmab.trainer - INFO - Updated parameters file: /home/ccclr0302/autobahn-test/benchmark/.parameters-0.json
2026-02-03 23:45:47,910 - cmab.trainer - INFO - 🚩 Created RL parameter update signal file (epoch 23): /tmp/autobahn_rl_param_update_45.signal
2026-02-03 23:45:47,910 - cmab.trainer - INFO - Applied params: {'batch_size': 100000, 'header_size': 64, 'cut_condition_type': 3, 'fast_path_timeout': 0, 'k': 3}
2026-02-03 23:45:47,910 - cmab.trainer - INFO - Waiting for next metrics file...
2026-02-03 23:46:10,375 - cmab.trainer - INFO - Iteration 46 : context=[0.         5.4647975  0.15451564 0.08418077 0.        ] arm=batch_size=100000,header_size=64,cut_condition_type=3,fast_path_timeout=0,k=3 params={'batch_size': 100000, 'header_size': 64, 'cut_condition_type': 3, 'fast_path_timeout': 0, 'k': 3}
2026-02-03 23:46:10,376 - cmab.trainer - INFO - Iteration 46 reward=1.409768 avg_reward(20)=0.933132 last_metrics=epoch_46_slot_726.json top_arm=batch_size=100000,header_size=128,cut_condition_type=1,fast_path_timeout=0,k=3 top_ratio=0.12
2026-02-03 23:46:10,378 - cmab.policy - INFO - ================================================================================
2026-02-03 23:46:10,378 - cmab.policy - INFO - SELECT ARM - Detailed Prediction Analysis
2026-02-03 23:46:10,378 - cmab.policy - INFO - Context: [ 0.         11.245095    0.56802595  0.6900496   0.        ]
2026-02-03 23:46:10,378 - cmab.policy - INFO - Number of trees in forest: 10
2026-02-03 23:46:10,378 - cmab.policy - INFO - 
2026-02-03 23:46:10,378 - cmab.policy - INFO - Prediction statistics across all trees:
2026-02-03 23:46:10,379 - cmab.policy - INFO -   Mean predictions (top 5 arms): [0.885249, 0.885024, 0.885024, 0.885024, 0.885024]
2026-02-03 23:46:10,379 - cmab.policy - INFO -   Std predictions (top 5 arms): [0.133722, 0.132182, 0.132182, 0.132182, 0.132182]
2026-02-03 23:46:10,379 - cmab.policy - INFO - 
2026-02-03 23:46:10,379 - cmab.policy - INFO - Top 5 arms by mean prediction:
2026-02-03 23:46:10,379 - cmab.policy - INFO -   #1: arm=batch_size=100000,header_size=32,cut_condition_type=1,fast_path_timeout=100,k=1, mean=0.885249, std=0.133722
2026-02-03 23:46:10,379 - cmab.policy - INFO -   #2: arm=batch_size=100000,header_size=32,cut_condition_type=1,fast_path_timeout=0,k=3, mean=0.885024, std=0.132182
2026-02-03 23:46:10,379 - cmab.policy - INFO -   #3: arm=batch_size=100000,header_size=32,cut_condition_type=1,fast_path_timeout=100,k=3, mean=0.885024, std=0.132182
2026-02-03 23:46:10,379 - cmab.policy - INFO -   #4: arm=batch_size=100000,header_size=32,cut_condition_type=3,fast_path_timeout=0,k=3, mean=0.885024, std=0.132182
2026-02-03 23:46:10,379 - cmab.policy - INFO -   #5: arm=batch_size=100000,header_size=32,cut_condition_type=3,fast_path_timeout=100,k=3, mean=0.885024, std=0.132182
2026-02-03 23:46:10,379 - cmab.policy - INFO - 
2026-02-03 23:46:10,379 - cmab.policy - INFO - Selected tree #9 for Thompson Sampling:
2026-02-03 23:46:10,379 - cmab.policy - INFO -   Tree depth: 9
2026-02-03 23:46:10,379 - cmab.policy - INFO -   Tree nodes: 69
2026-02-03 23:46:10,379 - cmab.policy - INFO -   Tree leaves: 35
2026-02-03 23:46:10,379 - cmab.policy - INFO -   Tree shape: (nodes=69, leaves=35, depth=9)
2026-02-03 23:46:10,379 - cmab.policy - INFO -   Tree feature importances: [0.15566445 0.04837267 0.0147273  0.09682632 0.04693587 0.45704299
 0.11663984 0.0148798  0.04083184 0.00807892]
2026-02-03 23:46:10,381 - cmab.policy - INFO -   Forest feature importances: [0.14095013 0.07882271 0.06688917 0.0899789  0.02705728 0.35182257
 0.13390539 0.0335409  0.0331323  0.04390065]
2026-02-03 23:46:10,381 - cmab.policy - INFO -   Top 5 predictions from this tree:
2026-02-03 23:46:10,381 - cmab.policy - INFO -     #1: arm=batch_size=100000,header_size=64,cut_condition_type=3,fast_path_timeout=400,k=3, pred=0.831068
2026-02-03 23:46:10,381 - cmab.policy - INFO -     #2: arm=batch_size=100000,header_size=32,cut_condition_type=3,fast_path_timeout=400,k=1, pred=0.831068
2026-02-03 23:46:10,381 - cmab.policy - INFO -     #3: arm=batch_size=100000,header_size=64,cut_condition_type=1,fast_path_timeout=400,k=3, pred=0.831068
2026-02-03 23:46:10,381 - cmab.policy - INFO -     #4: arm=batch_size=100000,header_size=64,cut_condition_type=1,fast_path_timeout=400,k=1, pred=0.831068
2026-02-03 23:46:10,381 - cmab.policy - INFO -     #5: arm=batch_size=100000,header_size=128,cut_condition_type=1,fast_path_timeout=400,k=1, pred=0.831068
2026-02-03 23:46:10,381 - cmab.policy - INFO - 
2026-02-03 23:46:10,381 - cmab.policy - INFO -   Found 12 arms with same max prediction (0.831068), randomly selecting one...
2026-02-03 23:46:10,381 - cmab.policy - INFO - 
2026-02-03 23:46:10,381 - cmab.policy - INFO - ✓ SELECTED ARM: batch_size=100000,header_size=128,cut_condition_type=3,fast_path_timeout=400,k=1 (prediction=0.831068)
2026-02-03 23:46:10,381 - cmab.policy - INFO - ================================================================================
2026-02-03 23:46:10,385 - cmab.trainer - INFO - Updated parameters file: /home/ccclr0302/autobahn-test/benchmark/.parameters-0.json
2026-02-03 23:46:10,385 - cmab.trainer - INFO - 🚩 Created RL parameter update signal file (epoch 24): /tmp/autobahn_rl_param_update_46.signal
2026-02-03 23:46:10,385 - cmab.trainer - INFO - Applied params: {'batch_size': 100000, 'header_size': 128, 'cut_condition_type': 3, 'fast_path_timeout': 400, 'k': 1}
2026-02-03 23:46:10,385 - cmab.trainer - INFO - Waiting for next metrics file...
[Parallel(n_jobs=1)]: Done  10 out of  10 | elapsed:    0.0s finished
[Parallel(n_jobs=1)]: Done  10 out of  10 | elapsed:    0.0s finished
2026-02-03 23:46:38,277 - cmab.policy - INFO - RF Updated: samples=125, MSE=0.016611
2026-02-03 23:46:38,277 - cmab.trainer - INFO - Iteration 47 : context=[ 0.         11.245095    0.56802595  0.6900496   0.        ] arm=batch_size=100000,header_size=128,cut_condition_type=3,fast_path_timeout=400,k=1 params={'batch_size': 100000, 'header_size': 128, 'cut_condition_type': 3, 'fast_path_timeout': 400, 'k': 1}
2026-02-03 23:46:38,277 - cmab.trainer - INFO - Iteration 47 reward=0.656543 avg_reward(20)=0.923325 last_metrics=epoch_47_slot_756.json top_arm=batch_size=100000,header_size=128,cut_condition_type=1,fast_path_timeout=0,k=3 top_ratio=0.12
2026-02-03 23:46:38,280 - cmab.policy - INFO - ================================================================================
2026-02-03 23:46:38,280 - cmab.policy - INFO - SELECT ARM - Detailed Prediction Analysis
2026-02-03 23:46:38,280 - cmab.policy - INFO - Context: [0.13938123 5.4627304  0.         0.07854295 0.        ]
2026-02-03 23:46:38,280 - cmab.policy - INFO - Number of trees in forest: 10
2026-02-03 23:46:38,280 - cmab.policy - INFO - 
2026-02-03 23:46:38,280 - cmab.policy - INFO - Prediction statistics across all trees:
2026-02-03 23:46:38,280 - cmab.policy - INFO -   Mean predictions (top 5 arms): [1.130221, 1.118766, 1.089153, 1.080374, 1.077698]
2026-02-03 23:46:38,280 - cmab.policy - INFO -   Std predictions (top 5 arms): [0.191429, 0.172112, 0.225929, 0.149923, 0.207558]
2026-02-03 23:46:38,280 - cmab.policy - INFO - 
2026-02-03 23:46:38,280 - cmab.policy - INFO - Top 5 arms by mean prediction:
2026-02-03 23:46:38,280 - cmab.policy - INFO -   #1: arm=batch_size=100000,header_size=32,cut_condition_type=3,fast_path_timeout=0,k=3, mean=1.130221, std=0.191429
2026-02-03 23:46:38,280 - cmab.policy - INFO -   #2: arm=batch_size=100000,header_size=64,cut_condition_type=3,fast_path_timeout=0,k=3, mean=1.118766, std=0.172112
2026-02-03 23:46:38,280 - cmab.policy - INFO -   #3: arm=batch_size=100000,header_size=32,cut_condition_type=3,fast_path_timeout=100,k=3, mean=1.089153, std=0.225929
2026-02-03 23:46:38,280 - cmab.policy - INFO -   #4: arm=batch_size=100000,header_size=128,cut_condition_type=3,fast_path_timeout=0,k=3, mean=1.080374, std=0.149923
2026-02-03 23:46:38,280 - cmab.policy - INFO -   #5: arm=batch_size=100000,header_size=64,cut_condition_type=3,fast_path_timeout=100,k=3, mean=1.077698, std=0.207558
2026-02-03 23:46:38,280 - cmab.policy - INFO - 
2026-02-03 23:46:38,280 - cmab.policy - INFO - Selected tree #4 for Thompson Sampling:
2026-02-03 23:46:38,280 - cmab.policy - INFO -   Tree depth: 10
2026-02-03 23:46:38,280 - cmab.policy - INFO -   Tree nodes: 65
2026-02-03 23:46:38,280 - cmab.policy - INFO -   Tree leaves: 33
2026-02-03 23:46:38,281 - cmab.policy - INFO -   Tree shape: (nodes=65, leaves=33, depth=10)
2026-02-03 23:46:38,281 - cmab.policy - INFO -   Tree feature importances: [0.17596191 0.16896937 0.0229478  0.1448749  0.         0.29878385
 0.08147906 0.02240879 0.08360698 0.00096734]
2026-02-03 23:46:38,282 - cmab.policy - INFO -   Forest feature importances: [0.15012336 0.06251455 0.07801208 0.05632382 0.01542466 0.42661774
 0.09828344 0.0219998  0.0542921  0.03640846]
2026-02-03 23:46:38,282 - cmab.policy - INFO -   Top 5 predictions from this tree:
2026-02-03 23:46:38,283 - cmab.policy - INFO -     #1: arm=batch_size=100000,header_size=32,cut_condition_type=1,fast_path_timeout=0,k=1, pred=1.285743
2026-02-03 23:46:38,283 - cmab.policy - INFO -     #2: arm=batch_size=100000,header_size=64,cut_condition_type=3,fast_path_timeout=0,k=1, pred=1.285743
2026-02-03 23:46:38,283 - cmab.policy - INFO -     #3: arm=batch_size=100000,header_size=64,cut_condition_type=3,fast_path_timeout=100,k=1, pred=1.285743
2026-02-03 23:46:38,283 - cmab.policy - INFO -     #4: arm=batch_size=100000,header_size=64,cut_condition_type=3,fast_path_timeout=100,k=3, pred=1.285743
2026-02-03 23:46:38,283 - cmab.policy - INFO -     #5: arm=batch_size=100000,header_size=64,cut_condition_type=3,fast_path_timeout=400,k=3, pred=1.285743
2026-02-03 23:46:38,283 - cmab.policy - INFO - 
2026-02-03 23:46:38,283 - cmab.policy - INFO -   Found 36 arms with same max prediction (1.285743), randomly selecting one...
2026-02-03 23:46:38,283 - cmab.policy - INFO - 
2026-02-03 23:46:38,283 - cmab.policy - INFO - ✓ SELECTED ARM: batch_size=100000,header_size=64,cut_condition_type=3,fast_path_timeout=0,k=1 (prediction=1.285743)
2026-02-03 23:46:38,283 - cmab.policy - INFO - ================================================================================
2026-02-03 23:46:38,286 - cmab.trainer - INFO - Updated parameters file: /home/ccclr0302/autobahn-test/benchmark/.parameters-0.json
2026-02-03 23:46:38,286 - cmab.trainer - INFO - 🚩 Created RL parameter update signal file (epoch 25): /tmp/autobahn_rl_param_update_47.signal
2026-02-03 23:46:38,286 - cmab.trainer - INFO - Applied params: {'batch_size': 100000, 'header_size': 64, 'cut_condition_type': 3, 'fast_path_timeout': 0, 'k': 1}
2026-02-03 23:46:38,286 - cmab.trainer - INFO - Waiting for next metrics file...
2026-02-03 23:47:00,652 - cmab.trainer - INFO - Iteration 48 : context=[0.13938123 5.4627304  0.         0.07854295 0.        ] arm=batch_size=100000,header_size=64,cut_condition_type=3,fast_path_timeout=0,k=1 params={'batch_size': 100000, 'header_size': 64, 'cut_condition_type': 3, 'fast_path_timeout': 0, 'k': 1}
2026-02-03 23:47:00,652 - cmab.trainer - INFO - Iteration 48 reward=1.404783 avg_reward(20)=0.947971 last_metrics=epoch_48_slot_786.json top_arm=batch_size=100000,header_size=128,cut_condition_type=1,fast_path_timeout=0,k=3 top_ratio=0.12
2026-02-03 23:47:00,655 - cmab.policy - INFO - ================================================================================
2026-02-03 23:47:00,655 - cmab.policy - INFO - SELECT ARM - Detailed Prediction Analysis
2026-02-03 23:47:00,655 - cmab.policy - INFO - Context: [11.244169    0.          0.56794834  0.6899623   0.        ]
2026-02-03 23:47:00,655 - cmab.policy - INFO - Number of trees in forest: 10
2026-02-03 23:47:00,655 - cmab.policy - INFO - 
2026-02-03 23:47:00,655 - cmab.policy - INFO - Prediction statistics across all trees:
2026-02-03 23:47:00,655 - cmab.policy - INFO -   Mean predictions (top 5 arms): [1.110027, 1.110027, 1.090610, 1.090610, 1.074465]
2026-02-03 23:47:00,655 - cmab.policy - INFO -   Std predictions (top 5 arms): [0.167016, 0.167016, 0.166112, 0.166112, 0.121581]
2026-02-03 23:47:00,655 - cmab.policy - INFO - 
2026-02-03 23:47:00,655 - cmab.policy - INFO - Top 5 arms by mean prediction:
2026-02-03 23:47:00,655 - cmab.policy - INFO -   #1: arm=batch_size=100000,header_size=32,cut_condition_type=1,fast_path_timeout=0,k=3, mean=1.110027, std=0.167016
2026-02-03 23:47:00,655 - cmab.policy - INFO -   #2: arm=batch_size=100000,header_size=32,cut_condition_type=1,fast_path_timeout=100,k=3, mean=1.110027, std=0.167016
2026-02-03 23:47:00,655 - cmab.policy - INFO -   #3: arm=batch_size=100000,header_size=32,cut_condition_type=3,fast_path_timeout=0,k=3, mean=1.090610, std=0.166112
2026-02-03 23:47:00,655 - cmab.policy - INFO -   #4: arm=batch_size=100000,header_size=32,cut_condition_type=3,fast_path_timeout=100,k=3, mean=1.090610, std=0.166112
2026-02-03 23:47:00,655 - cmab.policy - INFO -   #5: arm=batch_size=100000,header_size=64,cut_condition_type=1,fast_path_timeout=100,k=3, mean=1.074465, std=0.121581
2026-02-03 23:47:00,655 - cmab.policy - INFO - 
2026-02-03 23:47:00,655 - cmab.policy - INFO - Selected tree #1 for Thompson Sampling:
2026-02-03 23:47:00,655 - cmab.policy - INFO -   Tree depth: 10
2026-02-03 23:47:00,655 - cmab.policy - INFO -   Tree nodes: 67
2026-02-03 23:47:00,655 - cmab.policy - INFO -   Tree leaves: 34
2026-02-03 23:47:00,656 - cmab.policy - INFO -   Tree shape: (nodes=67, leaves=34, depth=10)
2026-02-03 23:47:00,656 - cmab.policy - INFO -   Tree feature importances: [0.16230337 0.0858657  0.00766549 0.04741308 0.         0.5237783
 0.10804539 0.         0.03697906 0.02794961]
2026-02-03 23:47:00,657 - cmab.policy - INFO -   Forest feature importances: [0.15012336 0.06251455 0.07801208 0.05632382 0.01542466 0.42661774
 0.09828344 0.0219998  0.0542921  0.03640846]
2026-02-03 23:47:00,658 - cmab.policy - INFO -   Top 5 predictions from this tree:
2026-02-03 23:47:00,658 - cmab.policy - INFO -     #1: arm=batch_size=100000,header_size=32,cut_condition_type=3,fast_path_timeout=100,k=1, pred=1.063848
2026-02-03 23:47:00,658 - cmab.policy - INFO -     #2: arm=batch_size=100000,header_size=64,cut_condition_type=3,fast_path_timeout=100,k=1, pred=1.063848
2026-02-03 23:47:00,658 - cmab.policy - INFO -     #3: arm=batch_size=100000,header_size=128,cut_condition_type=3,fast_path_timeout=400,k=1, pred=1.063848
2026-02-03 23:47:00,658 - cmab.policy - INFO -     #4: arm=batch_size=100000,header_size=128,cut_condition_type=3,fast_path_timeout=100,k=1, pred=1.063848
2026-02-03 23:47:00,658 - cmab.policy - INFO -     #5: arm=batch_size=100000,header_size=128,cut_condition_type=1,fast_path_timeout=100,k=1, pred=1.063848
2026-02-03 23:47:00,658 - cmab.policy - INFO - 
2026-02-03 23:47:00,658 - cmab.policy - INFO -   Found 12 arms with same max prediction (1.063848), randomly selecting one...
2026-02-03 23:47:00,658 - cmab.policy - INFO - 
2026-02-03 23:47:00,658 - cmab.policy - INFO - ✓ SELECTED ARM: batch_size=100000,header_size=64,cut_condition_type=3,fast_path_timeout=100,k=1 (prediction=1.063848)
2026-02-03 23:47:00,658 - cmab.policy - INFO - ================================================================================
2026-02-03 23:47:00,661 - cmab.trainer - INFO - Updated parameters file: /home/ccclr0302/autobahn-test/benchmark/.parameters-0.json
2026-02-03 23:47:00,661 - cmab.trainer - INFO - 🚩 Created RL parameter update signal file (epoch 26): /tmp/autobahn_rl_param_update_48.signal
2026-02-03 23:47:00,661 - cmab.trainer - INFO - Applied params: {'batch_size': 100000, 'header_size': 64, 'cut_condition_type': 3, 'fast_path_timeout': 100, 'k': 1}
2026-02-03 23:47:00,661 - cmab.trainer - INFO - Waiting for next metrics file...
2026-02-03 23:47:22,525 - cmab.trainer - INFO - Iteration 49 : context=[11.244169    0.          0.56794834  0.6899623   0.        ] arm=batch_size=100000,header_size=64,cut_condition_type=3,fast_path_timeout=100,k=1 params={'batch_size': 100000, 'header_size': 64, 'cut_condition_type': 3, 'fast_path_timeout': 100, 'k': 1}
2026-02-03 23:47:22,525 - cmab.trainer - INFO - Iteration 49 reward=0.929546 avg_reward(20)=0.945418 last_metrics=epoch_49_slot_816.json top_arm=batch_size=100000,header_size=128,cut_condition_type=1,fast_path_timeout=0,k=3 top_ratio=0.11
2026-02-03 23:47:22,528 - cmab.policy - INFO - ================================================================================
2026-02-03 23:47:22,528 - cmab.policy - INFO - SELECT ARM - Detailed Prediction Analysis
2026-02-03 23:47:22,528 - cmab.policy - INFO - Context: [ 0.65311617 11.265911    0.6122977   0.          0.        ]
2026-02-03 23:47:22,528 - cmab.policy - INFO - Number of trees in forest: 10
2026-02-03 23:47:22,528 - cmab.policy - INFO - 
2026-02-03 23:47:22,528 - cmab.policy - INFO - Prediction statistics across all trees:
2026-02-03 23:47:22,528 - cmab.policy - INFO -   Mean predictions (top 5 arms): [1.016732, 1.016732, 1.013453, 1.013453, 1.013453]
2026-02-03 23:47:22,528 - cmab.policy - INFO -   Std predictions (top 5 arms): [0.147137, 0.147137, 0.150848, 0.150848, 0.150848]
2026-02-03 23:47:22,528 - cmab.policy - INFO - 
2026-02-03 23:47:22,528 - cmab.policy - INFO - Top 5 arms by mean prediction:
2026-02-03 23:47:22,528 - cmab.policy - INFO -   #1: arm=batch_size=100000,header_size=128,cut_condition_type=3,fast_path_timeout=0,k=3, mean=1.016732, std=0.147137
2026-02-03 23:47:22,528 - cmab.policy - INFO -   #2: arm=batch_size=100000,header_size=128,cut_condition_type=1,fast_path_timeout=0,k=3, mean=1.016732, std=0.147137
2026-02-03 23:47:22,528 - cmab.policy - INFO -   #3: arm=batch_size=100000,header_size=32,cut_condition_type=3,fast_path_timeout=0,k=3, mean=1.013453, std=0.150848
2026-02-03 23:47:22,528 - cmab.policy - INFO -   #4: arm=batch_size=100000,header_size=64,cut_condition_type=1,fast_path_timeout=0,k=3, mean=1.013453, std=0.150848
2026-02-03 23:47:22,528 - cmab.policy - INFO -   #5: arm=batch_size=100000,header_size=32,cut_condition_type=1,fast_path_timeout=0,k=3, mean=1.013453, std=0.150848
2026-02-03 23:47:22,528 - cmab.policy - INFO - 
2026-02-03 23:47:22,528 - cmab.policy - INFO - Selected tree #6 for Thompson Sampling:
2026-02-03 23:47:22,528 - cmab.policy - INFO -   Tree depth: 10
2026-02-03 23:47:22,529 - cmab.policy - INFO -   Tree nodes: 73
2026-02-03 23:47:22,529 - cmab.policy - INFO -   Tree leaves: 37
2026-02-03 23:47:22,529 - cmab.policy - INFO -   Tree shape: (nodes=73, leaves=37, depth=10)
2026-02-03 23:47:22,529 - cmab.policy - INFO -   Tree feature importances: [0.13473919 0.0366595  0.20408475 0.02102255 0.01121278 0.41448471
 0.07061469 0.00120816 0.05890018 0.04707349]
2026-02-03 23:47:22,531 - cmab.policy - INFO -   Forest feature importances: [0.15012336 0.06251455 0.07801208 0.05632382 0.01542466 0.42661774
 0.09828344 0.0219998  0.0542921  0.03640846]
2026-02-03 23:47:22,531 - cmab.policy - INFO -   Top 5 predictions from this tree:
2026-02-03 23:47:22,531 - cmab.policy - INFO -     #1: arm=batch_size=100000,header_size=32,cut_condition_type=1,fast_path_timeout=0,k=1, pred=1.133630
2026-02-03 23:47:22,531 - cmab.policy - INFO -     #2: arm=batch_size=100000,header_size=64,cut_condition_type=1,fast_path_timeout=0,k=3, pred=1.133630
2026-02-03 23:47:22,531 - cmab.policy - INFO -     #3: arm=batch_size=100000,header_size=128,cut_condition_type=1,fast_path_timeout=0,k=1, pred=1.133630
2026-02-03 23:47:22,531 - cmab.policy - INFO -     #4: arm=batch_size=100000,header_size=128,cut_condition_type=1,fast_path_timeout=0,k=3, pred=1.133630
2026-02-03 23:47:22,531 - cmab.policy - INFO -     #5: arm=batch_size=100000,header_size=128,cut_condition_type=1,fast_path_timeout=100,k=1, pred=1.133630
2026-02-03 23:47:22,531 - cmab.policy - INFO - 
2026-02-03 23:47:22,531 - cmab.policy - INFO -   Found 24 arms with same max prediction (1.133630), randomly selecting one...
2026-02-03 23:47:22,531 - cmab.policy - INFO - 
2026-02-03 23:47:22,531 - cmab.policy - INFO - ✓ SELECTED ARM: batch_size=100000,header_size=64,cut_condition_type=1,fast_path_timeout=0,k=1 (prediction=1.133630)
2026-02-03 23:47:22,531 - cmab.policy - INFO - ================================================================================
2026-02-03 23:47:22,534 - cmab.trainer - INFO - Updated parameters file: /home/ccclr0302/autobahn-test/benchmark/.parameters-0.json
2026-02-03 23:47:22,535 - cmab.trainer - INFO - 🚩 Created RL parameter update signal file (epoch 27): /tmp/autobahn_rl_param_update_49.signal
2026-02-03 23:47:22,535 - cmab.trainer - INFO - Applied params: {'batch_size': 100000, 'header_size': 64, 'cut_condition_type': 1, 'fast_path_timeout': 0, 'k': 1}
2026-02-03 23:47:22,535 - cmab.trainer - INFO - Waiting for next metrics file...
2026-02-03 23:47:38,682 - cmab.trainer - INFO - Iteration 50 : context=[ 0.65311617 11.265911    0.6122977   0.          0.        ] arm=batch_size=100000,header_size=64,cut_condition_type=1,fast_path_timeout=0,k=1 params={'batch_size': 100000, 'header_size': 64, 'cut_condition_type': 1, 'fast_path_timeout': 0, 'k': 1}
2026-02-03 23:47:38,683 - cmab.trainer - INFO - Iteration 50 reward=0.976414 avg_reward(20)=0.938694 last_metrics=epoch_50_slot_846.json top_arm=batch_size=100000,header_size=128,cut_condition_type=1,fast_path_timeout=0,k=3 top_ratio=0.11
2026-02-03 23:47:38,685 - cmab.policy - INFO - ================================================================================
2026-02-03 23:47:38,685 - cmab.policy - INFO - SELECT ARM - Detailed Prediction Analysis
2026-02-03 23:47:38,685 - cmab.policy - INFO - Context: [ 0.          0.6866628  10.440568    0.58713317  0.        ]
2026-02-03 23:47:38,685 - cmab.policy - INFO - Number of trees in forest: 10
2026-02-03 23:47:38,685 - cmab.policy - INFO - 
2026-02-03 23:47:38,685 - cmab.policy - INFO - Prediction statistics across all trees:
2026-02-03 23:47:38,685 - cmab.policy - INFO -   Mean predictions (top 5 arms): [0.933483, 0.933483, 0.930895, 0.930895, 0.925908]
2026-02-03 23:47:38,686 - cmab.policy - INFO -   Std predictions (top 5 arms): [0.151682, 0.151682, 0.157273, 0.157273, 0.136455]
2026-02-03 23:47:38,686 - cmab.policy - INFO - 
2026-02-03 23:47:38,686 - cmab.policy - INFO - Top 5 arms by mean prediction:
2026-02-03 23:47:38,686 - cmab.policy - INFO -   #1: arm=batch_size=100000,header_size=32,cut_condition_type=3,fast_path_timeout=0,k=1, mean=0.933483, std=0.151682
2026-02-03 23:47:38,686 - cmab.policy - INFO -   #2: arm=batch_size=100000,header_size=64,cut_condition_type=3,fast_path_timeout=0,k=1, mean=0.933483, std=0.151682
2026-02-03 23:47:38,686 - cmab.policy - INFO -   #3: arm=batch_size=100000,header_size=32,cut_condition_type=3,fast_path_timeout=0,k=3, mean=0.930895, std=0.157273
2026-02-03 23:47:38,686 - cmab.policy - INFO -   #4: arm=batch_size=100000,header_size=64,cut_condition_type=3,fast_path_timeout=0,k=3, mean=0.930895, std=0.157273
2026-02-03 23:47:38,686 - cmab.policy - INFO -   #5: arm=batch_size=100000,header_size=64,cut_condition_type=3,fast_path_timeout=100,k=1, mean=0.925908, std=0.136455
2026-02-03 23:47:38,686 - cmab.policy - INFO - 
2026-02-03 23:47:38,686 - cmab.policy - INFO - Selected tree #9 for Thompson Sampling:
2026-02-03 23:47:38,686 - cmab.policy - INFO -   Tree depth: 10
2026-02-03 23:47:38,686 - cmab.policy - INFO -   Tree nodes: 71
2026-02-03 23:47:38,686 - cmab.policy - INFO -   Tree leaves: 36
2026-02-03 23:47:38,686 - cmab.policy - INFO -   Tree shape: (nodes=71, leaves=36, depth=10)
2026-02-03 23:47:38,686 - cmab.policy - INFO -   Tree feature importances: [0.11207604 0.13364103 0.08366624 0.06908271 0.         0.41879697
 0.08433767 0.01011484 0.04156158 0.04672293]
2026-02-03 23:47:38,688 - cmab.policy - INFO -   Forest feature importances: [0.15012336 0.06251455 0.07801208 0.05632382 0.01542466 0.42661774
 0.09828344 0.0219998  0.0542921  0.03640846]
2026-02-03 23:47:38,688 - cmab.policy - INFO -   Top 5 predictions from this tree:
2026-02-03 23:47:38,688 - cmab.policy - INFO -     #1: arm=batch_size=100000,header_size=32,cut_condition_type=1,fast_path_timeout=0,k=1, pred=0.912433
2026-02-03 23:47:38,688 - cmab.policy - INFO -     #2: arm=batch_size=100000,header_size=64,cut_condition_type=1,fast_path_timeout=100,k=1, pred=0.912433
2026-02-03 23:47:38,688 - cmab.policy - INFO -     #3: arm=batch_size=100000,header_size=128,cut_condition_type=3,fast_path_timeout=400,k=1, pred=0.912433
2026-02-03 23:47:38,688 - cmab.policy - INFO -     #4: arm=batch_size=100000,header_size=128,cut_condition_type=3,fast_path_timeout=100,k=1, pred=0.912433
2026-02-03 23:47:38,688 - cmab.policy - INFO -     #5: arm=batch_size=100000,header_size=128,cut_condition_type=3,fast_path_timeout=0,k=1, pred=0.912433
2026-02-03 23:47:38,688 - cmab.policy - INFO - 
2026-02-03 23:47:38,688 - cmab.policy - INFO -   Found 18 arms with same max prediction (0.912433), randomly selecting one...
2026-02-03 23:47:38,688 - cmab.policy - INFO - 
2026-02-03 23:47:38,688 - cmab.policy - INFO - ✓ SELECTED ARM: batch_size=100000,header_size=32,cut_condition_type=1,fast_path_timeout=0,k=1 (prediction=0.912433)
2026-02-03 23:47:38,688 - cmab.policy - INFO - ================================================================================
2026-02-03 23:47:38,691 - cmab.trainer - INFO - Updated parameters file: /home/ccclr0302/autobahn-test/benchmark/.parameters-0.json
2026-02-03 23:47:38,692 - cmab.trainer - INFO - 🚩 Created RL parameter update signal file (epoch 28): /tmp/autobahn_rl_param_update_50.signal
2026-02-03 23:47:38,692 - cmab.trainer - INFO - Applied params: {'batch_size': 100000, 'header_size': 32, 'cut_condition_type': 1, 'fast_path_timeout': 0, 'k': 1}
2026-02-03 23:47:38,692 - cmab.trainer - INFO - Waiting for next metrics file...
2026-02-03 23:47:55,342 - cmab.trainer - INFO - Iteration 51 : context=[ 0.          0.6866628  10.440568    0.58713317  0.        ] arm=batch_size=100000,header_size=32,cut_condition_type=1,fast_path_timeout=0,k=1 params={'batch_size': 100000, 'header_size': 32, 'cut_condition_type': 1, 'fast_path_timeout': 0, 'k': 1}
2026-02-03 23:47:55,342 - cmab.trainer - INFO - Iteration 51 reward=0.977941 avg_reward(20)=0.942642 last_metrics=epoch_51_slot_876.json top_arm=batch_size=100000,header_size=128,cut_condition_type=1,fast_path_timeout=0,k=3 top_ratio=0.10
2026-02-03 23:47:55,344 - cmab.policy - INFO - ================================================================================
2026-02-03 23:47:55,344 - cmab.policy - INFO - SELECT ARM - Detailed Prediction Analysis
2026-02-03 23:47:55,345 - cmab.policy - INFO - Context: [ 1.6098295  1.7107292  0.        20.         0.       ]
2026-02-03 23:47:55,345 - cmab.policy - INFO - Number of trees in forest: 10
2026-02-03 23:47:55,345 - cmab.policy - INFO - 
2026-02-03 23:47:55,345 - cmab.policy - INFO - Prediction statistics across all trees:
2026-02-03 23:47:55,345 - cmab.policy - INFO -   Mean predictions (top 5 arms): [0.946504, 0.946504, 0.936963, 0.936963, 0.935860]
2026-02-03 23:47:55,345 - cmab.policy - INFO -   Std predictions (top 5 arms): [0.129888, 0.129888, 0.130973, 0.130973, 0.117771]
2026-02-03 23:47:55,345 - cmab.policy - INFO - 
2026-02-03 23:47:55,345 - cmab.policy - INFO - Top 5 arms by mean prediction:
2026-02-03 23:47:55,345 - cmab.policy - INFO -   #1: arm=batch_size=100000,header_size=32,cut_condition_type=3,fast_path_timeout=0,k=3, mean=0.946504, std=0.129888
2026-02-03 23:47:55,345 - cmab.policy - INFO -   #2: arm=batch_size=100000,header_size=64,cut_condition_type=3,fast_path_timeout=0,k=3, mean=0.946504, std=0.129888
2026-02-03 23:47:55,345 - cmab.policy - INFO -   #3: arm=batch_size=100000,header_size=32,cut_condition_type=3,fast_path_timeout=0,k=1, mean=0.936963, std=0.130973
2026-02-03 23:47:55,345 - cmab.policy - INFO -   #4: arm=batch_size=100000,header_size=64,cut_condition_type=3,fast_path_timeout=0,k=1, mean=0.936963, std=0.130973
2026-02-03 23:47:55,345 - cmab.policy - INFO -   #5: arm=batch_size=100000,header_size=128,cut_condition_type=3,fast_path_timeout=0,k=3, mean=0.935860, std=0.117771
2026-02-03 23:47:55,345 - cmab.policy - INFO - 
2026-02-03 23:47:55,345 - cmab.policy - INFO - Selected tree #8 for Thompson Sampling:
2026-02-03 23:47:55,345 - cmab.policy - INFO -   Tree depth: 9
2026-02-03 23:47:55,345 - cmab.policy - INFO -   Tree nodes: 63
2026-02-03 23:47:55,345 - cmab.policy - INFO -   Tree leaves: 32
2026-02-03 23:47:55,345 - cmab.policy - INFO -   Tree shape: (nodes=63, leaves=32, depth=9)
2026-02-03 23:47:55,346 - cmab.policy - INFO -   Tree feature importances: [0.22442653 0.00984954 0.05824205 0.06576503 0.         0.3797609
 0.09264735 0.01795821 0.03996995 0.11138043]
2026-02-03 23:47:55,347 - cmab.policy - INFO -   Forest feature importances: [0.15012336 0.06251455 0.07801208 0.05632382 0.01542466 0.42661774
 0.09828344 0.0219998  0.0542921  0.03640846]
2026-02-03 23:47:55,347 - cmab.policy - INFO -   Top 5 predictions from this tree:
2026-02-03 23:47:55,347 - cmab.policy - INFO -     #1: arm=batch_size=100000,header_size=64,cut_condition_type=3,fast_path_timeout=0,k=1, pred=1.197409
2026-02-03 23:47:55,347 - cmab.policy - INFO -     #2: arm=batch_size=100000,header_size=128,cut_condition_type=3,fast_path_timeout=100,k=3, pred=1.197409
2026-02-03 23:47:55,347 - cmab.policy - INFO -     #3: arm=batch_size=100000,header_size=128,cut_condition_type=3,fast_path_timeout=100,k=1, pred=1.197409
2026-02-03 23:47:55,348 - cmab.policy - INFO -     #4: arm=batch_size=100000,header_size=128,cut_condition_type=3,fast_path_timeout=0,k=3, pred=1.197409
2026-02-03 23:47:55,348 - cmab.policy - INFO -     #5: arm=batch_size=100000,header_size=128,cut_condition_type=3,fast_path_timeout=0,k=1, pred=1.197409
2026-02-03 23:47:55,348 - cmab.policy - INFO - 
2026-02-03 23:47:55,348 - cmab.policy - INFO -   Found 12 arms with same max prediction (1.197409), randomly selecting one...
2026-02-03 23:47:55,348 - cmab.policy - INFO - 
2026-02-03 23:47:55,348 - cmab.policy - INFO - ✓ SELECTED ARM: batch_size=100000,header_size=32,cut_condition_type=3,fast_path_timeout=100,k=3 (prediction=1.197409)
2026-02-03 23:47:55,348 - cmab.policy - INFO - ================================================================================
2026-02-03 23:47:55,352 - cmab.trainer - INFO - Updated parameters file: /home/ccclr0302/autobahn-test/benchmark/.parameters-0.json
2026-02-03 23:47:55,352 - cmab.trainer - INFO - 🚩 Created RL parameter update signal file (epoch 29): /tmp/autobahn_rl_param_update_51.signal
2026-02-03 23:47:55,352 - cmab.trainer - INFO - Applied params: {'batch_size': 100000, 'header_size': 32, 'cut_condition_type': 3, 'fast_path_timeout': 100, 'k': 3}
2026-02-03 23:47:55,352 - cmab.trainer - INFO - Waiting for next metrics file...
[Parallel(n_jobs=1)]: Done  10 out of  10 | elapsed:    0.0s finished
[Parallel(n_jobs=1)]: Done  10 out of  10 | elapsed:    0.0s finished
2026-02-03 23:48:08,807 - cmab.policy - INFO - RF Updated: samples=130, MSE=0.014454
2026-02-03 23:48:08,807 - cmab.trainer - INFO - Iteration 52 : context=[ 1.6098295  1.7107292  0.        20.         0.       ] arm=batch_size=100000,header_size=32,cut_condition_type=3,fast_path_timeout=100,k=3 params={'batch_size': 100000, 'header_size': 32, 'cut_condition_type': 3, 'fast_path_timeout': 100, 'k': 3}
2026-02-03 23:48:08,807 - cmab.trainer - INFO - Iteration 52 reward=1.117407 avg_reward(20)=0.952731 last_metrics=epoch_52_slot_906.json top_arm=batch_size=100000,header_size=128,cut_condition_type=1,fast_path_timeout=0,k=3 top_ratio=0.10
2026-02-03 23:48:08,816 - cmab.trainer - INFO - Saved checkpoint: /tmp/cmab_continuous_checkpoints/cmab_checkpoint_30.pkl
2026-02-03 23:48:08,818 - cmab.policy - INFO - ================================================================================
2026-02-03 23:48:08,818 - cmab.policy - INFO - SELECT ARM - Detailed Prediction Analysis
2026-02-03 23:48:08,818 - cmab.policy - INFO - Context: [ 1.7170097 20.         1.5652115  0.         0.       ]
2026-02-03 23:48:08,819 - cmab.policy - INFO - Number of trees in forest: 10
2026-02-03 23:48:08,819 - cmab.policy - INFO - 
2026-02-03 23:48:08,819 - cmab.policy - INFO - Prediction statistics across all trees:
2026-02-03 23:48:08,819 - cmab.policy - INFO -   Mean predictions (top 5 arms): [0.915304, 0.915304, 0.915304, 0.915304, 0.906591]
2026-02-03 23:48:08,819 - cmab.policy - INFO -   Std predictions (top 5 arms): [0.220557, 0.220557, 0.220557, 0.220557, 0.223954]
2026-02-03 23:48:08,819 - cmab.policy - INFO - 
2026-02-03 23:48:08,819 - cmab.policy - INFO - Top 5 arms by mean prediction:
2026-02-03 23:48:08,819 - cmab.policy - INFO -   #1: arm=batch_size=100000,header_size=64,cut_condition_type=3,fast_path_timeout=0,k=3, mean=0.915304, std=0.220557
2026-02-03 23:48:08,819 - cmab.policy - INFO -   #2: arm=batch_size=100000,header_size=64,cut_condition_type=3,fast_path_timeout=100,k=3, mean=0.915304, std=0.220557
2026-02-03 23:48:08,819 - cmab.policy - INFO -   #3: arm=batch_size=100000,header_size=32,cut_condition_type=3,fast_path_timeout=0,k=3, mean=0.915304, std=0.220557
2026-02-03 23:48:08,819 - cmab.policy - INFO -   #4: arm=batch_size=100000,header_size=32,cut_condition_type=3,fast_path_timeout=100,k=3, mean=0.915304, std=0.220557
2026-02-03 23:48:08,819 - cmab.policy - INFO -   #5: arm=batch_size=100000,header_size=64,cut_condition_type=3,fast_path_timeout=0,k=1, mean=0.906591, std=0.223954
2026-02-03 23:48:08,819 - cmab.policy - INFO - 
2026-02-03 23:48:08,819 - cmab.policy - INFO - Selected tree #10 for Thompson Sampling:
2026-02-03 23:48:08,819 - cmab.policy - INFO -   Tree depth: 11
2026-02-03 23:48:08,819 - cmab.policy - INFO -   Tree nodes: 75
2026-02-03 23:48:08,819 - cmab.policy - INFO -   Tree leaves: 38
2026-02-03 23:48:08,819 - cmab.policy - INFO -   Tree shape: (nodes=75, leaves=38, depth=11)
2026-02-03 23:48:08,819 - cmab.policy - INFO -   Tree feature importances: [0.28429491 0.06134637 0.02297097 0.07147235 0.         0.370138
 0.08901018 0.         0.01791717 0.08285005]
2026-02-03 23:48:08,821 - cmab.policy - INFO -   Forest feature importances: [0.14981723 0.09416015 0.09661084 0.08551773 0.0137866  0.37978886
 0.08614069 0.02099577 0.03553057 0.03765155]
2026-02-03 23:48:08,821 - cmab.policy - INFO -   Top 5 predictions from this tree:
2026-02-03 23:48:08,821 - cmab.policy - INFO -     #1: arm=batch_size=100000,header_size=32,cut_condition_type=1,fast_path_timeout=0,k=1, pred=0.619017
2026-02-03 23:48:08,821 - cmab.policy - INFO -     #2: arm=batch_size=100000,header_size=64,cut_condition_type=3,fast_path_timeout=0,k=1, pred=0.619017
2026-02-03 23:48:08,821 - cmab.policy - INFO -     #3: arm=batch_size=100000,header_size=64,cut_condition_type=3,fast_path_timeout=100,k=1, pred=0.619017
2026-02-03 23:48:08,821 - cmab.policy - INFO -     #4: arm=batch_size=100000,header_size=64,cut_condition_type=3,fast_path_timeout=100,k=3, pred=0.619017
2026-02-03 23:48:08,821 - cmab.policy - INFO -     #5: arm=batch_size=100000,header_size=64,cut_condition_type=3,fast_path_timeout=400,k=1, pred=0.619017
2026-02-03 23:48:08,821 - cmab.policy - INFO - 
2026-02-03 23:48:08,821 - cmab.policy - INFO -   Found 36 arms with same max prediction (0.619017), randomly selecting one...
2026-02-03 23:48:08,821 - cmab.policy - INFO - 
2026-02-03 23:48:08,821 - cmab.policy - INFO - ✓ SELECTED ARM: batch_size=100000,header_size=128,cut_condition_type=1,fast_path_timeout=400,k=1 (prediction=0.619017)
2026-02-03 23:48:08,821 - cmab.policy - INFO - ================================================================================
2026-02-03 23:48:08,920 - cmab.trainer - INFO - Updated parameters file: /home/ccclr0302/autobahn-test/benchmark/.parameters-0.json
2026-02-03 23:48:08,920 - cmab.trainer - INFO - 🚩 Created RL parameter update signal file (epoch 30): /tmp/autobahn_rl_param_update_52.signal
2026-02-03 23:48:08,920 - cmab.trainer - INFO - Applied params: {'batch_size': 100000, 'header_size': 128, 'cut_condition_type': 1, 'fast_path_timeout': 400, 'k': 1}
2026-02-03 23:48:08,920 - cmab.trainer - INFO - Waiting for next metrics file...
2026-02-03 23:48:33,094 - cmab.trainer - INFO - Iteration 53 : context=[ 1.7170097 20.         1.5652115  0.         0.       ] arm=batch_size=100000,header_size=128,cut_condition_type=1,fast_path_timeout=400,k=1 params={'batch_size': 100000, 'header_size': 128, 'cut_condition_type': 1, 'fast_path_timeout': 400, 'k': 1}
2026-02-03 23:48:33,094 - cmab.trainer - INFO - Iteration 53 reward=0.599610 avg_reward(20)=0.948718 last_metrics=epoch_53_slot_936.json top_arm=batch_size=100000,header_size=128,cut_condition_type=1,fast_path_timeout=0,k=3 top_ratio=0.10
2026-02-03 23:48:33,097 - cmab.policy - INFO - ================================================================================
2026-02-03 23:48:33,097 - cmab.policy - INFO - SELECT ARM - Detailed Prediction Analysis
2026-02-03 23:48:33,097 - cmab.policy - INFO - Context: [0.         5.4358616  0.09186025 0.18561466 0.        ]
2026-02-03 23:48:33,097 - cmab.policy - INFO - Number of trees in forest: 10
2026-02-03 23:48:33,097 - cmab.policy - INFO - 
2026-02-03 23:48:33,097 - cmab.policy - INFO - Prediction statistics across all trees:
2026-02-03 23:48:33,097 - cmab.policy - INFO -   Mean predictions (top 5 arms): [1.118658, 1.118658, 1.116771, 1.116771, 1.105860]
2026-02-03 23:48:33,097 - cmab.policy - INFO -   Std predictions (top 5 arms): [0.240109, 0.240109, 0.242118, 0.242118, 0.245049]
2026-02-03 23:48:33,097 - cmab.policy - INFO - 
2026-02-03 23:48:33,097 - cmab.policy - INFO - Top 5 arms by mean prediction:
2026-02-03 23:48:33,097 - cmab.policy - INFO -   #1: arm=batch_size=100000,header_size=32,cut_condition_type=3,fast_path_timeout=0,k=3, mean=1.118658, std=0.240109
2026-02-03 23:48:33,097 - cmab.policy - INFO -   #2: arm=batch_size=100000,header_size=64,cut_condition_type=3,fast_path_timeout=0,k=3, mean=1.118658, std=0.240109
2026-02-03 23:48:33,097 - cmab.policy - INFO -   #3: arm=batch_size=100000,header_size=64,cut_condition_type=3,fast_path_timeout=100,k=3, mean=1.116771, std=0.242118
2026-02-03 23:48:33,097 - cmab.policy - INFO -   #4: arm=batch_size=100000,header_size=32,cut_condition_type=3,fast_path_timeout=100,k=3, mean=1.116771, std=0.242118
2026-02-03 23:48:33,097 - cmab.policy - INFO -   #5: arm=batch_size=100000,header_size=64,cut_condition_type=3,fast_path_timeout=0,k=1, mean=1.105860, std=0.245049
2026-02-03 23:48:33,097 - cmab.policy - INFO - 
2026-02-03 23:48:33,097 - cmab.policy - INFO - Selected tree #2 for Thompson Sampling:
2026-02-03 23:48:33,097 - cmab.policy - INFO -   Tree depth: 10
2026-02-03 23:48:33,097 - cmab.policy - INFO -   Tree nodes: 75
2026-02-03 23:48:33,098 - cmab.policy - INFO -   Tree leaves: 38
2026-02-03 23:48:33,098 - cmab.policy - INFO -   Tree shape: (nodes=75, leaves=38, depth=10)
2026-02-03 23:48:33,098 - cmab.policy - INFO -   Tree feature importances: [0.10170513 0.11450705 0.21958469 0.06356019 0.         0.36465867
 0.08310234 0.02376469 0.00038877 0.02872847]
2026-02-03 23:48:33,100 - cmab.policy - INFO -   Forest feature importances: [0.14981723 0.09416015 0.09661084 0.08551773 0.0137866  0.37978886
 0.08614069 0.02099577 0.03553057 0.03765155]
2026-02-03 23:48:33,100 - cmab.policy - INFO -   Top 5 predictions from this tree:
2026-02-03 23:48:33,100 - cmab.policy - INFO -     #1: arm=batch_size=100000,header_size=32,cut_condition_type=1,fast_path_timeout=0,k=1, pred=1.324757
2026-02-03 23:48:33,100 - cmab.policy - INFO -     #2: arm=batch_size=100000,header_size=64,cut_condition_type=1,fast_path_timeout=400,k=3, pred=1.324757
2026-02-03 23:48:33,100 - cmab.policy - INFO -     #3: arm=batch_size=100000,header_size=128,cut_condition_type=1,fast_path_timeout=400,k=1, pred=1.324757
2026-02-03 23:48:33,100 - cmab.policy - INFO -     #4: arm=batch_size=100000,header_size=64,cut_condition_type=3,fast_path_timeout=100,k=1, pred=1.324757
2026-02-03 23:48:33,100 - cmab.policy - INFO -     #5: arm=batch_size=100000,header_size=64,cut_condition_type=3,fast_path_timeout=100,k=3, pred=1.324757
2026-02-03 23:48:33,100 - cmab.policy - INFO - 
2026-02-03 23:48:33,100 - cmab.policy - INFO -   Found 36 arms with same max prediction (1.324757), randomly selecting one...
2026-02-03 23:48:33,100 - cmab.policy - INFO - 
2026-02-03 23:48:33,100 - cmab.policy - INFO - ✓ SELECTED ARM: batch_size=100000,header_size=64,cut_condition_type=3,fast_path_timeout=0,k=3 (prediction=1.324757)
2026-02-03 23:48:33,100 - cmab.policy - INFO - ================================================================================
2026-02-03 23:48:33,103 - cmab.trainer - INFO - Updated parameters file: /home/ccclr0302/autobahn-test/benchmark/.parameters-0.json
2026-02-03 23:48:33,103 - cmab.trainer - INFO - 🚩 Created RL parameter update signal file (epoch 31): /tmp/autobahn_rl_param_update_53.signal
2026-02-03 23:48:33,103 - cmab.trainer - INFO - Applied params: {'batch_size': 100000, 'header_size': 64, 'cut_condition_type': 3, 'fast_path_timeout': 0, 'k': 3}
2026-02-03 23:48:33,103 - cmab.trainer - INFO - Waiting for next metrics file...
2026-02-03 23:48:56,072 - cmab.trainer - INFO - Iteration 54 : context=[0.         5.4358616  0.09186025 0.18561466 0.        ] arm=batch_size=100000,header_size=64,cut_condition_type=3,fast_path_timeout=0,k=3 params={'batch_size': 100000, 'header_size': 64, 'cut_condition_type': 3, 'fast_path_timeout': 0, 'k': 3}
2026-02-03 23:48:56,073 - cmab.trainer - INFO - Iteration 54 reward=1.393988 avg_reward(20)=0.975542 last_metrics=epoch_54_slot_966.json top_arm=batch_size=100000,header_size=128,cut_condition_type=1,fast_path_timeout=0,k=3 top_ratio=0.09
2026-02-03 23:48:56,075 - cmab.policy - INFO - ================================================================================
2026-02-03 23:48:56,075 - cmab.policy - INFO - SELECT ARM - Detailed Prediction Analysis
2026-02-03 23:48:56,075 - cmab.policy - INFO - Context: [ 0.5662612  0.         0.6880642 11.28493    0.       ]
2026-02-03 23:48:56,076 - cmab.policy - INFO - Number of trees in forest: 10
2026-02-03 23:48:56,076 - cmab.policy - INFO - 
2026-02-03 23:48:56,076 - cmab.policy - INFO - Prediction statistics across all trees:
2026-02-03 23:48:56,076 - cmab.policy - INFO -   Mean predictions (top 5 arms): [1.014961, 1.014961, 1.005526, 1.005526, 0.980055]
2026-02-03 23:48:56,076 - cmab.policy - INFO -   Std predictions (top 5 arms): [0.091126, 0.091126, 0.095086, 0.095086, 0.114962]
2026-02-03 23:48:56,076 - cmab.policy - INFO - 
2026-02-03 23:48:56,076 - cmab.policy - INFO - Top 5 arms by mean prediction:
2026-02-03 23:48:56,076 - cmab.policy - INFO -   #1: arm=batch_size=100000,header_size=64,cut_condition_type=3,fast_path_timeout=0,k=3, mean=1.014961, std=0.091126
2026-02-03 23:48:56,076 - cmab.policy - INFO -   #2: arm=batch_size=100000,header_size=64,cut_condition_type=3,fast_path_timeout=100,k=3, mean=1.014961, std=0.091126
2026-02-03 23:48:56,076 - cmab.policy - INFO -   #3: arm=batch_size=100000,header_size=128,cut_condition_type=3,fast_path_timeout=100,k=3, mean=1.005526, std=0.095086
2026-02-03 23:48:56,076 - cmab.policy - INFO -   #4: arm=batch_size=100000,header_size=128,cut_condition_type=3,fast_path_timeout=0,k=3, mean=1.005526, std=0.095086
2026-02-03 23:48:56,076 - cmab.policy - INFO -   #5: arm=batch_size=100000,header_size=32,cut_condition_type=3,fast_path_timeout=0,k=3, mean=0.980055, std=0.114962
2026-02-03 23:48:56,076 - cmab.policy - INFO - 
2026-02-03 23:48:56,076 - cmab.policy - INFO - Selected tree #9 for Thompson Sampling:
2026-02-03 23:48:56,076 - cmab.policy - INFO -   Tree depth: 11
2026-02-03 23:48:56,076 - cmab.policy - INFO -   Tree nodes: 73
2026-02-03 23:48:56,076 - cmab.policy - INFO -   Tree leaves: 37
2026-02-03 23:48:56,076 - cmab.policy - INFO -   Tree shape: (nodes=73, leaves=37, depth=11)
2026-02-03 23:48:56,076 - cmab.policy - INFO -   Tree feature importances: [0.07795292 0.11337893 0.16668648 0.109172   0.         0.37147813
 0.08180842 0.04846482 0.01330932 0.01774897]
2026-02-03 23:48:56,078 - cmab.policy - INFO -   Forest feature importances: [0.14981723 0.09416015 0.09661084 0.08551773 0.0137866  0.37978886
 0.08614069 0.02099577 0.03553057 0.03765155]
2026-02-03 23:48:56,078 - cmab.policy - INFO -   Top 5 predictions from this tree:
2026-02-03 23:48:56,078 - cmab.policy - INFO -     #1: arm=batch_size=100000,header_size=32,cut_condition_type=1,fast_path_timeout=0,k=1, pred=0.982820
2026-02-03 23:48:56,078 - cmab.policy - INFO -     #2: arm=batch_size=100000,header_size=32,cut_condition_type=3,fast_path_timeout=400,k=3, pred=0.982820
2026-02-03 23:48:56,078 - cmab.policy - INFO -     #3: arm=batch_size=100000,header_size=64,cut_condition_type=1,fast_path_timeout=0,k=3, pred=0.982820
2026-02-03 23:48:56,078 - cmab.policy - INFO -     #4: arm=batch_size=100000,header_size=64,cut_condition_type=1,fast_path_timeout=100,k=1, pred=0.982820
2026-02-03 23:48:56,078 - cmab.policy - INFO -     #5: arm=batch_size=100000,header_size=64,cut_condition_type=1,fast_path_timeout=100,k=3, pred=0.982820
2026-02-03 23:48:56,078 - cmab.policy - INFO - 
2026-02-03 23:48:56,079 - cmab.policy - INFO -   Found 24 arms with same max prediction (0.982820), randomly selecting one...
2026-02-03 23:48:56,079 - cmab.policy - INFO - 
2026-02-03 23:48:56,079 - cmab.policy - INFO - ✓ SELECTED ARM: batch_size=100000,header_size=32,cut_condition_type=1,fast_path_timeout=400,k=3 (prediction=0.982820)
2026-02-03 23:48:56,079 - cmab.policy - INFO - ================================================================================
2026-02-03 23:48:56,082 - cmab.trainer - INFO - Updated parameters file: /home/ccclr0302/autobahn-test/benchmark/.parameters-0.json
2026-02-03 23:48:56,082 - cmab.trainer - INFO - 🚩 Created RL parameter update signal file (epoch 32): /tmp/autobahn_rl_param_update_54.signal
2026-02-03 23:48:56,082 - cmab.trainer - INFO - Applied params: {'batch_size': 100000, 'header_size': 32, 'cut_condition_type': 1, 'fast_path_timeout': 400, 'k': 3}
2026-02-03 23:48:56,082 - cmab.trainer - INFO - Waiting for next metrics file...
2026-02-03 23:49:15,840 - cmab.trainer - INFO - Iteration 55 : context=[ 0.5662612  0.         0.6880642 11.28493    0.       ] arm=batch_size=100000,header_size=32,cut_condition_type=1,fast_path_timeout=400,k=3 params={'batch_size': 100000, 'header_size': 32, 'cut_condition_type': 1, 'fast_path_timeout': 400, 'k': 3}
2026-02-03 23:49:15,840 - cmab.trainer - INFO - Iteration 55 reward=0.757923 avg_reward(20)=0.970527 last_metrics=epoch_55_slot_996.json top_arm=batch_size=100000,header_size=128,cut_condition_type=1,fast_path_timeout=0,k=3 top_ratio=0.09
2026-02-03 23:49:15,842 - cmab.policy - INFO - ================================================================================
2026-02-03 23:49:15,842 - cmab.policy - INFO - SELECT ARM - Detailed Prediction Analysis
2026-02-03 23:49:15,843 - cmab.policy - INFO - Context: [ 1.6127384 20.         0.         1.7505271  0.       ]
2026-02-03 23:49:15,843 - cmab.policy - INFO - Number of trees in forest: 10
2026-02-03 23:49:15,843 - cmab.policy - INFO - 
2026-02-03 23:49:15,843 - cmab.policy - INFO - Prediction statistics across all trees:
2026-02-03 23:49:15,843 - cmab.policy - INFO -   Mean predictions (top 5 arms): [0.995191, 0.995191, 0.982195, 0.982195, 0.969672]
2026-02-03 23:49:15,843 - cmab.policy - INFO -   Std predictions (top 5 arms): [0.233256, 0.233256, 0.226423, 0.226423, 0.222923]
2026-02-03 23:49:15,843 - cmab.policy - INFO - 
2026-02-03 23:49:15,843 - cmab.policy - INFO - Top 5 arms by mean prediction:
2026-02-03 23:49:15,843 - cmab.policy - INFO -   #1: arm=batch_size=100000,header_size=64,cut_condition_type=3,fast_path_timeout=100,k=3, mean=0.995191, std=0.233256
2026-02-03 23:49:15,843 - cmab.policy - INFO -   #2: arm=batch_size=100000,header_size=32,cut_condition_type=3,fast_path_timeout=100,k=3, mean=0.995191, std=0.233256
2026-02-03 23:49:15,843 - cmab.policy - INFO -   #3: arm=batch_size=100000,header_size=32,cut_condition_type=3,fast_path_timeout=0,k=3, mean=0.982195, std=0.226423
2026-02-03 23:49:15,843 - cmab.policy - INFO -   #4: arm=batch_size=100000,header_size=64,cut_condition_type=3,fast_path_timeout=0,k=3, mean=0.982195, std=0.226423
2026-02-03 23:49:15,843 - cmab.policy - INFO -   #5: arm=batch_size=100000,header_size=32,cut_condition_type=3,fast_path_timeout=100,k=1, mean=0.969672, std=0.222923
2026-02-03 23:49:15,843 - cmab.policy - INFO - 
2026-02-03 23:49:15,843 - cmab.policy - INFO - Selected tree #5 for Thompson Sampling:
2026-02-03 23:49:15,843 - cmab.policy - INFO -   Tree depth: 10
2026-02-03 23:49:15,843 - cmab.policy - INFO -   Tree nodes: 71
2026-02-03 23:49:15,843 - cmab.policy - INFO -   Tree leaves: 36
2026-02-03 23:49:15,843 - cmab.policy - INFO -   Tree shape: (nodes=71, leaves=36, depth=10)
2026-02-03 23:49:15,844 - cmab.policy - INFO -   Tree feature importances: [0.11970857 0.08484583 0.06111031 0.03158679 0.01716632 0.52532099
 0.08960045 0.0207721  0.03183707 0.01805159]
2026-02-03 23:49:15,845 - cmab.policy - INFO -   Forest feature importances: [0.14981723 0.09416015 0.09661084 0.08551773 0.0137866  0.37978886
 0.08614069 0.02099577 0.03553057 0.03765155]
2026-02-03 23:49:15,845 - cmab.policy - INFO -   Top 5 predictions from this tree:
2026-02-03 23:49:15,845 - cmab.policy - INFO -     #1: arm=batch_size=100000,header_size=32,cut_condition_type=3,fast_path_timeout=100,k=3, pred=0.845092
2026-02-03 23:49:15,845 - cmab.policy - INFO -     #2: arm=batch_size=100000,header_size=128,cut_condition_type=3,fast_path_timeout=0,k=3, pred=0.845092
2026-02-03 23:49:15,846 - cmab.policy - INFO -     #3: arm=batch_size=100000,header_size=128,cut_condition_type=1,fast_path_timeout=0,k=3, pred=0.845092
2026-02-03 23:49:15,846 - cmab.policy - INFO -     #4: arm=batch_size=100000,header_size=64,cut_condition_type=3,fast_path_timeout=0,k=3, pred=0.845092
2026-02-03 23:49:15,846 - cmab.policy - INFO -     #5: arm=batch_size=100000,header_size=64,cut_condition_type=1,fast_path_timeout=100,k=3, pred=0.845092
2026-02-03 23:49:15,846 - cmab.policy - INFO - 
2026-02-03 23:49:15,846 - cmab.policy - INFO -   Found 12 arms with same max prediction (0.845092), randomly selecting one...
2026-02-03 23:49:15,846 - cmab.policy - INFO - 
2026-02-03 23:49:15,846 - cmab.policy - INFO - ✓ SELECTED ARM: batch_size=100000,header_size=128,cut_condition_type=3,fast_path_timeout=0,k=3 (prediction=0.845092)
2026-02-03 23:49:15,846 - cmab.policy - INFO - ================================================================================
2026-02-03 23:49:15,850 - cmab.trainer - INFO - Updated parameters file: /home/ccclr0302/autobahn-test/benchmark/.parameters-0.json
2026-02-03 23:49:15,850 - cmab.trainer - INFO - 🚩 Created RL parameter update signal file (epoch 33): /tmp/autobahn_rl_param_update_55.signal
2026-02-03 23:49:15,850 - cmab.trainer - INFO - Applied params: {'batch_size': 100000, 'header_size': 128, 'cut_condition_type': 3, 'fast_path_timeout': 0, 'k': 3}
2026-02-03 23:49:15,850 - cmab.trainer - INFO - Waiting for next metrics file...
2026-02-03 23:51:46,150 - __main__ - INFO - Starting Autobahn Continuous CMAB Training
2026-02-03 23:51:46,151 - __main__ - INFO - metrics_dir=/home/ccclr0302/autobahn/metrics-0 parameters_file=/home/ccclr0302/autobahn-test/benchmark/.parameters-0.json
2026-02-03 23:51:46,157 - __main__ - INFO - Loaded CMAB policy from /home/ccclr0302/autobahn-test/experiment-log/S3-dynamic/cmab_checkpoint_50.pkl
2026-02-03 23:51:46,158 - cmab.trainer - INFO - Initializing CMAB training loop...
2026-02-03 23:51:46,158 - cmab.trainer - INFO - Policy: rf_ts
2026-02-03 23:51:46,158 - cmab.trainer - INFO - Iterations: 200
2026-02-03 23:51:46,158 - cmab.trainer - INFO - No existing metrics file, waiting for epoch 0...
2026-02-03 23:52:10,427 - cmab.policy - INFO - ================================================================================
2026-02-03 23:52:10,427 - cmab.policy - INFO - SELECT ARM - Detailed Prediction Analysis
2026-02-03 23:52:10,427 - cmab.policy - INFO - Context: [0.         0.05837912 0.05837912 0.         0.        ]
2026-02-03 23:52:10,427 - cmab.policy - INFO - Number of trees in forest: 10
2026-02-03 23:52:10,427 - cmab.policy - INFO - 
2026-02-03 23:52:10,427 - cmab.policy - INFO - Prediction statistics across all trees:
2026-02-03 23:52:10,427 - cmab.policy - INFO -   Mean predictions (top 5 arms): [0.909780, 0.909780, 0.901881, 0.901881, 0.898747]
2026-02-03 23:52:10,427 - cmab.policy - INFO -   Std predictions (top 5 arms): [0.076158, 0.076158, 0.054519, 0.054519, 0.071666]
2026-02-03 23:52:10,427 - cmab.policy - INFO - 
2026-02-03 23:52:10,427 - cmab.policy - INFO - Top 5 arms by mean prediction:
2026-02-03 23:52:10,428 - cmab.policy - INFO -   #1: arm=batch_size=100000,header_size=128,cut_condition_type=3,fast_path_timeout=0,k=1, mean=0.909780, std=0.076158
2026-02-03 23:52:10,428 - cmab.policy - INFO -   #2: arm=batch_size=100000,header_size=128,cut_condition_type=3,fast_path_timeout=0,k=3, mean=0.909780, std=0.076158
2026-02-03 23:52:10,428 - cmab.policy - INFO -   #3: arm=batch_size=100000,header_size=128,cut_condition_type=1,fast_path_timeout=0,k=3, mean=0.901881, std=0.054519
2026-02-03 23:52:10,428 - cmab.policy - INFO -   #4: arm=batch_size=100000,header_size=128,cut_condition_type=1,fast_path_timeout=0,k=1, mean=0.901881, std=0.054519
2026-02-03 23:52:10,428 - cmab.policy - INFO -   #5: arm=batch_size=100000,header_size=64,cut_condition_type=3,fast_path_timeout=0,k=3, mean=0.898747, std=0.071666
2026-02-03 23:52:10,428 - cmab.policy - INFO - 
2026-02-03 23:52:10,428 - cmab.policy - INFO - Selected tree #1 for Thompson Sampling:
2026-02-03 23:52:10,428 - cmab.policy - INFO -   Tree depth: 9
2026-02-03 23:52:10,428 - cmab.policy - INFO -   Tree nodes: 69
2026-02-03 23:52:10,428 - cmab.policy - INFO -   Tree leaves: 35
2026-02-03 23:52:10,428 - cmab.policy - INFO -   Tree shape: (nodes=69, leaves=35, depth=9)
2026-02-03 23:52:10,428 - cmab.policy - INFO -   Tree feature importances: [0.0066138  0.18515783 0.05040367 0.18606526 0.         0.32145572
 0.07897918 0.04894524 0.02114815 0.10123115]
2026-02-03 23:52:10,430 - cmab.policy - INFO -   Forest feature importances: [0.14981723 0.09416015 0.09661084 0.08551773 0.0137866  0.37978886
 0.08614069 0.02099577 0.03553057 0.03765155]
2026-02-03 23:52:10,430 - cmab.policy - INFO -   Top 5 predictions from this tree:
2026-02-03 23:52:10,430 - cmab.policy - INFO -     #1: arm=batch_size=100000,header_size=64,cut_condition_type=3,fast_path_timeout=100,k=3, pred=1.074166
2026-02-03 23:52:10,430 - cmab.policy - INFO -     #2: arm=batch_size=100000,header_size=128,cut_condition_type=3,fast_path_timeout=0,k=1, pred=1.074166
2026-02-03 23:52:10,430 - cmab.policy - INFO -     #3: arm=batch_size=100000,header_size=64,cut_condition_type=3,fast_path_timeout=100,k=1, pred=1.074166
2026-02-03 23:52:10,430 - cmab.policy - INFO -     #4: arm=batch_size=100000,header_size=64,cut_condition_type=3,fast_path_timeout=400,k=1, pred=1.074166
2026-02-03 23:52:10,430 - cmab.policy - INFO -     #5: arm=batch_size=100000,header_size=64,cut_condition_type=3,fast_path_timeout=400,k=3, pred=1.074166
2026-02-03 23:52:10,430 - cmab.policy - INFO - 
2026-02-03 23:52:10,430 - cmab.policy - INFO -   Found 12 arms with same max prediction (1.074166), randomly selecting one...
2026-02-03 23:52:10,430 - cmab.policy - INFO - 
2026-02-03 23:52:10,431 - cmab.policy - INFO - ✓ SELECTED ARM: batch_size=100000,header_size=128,cut_condition_type=3,fast_path_timeout=0,k=3 (prediction=1.074166)
2026-02-03 23:52:10,431 - cmab.policy - INFO - ================================================================================
2026-02-03 23:52:10,434 - cmab.trainer - INFO - Updated parameters file: /home/ccclr0302/autobahn-test/benchmark/.parameters-0.json
2026-02-03 23:52:10,435 - cmab.trainer - INFO - 🚩 Created RL parameter update signal file (epoch 0): /tmp/autobahn_rl_param_update_55.signal
2026-02-03 23:52:10,435 - cmab.trainer - INFO - Applied params: {'batch_size': 100000, 'header_size': 128, 'cut_condition_type': 3, 'fast_path_timeout': 0, 'k': 3}
2026-02-03 23:52:10,435 - cmab.trainer - INFO - Waiting for next metrics file...
2026-02-03 23:52:34,298 - cmab.trainer - INFO - Iteration 56 : context=[0.         0.05837912 0.05837912 0.         0.        ] arm=batch_size=100000,header_size=128,cut_condition_type=3,fast_path_timeout=0,k=3 params={'batch_size': 100000, 'header_size': 128, 'cut_condition_type': 3, 'fast_path_timeout': 0, 'k': 3}
2026-02-03 23:52:34,298 - cmab.trainer - INFO - Iteration 56 reward=1.024430 avg_reward(20)=0.983727 last_metrics=epoch_56_slot_36.json top_arm=batch_size=100000,header_size=128,cut_condition_type=3,fast_path_timeout=0,k=3 top_ratio=1.00
2026-02-03 23:52:34,300 - cmab.policy - INFO - ================================================================================
2026-02-03 23:52:34,300 - cmab.policy - INFO - SELECT ARM - Detailed Prediction Analysis
2026-02-03 23:52:34,300 - cmab.policy - INFO - Context: [5.470221   0.15842797 0.12301602 0.         0.        ]
2026-02-03 23:52:34,301 - cmab.policy - INFO - Number of trees in forest: 10
2026-02-03 23:52:34,301 - cmab.policy - INFO - 
2026-02-03 23:52:34,301 - cmab.policy - INFO - Prediction statistics across all trees:
2026-02-03 23:52:34,301 - cmab.policy - INFO -   Mean predictions (top 5 arms): [0.901531, 0.901531, 0.897726, 0.897726, 0.894668]
2026-02-03 23:52:34,301 - cmab.policy - INFO -   Std predictions (top 5 arms): [0.208135, 0.208135, 0.209043, 0.209043, 0.207096]
2026-02-03 23:52:34,301 - cmab.policy - INFO - 
2026-02-03 23:52:34,301 - cmab.policy - INFO - Top 5 arms by mean prediction:
2026-02-03 23:52:34,301 - cmab.policy - INFO -   #1: arm=batch_size=100000,header_size=64,cut_condition_type=1,fast_path_timeout=0,k=1, mean=0.901531, std=0.208135
2026-02-03 23:52:34,301 - cmab.policy - INFO -   #2: arm=batch_size=100000,header_size=64,cut_condition_type=1,fast_path_timeout=0,k=3, mean=0.901531, std=0.208135
2026-02-03 23:52:34,301 - cmab.policy - INFO -   #3: arm=batch_size=100000,header_size=32,cut_condition_type=1,fast_path_timeout=0,k=1, mean=0.897726, std=0.209043
2026-02-03 23:52:34,301 - cmab.policy - INFO -   #4: arm=batch_size=100000,header_size=32,cut_condition_type=1,fast_path_timeout=0,k=3, mean=0.897726, std=0.209043
2026-02-03 23:52:34,301 - cmab.policy - INFO -   #5: arm=batch_size=100000,header_size=64,cut_condition_type=1,fast_path_timeout=100,k=3, mean=0.894668, std=0.207096
2026-02-03 23:52:34,301 - cmab.policy - INFO - 
2026-02-03 23:52:34,301 - cmab.policy - INFO - Selected tree #10 for Thompson Sampling:
2026-02-03 23:52:34,301 - cmab.policy - INFO -   Tree depth: 11
2026-02-03 23:52:34,301 - cmab.policy - INFO -   Tree nodes: 75
2026-02-03 23:52:34,301 - cmab.policy - INFO -   Tree leaves: 38
2026-02-03 23:52:34,301 - cmab.policy - INFO -   Tree shape: (nodes=75, leaves=38, depth=11)
2026-02-03 23:52:34,301 - cmab.policy - INFO -   Tree feature importances: [0.28429491 0.06134637 0.02297097 0.07147235 0.         0.370138
 0.08901018 0.         0.01791717 0.08285005]
2026-02-03 23:52:34,303 - cmab.policy - INFO -   Forest feature importances: [0.14981723 0.09416015 0.09661084 0.08551773 0.0137866  0.37978886
 0.08614069 0.02099577 0.03553057 0.03765155]
2026-02-03 23:52:34,303 - cmab.policy - INFO -   Top 5 predictions from this tree:
2026-02-03 23:52:34,303 - cmab.policy - INFO -     #1: arm=batch_size=750000,header_size=32,cut_condition_type=1,fast_path_timeout=100,k=1, pred=0.687805
2026-02-03 23:52:34,304 - cmab.policy - INFO -     #2: arm=batch_size=750000,header_size=32,cut_condition_type=3,fast_path_timeout=100,k=1, pred=0.687805
2026-02-03 23:52:34,304 - cmab.policy - INFO -     #3: arm=batch_size=750000,header_size=64,cut_condition_type=1,fast_path_timeout=100,k=3, pred=0.687805
2026-02-03 23:52:34,304 - cmab.policy - INFO -     #4: arm=batch_size=750000,header_size=64,cut_condition_type=1,fast_path_timeout=0,k=3, pred=0.687805
2026-02-03 23:52:34,304 - cmab.policy - INFO -     #5: arm=batch_size=750000,header_size=64,cut_condition_type=1,fast_path_timeout=0,k=1, pred=0.687805
2026-02-03 23:52:34,304 - cmab.policy - INFO - 
2026-02-03 23:52:34,304 - cmab.policy - INFO -   Found 24 arms with same max prediction (0.687805), randomly selecting one...
2026-02-03 23:52:34,304 - cmab.policy - INFO - 
2026-02-03 23:52:34,304 - cmab.policy - INFO - ✓ SELECTED ARM: batch_size=750000,header_size=64,cut_condition_type=1,fast_path_timeout=0,k=1 (prediction=0.687805)
2026-02-03 23:52:34,304 - cmab.policy - INFO - ================================================================================
2026-02-03 23:52:34,307 - cmab.trainer - INFO - Updated parameters file: /home/ccclr0302/autobahn-test/benchmark/.parameters-0.json
2026-02-03 23:52:34,307 - cmab.trainer - INFO - 🚩 Created RL parameter update signal file (epoch 1): /tmp/autobahn_rl_param_update_56.signal
2026-02-03 23:52:34,307 - cmab.trainer - INFO - Applied params: {'batch_size': 750000, 'header_size': 64, 'cut_condition_type': 1, 'fast_path_timeout': 0, 'k': 1}
2026-02-03 23:52:34,307 - cmab.trainer - INFO - Waiting for next metrics file...
2026-02-03 23:52:52,456 - cmab.trainer - INFO - Iteration 57 : context=[5.470221   0.15842797 0.12301602 0.         0.        ] arm=batch_size=750000,header_size=64,cut_condition_type=1,fast_path_timeout=0,k=1 params={'batch_size': 750000, 'header_size': 64, 'cut_condition_type': 1, 'fast_path_timeout': 0, 'k': 1}
2026-02-03 23:52:52,456 - cmab.trainer - INFO - Iteration 57 reward=0.913677 avg_reward(20)=0.983895 last_metrics=epoch_57_slot_66.json top_arm=batch_size=100000,header_size=128,cut_condition_type=3,fast_path_timeout=0,k=3 top_ratio=0.50
2026-02-03 23:52:52,459 - cmab.policy - INFO - ================================================================================
2026-02-03 23:52:52,459 - cmab.policy - INFO - SELECT ARM - Detailed Prediction Analysis
2026-02-03 23:52:52,459 - cmab.policy - INFO - Context: [0.         0.16407155 1.2131687  0.06869908 0.        ]
2026-02-03 23:52:52,459 - cmab.policy - INFO - Number of trees in forest: 10
2026-02-03 23:52:52,459 - cmab.policy - INFO - 
2026-02-03 23:52:52,459 - cmab.policy - INFO - Prediction statistics across all trees:
2026-02-03 23:52:52,459 - cmab.policy - INFO -   Mean predictions (top 5 arms): [0.931518, 0.929631, 0.923619, 0.914869, 0.910636]
2026-02-03 23:52:52,459 - cmab.policy - INFO -   Std predictions (top 5 arms): [0.122128, 0.123197, 0.111494, 0.111847, 0.088546]
2026-02-03 23:52:52,459 - cmab.policy - INFO - 
2026-02-03 23:52:52,459 - cmab.policy - INFO - Top 5 arms by mean prediction:
2026-02-03 23:52:52,459 - cmab.policy - INFO -   #1: arm=batch_size=100000,header_size=128,cut_condition_type=3,fast_path_timeout=0,k=1, mean=0.931518, std=0.122128
2026-02-03 23:52:52,459 - cmab.policy - INFO -   #2: arm=batch_size=100000,header_size=128,cut_condition_type=3,fast_path_timeout=100,k=1, mean=0.929631, std=0.123197
2026-02-03 23:52:52,459 - cmab.policy - INFO -   #3: arm=batch_size=100000,header_size=128,cut_condition_type=1,fast_path_timeout=0,k=1, mean=0.923619, std=0.111494
2026-02-03 23:52:52,459 - cmab.policy - INFO -   #4: arm=batch_size=100000,header_size=128,cut_condition_type=1,fast_path_timeout=100,k=1, mean=0.914869, std=0.111847
2026-02-03 23:52:52,459 - cmab.policy - INFO -   #5: arm=batch_size=100000,header_size=128,cut_condition_type=3,fast_path_timeout=0,k=3, mean=0.910636, std=0.088546
2026-02-03 23:52:52,459 - cmab.policy - INFO - 
2026-02-03 23:52:52,459 - cmab.policy - INFO - Selected tree #1 for Thompson Sampling:
2026-02-03 23:52:52,460 - cmab.policy - INFO -   Tree depth: 9
2026-02-03 23:52:52,460 - cmab.policy - INFO -   Tree nodes: 69
2026-02-03 23:52:52,460 - cmab.policy - INFO -   Tree leaves: 35
2026-02-03 23:52:52,460 - cmab.policy - INFO -   Tree shape: (nodes=69, leaves=35, depth=9)
2026-02-03 23:52:52,460 - cmab.policy - INFO -   Tree feature importances: [0.0066138  0.18515783 0.05040367 0.18606526 0.         0.32145572
 0.07897918 0.04894524 0.02114815 0.10123115]
2026-02-03 23:52:52,462 - cmab.policy - INFO -   Forest feature importances: [0.14981723 0.09416015 0.09661084 0.08551773 0.0137866  0.37978886
 0.08614069 0.02099577 0.03553057 0.03765155]
2026-02-03 23:52:52,462 - cmab.policy - INFO -   Top 5 predictions from this tree:
2026-02-03 23:52:52,462 - cmab.policy - INFO -     #1: arm=batch_size=100000,header_size=64,cut_condition_type=3,fast_path_timeout=100,k=3, pred=1.074166
2026-02-03 23:52:52,462 - cmab.policy - INFO -     #2: arm=batch_size=100000,header_size=128,cut_condition_type=3,fast_path_timeout=0,k=1, pred=1.074166
2026-02-03 23:52:52,462 - cmab.policy - INFO -     #3: arm=batch_size=100000,header_size=64,cut_condition_type=3,fast_path_timeout=100,k=1, pred=1.074166
2026-02-03 23:52:52,462 - cmab.policy - INFO -     #4: arm=batch_size=100000,header_size=64,cut_condition_type=3,fast_path_timeout=400,k=1, pred=1.074166
2026-02-03 23:52:52,462 - cmab.policy - INFO -     #5: arm=batch_size=100000,header_size=64,cut_condition_type=3,fast_path_timeout=400,k=3, pred=1.074166
2026-02-03 23:52:52,462 - cmab.policy - INFO - 
2026-02-03 23:52:52,462 - cmab.policy - INFO -   Found 12 arms with same max prediction (1.074166), randomly selecting one...
2026-02-03 23:52:52,462 - cmab.policy - INFO - 
2026-02-03 23:52:52,462 - cmab.policy - INFO - ✓ SELECTED ARM: batch_size=100000,header_size=64,cut_condition_type=3,fast_path_timeout=0,k=3 (prediction=1.074166)
2026-02-03 23:52:52,462 - cmab.policy - INFO - ================================================================================
2026-02-03 23:52:52,465 - cmab.trainer - INFO - Updated parameters file: /home/ccclr0302/autobahn-test/benchmark/.parameters-0.json
2026-02-03 23:52:52,465 - cmab.trainer - INFO - 🚩 Created RL parameter update signal file (epoch 2): /tmp/autobahn_rl_param_update_57.signal
2026-02-03 23:52:52,466 - cmab.trainer - INFO - Applied params: {'batch_size': 100000, 'header_size': 64, 'cut_condition_type': 3, 'fast_path_timeout': 0, 'k': 3}
2026-02-03 23:52:52,466 - cmab.trainer - INFO - Waiting for next metrics file...
2026-02-03 23:53:12,719 - cmab.trainer - INFO - Iteration 58 : context=[0.         0.16407155 1.2131687  0.06869908 0.        ] arm=batch_size=100000,header_size=64,cut_condition_type=3,fast_path_timeout=0,k=3 params={'batch_size': 100000, 'header_size': 64, 'cut_condition_type': 3, 'fast_path_timeout': 0, 'k': 3}
2026-02-03 23:53:12,720 - cmab.trainer - INFO - Iteration 58 reward=1.095318 avg_reward(20)=0.989411 last_metrics=epoch_58_slot_96.json top_arm=batch_size=100000,header_size=128,cut_condition_type=3,fast_path_timeout=0,k=3 top_ratio=0.33
2026-02-03 23:53:12,722 - cmab.policy - INFO - ================================================================================
2026-02-03 23:53:12,722 - cmab.policy - INFO - SELECT ARM - Detailed Prediction Analysis
2026-02-03 23:53:12,722 - cmab.policy - INFO - Context: [ 0.59092253  0.6741797   0.         11.331095    0.        ]
2026-02-03 23:53:12,723 - cmab.policy - INFO - Number of trees in forest: 10
2026-02-03 23:53:12,723 - cmab.policy - INFO - 
2026-02-03 23:53:12,723 - cmab.policy - INFO - Prediction statistics across all trees:
2026-02-03 23:53:12,723 - cmab.policy - INFO -   Mean predictions (top 5 arms): [0.962983, 0.962983, 0.961207, 0.961207, 0.959281]
2026-02-03 23:53:12,723 - cmab.policy - INFO -   Std predictions (top 5 arms): [0.121039, 0.121039, 0.126569, 0.126569, 0.128745]
2026-02-03 23:53:12,723 - cmab.policy - INFO - 
2026-02-03 23:53:12,723 - cmab.policy - INFO - Top 5 arms by mean prediction:
2026-02-03 23:53:12,723 - cmab.policy - INFO -   #1: arm=batch_size=100000,header_size=128,cut_condition_type=3,fast_path_timeout=0,k=3, mean=0.962983, std=0.121039
2026-02-03 23:53:12,723 - cmab.policy - INFO -   #2: arm=batch_size=100000,header_size=128,cut_condition_type=3,fast_path_timeout=100,k=3, mean=0.962983, std=0.121039
2026-02-03 23:53:12,723 - cmab.policy - INFO -   #3: arm=batch_size=100000,header_size=32,cut_condition_type=3,fast_path_timeout=0,k=3, mean=0.961207, std=0.126569
2026-02-03 23:53:12,723 - cmab.policy - INFO -   #4: arm=batch_size=100000,header_size=32,cut_condition_type=3,fast_path_timeout=100,k=3, mean=0.961207, std=0.126569
2026-02-03 23:53:12,723 - cmab.policy - INFO -   #5: arm=batch_size=100000,header_size=64,cut_condition_type=3,fast_path_timeout=100,k=3, mean=0.959281, std=0.128745
2026-02-03 23:53:12,723 - cmab.policy - INFO - 
2026-02-03 23:53:12,723 - cmab.policy - INFO - Selected tree #10 for Thompson Sampling:
2026-02-03 23:53:12,723 - cmab.policy - INFO -   Tree depth: 11
2026-02-03 23:53:12,723 - cmab.policy - INFO -   Tree nodes: 75
2026-02-03 23:53:12,723 - cmab.policy - INFO -   Tree leaves: 38
2026-02-03 23:53:12,723 - cmab.policy - INFO -   Tree shape: (nodes=75, leaves=38, depth=11)
2026-02-03 23:53:12,723 - cmab.policy - INFO -   Tree feature importances: [0.28429491 0.06134637 0.02297097 0.07147235 0.         0.370138
 0.08901018 0.         0.01791717 0.08285005]
2026-02-03 23:53:12,725 - cmab.policy - INFO -   Forest feature importances: [0.14981723 0.09416015 0.09661084 0.08551773 0.0137866  0.37978886
 0.08614069 0.02099577 0.03553057 0.03765155]
2026-02-03 23:53:12,725 - cmab.policy - INFO -   Top 5 predictions from this tree:
2026-02-03 23:53:12,725 - cmab.policy - INFO -     #1: arm=batch_size=100000,header_size=128,cut_condition_type=1,fast_path_timeout=400,k=3, pred=0.805337
2026-02-03 23:53:12,725 - cmab.policy - INFO -     #2: arm=batch_size=100000,header_size=32,cut_condition_type=3,fast_path_timeout=400,k=1, pred=0.805337
2026-02-03 23:53:12,726 - cmab.policy - INFO -     #3: arm=batch_size=100000,header_size=64,cut_condition_type=3,fast_path_timeout=400,k=3, pred=0.805337
2026-02-03 23:53:12,726 - cmab.policy - INFO -     #4: arm=batch_size=100000,header_size=64,cut_condition_type=1,fast_path_timeout=400,k=3, pred=0.805337
2026-02-03 23:53:12,726 - cmab.policy - INFO -     #5: arm=batch_size=100000,header_size=64,cut_condition_type=1,fast_path_timeout=400,k=1, pred=0.805337
2026-02-03 23:53:12,726 - cmab.policy - INFO - 
2026-02-03 23:53:12,726 - cmab.policy - INFO -   Found 12 arms with same max prediction (0.805337), randomly selecting one...
2026-02-03 23:53:12,726 - cmab.policy - INFO - 
2026-02-03 23:53:12,726 - cmab.policy - INFO - ✓ SELECTED ARM: batch_size=100000,header_size=32,cut_condition_type=3,fast_path_timeout=400,k=1 (prediction=0.805337)
2026-02-03 23:53:12,726 - cmab.policy - INFO - ================================================================================
2026-02-03 23:53:12,831 - cmab.trainer - INFO - Updated parameters file: /home/ccclr0302/autobahn-test/benchmark/.parameters-0.json
2026-02-03 23:53:12,831 - cmab.trainer - INFO - 🚩 Created RL parameter update signal file (epoch 3): /tmp/autobahn_rl_param_update_58.signal
2026-02-03 23:53:12,831 - cmab.trainer - INFO - Applied params: {'batch_size': 100000, 'header_size': 32, 'cut_condition_type': 3, 'fast_path_timeout': 400, 'k': 1}
2026-02-03 23:53:12,831 - cmab.trainer - INFO - Waiting for next metrics file...
2026-02-03 23:53:37,396 - cmab.trainer - INFO - Iteration 59 : context=[ 0.59092253  0.6741797   0.         11.331095    0.        ] arm=batch_size=100000,header_size=32,cut_condition_type=3,fast_path_timeout=400,k=1 params={'batch_size': 100000, 'header_size': 32, 'cut_condition_type': 3, 'fast_path_timeout': 400, 'k': 1}
2026-02-03 23:53:37,396 - cmab.trainer - INFO - Iteration 59 reward=0.852062 avg_reward(20)=0.975348 last_metrics=epoch_59_slot_126.json top_arm=batch_size=100000,header_size=128,cut_condition_type=3,fast_path_timeout=0,k=3 top_ratio=0.25
2026-02-03 23:53:37,399 - cmab.policy - INFO - ================================================================================
2026-02-03 23:53:37,399 - cmab.policy - INFO - SELECT ARM - Detailed Prediction Analysis
2026-02-03 23:53:37,399 - cmab.policy - INFO - Context: [ 1.7134535  1.6212093 20.         0.         0.       ]
2026-02-03 23:53:37,399 - cmab.policy - INFO - Number of trees in forest: 10
2026-02-03 23:53:37,399 - cmab.policy - INFO - 
2026-02-03 23:53:37,399 - cmab.policy - INFO - Prediction statistics across all trees:
2026-02-03 23:53:37,399 - cmab.policy - INFO -   Mean predictions (top 5 arms): [0.916895, 0.916895, 0.913687, 0.913687, 0.913687]
2026-02-03 23:53:37,399 - cmab.policy - INFO -   Std predictions (top 5 arms): [0.059897, 0.059897, 0.057370, 0.057370, 0.057370]
2026-02-03 23:53:37,399 - cmab.policy - INFO - 
2026-02-03 23:53:37,399 - cmab.policy - INFO - Top 5 arms by mean prediction:
2026-02-03 23:53:37,399 - cmab.policy - INFO -   #1: arm=batch_size=100000,header_size=32,cut_condition_type=1,fast_path_timeout=0,k=1, mean=0.916895, std=0.059897
2026-02-03 23:53:37,399 - cmab.policy - INFO -   #2: arm=batch_size=100000,header_size=32,cut_condition_type=1,fast_path_timeout=0,k=3, mean=0.916895, std=0.059897
2026-02-03 23:53:37,399 - cmab.policy - INFO -   #3: arm=batch_size=100000,header_size=32,cut_condition_type=3,fast_path_timeout=0,k=1, mean=0.913687, std=0.057370
2026-02-03 23:53:37,399 - cmab.policy - INFO -   #4: arm=batch_size=100000,header_size=32,cut_condition_type=3,fast_path_timeout=100,k=3, mean=0.913687, std=0.057370
2026-02-03 23:53:37,399 - cmab.policy - INFO -   #5: arm=batch_size=100000,header_size=32,cut_condition_type=3,fast_path_timeout=0,k=3, mean=0.913687, std=0.057370
2026-02-03 23:53:37,399 - cmab.policy - INFO - 
2026-02-03 23:53:37,399 - cmab.policy - INFO - Selected tree #5 for Thompson Sampling:
2026-02-03 23:53:37,399 - cmab.policy - INFO -   Tree depth: 10
2026-02-03 23:53:37,399 - cmab.policy - INFO -   Tree nodes: 71
2026-02-03 23:53:37,400 - cmab.policy - INFO -   Tree leaves: 36
2026-02-03 23:53:37,400 - cmab.policy - INFO -   Tree shape: (nodes=71, leaves=36, depth=10)
2026-02-03 23:53:37,400 - cmab.policy - INFO -   Tree feature importances: [0.11970857 0.08484583 0.06111031 0.03158679 0.01716632 0.52532099
 0.08960045 0.0207721  0.03183707 0.01805159]
2026-02-03 23:53:37,402 - cmab.policy - INFO -   Forest feature importances: [0.14981723 0.09416015 0.09661084 0.08551773 0.0137866  0.37978886
 0.08614069 0.02099577 0.03553057 0.03765155]
2026-02-03 23:53:37,402 - cmab.policy - INFO -   Top 5 predictions from this tree:
2026-02-03 23:53:37,402 - cmab.policy - INFO -     #1: arm=batch_size=100000,header_size=32,cut_condition_type=1,fast_path_timeout=0,k=1, pred=0.921823
2026-02-03 23:53:37,402 - cmab.policy - INFO -     #2: arm=batch_size=100000,header_size=64,cut_condition_type=3,fast_path_timeout=0,k=1, pred=0.921823
2026-02-03 23:53:37,402 - cmab.policy - INFO -     #3: arm=batch_size=100000,header_size=128,cut_condition_type=3,fast_path_timeout=100,k=3, pred=0.921823
2026-02-03 23:53:37,402 - cmab.policy - INFO -     #4: arm=batch_size=100000,header_size=128,cut_condition_type=3,fast_path_timeout=100,k=1, pred=0.921823
2026-02-03 23:53:37,402 - cmab.policy - INFO -     #5: arm=batch_size=100000,header_size=128,cut_condition_type=3,fast_path_timeout=0,k=3, pred=0.921823
2026-02-03 23:53:37,402 - cmab.policy - INFO - 
2026-02-03 23:53:37,402 - cmab.policy - INFO -   Found 24 arms with same max prediction (0.921823), randomly selecting one...
2026-02-03 23:53:37,402 - cmab.policy - INFO - 
2026-02-03 23:53:37,402 - cmab.policy - INFO - ✓ SELECTED ARM: batch_size=100000,header_size=64,cut_condition_type=1,fast_path_timeout=0,k=3 (prediction=0.921823)
2026-02-03 23:53:37,402 - cmab.policy - INFO - ================================================================================
2026-02-03 23:53:37,405 - cmab.trainer - INFO - Updated parameters file: /home/ccclr0302/autobahn-test/benchmark/.parameters-0.json
2026-02-03 23:53:37,406 - cmab.trainer - INFO - 🚩 Created RL parameter update signal file (epoch 4): /tmp/autobahn_rl_param_update_59.signal
2026-02-03 23:53:37,406 - cmab.trainer - INFO - Applied params: {'batch_size': 100000, 'header_size': 64, 'cut_condition_type': 1, 'fast_path_timeout': 0, 'k': 3}
2026-02-03 23:53:37,406 - cmab.trainer - INFO - Waiting for next metrics file...
[Parallel(n_jobs=1)]: Done  10 out of  10 | elapsed:    0.0s finished
[Parallel(n_jobs=1)]: Done  10 out of  10 | elapsed:    0.0s finished
2026-02-03 23:53:57,672 - cmab.policy - INFO - RF Updated: samples=135, MSE=0.014873
2026-02-03 23:53:57,672 - cmab.trainer - INFO - Iteration 60 : context=[ 1.7134535  1.6212093 20.         0.         0.       ] arm=batch_size=100000,header_size=64,cut_condition_type=1,fast_path_timeout=0,k=3 params={'batch_size': 100000, 'header_size': 64, 'cut_condition_type': 1, 'fast_path_timeout': 0, 'k': 3}
2026-02-03 23:53:57,672 - cmab.trainer - INFO - Iteration 60 reward=0.960624 avg_reward(20)=0.982594 last_metrics=epoch_60_slot_156.json top_arm=batch_size=100000,header_size=128,cut_condition_type=3,fast_path_timeout=0,k=3 top_ratio=0.20
2026-02-03 23:53:57,674 - cmab.policy - INFO - ================================================================================
2026-02-03 23:53:57,674 - cmab.policy - INFO - SELECT ARM - Detailed Prediction Analysis
2026-02-03 23:53:57,675 - cmab.policy - INFO - Context: [ 0.54987884 11.290035    0.          0.65072536  0.        ]
2026-02-03 23:53:57,675 - cmab.policy - INFO - Number of trees in forest: 10
2026-02-03 23:53:57,675 - cmab.policy - INFO - 
2026-02-03 23:53:57,675 - cmab.policy - INFO - Prediction statistics across all trees:
2026-02-03 23:53:57,675 - cmab.policy - INFO -   Mean predictions (top 5 arms): [1.043069, 1.043069, 1.021804, 1.021804, 1.011200]
2026-02-03 23:53:57,675 - cmab.policy - INFO -   Std predictions (top 5 arms): [0.281488, 0.281488, 0.279000, 0.279000, 0.262114]
2026-02-03 23:53:57,675 - cmab.policy - INFO - 
2026-02-03 23:53:57,675 - cmab.policy - INFO - Top 5 arms by mean prediction:
2026-02-03 23:53:57,675 - cmab.policy - INFO -   #1: arm=batch_size=100000,header_size=64,cut_condition_type=3,fast_path_timeout=100,k=3, mean=1.043069, std=0.281488
2026-02-03 23:53:57,675 - cmab.policy - INFO -   #2: arm=batch_size=100000,header_size=64,cut_condition_type=3,fast_path_timeout=0,k=3, mean=1.043069, std=0.281488
2026-02-03 23:53:57,675 - cmab.policy - INFO -   #3: arm=batch_size=100000,header_size=32,cut_condition_type=3,fast_path_timeout=0,k=3, mean=1.021804, std=0.279000
2026-02-03 23:53:57,675 - cmab.policy - INFO -   #4: arm=batch_size=100000,header_size=32,cut_condition_type=3,fast_path_timeout=100,k=3, mean=1.021804, std=0.279000
2026-02-03 23:53:57,675 - cmab.policy - INFO -   #5: arm=batch_size=100000,header_size=64,cut_condition_type=3,fast_path_timeout=100,k=1, mean=1.011200, std=0.262114
2026-02-03 23:53:57,675 - cmab.policy - INFO - 
2026-02-03 23:53:57,675 - cmab.policy - INFO - Selected tree #6 for Thompson Sampling:
2026-02-03 23:53:57,675 - cmab.policy - INFO -   Tree depth: 9
2026-02-03 23:53:57,675 - cmab.policy - INFO -   Tree nodes: 73
2026-02-03 23:53:57,675 - cmab.policy - INFO -   Tree leaves: 37
2026-02-03 23:53:57,675 - cmab.policy - INFO -   Tree shape: (nodes=73, leaves=37, depth=9)
2026-02-03 23:53:57,676 - cmab.policy - INFO -   Tree feature importances: [0.01494287 0.05327926 0.05755407 0.21243077 0.         0.42583326
 0.15289495 0.03184767 0.05121714 0.        ]
2026-02-03 23:53:57,678 - cmab.policy - INFO -   Forest feature importances: [0.06784186 0.09825937 0.08865222 0.10753177 0.02965455 0.39115838
 0.11787427 0.01598929 0.04442026 0.03861803]
2026-02-03 23:53:57,678 - cmab.policy - INFO -   Top 5 predictions from this tree:
2026-02-03 23:53:57,678 - cmab.policy - INFO -     #1: arm=batch_size=100000,header_size=64,cut_condition_type=3,fast_path_timeout=100,k=1, pred=1.179100
2026-02-03 23:53:57,678 - cmab.policy - INFO -     #2: arm=batch_size=100000,header_size=64,cut_condition_type=3,fast_path_timeout=100,k=3, pred=1.179100
2026-02-03 23:53:57,678 - cmab.policy - INFO -     #3: arm=batch_size=100000,header_size=64,cut_condition_type=3,fast_path_timeout=0,k=3, pred=1.179100
2026-02-03 23:53:57,678 - cmab.policy - INFO -     #4: arm=batch_size=100000,header_size=64,cut_condition_type=3,fast_path_timeout=0,k=1, pred=1.179100
2026-02-03 23:53:57,678 - cmab.policy - INFO -     #5: arm=batch_size=100000,header_size=128,cut_condition_type=3,fast_path_timeout=0,k=1, pred=1.179100
2026-02-03 23:53:57,678 - cmab.policy - INFO - 
2026-02-03 23:53:57,678 - cmab.policy - INFO -   Found 8 arms with same max prediction (1.179100), randomly selecting one...
2026-02-03 23:53:57,678 - cmab.policy - INFO - 
2026-02-03 23:53:57,678 - cmab.policy - INFO - ✓ SELECTED ARM: batch_size=100000,header_size=128,cut_condition_type=3,fast_path_timeout=0,k=1 (prediction=1.179100)
2026-02-03 23:53:57,678 - cmab.policy - INFO - ================================================================================
2026-02-03 23:53:57,681 - cmab.trainer - INFO - Updated parameters file: /home/ccclr0302/autobahn-test/benchmark/.parameters-0.json
2026-02-03 23:53:57,682 - cmab.trainer - INFO - 🚩 Created RL parameter update signal file (epoch 5): /tmp/autobahn_rl_param_update_60.signal
2026-02-03 23:53:57,682 - cmab.trainer - INFO - Applied params: {'batch_size': 100000, 'header_size': 128, 'cut_condition_type': 3, 'fast_path_timeout': 0, 'k': 1}
2026-02-03 23:53:57,682 - cmab.trainer - INFO - Waiting for next metrics file...
2026-02-03 23:54:19,441 - cmab.trainer - INFO - Iteration 61 : context=[ 0.54987884 11.290035    0.          0.65072536  0.        ] arm=batch_size=100000,header_size=128,cut_condition_type=3,fast_path_timeout=0,k=1 params={'batch_size': 100000, 'header_size': 128, 'cut_condition_type': 3, 'fast_path_timeout': 0, 'k': 1}
2026-02-03 23:54:19,441 - cmab.trainer - INFO - Iteration 61 reward=1.296673 avg_reward(20)=0.999884 last_metrics=epoch_61_slot_186.json top_arm=batch_size=100000,header_size=128,cut_condition_type=3,fast_path_timeout=0,k=3 top_ratio=0.17
2026-02-03 23:54:19,444 - cmab.policy - INFO - ================================================================================
2026-02-03 23:54:19,444 - cmab.policy - INFO - SELECT ARM - Detailed Prediction Analysis
2026-02-03 23:54:19,444 - cmab.policy - INFO - Context: [0.06955185 0.         5.4547043  0.15640914 0.        ]
2026-02-03 23:54:19,444 - cmab.policy - INFO - Number of trees in forest: 10
2026-02-03 23:54:19,444 - cmab.policy - INFO - 
2026-02-03 23:54:19,444 - cmab.policy - INFO - Prediction statistics across all trees:
2026-02-03 23:54:19,444 - cmab.policy - INFO -   Mean predictions (top 5 arms): [1.018577, 1.012184, 1.007179, 1.000786, 0.988663]
2026-02-03 23:54:19,444 - cmab.policy - INFO -   Std predictions (top 5 arms): [0.136923, 0.133871, 0.139135, 0.135596, 0.099132]
2026-02-03 23:54:19,444 - cmab.policy - INFO - 
2026-02-03 23:54:19,444 - cmab.policy - INFO - Top 5 arms by mean prediction:
2026-02-03 23:54:19,444 - cmab.policy - INFO -   #1: arm=batch_size=100000,header_size=64,cut_condition_type=3,fast_path_timeout=100,k=3, mean=1.018577, std=0.136923
2026-02-03 23:54:19,444 - cmab.policy - INFO -   #2: arm=batch_size=100000,header_size=64,cut_condition_type=3,fast_path_timeout=0,k=3, mean=1.012184, std=0.133871
2026-02-03 23:54:19,445 - cmab.policy - INFO -   #3: arm=batch_size=100000,header_size=128,cut_condition_type=3,fast_path_timeout=100,k=3, mean=1.007179, std=0.139135
2026-02-03 23:54:19,445 - cmab.policy - INFO -   #4: arm=batch_size=100000,header_size=128,cut_condition_type=3,fast_path_timeout=0,k=3, mean=1.000786, std=0.135596
2026-02-03 23:54:19,445 - cmab.policy - INFO -   #5: arm=batch_size=100000,header_size=128,cut_condition_type=1,fast_path_timeout=100,k=3, mean=0.988663, std=0.099132
2026-02-03 23:54:19,445 - cmab.policy - INFO - 
2026-02-03 23:54:19,445 - cmab.policy - INFO - Selected tree #7 for Thompson Sampling:
2026-02-03 23:54:19,445 - cmab.policy - INFO -   Tree depth: 11
2026-02-03 23:54:19,445 - cmab.policy - INFO -   Tree nodes: 75
2026-02-03 23:54:19,445 - cmab.policy - INFO -   Tree leaves: 38
2026-02-03 23:54:19,445 - cmab.policy - INFO -   Tree shape: (nodes=75, leaves=38, depth=11)
2026-02-03 23:54:19,445 - cmab.policy - INFO -   Tree feature importances: [1.59007096e-02 1.09991635e-01 6.44509508e-02 1.35521269e-01
 9.22969846e-03 4.36065137e-01 1.74925031e-01 2.39529215e-03
 5.12917223e-02 2.28554995e-04]
2026-02-03 23:54:19,447 - cmab.policy - INFO -   Forest feature importances: [0.06784186 0.09825937 0.08865222 0.10753177 0.02965455 0.39115838
 0.11787427 0.01598929 0.04442026 0.03861803]
2026-02-03 23:54:19,447 - cmab.policy - INFO -   Top 5 predictions from this tree:
2026-02-03 23:54:19,447 - cmab.policy - INFO -     #1: arm=batch_size=100000,header_size=32,cut_condition_type=1,fast_path_timeout=0,k=1, pred=1.153416
2026-02-03 23:54:19,447 - cmab.policy - INFO -     #2: arm=batch_size=100000,header_size=32,cut_condition_type=3,fast_path_timeout=400,k=3, pred=1.153416
2026-02-03 23:54:19,447 - cmab.policy - INFO -     #3: arm=batch_size=100000,header_size=64,cut_condition_type=1,fast_path_timeout=0,k=3, pred=1.153416
2026-02-03 23:54:19,447 - cmab.policy - INFO -     #4: arm=batch_size=100000,header_size=64,cut_condition_type=1,fast_path_timeout=100,k=1, pred=1.153416
2026-02-03 23:54:19,447 - cmab.policy - INFO -     #5: arm=batch_size=100000,header_size=64,cut_condition_type=1,fast_path_timeout=100,k=3, pred=1.153416
2026-02-03 23:54:19,447 - cmab.policy - INFO - 
2026-02-03 23:54:19,447 - cmab.policy - INFO -   Found 24 arms with same max prediction (1.153416), randomly selecting one...
2026-02-03 23:54:19,447 - cmab.policy - INFO - 
2026-02-03 23:54:19,447 - cmab.policy - INFO - ✓ SELECTED ARM: batch_size=100000,header_size=64,cut_condition_type=3,fast_path_timeout=100,k=1 (prediction=1.153416)
2026-02-03 23:54:19,447 - cmab.policy - INFO - ================================================================================
2026-02-03 23:54:19,451 - cmab.trainer - INFO - Updated parameters file: /home/ccclr0302/autobahn-test/benchmark/.parameters-0.json
2026-02-03 23:54:19,451 - cmab.trainer - INFO - 🚩 Created RL parameter update signal file (epoch 6): /tmp/autobahn_rl_param_update_61.signal
2026-02-03 23:54:19,451 - cmab.trainer - INFO - Applied params: {'batch_size': 100000, 'header_size': 64, 'cut_condition_type': 3, 'fast_path_timeout': 100, 'k': 1}
2026-02-03 23:54:19,451 - cmab.trainer - INFO - Waiting for next metrics file...
2026-02-03 23:54:42,514 - cmab.trainer - INFO - Iteration 62 : context=[0.06955185 0.         5.4547043  0.15640914 0.        ] arm=batch_size=100000,header_size=64,cut_condition_type=3,fast_path_timeout=100,k=1 params={'batch_size': 100000, 'header_size': 64, 'cut_condition_type': 3, 'fast_path_timeout': 100, 'k': 1}
2026-02-03 23:54:42,515 - cmab.trainer - INFO - Iteration 62 reward=0.919228 avg_reward(20)=1.000760 last_metrics=epoch_62_slot_216.json top_arm=batch_size=100000,header_size=128,cut_condition_type=3,fast_path_timeout=0,k=3 top_ratio=0.14
2026-02-03 23:54:42,517 - cmab.policy - INFO - ================================================================================
2026-02-03 23:54:42,517 - cmab.policy - INFO - SELECT ARM - Detailed Prediction Analysis
2026-02-03 23:54:42,517 - cmab.policy - INFO - Context: [ 0.6525977 11.301006   0.6117992  0.         0.       ]
2026-02-03 23:54:42,518 - cmab.policy - INFO - Number of trees in forest: 10
2026-02-03 23:54:42,518 - cmab.policy - INFO - 
2026-02-03 23:54:42,518 - cmab.policy - INFO - Prediction statistics across all trees:
2026-02-03 23:54:42,518 - cmab.policy - INFO -   Mean predictions (top 5 arms): [0.939285, 0.931170, 0.928468, 0.927747, 0.922068]
2026-02-03 23:54:42,518 - cmab.policy - INFO -   Std predictions (top 5 arms): [0.143275, 0.140300, 0.147808, 0.143082, 0.151779]
2026-02-03 23:54:42,518 - cmab.policy - INFO - 
2026-02-03 23:54:42,518 - cmab.policy - INFO - Top 5 arms by mean prediction:
2026-02-03 23:54:42,518 - cmab.policy - INFO -   #1: arm=batch_size=100000,header_size=64,cut_condition_type=3,fast_path_timeout=0,k=1, mean=0.939285, std=0.143275
2026-02-03 23:54:42,518 - cmab.policy - INFO -   #2: arm=batch_size=100000,header_size=32,cut_condition_type=3,fast_path_timeout=0,k=1, mean=0.931170, std=0.140300
2026-02-03 23:54:42,518 - cmab.policy - INFO -   #3: arm=batch_size=100000,header_size=64,cut_condition_type=3,fast_path_timeout=0,k=3, mean=0.928468, std=0.147808
2026-02-03 23:54:42,518 - cmab.policy - INFO -   #4: arm=batch_size=100000,header_size=64,cut_condition_type=3,fast_path_timeout=100,k=1, mean=0.927747, std=0.143082
2026-02-03 23:54:42,518 - cmab.policy - INFO -   #5: arm=batch_size=100000,header_size=128,cut_condition_type=3,fast_path_timeout=0,k=3, mean=0.922068, std=0.151779
2026-02-03 23:54:42,518 - cmab.policy - INFO - 
2026-02-03 23:54:42,518 - cmab.policy - INFO - Selected tree #3 for Thompson Sampling:
2026-02-03 23:54:42,518 - cmab.policy - INFO -   Tree depth: 11
2026-02-03 23:54:42,518 - cmab.policy - INFO -   Tree nodes: 65
2026-02-03 23:54:42,518 - cmab.policy - INFO -   Tree leaves: 33
2026-02-03 23:54:42,518 - cmab.policy - INFO -   Tree shape: (nodes=65, leaves=33, depth=11)
2026-02-03 23:54:42,518 - cmab.policy - INFO -   Tree feature importances: [0.003491   0.21247875 0.18659337 0.03466629 0.06642848 0.32756467
 0.10290066 0.01048587 0.03287051 0.02252041]
2026-02-03 23:54:42,520 - cmab.policy - INFO -   Forest feature importances: [0.06784186 0.09825937 0.08865222 0.10753177 0.02965455 0.39115838
 0.11787427 0.01598929 0.04442026 0.03861803]
2026-02-03 23:54:42,520 - cmab.policy - INFO -   Top 5 predictions from this tree:
2026-02-03 23:54:42,520 - cmab.policy - INFO -     #1: arm=batch_size=100000,header_size=128,cut_condition_type=3,fast_path_timeout=100,k=1, pred=1.067668
2026-02-03 23:54:42,520 - cmab.policy - INFO -     #2: arm=batch_size=100000,header_size=64,cut_condition_type=3,fast_path_timeout=100,k=3, pred=1.067668
2026-02-03 23:54:42,520 - cmab.policy - INFO -     #3: arm=batch_size=100000,header_size=128,cut_condition_type=3,fast_path_timeout=100,k=3, pred=1.067668
2026-02-03 23:54:42,520 - cmab.policy - INFO -     #4: arm=batch_size=100000,header_size=128,cut_condition_type=3,fast_path_timeout=0,k=3, pred=1.067668
2026-02-03 23:54:42,520 - cmab.policy - INFO -     #5: arm=batch_size=100000,header_size=128,cut_condition_type=3,fast_path_timeout=0,k=1, pred=1.067668
2026-02-03 23:54:42,520 - cmab.policy - INFO - 
2026-02-03 23:54:42,520 - cmab.policy - INFO -   Found 12 arms with same max prediction (1.067668), randomly selecting one...
2026-02-03 23:54:42,521 - cmab.policy - INFO - 
2026-02-03 23:54:42,521 - cmab.policy - INFO - ✓ SELECTED ARM: batch_size=100000,header_size=32,cut_condition_type=3,fast_path_timeout=0,k=3 (prediction=1.067668)
2026-02-03 23:54:42,521 - cmab.policy - INFO - ================================================================================
2026-02-03 23:54:42,524 - cmab.trainer - INFO - Updated parameters file: /home/ccclr0302/autobahn-test/benchmark/.parameters-0.json
2026-02-03 23:54:42,524 - cmab.trainer - INFO - 🚩 Created RL parameter update signal file (epoch 7): /tmp/autobahn_rl_param_update_62.signal
2026-02-03 23:54:42,524 - cmab.trainer - INFO - Applied params: {'batch_size': 100000, 'header_size': 32, 'cut_condition_type': 3, 'fast_path_timeout': 0, 'k': 3}
2026-02-03 23:54:42,524 - cmab.trainer - INFO - Waiting for next metrics file...
2026-02-03 23:55:00,171 - cmab.trainer - INFO - Iteration 63 : context=[ 0.6525977 11.301006   0.6117992  0.         0.       ] arm=batch_size=100000,header_size=32,cut_condition_type=3,fast_path_timeout=0,k=3 params={'batch_size': 100000, 'header_size': 32, 'cut_condition_type': 3, 'fast_path_timeout': 0, 'k': 3}
2026-02-03 23:55:00,171 - cmab.trainer - INFO - Iteration 63 reward=1.201429 avg_reward(20)=1.009679 last_metrics=epoch_63_slot_246.json top_arm=batch_size=100000,header_size=128,cut_condition_type=3,fast_path_timeout=0,k=3 top_ratio=0.12
2026-02-03 23:55:00,174 - cmab.policy - INFO - ================================================================================
2026-02-03 23:55:00,174 - cmab.policy - INFO - SELECT ARM - Detailed Prediction Analysis
2026-02-03 23:55:00,174 - cmab.policy - INFO - Context: [ 0.         1.6334037  1.7119255 20.         0.       ]
2026-02-03 23:55:00,174 - cmab.policy - INFO - Number of trees in forest: 10
2026-02-03 23:55:00,174 - cmab.policy - INFO - 
2026-02-03 23:55:00,174 - cmab.policy - INFO - Prediction statistics across all trees:
2026-02-03 23:55:00,174 - cmab.policy - INFO -   Mean predictions (top 5 arms): [1.034515, 1.034515, 1.007332, 1.007332, 0.994106]
2026-02-03 23:55:00,174 - cmab.policy - INFO -   Std predictions (top 5 arms): [0.105786, 0.105786, 0.116742, 0.116742, 0.080304]
2026-02-03 23:55:00,174 - cmab.policy - INFO - 
2026-02-03 23:55:00,174 - cmab.policy - INFO - Top 5 arms by mean prediction:
2026-02-03 23:55:00,175 - cmab.policy - INFO -   #1: arm=batch_size=100000,header_size=64,cut_condition_type=3,fast_path_timeout=100,k=3, mean=1.034515, std=0.105786
2026-02-03 23:55:00,175 - cmab.policy - INFO -   #2: arm=batch_size=100000,header_size=32,cut_condition_type=3,fast_path_timeout=100,k=3, mean=1.034515, std=0.105786
2026-02-03 23:55:00,175 - cmab.policy - INFO -   #3: arm=batch_size=100000,header_size=32,cut_condition_type=3,fast_path_timeout=0,k=3, mean=1.007332, std=0.116742
2026-02-03 23:55:00,175 - cmab.policy - INFO -   #4: arm=batch_size=100000,header_size=64,cut_condition_type=3,fast_path_timeout=0,k=3, mean=1.007332, std=0.116742
2026-02-03 23:55:00,175 - cmab.policy - INFO -   #5: arm=batch_size=100000,header_size=32,cut_condition_type=1,fast_path_timeout=100,k=3, mean=0.994106, std=0.080304
2026-02-03 23:55:00,175 - cmab.policy - INFO - 
2026-02-03 23:55:00,175 - cmab.policy - INFO - Selected tree #8 for Thompson Sampling:
2026-02-03 23:55:00,175 - cmab.policy - INFO -   Tree depth: 8
2026-02-03 23:55:00,175 - cmab.policy - INFO -   Tree nodes: 65
2026-02-03 23:55:00,175 - cmab.policy - INFO -   Tree leaves: 33
2026-02-03 23:55:00,175 - cmab.policy - INFO -   Tree shape: (nodes=65, leaves=33, depth=8)
2026-02-03 23:55:00,175 - cmab.policy - INFO -   Tree feature importances: [0.13376863 0.02357234 0.02715768 0.05942722 0.06701683 0.46273778
 0.11280415 0.02057803 0.04632502 0.04661233]
2026-02-03 23:55:00,177 - cmab.policy - INFO -   Forest feature importances: [0.06784186 0.09825937 0.08865222 0.10753177 0.02965455 0.39115838
 0.11787427 0.01598929 0.04442026 0.03861803]
2026-02-03 23:55:00,177 - cmab.policy - INFO -   Top 5 predictions from this tree:
2026-02-03 23:55:00,177 - cmab.policy - INFO -     #1: arm=batch_size=100000,header_size=32,cut_condition_type=1,fast_path_timeout=0,k=1, pred=1.096274
2026-02-03 23:55:00,177 - cmab.policy - INFO -     #2: arm=batch_size=100000,header_size=64,cut_condition_type=1,fast_path_timeout=0,k=1, pred=1.096274
2026-02-03 23:55:00,177 - cmab.policy - INFO -     #3: arm=batch_size=100000,header_size=128,cut_condition_type=1,fast_path_timeout=0,k=3, pred=1.096274
2026-02-03 23:55:00,177 - cmab.policy - INFO -     #4: arm=batch_size=100000,header_size=128,cut_condition_type=1,fast_path_timeout=0,k=1, pred=1.096274
2026-02-03 23:55:00,177 - cmab.policy - INFO -     #5: arm=batch_size=100000,header_size=64,cut_condition_type=3,fast_path_timeout=100,k=3, pred=1.096274
2026-02-03 23:55:00,177 - cmab.policy - INFO - 
2026-02-03 23:55:00,177 - cmab.policy - INFO -   Found 24 arms with same max prediction (1.096274), randomly selecting one...
2026-02-03 23:55:00,177 - cmab.policy - INFO - 
2026-02-03 23:55:00,177 - cmab.policy - INFO - ✓ SELECTED ARM: batch_size=100000,header_size=32,cut_condition_type=1,fast_path_timeout=0,k=1 (prediction=1.096274)
2026-02-03 23:55:00,177 - cmab.policy - INFO - ================================================================================
2026-02-03 23:55:00,180 - cmab.trainer - INFO - Updated parameters file: /home/ccclr0302/autobahn-test/benchmark/.parameters-0.json
2026-02-03 23:55:00,180 - cmab.trainer - INFO - 🚩 Created RL parameter update signal file (epoch 8): /tmp/autobahn_rl_param_update_63.signal
2026-02-03 23:55:00,180 - cmab.trainer - INFO - Applied params: {'batch_size': 100000, 'header_size': 32, 'cut_condition_type': 1, 'fast_path_timeout': 0, 'k': 1}
2026-02-03 23:55:00,180 - cmab.trainer - INFO - Waiting for next metrics file...
2026-02-03 23:55:17,727 - cmab.trainer - INFO - Iteration 64 : context=[ 0.         1.6334037  1.7119255 20.         0.       ] arm=batch_size=100000,header_size=32,cut_condition_type=1,fast_path_timeout=0,k=1 params={'batch_size': 100000, 'header_size': 32, 'cut_condition_type': 1, 'fast_path_timeout': 0, 'k': 1}
2026-02-03 23:55:17,728 - cmab.trainer - INFO - Iteration 64 reward=0.969561 avg_reward(20)=1.010704 last_metrics=epoch_64_slot_276.json top_arm=batch_size=100000,header_size=128,cut_condition_type=3,fast_path_timeout=0,k=3 top_ratio=0.11
2026-02-03 23:55:17,730 - cmab.policy - INFO - ================================================================================
2026-02-03 23:55:17,730 - cmab.policy - INFO - SELECT ARM - Detailed Prediction Analysis
2026-02-03 23:55:17,730 - cmab.policy - INFO - Context: [ 1.6605903  1.5596756  0.        20.         0.       ]
2026-02-03 23:55:17,731 - cmab.policy - INFO - Number of trees in forest: 10
2026-02-03 23:55:17,731 - cmab.policy - INFO - 
2026-02-03 23:55:17,731 - cmab.policy - INFO - Prediction statistics across all trees:
2026-02-03 23:55:17,731 - cmab.policy - INFO -   Mean predictions (top 5 arms): [0.977671, 0.977671, 0.971278, 0.971278, 0.928137]
2026-02-03 23:55:17,731 - cmab.policy - INFO -   Std predictions (top 5 arms): [0.131523, 0.131523, 0.126289, 0.126289, 0.092215]
2026-02-03 23:55:17,731 - cmab.policy - INFO - 
2026-02-03 23:55:17,731 - cmab.policy - INFO - Top 5 arms by mean prediction:
2026-02-03 23:55:17,731 - cmab.policy - INFO -   #1: arm=batch_size=100000,header_size=32,cut_condition_type=3,fast_path_timeout=100,k=3, mean=0.977671, std=0.131523
2026-02-03 23:55:17,731 - cmab.policy - INFO -   #2: arm=batch_size=100000,header_size=64,cut_condition_type=3,fast_path_timeout=100,k=3, mean=0.977671, std=0.131523
2026-02-03 23:55:17,731 - cmab.policy - INFO -   #3: arm=batch_size=100000,header_size=64,cut_condition_type=3,fast_path_timeout=0,k=3, mean=0.971278, std=0.126289
2026-02-03 23:55:17,731 - cmab.policy - INFO -   #4: arm=batch_size=100000,header_size=32,cut_condition_type=3,fast_path_timeout=0,k=3, mean=0.971278, std=0.126289
2026-02-03 23:55:17,731 - cmab.policy - INFO -   #5: arm=batch_size=100000,header_size=32,cut_condition_type=1,fast_path_timeout=100,k=3, mean=0.928137, std=0.092215
2026-02-03 23:55:17,731 - cmab.policy - INFO - 
2026-02-03 23:55:17,731 - cmab.policy - INFO - Selected tree #5 for Thompson Sampling:
2026-02-03 23:55:17,731 - cmab.policy - INFO -   Tree depth: 9
2026-02-03 23:55:17,731 - cmab.policy - INFO -   Tree nodes: 77
2026-02-03 23:55:17,731 - cmab.policy - INFO -   Tree leaves: 39
2026-02-03 23:55:17,731 - cmab.policy - INFO -   Tree shape: (nodes=77, leaves=39, depth=9)
2026-02-03 23:55:17,731 - cmab.policy - INFO -   Tree feature importances: [0.06716505 0.03138993 0.09333739 0.16143663 0.02522257 0.29188563
 0.10819662 0.00700506 0.04701536 0.16734574]
2026-02-03 23:55:17,733 - cmab.policy - INFO -   Forest feature importances: [0.06784186 0.09825937 0.08865222 0.10753177 0.02965455 0.39115838
 0.11787427 0.01598929 0.04442026 0.03861803]
2026-02-03 23:55:17,733 - cmab.policy - INFO -   Top 5 predictions from this tree:
2026-02-03 23:55:17,733 - cmab.policy - INFO -     #1: arm=batch_size=100000,header_size=128,cut_condition_type=1,fast_path_timeout=400,k=3, pred=1.034143
2026-02-03 23:55:17,733 - cmab.policy - INFO -     #2: arm=batch_size=100000,header_size=32,cut_condition_type=3,fast_path_timeout=100,k=3, pred=1.034143
2026-02-03 23:55:17,733 - cmab.policy - INFO -     #3: arm=batch_size=100000,header_size=32,cut_condition_type=3,fast_path_timeout=400,k=3, pred=1.034143
2026-02-03 23:55:17,733 - cmab.policy - INFO -     #4: arm=batch_size=100000,header_size=64,cut_condition_type=1,fast_path_timeout=0,k=3, pred=1.034143
2026-02-03 23:55:17,733 - cmab.policy - INFO -     #5: arm=batch_size=100000,header_size=128,cut_condition_type=1,fast_path_timeout=100,k=3, pred=1.034143
2026-02-03 23:55:17,733 - cmab.policy - INFO - 
2026-02-03 23:55:17,734 - cmab.policy - INFO -   Found 18 arms with same max prediction (1.034143), randomly selecting one...
2026-02-03 23:55:17,734 - cmab.policy - INFO - 
2026-02-03 23:55:17,734 - cmab.policy - INFO - ✓ SELECTED ARM: batch_size=100000,header_size=32,cut_condition_type=3,fast_path_timeout=400,k=3 (prediction=1.034143)
2026-02-03 23:55:17,734 - cmab.policy - INFO - ================================================================================
2026-02-03 23:55:17,738 - cmab.trainer - INFO - Updated parameters file: /home/ccclr0302/autobahn-test/benchmark/.parameters-0.json
2026-02-03 23:55:17,738 - cmab.trainer - INFO - 🚩 Created RL parameter update signal file (epoch 9): /tmp/autobahn_rl_param_update_64.signal
2026-02-03 23:55:17,738 - cmab.trainer - INFO - Applied params: {'batch_size': 100000, 'header_size': 32, 'cut_condition_type': 3, 'fast_path_timeout': 400, 'k': 3}
2026-02-03 23:55:17,738 - cmab.trainer - INFO - Waiting for next metrics file...
[Parallel(n_jobs=1)]: Done  10 out of  10 | elapsed:    0.0s finished
[Parallel(n_jobs=1)]: Done  10 out of  10 | elapsed:    0.0s finished
2026-02-03 23:55:32,590 - cmab.policy - INFO - RF Updated: samples=140, MSE=0.012869
2026-02-03 23:55:32,590 - cmab.trainer - INFO - Iteration 65 : context=[ 1.6605903  1.5596756  0.        20.         0.       ] arm=batch_size=100000,header_size=32,cut_condition_type=3,fast_path_timeout=400,k=3 params={'batch_size': 100000, 'header_size': 32, 'cut_condition_type': 3, 'fast_path_timeout': 400, 'k': 3}
2026-02-03 23:55:32,590 - cmab.trainer - INFO - Iteration 65 reward=0.817310 avg_reward(20)=1.013712 last_metrics=epoch_65_slot_306.json top_arm=batch_size=100000,header_size=128,cut_condition_type=3,fast_path_timeout=0,k=3 top_ratio=0.10
2026-02-03 23:55:32,600 - cmab.trainer - INFO - Saved checkpoint: /tmp/cmab_continuous_checkpoints/cmab_checkpoint_10.pkl
2026-02-03 23:55:32,603 - cmab.policy - INFO - ================================================================================
2026-02-03 23:55:32,603 - cmab.policy - INFO - SELECT ARM - Detailed Prediction Analysis
2026-02-03 23:55:32,603 - cmab.policy - INFO - Context: [ 0.         1.6981223  1.5528612 20.         0.       ]
2026-02-03 23:55:32,603 - cmab.policy - INFO - Number of trees in forest: 10
2026-02-03 23:55:32,603 - cmab.policy - INFO - 
2026-02-03 23:55:32,603 - cmab.policy - INFO - Prediction statistics across all trees:
2026-02-03 23:55:32,603 - cmab.policy - INFO -   Mean predictions (top 5 arms): [1.032861, 1.022071, 1.022071, 1.007338, 0.994190]
2026-02-03 23:55:32,603 - cmab.policy - INFO -   Std predictions (top 5 arms): [0.176166, 0.095731, 0.095731, 0.190256, 0.118305]
2026-02-03 23:55:32,603 - cmab.policy - INFO - 
2026-02-03 23:55:32,603 - cmab.policy - INFO - Top 5 arms by mean prediction:
2026-02-03 23:55:32,603 - cmab.policy - INFO -   #1: arm=batch_size=100000,header_size=32,cut_condition_type=3,fast_path_timeout=0,k=3, mean=1.032861, std=0.176166
2026-02-03 23:55:32,603 - cmab.policy - INFO -   #2: arm=batch_size=100000,header_size=64,cut_condition_type=1,fast_path_timeout=0,k=3, mean=1.022071, std=0.095731
2026-02-03 23:55:32,603 - cmab.policy - INFO -   #3: arm=batch_size=100000,header_size=32,cut_condition_type=1,fast_path_timeout=0,k=3, mean=1.022071, std=0.095731
2026-02-03 23:55:32,603 - cmab.policy - INFO -   #4: arm=batch_size=100000,header_size=32,cut_condition_type=3,fast_path_timeout=100,k=3, mean=1.007338, std=0.190256
2026-02-03 23:55:32,603 - cmab.policy - INFO -   #5: arm=batch_size=100000,header_size=128,cut_condition_type=1,fast_path_timeout=0,k=3, mean=0.994190, std=0.118305
2026-02-03 23:55:32,603 - cmab.policy - INFO - 
2026-02-03 23:55:32,603 - cmab.policy - INFO - Selected tree #2 for Thompson Sampling:
2026-02-03 23:55:32,603 - cmab.policy - INFO -   Tree depth: 10
2026-02-03 23:55:32,603 - cmab.policy - INFO -   Tree nodes: 75
2026-02-03 23:55:32,603 - cmab.policy - INFO -   Tree leaves: 38
2026-02-03 23:55:32,604 - cmab.policy - INFO -   Tree shape: (nodes=75, leaves=38, depth=10)
2026-02-03 23:55:32,604 - cmab.policy - INFO -   Tree feature importances: [0.17008786 0.00872663 0.12025565 0.05750072 0.00794208 0.38383438
 0.12833447 0.03742688 0.07259248 0.01329886]
2026-02-03 23:55:32,605 - cmab.policy - INFO -   Forest feature importances: [0.089718   0.07899125 0.11087236 0.08402994 0.02031065 0.35967367
 0.11835483 0.03937906 0.04453373 0.05413651]
2026-02-03 23:55:32,605 - cmab.policy - INFO -   Top 5 predictions from this tree:
2026-02-03 23:55:32,606 - cmab.policy - INFO -     #1: arm=batch_size=100000,header_size=64,cut_condition_type=3,fast_path_timeout=0,k=3, pred=1.030525
2026-02-03 23:55:32,606 - cmab.policy - INFO -     #2: arm=batch_size=100000,header_size=64,cut_condition_type=3,fast_path_timeout=100,k=3, pred=1.030525
2026-02-03 23:55:32,606 - cmab.policy - INFO -     #3: arm=batch_size=100000,header_size=64,cut_condition_type=3,fast_path_timeout=100,k=1, pred=1.030525
2026-02-03 23:55:32,606 - cmab.policy - INFO -     #4: arm=batch_size=100000,header_size=64,cut_condition_type=3,fast_path_timeout=0,k=1, pred=1.030525
2026-02-03 23:55:32,606 - cmab.policy - INFO -     #5: arm=batch_size=100000,header_size=32,cut_condition_type=3,fast_path_timeout=0,k=1, pred=1.030525
2026-02-03 23:55:32,606 - cmab.policy - INFO - 
2026-02-03 23:55:32,606 - cmab.policy - INFO -   Found 8 arms with same max prediction (1.030525), randomly selecting one...
2026-02-03 23:55:32,606 - cmab.policy - INFO - 
2026-02-03 23:55:32,606 - cmab.policy - INFO - ✓ SELECTED ARM: batch_size=100000,header_size=32,cut_condition_type=3,fast_path_timeout=0,k=1 (prediction=1.030525)
2026-02-03 23:55:32,606 - cmab.policy - INFO - ================================================================================
2026-02-03 23:55:32,609 - cmab.trainer - INFO - Updated parameters file: /home/ccclr0302/autobahn-test/benchmark/.parameters-0.json
2026-02-03 23:55:32,609 - cmab.trainer - INFO - 🚩 Created RL parameter update signal file (epoch 10): /tmp/autobahn_rl_param_update_65.signal
2026-02-03 23:55:32,610 - cmab.trainer - INFO - Applied params: {'batch_size': 100000, 'header_size': 32, 'cut_condition_type': 3, 'fast_path_timeout': 0, 'k': 1}
2026-02-03 23:55:32,610 - cmab.trainer - INFO - Waiting for next metrics file...
2026-02-03 23:55:51,661 - cmab.trainer - INFO - Iteration 66 : context=[ 0.         1.6981223  1.5528612 20.         0.       ] arm=batch_size=100000,header_size=32,cut_condition_type=3,fast_path_timeout=0,k=1 params={'batch_size': 100000, 'header_size': 32, 'cut_condition_type': 3, 'fast_path_timeout': 0, 'k': 1}
2026-02-03 23:55:51,662 - cmab.trainer - INFO - Iteration 66 reward=1.037655 avg_reward(20)=0.995106 last_metrics=epoch_66_slot_336.json top_arm=batch_size=100000,header_size=128,cut_condition_type=3,fast_path_timeout=0,k=3 top_ratio=0.09
2026-02-03 23:55:51,664 - cmab.policy - INFO - ================================================================================
2026-02-03 23:55:51,664 - cmab.policy - INFO - SELECT ARM - Detailed Prediction Analysis
2026-02-03 23:55:51,664 - cmab.policy - INFO - Context: [20.         1.6546986  0.         1.7463814  0.       ]
2026-02-03 23:55:51,664 - cmab.policy - INFO - Number of trees in forest: 10
2026-02-03 23:55:51,664 - cmab.policy - INFO - 
2026-02-03 23:55:51,664 - cmab.policy - INFO - Prediction statistics across all trees:
2026-02-03 23:55:51,664 - cmab.policy - INFO -   Mean predictions (top 5 arms): [1.078441, 1.078441, 1.078441, 1.078441, 1.053226]
2026-02-03 23:55:51,665 - cmab.policy - INFO -   Std predictions (top 5 arms): [0.171771, 0.171771, 0.171771, 0.171771, 0.161983]
2026-02-03 23:55:51,665 - cmab.policy - INFO - 
2026-02-03 23:55:51,665 - cmab.policy - INFO - Top 5 arms by mean prediction:
2026-02-03 23:55:51,665 - cmab.policy - INFO -   #1: arm=batch_size=100000,header_size=64,cut_condition_type=3,fast_path_timeout=100,k=1, mean=1.078441, std=0.171771
2026-02-03 23:55:51,665 - cmab.policy - INFO -   #2: arm=batch_size=100000,header_size=32,cut_condition_type=3,fast_path_timeout=0,k=1, mean=1.078441, std=0.171771
2026-02-03 23:55:51,665 - cmab.policy - INFO -   #3: arm=batch_size=100000,header_size=32,cut_condition_type=3,fast_path_timeout=100,k=1, mean=1.078441, std=0.171771
2026-02-03 23:55:51,665 - cmab.policy - INFO -   #4: arm=batch_size=100000,header_size=64,cut_condition_type=3,fast_path_timeout=0,k=1, mean=1.078441, std=0.171771
2026-02-03 23:55:51,665 - cmab.policy - INFO -   #5: arm=batch_size=100000,header_size=64,cut_condition_type=3,fast_path_timeout=100,k=3, mean=1.053226, std=0.161983
2026-02-03 23:55:51,665 - cmab.policy - INFO - 
2026-02-03 23:55:51,665 - cmab.policy - INFO - Selected tree #2 for Thompson Sampling:
2026-02-03 23:55:51,665 - cmab.policy - INFO -   Tree depth: 10
2026-02-03 23:55:51,665 - cmab.policy - INFO -   Tree nodes: 75
2026-02-03 23:55:51,665 - cmab.policy - INFO -   Tree leaves: 38
2026-02-03 23:55:51,665 - cmab.policy - INFO -   Tree shape: (nodes=75, leaves=38, depth=10)
2026-02-03 23:55:51,665 - cmab.policy - INFO -   Tree feature importances: [0.17008786 0.00872663 0.12025565 0.05750072 0.00794208 0.38383438
 0.12833447 0.03742688 0.07259248 0.01329886]
2026-02-03 23:55:51,667 - cmab.policy - INFO -   Forest feature importances: [0.089718   0.07899125 0.11087236 0.08402994 0.02031065 0.35967367
 0.11835483 0.03937906 0.04453373 0.05413651]
2026-02-03 23:55:51,667 - cmab.policy - INFO -   Top 5 predictions from this tree:
2026-02-03 23:55:51,667 - cmab.policy - INFO -     #1: arm=batch_size=100000,header_size=32,cut_condition_type=1,fast_path_timeout=0,k=1, pred=1.057521
2026-02-03 23:55:51,667 - cmab.policy - INFO -     #2: arm=batch_size=100000,header_size=64,cut_condition_type=1,fast_path_timeout=0,k=1, pred=1.057521
2026-02-03 23:55:51,667 - cmab.policy - INFO -     #3: arm=batch_size=100000,header_size=64,cut_condition_type=3,fast_path_timeout=400,k=3, pred=1.057521
2026-02-03 23:55:51,667 - cmab.policy - INFO -     #4: arm=batch_size=100000,header_size=64,cut_condition_type=3,fast_path_timeout=400,k=1, pred=1.057521
2026-02-03 23:55:51,667 - cmab.policy - INFO -     #5: arm=batch_size=100000,header_size=64,cut_condition_type=3,fast_path_timeout=100,k=3, pred=1.057521
2026-02-03 23:55:51,667 - cmab.policy - INFO - 
2026-02-03 23:55:51,667 - cmab.policy - INFO -   Found 24 arms with same max prediction (1.057521), randomly selecting one...
2026-02-03 23:55:51,667 - cmab.policy - INFO - 
2026-02-03 23:55:51,667 - cmab.policy - INFO - ✓ SELECTED ARM: batch_size=100000,header_size=64,cut_condition_type=3,fast_path_timeout=400,k=3 (prediction=1.057521)
2026-02-03 23:55:51,667 - cmab.policy - INFO - ================================================================================
2026-02-03 23:55:51,671 - cmab.trainer - INFO - Updated parameters file: /home/ccclr0302/autobahn-test/benchmark/.parameters-0.json
2026-02-03 23:55:51,671 - cmab.trainer - INFO - 🚩 Created RL parameter update signal file (epoch 11): /tmp/autobahn_rl_param_update_66.signal
2026-02-03 23:55:51,671 - cmab.trainer - INFO - Applied params: {'batch_size': 100000, 'header_size': 64, 'cut_condition_type': 3, 'fast_path_timeout': 400, 'k': 3}
2026-02-03 23:55:51,672 - cmab.trainer - INFO - Waiting for next metrics file...
2026-02-03 23:56:11,126 - cmab.trainer - INFO - Iteration 67 : context=[20.         1.6546986  0.         1.7463814  0.       ] arm=batch_size=100000,header_size=64,cut_condition_type=3,fast_path_timeout=400,k=3 params={'batch_size': 100000, 'header_size': 64, 'cut_condition_type': 3, 'fast_path_timeout': 400, 'k': 3}
2026-02-03 23:56:11,126 - cmab.trainer - INFO - Iteration 67 reward=0.854521 avg_reward(20)=1.005005 last_metrics=epoch_67_slot_366.json top_arm=batch_size=100000,header_size=128,cut_condition_type=3,fast_path_timeout=0,k=3 top_ratio=0.08
2026-02-03 23:56:11,128 - cmab.policy - INFO - ================================================================================
2026-02-03 23:56:11,128 - cmab.policy - INFO - SELECT ARM - Detailed Prediction Analysis
2026-02-03 23:56:11,129 - cmab.policy - INFO - Context: [ 0.58154327  0.6433999   0.         11.282745    0.        ]
2026-02-03 23:56:11,129 - cmab.policy - INFO - Number of trees in forest: 10
2026-02-03 23:56:11,129 - cmab.policy - INFO - 
2026-02-03 23:56:11,129 - cmab.policy - INFO - Prediction statistics across all trees:
2026-02-03 23:56:11,129 - cmab.policy - INFO -   Mean predictions (top 5 arms): [1.098222, 1.087956, 1.080845, 1.065730, 1.063018]
2026-02-03 23:56:11,129 - cmab.policy - INFO -   Std predictions (top 5 arms): [0.169598, 0.159170, 0.198696, 0.192855, 0.113109]
2026-02-03 23:56:11,129 - cmab.policy - INFO - 
2026-02-03 23:56:11,129 - cmab.policy - INFO - Top 5 arms by mean prediction:
2026-02-03 23:56:11,129 - cmab.policy - INFO -   #1: arm=batch_size=100000,header_size=32,cut_condition_type=3,fast_path_timeout=0,k=1, mean=1.098222, std=0.169598
2026-02-03 23:56:11,129 - cmab.policy - INFO -   #2: arm=batch_size=100000,header_size=128,cut_condition_type=3,fast_path_timeout=0,k=1, mean=1.087956, std=0.159170
2026-02-03 23:56:11,129 - cmab.policy - INFO -   #3: arm=batch_size=100000,header_size=64,cut_condition_type=3,fast_path_timeout=0,k=1, mean=1.080845, std=0.198696
2026-02-03 23:56:11,129 - cmab.policy - INFO -   #4: arm=batch_size=100000,header_size=32,cut_condition_type=3,fast_path_timeout=100,k=1, mean=1.065730, std=0.192855
2026-02-03 23:56:11,129 - cmab.policy - INFO -   #5: arm=batch_size=100000,header_size=32,cut_condition_type=3,fast_path_timeout=0,k=3, mean=1.063018, std=0.113109
2026-02-03 23:56:11,129 - cmab.policy - INFO - 
2026-02-03 23:56:11,129 - cmab.policy - INFO - Selected tree #8 for Thompson Sampling:
2026-02-03 23:56:11,129 - cmab.policy - INFO -   Tree depth: 10
2026-02-03 23:56:11,129 - cmab.policy - INFO -   Tree nodes: 75
2026-02-03 23:56:11,129 - cmab.policy - INFO -   Tree leaves: 38
2026-02-03 23:56:11,129 - cmab.policy - INFO -   Tree shape: (nodes=75, leaves=38, depth=10)
2026-02-03 23:56:11,130 - cmab.policy - INFO -   Tree feature importances: [0.06616581 0.0445011  0.17451549 0.13698258 0.03892841 0.28414294
 0.096175   0.06351994 0.0193369  0.07573183]
2026-02-03 23:56:11,131 - cmab.policy - INFO -   Forest feature importances: [0.089718   0.07899125 0.11087236 0.08402994 0.02031065 0.35967367
 0.11835483 0.03937906 0.04453373 0.05413651]
2026-02-03 23:56:11,131 - cmab.policy - INFO -   Top 5 predictions from this tree:
2026-02-03 23:56:11,132 - cmab.policy - INFO -     #1: arm=batch_size=100000,header_size=32,cut_condition_type=1,fast_path_timeout=0,k=1, pred=1.184506
2026-02-03 23:56:11,132 - cmab.policy - INFO -     #2: arm=batch_size=100000,header_size=64,cut_condition_type=1,fast_path_timeout=0,k=1, pred=1.184506
2026-02-03 23:56:11,132 - cmab.policy - INFO -     #3: arm=batch_size=100000,header_size=128,cut_condition_type=1,fast_path_timeout=100,k=1, pred=1.184506
2026-02-03 23:56:11,132 - cmab.policy - INFO -     #4: arm=batch_size=100000,header_size=128,cut_condition_type=1,fast_path_timeout=400,k=1, pred=1.184506
2026-02-03 23:56:11,132 - cmab.policy - INFO -     #5: arm=batch_size=100000,header_size=128,cut_condition_type=3,fast_path_timeout=0,k=1, pred=1.184506
2026-02-03 23:56:11,132 - cmab.policy - INFO - 
2026-02-03 23:56:11,132 - cmab.policy - INFO -   Found 18 arms with same max prediction (1.184506), randomly selecting one...
2026-02-03 23:56:11,132 - cmab.policy - INFO - 
2026-02-03 23:56:11,132 - cmab.policy - INFO - ✓ SELECTED ARM: batch_size=100000,header_size=128,cut_condition_type=3,fast_path_timeout=100,k=1 (prediction=1.184506)
2026-02-03 23:56:11,132 - cmab.policy - INFO - ================================================================================
2026-02-03 23:56:11,135 - cmab.trainer - INFO - Updated parameters file: /home/ccclr0302/autobahn-test/benchmark/.parameters-0.json
2026-02-03 23:56:11,135 - cmab.trainer - INFO - 🚩 Created RL parameter update signal file (epoch 12): /tmp/autobahn_rl_param_update_67.signal
2026-02-03 23:56:11,135 - cmab.trainer - INFO - Applied params: {'batch_size': 100000, 'header_size': 128, 'cut_condition_type': 3, 'fast_path_timeout': 100, 'k': 1}
2026-02-03 23:56:11,135 - cmab.trainer - INFO - Waiting for next metrics file...
2026-02-03 23:56:36,004 - cmab.trainer - INFO - Iteration 68 : context=[ 0.58154327  0.6433999   0.         11.282745    0.        ] arm=batch_size=100000,header_size=128,cut_condition_type=3,fast_path_timeout=100,k=1 params={'batch_size': 100000, 'header_size': 128, 'cut_condition_type': 3, 'fast_path_timeout': 100, 'k': 1}
2026-02-03 23:56:36,005 - cmab.trainer - INFO - Iteration 68 reward=0.931989 avg_reward(20)=0.981365 last_metrics=epoch_68_slot_396.json top_arm=batch_size=100000,header_size=128,cut_condition_type=3,fast_path_timeout=0,k=3 top_ratio=0.08
2026-02-03 23:56:36,007 - cmab.policy - INFO - ================================================================================
2026-02-03 23:56:36,007 - cmab.policy - INFO - SELECT ARM - Detailed Prediction Analysis
2026-02-03 23:56:36,007 - cmab.policy - INFO - Context: [0.         0.14980537 5.450507   0.11493233 0.        ]
2026-02-03 23:56:36,008 - cmab.policy - INFO - Number of trees in forest: 10
2026-02-03 23:56:36,008 - cmab.policy - INFO - 
2026-02-03 23:56:36,008 - cmab.policy - INFO - Prediction statistics across all trees:
2026-02-03 23:56:36,008 - cmab.policy - INFO -   Mean predictions (top 5 arms): [1.008207, 1.003211, 1.001840, 0.984168, 0.984067]
2026-02-03 23:56:36,008 - cmab.policy - INFO -   Std predictions (top 5 arms): [0.178892, 0.196359, 0.146274, 0.123961, 0.046806]
2026-02-03 23:56:36,008 - cmab.policy - INFO - 
2026-02-03 23:56:36,008 - cmab.policy - INFO - Top 5 arms by mean prediction:
2026-02-03 23:56:36,008 - cmab.policy - INFO -   #1: arm=batch_size=100000,header_size=64,cut_condition_type=3,fast_path_timeout=0,k=3, mean=1.008207, std=0.178892
2026-02-03 23:56:36,008 - cmab.policy - INFO -   #2: arm=batch_size=100000,header_size=32,cut_condition_type=3,fast_path_timeout=0,k=3, mean=1.003211, std=0.196359
2026-02-03 23:56:36,008 - cmab.policy - INFO -   #3: arm=batch_size=100000,header_size=128,cut_condition_type=3,fast_path_timeout=0,k=3, mean=1.001840, std=0.146274
2026-02-03 23:56:36,008 - cmab.policy - INFO -   #4: arm=batch_size=100000,header_size=64,cut_condition_type=3,fast_path_timeout=0,k=1, mean=0.984168, std=0.123961
2026-02-03 23:56:36,008 - cmab.policy - INFO -   #5: arm=batch_size=100000,header_size=128,cut_condition_type=1,fast_path_timeout=0,k=3, mean=0.984067, std=0.046806
2026-02-03 23:56:36,008 - cmab.policy - INFO - 
2026-02-03 23:56:36,008 - cmab.policy - INFO - Selected tree #5 for Thompson Sampling:
2026-02-03 23:56:36,008 - cmab.policy - INFO -   Tree depth: 10
2026-02-03 23:56:36,008 - cmab.policy - INFO -   Tree nodes: 75
2026-02-03 23:56:36,008 - cmab.policy - INFO -   Tree leaves: 38
2026-02-03 23:56:36,008 - cmab.policy - INFO -   Tree shape: (nodes=75, leaves=38, depth=10)
2026-02-03 23:56:36,009 - cmab.policy - INFO -   Tree feature importances: [0.01488873 0.04961812 0.13057361 0.10052343 0.         0.49881751
 0.15070632 0.00148133 0.02173059 0.03166036]
2026-02-03 23:56:36,010 - cmab.policy - INFO -   Forest feature importances: [0.089718   0.07899125 0.11087236 0.08402994 0.02031065 0.35967367
 0.11835483 0.03937906 0.04453373 0.05413651]
2026-02-03 23:56:36,011 - cmab.policy - INFO -   Top 5 predictions from this tree:
2026-02-03 23:56:36,011 - cmab.policy - INFO -     #1: arm=batch_size=100000,header_size=32,cut_condition_type=1,fast_path_timeout=0,k=1, pred=1.017221
2026-02-03 23:56:36,011 - cmab.policy - INFO -     #2: arm=batch_size=100000,header_size=128,cut_condition_type=1,fast_path_timeout=100,k=3, pred=1.017221
2026-02-03 23:56:36,011 - cmab.policy - INFO -     #3: arm=batch_size=100000,header_size=64,cut_condition_type=3,fast_path_timeout=0,k=3, pred=1.017221
2026-02-03 23:56:36,011 - cmab.policy - INFO -     #4: arm=batch_size=100000,header_size=64,cut_condition_type=3,fast_path_timeout=100,k=1, pred=1.017221
2026-02-03 23:56:36,011 - cmab.policy - INFO -     #5: arm=batch_size=100000,header_size=64,cut_condition_type=3,fast_path_timeout=400,k=1, pred=1.017221
2026-02-03 23:56:36,011 - cmab.policy - INFO - 
2026-02-03 23:56:36,011 - cmab.policy - INFO -   Found 36 arms with same max prediction (1.017221), randomly selecting one...
2026-02-03 23:56:36,011 - cmab.policy - INFO - 
2026-02-03 23:56:36,011 - cmab.policy - INFO - ✓ SELECTED ARM: batch_size=100000,header_size=64,cut_condition_type=3,fast_path_timeout=100,k=1 (prediction=1.017221)
2026-02-03 23:56:36,011 - cmab.policy - INFO - ================================================================================
2026-02-03 23:56:36,014 - cmab.trainer - INFO - Updated parameters file: /home/ccclr0302/autobahn-test/benchmark/.parameters-0.json
2026-02-03 23:56:36,014 - cmab.trainer - INFO - 🚩 Created RL parameter update signal file (epoch 13): /tmp/autobahn_rl_param_update_68.signal
2026-02-03 23:56:36,014 - cmab.trainer - INFO - Applied params: {'batch_size': 100000, 'header_size': 64, 'cut_condition_type': 3, 'fast_path_timeout': 100, 'k': 1}
2026-02-03 23:56:36,014 - cmab.trainer - INFO - Waiting for next metrics file...
2026-02-03 23:56:57,173 - cmab.trainer - INFO - Iteration 69 : context=[0.         0.14980537 5.450507   0.11493233 0.        ] arm=batch_size=100000,header_size=64,cut_condition_type=3,fast_path_timeout=100,k=1 params={'batch_size': 100000, 'header_size': 64, 'cut_condition_type': 3, 'fast_path_timeout': 100, 'k': 1}
2026-02-03 23:56:57,174 - cmab.trainer - INFO - Iteration 69 reward=1.070501 avg_reward(20)=0.988413 last_metrics=epoch_69_slot_426.json top_arm=batch_size=100000,header_size=64,cut_condition_type=3,fast_path_timeout=100,k=1 top_ratio=0.14
2026-02-03 23:56:57,176 - cmab.policy - INFO - ================================================================================
2026-02-03 23:56:57,176 - cmab.policy - INFO - SELECT ARM - Detailed Prediction Analysis
2026-02-03 23:56:57,176 - cmab.policy - INFO - Context: [ 0.64575356  0.          0.5837585  11.246917    0.        ]
2026-02-03 23:56:57,177 - cmab.policy - INFO - Number of trees in forest: 10
2026-02-03 23:56:57,177 - cmab.policy - INFO - 
2026-02-03 23:56:57,177 - cmab.policy - INFO - Prediction statistics across all trees:
2026-02-03 23:56:57,177 - cmab.policy - INFO -   Mean predictions (top 5 arms): [1.035855, 1.005951, 1.001549, 0.996378, 0.988945]
2026-02-03 23:56:57,177 - cmab.policy - INFO -   Std predictions (top 5 arms): [0.143821, 0.152327, 0.106481, 0.128962, 0.098826]
2026-02-03 23:56:57,177 - cmab.policy - INFO - 
2026-02-03 23:56:57,177 - cmab.policy - INFO - Top 5 arms by mean prediction:
2026-02-03 23:56:57,177 - cmab.policy - INFO -   #1: arm=batch_size=100000,header_size=32,cut_condition_type=3,fast_path_timeout=0,k=3, mean=1.035855, std=0.143821
2026-02-03 23:56:57,177 - cmab.policy - INFO -   #2: arm=batch_size=100000,header_size=32,cut_condition_type=3,fast_path_timeout=100,k=3, mean=1.005951, std=0.152327
2026-02-03 23:56:57,177 - cmab.policy - INFO -   #3: arm=batch_size=100000,header_size=128,cut_condition_type=3,fast_path_timeout=0,k=3, mean=1.001549, std=0.106481
2026-02-03 23:56:57,177 - cmab.policy - INFO -   #4: arm=batch_size=100000,header_size=64,cut_condition_type=3,fast_path_timeout=0,k=3, mean=0.996378, std=0.128962
2026-02-03 23:56:57,177 - cmab.policy - INFO -   #5: arm=batch_size=100000,header_size=128,cut_condition_type=3,fast_path_timeout=100,k=3, mean=0.988945, std=0.098826
2026-02-03 23:56:57,177 - cmab.policy - INFO - 
2026-02-03 23:56:57,177 - cmab.policy - INFO - Selected tree #3 for Thompson Sampling:
2026-02-03 23:56:57,177 - cmab.policy - INFO -   Tree depth: 9
2026-02-03 23:56:57,177 - cmab.policy - INFO -   Tree nodes: 77
2026-02-03 23:56:57,177 - cmab.policy - INFO -   Tree leaves: 39
2026-02-03 23:56:57,177 - cmab.policy - INFO -   Tree shape: (nodes=77, leaves=39, depth=9)
2026-02-03 23:56:57,177 - cmab.policy - INFO -   Tree feature importances: [0.04980978 0.08884217 0.07831652 0.1174606  0.05011247 0.40933768
 0.09120898 0.05347879 0.03504124 0.02639177]
2026-02-03 23:56:57,180 - cmab.policy - INFO -   Forest feature importances: [0.089718   0.07899125 0.11087236 0.08402994 0.02031065 0.35967367
 0.11835483 0.03937906 0.04453373 0.05413651]
2026-02-03 23:56:57,180 - cmab.policy - INFO -   Top 5 predictions from this tree:
2026-02-03 23:56:57,180 - cmab.policy - INFO -     #1: arm=batch_size=100000,header_size=32,cut_condition_type=1,fast_path_timeout=0,k=1, pred=0.977619
2026-02-03 23:56:57,180 - cmab.policy - INFO -     #2: arm=batch_size=100000,header_size=32,cut_condition_type=1,fast_path_timeout=0,k=3, pred=0.977619
2026-02-03 23:56:57,180 - cmab.policy - INFO -     #3: arm=batch_size=100000,header_size=64,cut_condition_type=1,fast_path_timeout=0,k=3, pred=0.977619
2026-02-03 23:56:57,180 - cmab.policy - INFO -     #4: arm=batch_size=100000,header_size=64,cut_condition_type=1,fast_path_timeout=0,k=1, pred=0.977619
2026-02-03 23:56:57,180 - cmab.policy - INFO -     #5: arm=batch_size=100000,header_size=32,cut_condition_type=3,fast_path_timeout=400,k=1, pred=0.868079
2026-02-03 23:56:57,180 - cmab.policy - INFO - 
2026-02-03 23:56:57,180 - cmab.policy - INFO -   Found 4 arms with same max prediction (0.977619), randomly selecting one...
2026-02-03 23:56:57,180 - cmab.policy - INFO - 
2026-02-03 23:56:57,180 - cmab.policy - INFO - ✓ SELECTED ARM: batch_size=100000,header_size=64,cut_condition_type=1,fast_path_timeout=0,k=1 (prediction=0.977619)
2026-02-03 23:56:57,180 - cmab.policy - INFO - ================================================================================
2026-02-03 23:56:57,183 - cmab.trainer - INFO - Updated parameters file: /home/ccclr0302/autobahn-test/benchmark/.parameters-0.json
2026-02-03 23:56:57,183 - cmab.trainer - INFO - 🚩 Created RL parameter update signal file (epoch 14): /tmp/autobahn_rl_param_update_69.signal
2026-02-03 23:56:57,183 - cmab.trainer - INFO - Applied params: {'batch_size': 100000, 'header_size': 64, 'cut_condition_type': 1, 'fast_path_timeout': 0, 'k': 1}
2026-02-03 23:56:57,183 - cmab.trainer - INFO - Waiting for next metrics file...
[Parallel(n_jobs=1)]: Done  10 out of  10 | elapsed:    0.0s finished
[Parallel(n_jobs=1)]: Done  10 out of  10 | elapsed:    0.0s finished
2026-02-03 23:57:15,847 - cmab.policy - INFO - RF Updated: samples=145, MSE=0.014079
2026-02-03 23:57:15,847 - cmab.trainer - INFO - Iteration 70 : context=[ 0.64575356  0.          0.5837585  11.246917    0.        ] arm=batch_size=100000,header_size=64,cut_condition_type=1,fast_path_timeout=0,k=1 params={'batch_size': 100000, 'header_size': 64, 'cut_condition_type': 1, 'fast_path_timeout': 0, 'k': 1}
2026-02-03 23:57:15,847 - cmab.trainer - INFO - Iteration 70 reward=0.959257 avg_reward(20)=0.987555 last_metrics=epoch_70_slot_456.json top_arm=batch_size=100000,header_size=64,cut_condition_type=3,fast_path_timeout=100,k=1 top_ratio=0.13
2026-02-03 23:57:15,850 - cmab.policy - INFO - ================================================================================
2026-02-03 23:57:15,850 - cmab.policy - INFO - SELECT ARM - Detailed Prediction Analysis
2026-02-03 23:57:15,850 - cmab.policy - INFO - Context: [ 0.65178525 11.200797    0.55083776  0.          0.        ]
2026-02-03 23:57:15,850 - cmab.policy - INFO - Number of trees in forest: 10
2026-02-03 23:57:15,850 - cmab.policy - INFO - 
2026-02-03 23:57:15,850 - cmab.policy - INFO - Prediction statistics across all trees:
2026-02-03 23:57:15,850 - cmab.policy - INFO -   Mean predictions (top 5 arms): [1.151884, 1.151884, 1.112732, 1.112732, 1.090759]
2026-02-03 23:57:15,850 - cmab.policy - INFO -   Std predictions (top 5 arms): [0.115545, 0.115545, 0.157320, 0.157320, 0.139215]
2026-02-03 23:57:15,850 - cmab.policy - INFO - 
2026-02-03 23:57:15,850 - cmab.policy - INFO - Top 5 arms by mean prediction:
2026-02-03 23:57:15,850 - cmab.policy - INFO -   #1: arm=batch_size=100000,header_size=32,cut_condition_type=3,fast_path_timeout=0,k=3, mean=1.151884, std=0.115545
2026-02-03 23:57:15,850 - cmab.policy - INFO -   #2: arm=batch_size=100000,header_size=64,cut_condition_type=3,fast_path_timeout=0,k=3, mean=1.151884, std=0.115545
2026-02-03 23:57:15,850 - cmab.policy - INFO -   #3: arm=batch_size=100000,header_size=64,cut_condition_type=3,fast_path_timeout=0,k=1, mean=1.112732, std=0.157320
2026-02-03 23:57:15,850 - cmab.policy - INFO -   #4: arm=batch_size=100000,header_size=32,cut_condition_type=3,fast_path_timeout=0,k=1, mean=1.112732, std=0.157320
2026-02-03 23:57:15,850 - cmab.policy - INFO -   #5: arm=batch_size=100000,header_size=32,cut_condition_type=1,fast_path_timeout=0,k=3, mean=1.090759, std=0.139215
2026-02-03 23:57:15,850 - cmab.policy - INFO - 
2026-02-03 23:57:15,850 - cmab.policy - INFO - Selected tree #1 for Thompson Sampling:
2026-02-03 23:57:15,850 - cmab.policy - INFO -   Tree depth: 8
2026-02-03 23:57:15,850 - cmab.policy - INFO -   Tree nodes: 67
2026-02-03 23:57:15,850 - cmab.policy - INFO -   Tree leaves: 34
2026-02-03 23:57:15,851 - cmab.policy - INFO -   Tree shape: (nodes=67, leaves=34, depth=8)
2026-02-03 23:57:15,851 - cmab.policy - INFO -   Tree feature importances: [1.85234089e-01 1.54024539e-01 8.99071246e-02 7.23991728e-02
 0.00000000e+00 3.82349800e-01 7.71679689e-02 0.00000000e+00
 3.86218290e-02 2.95476854e-04]
2026-02-03 23:57:15,852 - cmab.policy - INFO -   Forest feature importances: [0.1138327  0.1363152  0.08488109 0.05828675 0.01581614 0.40269084
 0.10101096 0.01696353 0.05476423 0.01543856]
2026-02-03 23:57:15,853 - cmab.policy - INFO -   Top 5 predictions from this tree:
2026-02-03 23:57:15,853 - cmab.policy - INFO -     #1: arm=batch_size=100000,header_size=32,cut_condition_type=1,fast_path_timeout=0,k=1, pred=1.318417
2026-02-03 23:57:15,853 - cmab.policy - INFO -     #2: arm=batch_size=100000,header_size=64,cut_condition_type=3,fast_path_timeout=0,k=1, pred=1.318417
2026-02-03 23:57:15,853 - cmab.policy - INFO -     #3: arm=batch_size=100000,header_size=128,cut_condition_type=3,fast_path_timeout=0,k=3, pred=1.318417
2026-02-03 23:57:15,853 - cmab.policy - INFO -     #4: arm=batch_size=100000,header_size=128,cut_condition_type=1,fast_path_timeout=0,k=3, pred=1.318417
2026-02-03 23:57:15,853 - cmab.policy - INFO -     #5: arm=batch_size=100000,header_size=128,cut_condition_type=1,fast_path_timeout=0,k=1, pred=1.318417
2026-02-03 23:57:15,853 - cmab.policy - INFO - 
2026-02-03 23:57:15,853 - cmab.policy - INFO -   Found 12 arms with same max prediction (1.318417), randomly selecting one...
2026-02-03 23:57:15,853 - cmab.policy - INFO - 
2026-02-03 23:57:15,853 - cmab.policy - INFO - ✓ SELECTED ARM: batch_size=100000,header_size=128,cut_condition_type=3,fast_path_timeout=0,k=3 (prediction=1.318417)
2026-02-03 23:57:15,853 - cmab.policy - INFO - ================================================================================
2026-02-03 23:57:15,856 - cmab.trainer - INFO - Updated parameters file: /home/ccclr0302/autobahn-test/benchmark/.parameters-0.json
2026-02-03 23:57:15,856 - cmab.trainer - INFO - 🚩 Created RL parameter update signal file (epoch 15): /tmp/autobahn_rl_param_update_70.signal
2026-02-03 23:57:15,856 - cmab.trainer - INFO - Applied params: {'batch_size': 100000, 'header_size': 128, 'cut_condition_type': 3, 'fast_path_timeout': 0, 'k': 3}
2026-02-03 23:57:15,856 - cmab.trainer - INFO - Waiting for next metrics file...
2026-02-03 23:57:36,613 - cmab.trainer - INFO - Iteration 71 : context=[ 0.65178525 11.200797    0.55083776  0.          0.        ] arm=batch_size=100000,header_size=128,cut_condition_type=3,fast_path_timeout=0,k=3 params={'batch_size': 100000, 'header_size': 128, 'cut_condition_type': 3, 'fast_path_timeout': 0, 'k': 3}
2026-02-03 23:57:36,613 - cmab.trainer - INFO - Iteration 71 reward=1.175446 avg_reward(20)=0.997430 last_metrics=epoch_71_slot_486.json top_arm=batch_size=100000,header_size=128,cut_condition_type=3,fast_path_timeout=0,k=3 top_ratio=0.12
2026-02-03 23:57:36,616 - cmab.policy - INFO - ================================================================================
2026-02-03 23:57:36,616 - cmab.policy - INFO - SELECT ARM - Detailed Prediction Analysis
2026-02-03 23:57:36,616 - cmab.policy - INFO - Context: [5.1211805  0.18589844 0.         0.09450433 0.        ]
2026-02-03 23:57:36,616 - cmab.policy - INFO - Number of trees in forest: 10
2026-02-03 23:57:36,616 - cmab.policy - INFO - 
2026-02-03 23:57:36,616 - cmab.policy - INFO - Prediction statistics across all trees:
2026-02-03 23:57:36,616 - cmab.policy - INFO -   Mean predictions (top 5 arms): [1.060219, 1.059151, 1.056359, 1.056359, 1.043726]
2026-02-03 23:57:36,616 - cmab.policy - INFO -   Std predictions (top 5 arms): [0.083632, 0.086006, 0.080412, 0.080412, 0.103221]
2026-02-03 23:57:36,616 - cmab.policy - INFO - 
2026-02-03 23:57:36,616 - cmab.policy - INFO - Top 5 arms by mean prediction:
2026-02-03 23:57:36,616 - cmab.policy - INFO -   #1: arm=batch_size=100000,header_size=32,cut_condition_type=3,fast_path_timeout=100,k=3, mean=1.060219, std=0.083632
2026-02-03 23:57:36,616 - cmab.policy - INFO -   #2: arm=batch_size=100000,header_size=64,cut_condition_type=3,fast_path_timeout=100,k=3, mean=1.059151, std=0.086006
2026-02-03 23:57:36,616 - cmab.policy - INFO -   #3: arm=batch_size=100000,header_size=64,cut_condition_type=3,fast_path_timeout=100,k=1, mean=1.056359, std=0.080412
2026-02-03 23:57:36,616 - cmab.policy - INFO -   #4: arm=batch_size=100000,header_size=32,cut_condition_type=3,fast_path_timeout=100,k=1, mean=1.056359, std=0.080412
2026-02-03 23:57:36,616 - cmab.policy - INFO -   #5: arm=batch_size=100000,header_size=32,cut_condition_type=3,fast_path_timeout=0,k=3, mean=1.043726, std=0.103221
2026-02-03 23:57:36,616 - cmab.policy - INFO - 
2026-02-03 23:57:36,616 - cmab.policy - INFO - Selected tree #4 for Thompson Sampling:
2026-02-03 23:57:36,616 - cmab.policy - INFO -   Tree depth: 12
2026-02-03 23:57:36,616 - cmab.policy - INFO -   Tree nodes: 87
2026-02-03 23:57:36,617 - cmab.policy - INFO -   Tree leaves: 44
2026-02-03 23:57:36,617 - cmab.policy - INFO -   Tree shape: (nodes=87, leaves=44, depth=12)
2026-02-03 23:57:36,617 - cmab.policy - INFO -   Tree feature importances: [7.01764849e-02 8.68373985e-02 1.10623846e-01 8.99184993e-02
 0.00000000e+00 4.26178072e-01 1.72742575e-01 5.64490139e-05
 3.25180576e-02 1.09486171e-02]
2026-02-03 23:57:36,619 - cmab.policy - INFO -   Forest feature importances: [0.1138327  0.1363152  0.08488109 0.05828675 0.01581614 0.40269084
 0.10101096 0.01696353 0.05476423 0.01543856]
2026-02-03 23:57:36,619 - cmab.policy - INFO -   Top 5 predictions from this tree:
2026-02-03 23:57:36,619 - cmab.policy - INFO -     #1: arm=batch_size=100000,header_size=32,cut_condition_type=1,fast_path_timeout=0,k=1, pred=1.195416
2026-02-03 23:57:36,619 - cmab.policy - INFO -     #2: arm=batch_size=100000,header_size=32,cut_condition_type=3,fast_path_timeout=100,k=3, pred=1.195416
2026-02-03 23:57:36,619 - cmab.policy - INFO -     #3: arm=batch_size=100000,header_size=64,cut_condition_type=3,fast_path_timeout=0,k=1, pred=1.195416
2026-02-03 23:57:36,619 - cmab.policy - INFO -     #4: arm=batch_size=100000,header_size=64,cut_condition_type=1,fast_path_timeout=100,k=1, pred=1.195416
2026-02-03 23:57:36,619 - cmab.policy - INFO -     #5: arm=batch_size=100000,header_size=64,cut_condition_type=1,fast_path_timeout=0,k=3, pred=1.195416
2026-02-03 23:57:36,619 - cmab.policy - INFO - 
2026-02-03 23:57:36,619 - cmab.policy - INFO -   Found 16 arms with same max prediction (1.195416), randomly selecting one...
2026-02-03 23:57:36,619 - cmab.policy - INFO - 
2026-02-03 23:57:36,619 - cmab.policy - INFO - ✓ SELECTED ARM: batch_size=100000,header_size=32,cut_condition_type=1,fast_path_timeout=100,k=3 (prediction=1.195416)
2026-02-03 23:57:36,619 - cmab.policy - INFO - ================================================================================
2026-02-03 23:57:36,623 - cmab.trainer - INFO - Updated parameters file: /home/ccclr0302/autobahn-test/benchmark/.parameters-0.json
2026-02-03 23:57:36,623 - cmab.trainer - INFO - 🚩 Created RL parameter update signal file (epoch 16): /tmp/autobahn_rl_param_update_71.signal
2026-02-03 23:57:36,623 - cmab.trainer - INFO - Applied params: {'batch_size': 100000, 'header_size': 32, 'cut_condition_type': 1, 'fast_path_timeout': 100, 'k': 3}
2026-02-03 23:57:36,623 - cmab.trainer - INFO - Waiting for next metrics file...
2026-02-03 23:57:57,080 - cmab.trainer - INFO - Iteration 72 : context=[5.1211805  0.18589844 0.         0.09450433 0.        ] arm=batch_size=100000,header_size=32,cut_condition_type=1,fast_path_timeout=100,k=3 params={'batch_size': 100000, 'header_size': 32, 'cut_condition_type': 1, 'fast_path_timeout': 100, 'k': 3}
2026-02-03 23:57:57,080 - cmab.trainer - INFO - Iteration 72 reward=0.879206 avg_reward(20)=0.985520 last_metrics=epoch_72_slot_517.json top_arm=batch_size=100000,header_size=128,cut_condition_type=3,fast_path_timeout=0,k=3 top_ratio=0.12
2026-02-03 23:57:57,082 - cmab.policy - INFO - ================================================================================
2026-02-03 23:57:57,082 - cmab.policy - INFO - SELECT ARM - Detailed Prediction Analysis
2026-02-03 23:57:57,083 - cmab.policy - INFO - Context: [ 0.         1.6087201  1.7071047 20.         0.       ]
2026-02-03 23:57:57,083 - cmab.policy - INFO - Number of trees in forest: 10
2026-02-03 23:57:57,083 - cmab.policy - INFO - 
2026-02-03 23:57:57,083 - cmab.policy - INFO - Prediction statistics across all trees:
2026-02-03 23:57:57,083 - cmab.policy - INFO -   Mean predictions (top 5 arms): [1.011945, 1.003418, 1.003418, 0.995969, 0.990174]
2026-02-03 23:57:57,083 - cmab.policy - INFO -   Std predictions (top 5 arms): [0.049092, 0.051304, 0.051304, 0.087857, 0.051875]
2026-02-03 23:57:57,083 - cmab.policy - INFO - 
2026-02-03 23:57:57,083 - cmab.policy - INFO - Top 5 arms by mean prediction:
2026-02-03 23:57:57,083 - cmab.policy - INFO -   #1: arm=batch_size=100000,header_size=64,cut_condition_type=3,fast_path_timeout=0,k=3, mean=1.011945, std=0.049092
2026-02-03 23:57:57,083 - cmab.policy - INFO -   #2: arm=batch_size=100000,header_size=64,cut_condition_type=3,fast_path_timeout=0,k=1, mean=1.003418, std=0.051304
2026-02-03 23:57:57,083 - cmab.policy - INFO -   #3: arm=batch_size=100000,header_size=32,cut_condition_type=3,fast_path_timeout=0,k=1, mean=1.003418, std=0.051304
2026-02-03 23:57:57,083 - cmab.policy - INFO -   #4: arm=batch_size=100000,header_size=64,cut_condition_type=3,fast_path_timeout=100,k=3, mean=0.995969, std=0.087857
2026-02-03 23:57:57,083 - cmab.policy - INFO -   #5: arm=batch_size=100000,header_size=32,cut_condition_type=3,fast_path_timeout=0,k=3, mean=0.990174, std=0.051875
2026-02-03 23:57:57,083 - cmab.policy - INFO - 
2026-02-03 23:57:57,083 - cmab.policy - INFO - Selected tree #8 for Thompson Sampling:
2026-02-03 23:57:57,083 - cmab.policy - INFO -   Tree depth: 8
2026-02-03 23:57:57,083 - cmab.policy - INFO -   Tree nodes: 71
2026-02-03 23:57:57,083 - cmab.policy - INFO -   Tree leaves: 36
2026-02-03 23:57:57,083 - cmab.policy - INFO -   Tree shape: (nodes=71, leaves=36, depth=8)
2026-02-03 23:57:57,084 - cmab.policy - INFO -   Tree feature importances: [0.1631504  0.10367083 0.0644697  0.036091   0.         0.43847005
 0.07094874 0.03194472 0.08746807 0.00378649]
2026-02-03 23:57:57,085 - cmab.policy - INFO -   Forest feature importances: [0.1138327  0.1363152  0.08488109 0.05828675 0.01581614 0.40269084
 0.10101096 0.01696353 0.05476423 0.01543856]
2026-02-03 23:57:57,086 - cmab.policy - INFO -   Top 5 predictions from this tree:
2026-02-03 23:57:57,086 - cmab.policy - INFO -     #1: arm=batch_size=100000,header_size=64,cut_condition_type=3,fast_path_timeout=0,k=1, pred=1.039787
2026-02-03 23:57:57,086 - cmab.policy - INFO -     #2: arm=batch_size=100000,header_size=128,cut_condition_type=3,fast_path_timeout=100,k=3, pred=1.039787
2026-02-03 23:57:57,086 - cmab.policy - INFO -     #3: arm=batch_size=100000,header_size=64,cut_condition_type=3,fast_path_timeout=0,k=3, pred=1.039787
2026-02-03 23:57:57,086 - cmab.policy - INFO -     #4: arm=batch_size=100000,header_size=64,cut_condition_type=3,fast_path_timeout=100,k=1, pred=1.039787
2026-02-03 23:57:57,086 - cmab.policy - INFO -     #5: arm=batch_size=100000,header_size=64,cut_condition_type=3,fast_path_timeout=100,k=3, pred=1.039787
2026-02-03 23:57:57,086 - cmab.policy - INFO - 
2026-02-03 23:57:57,086 - cmab.policy - INFO -   Found 12 arms with same max prediction (1.039787), randomly selecting one...
2026-02-03 23:57:57,086 - cmab.policy - INFO - 
2026-02-03 23:57:57,086 - cmab.policy - INFO - ✓ SELECTED ARM: batch_size=100000,header_size=32,cut_condition_type=3,fast_path_timeout=100,k=1 (prediction=1.039787)
2026-02-03 23:57:57,086 - cmab.policy - INFO - ================================================================================
2026-02-03 23:57:57,089 - cmab.trainer - INFO - Updated parameters file: /home/ccclr0302/autobahn-test/benchmark/.parameters-0.json
2026-02-03 23:57:57,089 - cmab.trainer - INFO - 🚩 Created RL parameter update signal file (epoch 17): /tmp/autobahn_rl_param_update_72.signal
2026-02-03 23:57:57,089 - cmab.trainer - INFO - Applied params: {'batch_size': 100000, 'header_size': 32, 'cut_condition_type': 3, 'fast_path_timeout': 100, 'k': 1}
2026-02-03 23:57:57,090 - cmab.trainer - INFO - Waiting for next metrics file...
2026-02-03 23:58:13,937 - cmab.trainer - INFO - Iteration 73 : context=[ 0.         1.6087201  1.7071047 20.         0.       ] arm=batch_size=100000,header_size=32,cut_condition_type=3,fast_path_timeout=100,k=1 params={'batch_size': 100000, 'header_size': 32, 'cut_condition_type': 3, 'fast_path_timeout': 100, 'k': 1}
2026-02-03 23:58:13,937 - cmab.trainer - INFO - Iteration 73 reward=1.062143 avg_reward(20)=1.008647 last_metrics=epoch_73_slot_546.json top_arm=batch_size=100000,header_size=128,cut_condition_type=3,fast_path_timeout=0,k=3 top_ratio=0.11
2026-02-03 23:58:13,940 - cmab.policy - INFO - ================================================================================
2026-02-03 23:58:13,940 - cmab.policy - INFO - SELECT ARM - Detailed Prediction Analysis
2026-02-03 23:58:13,940 - cmab.policy - INFO - Context: [ 1.7894088  1.6378522 20.         0.         0.       ]
2026-02-03 23:58:13,940 - cmab.policy - INFO - Number of trees in forest: 10
2026-02-03 23:58:13,940 - cmab.policy - INFO - 
2026-02-03 23:58:13,940 - cmab.policy - INFO - Prediction statistics across all trees:
2026-02-03 23:58:13,940 - cmab.policy - INFO -   Mean predictions (top 5 arms): [0.964847, 0.955352, 0.948863, 0.943039, 0.935082]
2026-02-03 23:58:13,940 - cmab.policy - INFO -   Std predictions (top 5 arms): [0.177749, 0.177481, 0.179015, 0.185405, 0.184089]
2026-02-03 23:58:13,940 - cmab.policy - INFO - 
2026-02-03 23:58:13,940 - cmab.policy - INFO - Top 5 arms by mean prediction:
2026-02-03 23:58:13,940 - cmab.policy - INFO -   #1: arm=batch_size=100000,header_size=32,cut_condition_type=3,fast_path_timeout=0,k=1, mean=0.964847, std=0.177749
2026-02-03 23:58:13,940 - cmab.policy - INFO -   #2: arm=batch_size=100000,header_size=32,cut_condition_type=1,fast_path_timeout=0,k=1, mean=0.955352, std=0.177481
2026-02-03 23:58:13,940 - cmab.policy - INFO -   #3: arm=batch_size=100000,header_size=32,cut_condition_type=1,fast_path_timeout=0,k=3, mean=0.948863, std=0.179015
2026-02-03 23:58:13,940 - cmab.policy - INFO -   #4: arm=batch_size=100000,header_size=32,cut_condition_type=3,fast_path_timeout=100,k=1, mean=0.943039, std=0.185405
2026-02-03 23:58:13,940 - cmab.policy - INFO -   #5: arm=batch_size=100000,header_size=32,cut_condition_type=3,fast_path_timeout=0,k=3, mean=0.935082, std=0.184089
2026-02-03 23:58:13,940 - cmab.policy - INFO - 
2026-02-03 23:58:13,940 - cmab.policy - INFO - Selected tree #9 for Thompson Sampling:
2026-02-03 23:58:13,940 - cmab.policy - INFO -   Tree depth: 11
2026-02-03 23:58:13,940 - cmab.policy - INFO -   Tree nodes: 75
2026-02-03 23:58:13,940 - cmab.policy - INFO -   Tree leaves: 38
2026-02-03 23:58:13,941 - cmab.policy - INFO -   Tree shape: (nodes=75, leaves=38, depth=11)
2026-02-03 23:58:13,941 - cmab.policy - INFO -   Tree feature importances: [0.01414065 0.13801732 0.07904919 0.13848885 0.00129929 0.46247295
 0.10249325 0.         0.02606683 0.03797168]
2026-02-03 23:58:13,942 - cmab.policy - INFO -   Forest feature importances: [0.1138327  0.1363152  0.08488109 0.05828675 0.01581614 0.40269084
 0.10101096 0.01696353 0.05476423 0.01543856]
2026-02-03 23:58:13,943 - cmab.policy - INFO -   Top 5 predictions from this tree:
2026-02-03 23:58:13,943 - cmab.policy - INFO -     #1: arm=batch_size=100000,header_size=32,cut_condition_type=1,fast_path_timeout=0,k=1, pred=1.058061
2026-02-03 23:58:13,943 - cmab.policy - INFO -     #2: arm=batch_size=100000,header_size=32,cut_condition_type=3,fast_path_timeout=100,k=3, pred=1.058061
2026-02-03 23:58:13,943 - cmab.policy - INFO -     #3: arm=batch_size=100000,header_size=64,cut_condition_type=3,fast_path_timeout=100,k=1, pred=1.058061
2026-02-03 23:58:13,943 - cmab.policy - INFO -     #4: arm=batch_size=100000,header_size=64,cut_condition_type=3,fast_path_timeout=0,k=3, pred=1.058061
2026-02-03 23:58:13,943 - cmab.policy - INFO -     #5: arm=batch_size=100000,header_size=64,cut_condition_type=3,fast_path_timeout=0,k=1, pred=1.058061
2026-02-03 23:58:13,943 - cmab.policy - INFO - 
2026-02-03 23:58:13,943 - cmab.policy - INFO -   Found 16 arms with same max prediction (1.058061), randomly selecting one...
2026-02-03 23:58:13,943 - cmab.policy - INFO - 
2026-02-03 23:58:13,943 - cmab.policy - INFO - ✓ SELECTED ARM: batch_size=100000,header_size=32,cut_condition_type=1,fast_path_timeout=100,k=3 (prediction=1.058061)
2026-02-03 23:58:13,943 - cmab.policy - INFO - ================================================================================
2026-02-03 23:58:13,995 - cmab.trainer - INFO - Updated parameters file: /home/ccclr0302/autobahn-test/benchmark/.parameters-0.json
2026-02-03 23:58:13,995 - cmab.trainer - INFO - 🚩 Created RL parameter update signal file (epoch 18): /tmp/autobahn_rl_param_update_73.signal
2026-02-03 23:58:13,995 - cmab.trainer - INFO - Applied params: {'batch_size': 100000, 'header_size': 32, 'cut_condition_type': 1, 'fast_path_timeout': 100, 'k': 3}
2026-02-03 23:58:13,995 - cmab.trainer - INFO - Waiting for next metrics file...
2026-02-03 23:58:31,945 - cmab.trainer - INFO - Iteration 74 : context=[ 1.7894088  1.6378522 20.         0.         0.       ] arm=batch_size=100000,header_size=32,cut_condition_type=1,fast_path_timeout=100,k=3 params={'batch_size': 100000, 'header_size': 32, 'cut_condition_type': 1, 'fast_path_timeout': 100, 'k': 3}
2026-02-03 23:58:31,945 - cmab.trainer - INFO - Iteration 74 reward=0.875789 avg_reward(20)=0.982737 last_metrics=epoch_74_slot_577.json top_arm=batch_size=100000,header_size=128,cut_condition_type=3,fast_path_timeout=0,k=3 top_ratio=0.11
2026-02-03 23:58:31,948 - cmab.policy - INFO - ================================================================================
2026-02-03 23:58:31,948 - cmab.policy - INFO - SELECT ARM - Detailed Prediction Analysis
2026-02-03 23:58:31,948 - cmab.policy - INFO - Context: [20.         1.6117923  1.7103267  0.         0.       ]
2026-02-03 23:58:31,948 - cmab.policy - INFO - Number of trees in forest: 10
2026-02-03 23:58:31,948 - cmab.policy - INFO - 
2026-02-03 23:58:31,948 - cmab.policy - INFO - Prediction statistics across all trees:
2026-02-03 23:58:31,948 - cmab.policy - INFO -   Mean predictions (top 5 arms): [1.030777, 1.030777, 1.025188, 1.025188, 1.020881]
2026-02-03 23:58:31,948 - cmab.policy - INFO -   Std predictions (top 5 arms): [0.146910, 0.146910, 0.149087, 0.149087, 0.138499]
2026-02-03 23:58:31,948 - cmab.policy - INFO - 
2026-02-03 23:58:31,948 - cmab.policy - INFO - Top 5 arms by mean prediction:
2026-02-03 23:58:31,949 - cmab.policy - INFO -   #1: arm=batch_size=100000,header_size=64,cut_condition_type=3,fast_path_timeout=100,k=3, mean=1.030777, std=0.146910
2026-02-03 23:58:31,949 - cmab.policy - INFO -   #2: arm=batch_size=100000,header_size=32,cut_condition_type=3,fast_path_timeout=100,k=3, mean=1.030777, std=0.146910
2026-02-03 23:58:31,949 - cmab.policy - INFO -   #3: arm=batch_size=100000,header_size=64,cut_condition_type=3,fast_path_timeout=100,k=1, mean=1.025188, std=0.149087
2026-02-03 23:58:31,949 - cmab.policy - INFO -   #4: arm=batch_size=100000,header_size=32,cut_condition_type=3,fast_path_timeout=100,k=1, mean=1.025188, std=0.149087
2026-02-03 23:58:31,949 - cmab.policy - INFO -   #5: arm=batch_size=100000,header_size=32,cut_condition_type=3,fast_path_timeout=0,k=3, mean=1.020881, std=0.138499
2026-02-03 23:58:31,949 - cmab.policy - INFO - 
2026-02-03 23:58:31,949 - cmab.policy - INFO - Selected tree #8 for Thompson Sampling:
2026-02-03 23:58:31,949 - cmab.policy - INFO -   Tree depth: 8
2026-02-03 23:58:31,949 - cmab.policy - INFO -   Tree nodes: 71
2026-02-03 23:58:31,949 - cmab.policy - INFO -   Tree leaves: 36
2026-02-03 23:58:31,949 - cmab.policy - INFO -   Tree shape: (nodes=71, leaves=36, depth=8)
2026-02-03 23:58:31,949 - cmab.policy - INFO -   Tree feature importances: [0.1631504  0.10367083 0.0644697  0.036091   0.         0.43847005
 0.07094874 0.03194472 0.08746807 0.00378649]
2026-02-03 23:58:31,951 - cmab.policy - INFO -   Forest feature importances: [0.1138327  0.1363152  0.08488109 0.05828675 0.01581614 0.40269084
 0.10101096 0.01696353 0.05476423 0.01543856]
2026-02-03 23:58:31,951 - cmab.policy - INFO -   Top 5 predictions from this tree:
2026-02-03 23:58:31,951 - cmab.policy - INFO -     #1: arm=batch_size=100000,header_size=32,cut_condition_type=1,fast_path_timeout=0,k=1, pred=1.248445
2026-02-03 23:58:31,951 - cmab.policy - INFO -     #2: arm=batch_size=100000,header_size=64,cut_condition_type=1,fast_path_timeout=0,k=1, pred=1.248445
2026-02-03 23:58:31,951 - cmab.policy - INFO -     #3: arm=batch_size=100000,header_size=128,cut_condition_type=1,fast_path_timeout=0,k=1, pred=1.248445
2026-02-03 23:58:31,951 - cmab.policy - INFO -     #4: arm=batch_size=100000,header_size=64,cut_condition_type=3,fast_path_timeout=0,k=3, pred=1.248445
2026-02-03 23:58:31,951 - cmab.policy - INFO -     #5: arm=batch_size=100000,header_size=128,cut_condition_type=3,fast_path_timeout=0,k=1, pred=1.248445
2026-02-03 23:58:31,951 - cmab.policy - INFO - 
2026-02-03 23:58:31,951 - cmab.policy - INFO -   Found 12 arms with same max prediction (1.248445), randomly selecting one...
2026-02-03 23:58:31,951 - cmab.policy - INFO - 
2026-02-03 23:58:31,951 - cmab.policy - INFO - ✓ SELECTED ARM: batch_size=100000,header_size=64,cut_condition_type=1,fast_path_timeout=0,k=1 (prediction=1.248445)
2026-02-03 23:58:31,951 - cmab.policy - INFO - ================================================================================
2026-02-03 23:58:31,955 - cmab.trainer - INFO - Updated parameters file: /home/ccclr0302/autobahn-test/benchmark/.parameters-0.json
2026-02-03 23:58:31,956 - cmab.trainer - INFO - 🚩 Created RL parameter update signal file (epoch 19): /tmp/autobahn_rl_param_update_74.signal
2026-02-03 23:58:31,956 - cmab.trainer - INFO - Applied params: {'batch_size': 100000, 'header_size': 64, 'cut_condition_type': 1, 'fast_path_timeout': 0, 'k': 1}
2026-02-03 23:58:31,956 - cmab.trainer - INFO - Waiting for next metrics file...
[Parallel(n_jobs=1)]: Done  10 out of  10 | elapsed:    0.0s finished
[Parallel(n_jobs=1)]: Done  10 out of  10 | elapsed:    0.0s finished
2026-02-03 23:58:44,203 - cmab.policy - INFO - RF Updated: samples=150, MSE=0.012726
2026-02-03 23:58:44,203 - cmab.trainer - INFO - Iteration 75 : context=[20.         1.6117923  1.7103267  0.         0.       ] arm=batch_size=100000,header_size=64,cut_condition_type=1,fast_path_timeout=0,k=1 params={'batch_size': 100000, 'header_size': 64, 'cut_condition_type': 1, 'fast_path_timeout': 0, 'k': 1}
2026-02-03 23:58:44,204 - cmab.trainer - INFO - Iteration 75 reward=0.987816 avg_reward(20)=0.994232 last_metrics=epoch_75_slot_606.json top_arm=batch_size=100000,header_size=128,cut_condition_type=3,fast_path_timeout=0,k=3 top_ratio=0.10
2026-02-03 23:58:44,213 - cmab.trainer - INFO - Saved checkpoint: /tmp/cmab_continuous_checkpoints/cmab_checkpoint_20.pkl
2026-02-03 23:58:44,216 - cmab.policy - INFO - ================================================================================
2026-02-03 23:58:44,216 - cmab.policy - INFO - SELECT ARM - Detailed Prediction Analysis
2026-02-03 23:58:44,216 - cmab.policy - INFO - Context: [11.314078    0.          0.58524704  0.78392905  0.        ]
2026-02-03 23:58:44,216 - cmab.policy - INFO - Number of trees in forest: 10
2026-02-03 23:58:44,216 - cmab.policy - INFO - 
2026-02-03 23:58:44,216 - cmab.policy - INFO - Prediction statistics across all trees:
2026-02-03 23:58:44,216 - cmab.policy - INFO -   Mean predictions (top 5 arms): [1.105514, 1.093543, 1.093543, 1.083429, 1.071459]
2026-02-03 23:58:44,216 - cmab.policy - INFO -   Std predictions (top 5 arms): [0.150828, 0.116261, 0.116261, 0.168962, 0.137065]
2026-02-03 23:58:44,216 - cmab.policy - INFO - 
2026-02-03 23:58:44,216 - cmab.policy - INFO - Top 5 arms by mean prediction:
2026-02-03 23:58:44,216 - cmab.policy - INFO -   #1: arm=batch_size=100000,header_size=32,cut_condition_type=3,fast_path_timeout=0,k=3, mean=1.105514, std=0.150828
2026-02-03 23:58:44,216 - cmab.policy - INFO -   #2: arm=batch_size=100000,header_size=128,cut_condition_type=3,fast_path_timeout=0,k=3, mean=1.093543, std=0.116261
2026-02-03 23:58:44,216 - cmab.policy - INFO -   #3: arm=batch_size=100000,header_size=64,cut_condition_type=3,fast_path_timeout=0,k=3, mean=1.093543, std=0.116261
2026-02-03 23:58:44,216 - cmab.policy - INFO -   #4: arm=batch_size=100000,header_size=32,cut_condition_type=3,fast_path_timeout=100,k=3, mean=1.083429, std=0.168962
2026-02-03 23:58:44,216 - cmab.policy - INFO -   #5: arm=batch_size=100000,header_size=128,cut_condition_type=3,fast_path_timeout=100,k=3, mean=1.071459, std=0.137065
2026-02-03 23:58:44,216 - cmab.policy - INFO - 
2026-02-03 23:58:44,216 - cmab.policy - INFO - Selected tree #8 for Thompson Sampling:
2026-02-03 23:58:44,216 - cmab.policy - INFO -   Tree depth: 12
2026-02-03 23:58:44,216 - cmab.policy - INFO -   Tree nodes: 77
2026-02-03 23:58:44,217 - cmab.policy - INFO -   Tree leaves: 39
2026-02-03 23:58:44,217 - cmab.policy - INFO -   Tree shape: (nodes=77, leaves=39, depth=12)
2026-02-03 23:58:44,217 - cmab.policy - INFO -   Tree feature importances: [0.04852183 0.17437197 0.01508467 0.06290618 0.         0.49714622
 0.07029961 0.00873837 0.09573498 0.02719618]
2026-02-03 23:58:44,218 - cmab.policy - INFO -   Forest feature importances: [0.0842729  0.10992679 0.0815203  0.08480129 0.02299543 0.38136058
 0.09636832 0.03058212 0.06326694 0.04490533]
2026-02-03 23:58:44,219 - cmab.policy - INFO -   Top 5 predictions from this tree:
2026-02-03 23:58:44,219 - cmab.policy - INFO -     #1: arm=batch_size=100000,header_size=64,cut_condition_type=3,fast_path_timeout=0,k=3, pred=1.122119
2026-02-03 23:58:44,219 - cmab.policy - INFO -     #2: arm=batch_size=100000,header_size=32,cut_condition_type=3,fast_path_timeout=100,k=3, pred=1.122119
2026-02-03 23:58:44,219 - cmab.policy - INFO -     #3: arm=batch_size=100000,header_size=128,cut_condition_type=3,fast_path_timeout=0,k=3, pred=1.122119
2026-02-03 23:58:44,219 - cmab.policy - INFO -     #4: arm=batch_size=100000,header_size=128,cut_condition_type=1,fast_path_timeout=100,k=3, pred=1.122119
2026-02-03 23:58:44,219 - cmab.policy - INFO -     #5: arm=batch_size=100000,header_size=128,cut_condition_type=1,fast_path_timeout=0,k=3, pred=1.122119
2026-02-03 23:58:44,219 - cmab.policy - INFO - 
2026-02-03 23:58:44,219 - cmab.policy - INFO -   Found 12 arms with same max prediction (1.122119), randomly selecting one...
2026-02-03 23:58:44,219 - cmab.policy - INFO - 
2026-02-03 23:58:44,219 - cmab.policy - INFO - ✓ SELECTED ARM: batch_size=100000,header_size=64,cut_condition_type=3,fast_path_timeout=100,k=3 (prediction=1.122119)
2026-02-03 23:58:44,219 - cmab.policy - INFO - ================================================================================
2026-02-03 23:58:44,222 - cmab.trainer - INFO - Updated parameters file: /home/ccclr0302/autobahn-test/benchmark/.parameters-0.json
2026-02-03 23:58:44,222 - cmab.trainer - INFO - 🚩 Created RL parameter update signal file (epoch 20): /tmp/autobahn_rl_param_update_75.signal
2026-02-03 23:58:44,222 - cmab.trainer - INFO - Applied params: {'batch_size': 100000, 'header_size': 64, 'cut_condition_type': 3, 'fast_path_timeout': 100, 'k': 3}
2026-02-03 23:58:44,222 - cmab.trainer - INFO - Waiting for next metrics file...
2026-02-03 23:59:04,579 - cmab.trainer - INFO - Iteration 76 : context=[11.314078    0.          0.58524704  0.78392905  0.        ] arm=batch_size=100000,header_size=64,cut_condition_type=3,fast_path_timeout=100,k=3 params={'batch_size': 100000, 'header_size': 64, 'cut_condition_type': 3, 'fast_path_timeout': 100, 'k': 3}
2026-02-03 23:59:04,579 - cmab.trainer - INFO - Iteration 76 reward=0.979884 avg_reward(20)=0.992004 last_metrics=epoch_76_slot_636.json top_arm=batch_size=100000,header_size=128,cut_condition_type=3,fast_path_timeout=0,k=3 top_ratio=0.10
2026-02-03 23:59:04,582 - cmab.policy - INFO - ================================================================================
2026-02-03 23:59:04,582 - cmab.policy - INFO - SELECT ARM - Detailed Prediction Analysis
2026-02-03 23:59:04,582 - cmab.policy - INFO - Context: [ 0.674049  11.2880535  0.         0.6324254  0.       ]
2026-02-03 23:59:04,582 - cmab.policy - INFO - Number of trees in forest: 10
2026-02-03 23:59:04,582 - cmab.policy - INFO - 
2026-02-03 23:59:04,582 - cmab.policy - INFO - Prediction statistics across all trees:
2026-02-03 23:59:04,582 - cmab.policy - INFO -   Mean predictions (top 5 arms): [1.272924, 1.272924, 1.256386, 1.256386, 1.223182]
2026-02-03 23:59:04,582 - cmab.policy - INFO -   Std predictions (top 5 arms): [0.095664, 0.095664, 0.096548, 0.096548, 0.105540]
2026-02-03 23:59:04,582 - cmab.policy - INFO - 
2026-02-03 23:59:04,582 - cmab.policy - INFO - Top 5 arms by mean prediction:
2026-02-03 23:59:04,582 - cmab.policy - INFO -   #1: arm=batch_size=100000,header_size=32,cut_condition_type=3,fast_path_timeout=0,k=3, mean=1.272924, std=0.095664
2026-02-03 23:59:04,582 - cmab.policy - INFO -   #2: arm=batch_size=100000,header_size=32,cut_condition_type=3,fast_path_timeout=100,k=3, mean=1.272924, std=0.095664
2026-02-03 23:59:04,582 - cmab.policy - INFO -   #3: arm=batch_size=100000,header_size=64,cut_condition_type=3,fast_path_timeout=0,k=3, mean=1.256386, std=0.096548
2026-02-03 23:59:04,582 - cmab.policy - INFO -   #4: arm=batch_size=100000,header_size=64,cut_condition_type=3,fast_path_timeout=100,k=3, mean=1.256386, std=0.096548
2026-02-03 23:59:04,582 - cmab.policy - INFO -   #5: arm=batch_size=100000,header_size=128,cut_condition_type=3,fast_path_timeout=100,k=3, mean=1.223182, std=0.105540
2026-02-03 23:59:04,582 - cmab.policy - INFO - 
2026-02-03 23:59:04,582 - cmab.policy - INFO - Selected tree #4 for Thompson Sampling:
2026-02-03 23:59:04,583 - cmab.policy - INFO -   Tree depth: 10
2026-02-03 23:59:04,583 - cmab.policy - INFO -   Tree nodes: 77
2026-02-03 23:59:04,583 - cmab.policy - INFO -   Tree leaves: 39
2026-02-03 23:59:04,583 - cmab.policy - INFO -   Tree shape: (nodes=77, leaves=39, depth=10)
2026-02-03 23:59:04,583 - cmab.policy - INFO -   Tree feature importances: [0.04095783 0.0696042  0.09559661 0.09175258 0.05044803 0.4213361
 0.07704046 0.04957731 0.0556921  0.04799477]
2026-02-03 23:59:04,585 - cmab.policy - INFO -   Forest feature importances: [0.0842729  0.10992679 0.0815203  0.08480129 0.02299543 0.38136058
 0.09636832 0.03058212 0.06326694 0.04490533]
2026-02-03 23:59:04,585 - cmab.policy - INFO -   Top 5 predictions from this tree:
2026-02-03 23:59:04,585 - cmab.policy - INFO -     #1: arm=batch_size=100000,header_size=32,cut_condition_type=3,fast_path_timeout=100,k=1, pred=1.245358
2026-02-03 23:59:04,585 - cmab.policy - INFO -     #2: arm=batch_size=100000,header_size=128,cut_condition_type=3,fast_path_timeout=0,k=1, pred=1.245358
2026-02-03 23:59:04,585 - cmab.policy - INFO -     #3: arm=batch_size=100000,header_size=64,cut_condition_type=3,fast_path_timeout=100,k=1, pred=1.245358
2026-02-03 23:59:04,585 - cmab.policy - INFO -     #4: arm=batch_size=100000,header_size=32,cut_condition_type=3,fast_path_timeout=0,k=1, pred=1.245358
2026-02-03 23:59:04,585 - cmab.policy - INFO -     #5: arm=batch_size=100000,header_size=64,cut_condition_type=3,fast_path_timeout=0,k=1, pred=1.245358
2026-02-03 23:59:04,585 - cmab.policy - INFO - 
2026-02-03 23:59:04,585 - cmab.policy - INFO -   Found 6 arms with same max prediction (1.245358), randomly selecting one...
2026-02-03 23:59:04,585 - cmab.policy - INFO - 
2026-02-03 23:59:04,585 - cmab.policy - INFO - ✓ SELECTED ARM: batch_size=100000,header_size=64,cut_condition_type=3,fast_path_timeout=100,k=1 (prediction=1.245358)
2026-02-03 23:59:04,585 - cmab.policy - INFO - ================================================================================
2026-02-03 23:59:04,633 - cmab.trainer - INFO - Updated parameters file: /home/ccclr0302/autobahn-test/benchmark/.parameters-0.json
2026-02-03 23:59:04,633 - cmab.trainer - INFO - 🚩 Created RL parameter update signal file (epoch 21): /tmp/autobahn_rl_param_update_76.signal
2026-02-03 23:59:04,633 - cmab.trainer - INFO - Applied params: {'batch_size': 100000, 'header_size': 64, 'cut_condition_type': 3, 'fast_path_timeout': 100, 'k': 1}
2026-02-03 23:59:04,633 - cmab.trainer - INFO - Waiting for next metrics file...
2026-02-03 23:59:24,589 - cmab.trainer - INFO - Iteration 77 : context=[ 0.674049  11.2880535  0.         0.6324254  0.       ] arm=batch_size=100000,header_size=64,cut_condition_type=3,fast_path_timeout=100,k=1 params={'batch_size': 100000, 'header_size': 64, 'cut_condition_type': 3, 'fast_path_timeout': 100, 'k': 1}
2026-02-03 23:59:24,589 - cmab.trainer - INFO - Iteration 77 reward=1.071451 avg_reward(20)=0.999893 last_metrics=epoch_77_slot_666.json top_arm=batch_size=100000,header_size=64,cut_condition_type=3,fast_path_timeout=100,k=1 top_ratio=0.14
2026-02-03 23:59:24,592 - cmab.policy - INFO - ================================================================================
2026-02-03 23:59:24,592 - cmab.policy - INFO - SELECT ARM - Detailed Prediction Analysis
2026-02-03 23:59:24,592 - cmab.policy - INFO - Context: [11.1779995  0.         0.5993291  0.6622974  0.       ]
2026-02-03 23:59:24,592 - cmab.policy - INFO - Number of trees in forest: 10
2026-02-03 23:59:24,592 - cmab.policy - INFO - 
2026-02-03 23:59:24,592 - cmab.policy - INFO - Prediction statistics across all trees:
2026-02-03 23:59:24,592 - cmab.policy - INFO -   Mean predictions (top 5 arms): [1.105514, 1.093543, 1.093543, 1.083429, 1.071459]
2026-02-03 23:59:24,592 - cmab.policy - INFO -   Std predictions (top 5 arms): [0.150828, 0.116261, 0.116261, 0.168962, 0.137065]
2026-02-03 23:59:24,592 - cmab.policy - INFO - 
2026-02-03 23:59:24,592 - cmab.policy - INFO - Top 5 arms by mean prediction:
2026-02-03 23:59:24,592 - cmab.policy - INFO -   #1: arm=batch_size=100000,header_size=32,cut_condition_type=3,fast_path_timeout=0,k=3, mean=1.105514, std=0.150828
2026-02-03 23:59:24,592 - cmab.policy - INFO -   #2: arm=batch_size=100000,header_size=128,cut_condition_type=3,fast_path_timeout=0,k=3, mean=1.093543, std=0.116261
2026-02-03 23:59:24,592 - cmab.policy - INFO -   #3: arm=batch_size=100000,header_size=64,cut_condition_type=3,fast_path_timeout=0,k=3, mean=1.093543, std=0.116261
2026-02-03 23:59:24,592 - cmab.policy - INFO -   #4: arm=batch_size=100000,header_size=32,cut_condition_type=3,fast_path_timeout=100,k=3, mean=1.083429, std=0.168962
2026-02-03 23:59:24,592 - cmab.policy - INFO -   #5: arm=batch_size=100000,header_size=128,cut_condition_type=3,fast_path_timeout=100,k=3, mean=1.071459, std=0.137065
2026-02-03 23:59:24,592 - cmab.policy - INFO - 
2026-02-03 23:59:24,592 - cmab.policy - INFO - Selected tree #7 for Thompson Sampling:
2026-02-03 23:59:24,592 - cmab.policy - INFO -   Tree depth: 9
2026-02-03 23:59:24,593 - cmab.policy - INFO -   Tree nodes: 75
2026-02-03 23:59:24,593 - cmab.policy - INFO -   Tree leaves: 38
2026-02-03 23:59:24,593 - cmab.policy - INFO -   Tree shape: (nodes=75, leaves=38, depth=9)
2026-02-03 23:59:24,593 - cmab.policy - INFO -   Tree feature importances: [0.0716795  0.08722586 0.02786161 0.09158366 0.         0.38239673
 0.20517677 0.06391071 0.06030677 0.0098584 ]
2026-02-03 23:59:24,595 - cmab.policy - INFO -   Forest feature importances: [0.0842729  0.10992679 0.0815203  0.08480129 0.02299543 0.38136058
 0.09636832 0.03058212 0.06326694 0.04490533]
2026-02-03 23:59:24,595 - cmab.policy - INFO -   Top 5 predictions from this tree:
2026-02-03 23:59:24,595 - cmab.policy - INFO -     #1: arm=batch_size=100000,header_size=128,cut_condition_type=3,fast_path_timeout=100,k=3, pred=1.132696
2026-02-03 23:59:24,595 - cmab.policy - INFO -     #2: arm=batch_size=100000,header_size=128,cut_condition_type=3,fast_path_timeout=100,k=1, pred=1.132696
2026-02-03 23:59:24,595 - cmab.policy - INFO -     #3: arm=batch_size=100000,header_size=64,cut_condition_type=3,fast_path_timeout=100,k=3, pred=1.132696
2026-02-03 23:59:24,595 - cmab.policy - INFO -     #4: arm=batch_size=100000,header_size=64,cut_condition_type=3,fast_path_timeout=100,k=1, pred=1.132696
2026-02-03 23:59:24,595 - cmab.policy - INFO -     #5: arm=batch_size=100000,header_size=128,cut_condition_type=3,fast_path_timeout=0,k=3, pred=1.132696
2026-02-03 23:59:24,595 - cmab.policy - INFO - 
2026-02-03 23:59:24,595 - cmab.policy - INFO -   Found 8 arms with same max prediction (1.132696), randomly selecting one...
2026-02-03 23:59:24,595 - cmab.policy - INFO - 
2026-02-03 23:59:24,595 - cmab.policy - INFO - ✓ SELECTED ARM: batch_size=100000,header_size=128,cut_condition_type=3,fast_path_timeout=0,k=1 (prediction=1.132696)
2026-02-03 23:59:24,595 - cmab.policy - INFO - ================================================================================
2026-02-03 23:59:24,598 - cmab.trainer - INFO - Updated parameters file: /home/ccclr0302/autobahn-test/benchmark/.parameters-0.json
2026-02-03 23:59:24,598 - cmab.trainer - INFO - 🚩 Created RL parameter update signal file (epoch 22): /tmp/autobahn_rl_param_update_77.signal
2026-02-03 23:59:24,598 - cmab.trainer - INFO - Applied params: {'batch_size': 100000, 'header_size': 128, 'cut_condition_type': 3, 'fast_path_timeout': 0, 'k': 1}
2026-02-03 23:59:24,599 - cmab.trainer - INFO - Waiting for next metrics file...
2026-02-03 23:59:49,769 - cmab.trainer - INFO - Iteration 78 : context=[11.1779995  0.         0.5993291  0.6622974  0.       ] arm=batch_size=100000,header_size=128,cut_condition_type=3,fast_path_timeout=0,k=1 params={'batch_size': 100000, 'header_size': 128, 'cut_condition_type': 3, 'fast_path_timeout': 0, 'k': 1}
2026-02-03 23:59:49,769 - cmab.trainer - INFO - Iteration 78 reward=1.036857 avg_reward(20)=0.996970 last_metrics=epoch_78_slot_696.json top_arm=batch_size=100000,header_size=64,cut_condition_type=3,fast_path_timeout=100,k=1 top_ratio=0.13
2026-02-03 23:59:49,772 - cmab.policy - INFO - ================================================================================
2026-02-03 23:59:49,772 - cmab.policy - INFO - SELECT ARM - Detailed Prediction Analysis
2026-02-03 23:59:49,772 - cmab.policy - INFO - Context: [0.16958652 5.4415536  0.         0.13347717 0.        ]
2026-02-03 23:59:49,772 - cmab.policy - INFO - Number of trees in forest: 10
2026-02-03 23:59:49,772 - cmab.policy - INFO - 
2026-02-03 23:59:49,772 - cmab.policy - INFO - Prediction statistics across all trees:
2026-02-03 23:59:49,772 - cmab.policy - INFO -   Mean predictions (top 5 arms): [1.289125, 1.289125, 1.285346, 1.285346, 1.252142]
2026-02-03 23:59:49,772 - cmab.policy - INFO -   Std predictions (top 5 arms): [0.170447, 0.170447, 0.167988, 0.167988, 0.178774]
2026-02-03 23:59:49,772 - cmab.policy - INFO - 
2026-02-03 23:59:49,772 - cmab.policy - INFO - Top 5 arms by mean prediction:
2026-02-03 23:59:49,772 - cmab.policy - INFO -   #1: arm=batch_size=100000,header_size=32,cut_condition_type=3,fast_path_timeout=0,k=3, mean=1.289125, std=0.170447
2026-02-03 23:59:49,772 - cmab.policy - INFO -   #2: arm=batch_size=100000,header_size=32,cut_condition_type=3,fast_path_timeout=100,k=3, mean=1.289125, std=0.170447
2026-02-03 23:59:49,772 - cmab.policy - INFO -   #3: arm=batch_size=100000,header_size=64,cut_condition_type=3,fast_path_timeout=100,k=3, mean=1.285346, std=0.167988
2026-02-03 23:59:49,772 - cmab.policy - INFO -   #4: arm=batch_size=100000,header_size=64,cut_condition_type=3,fast_path_timeout=0,k=3, mean=1.285346, std=0.167988
2026-02-03 23:59:49,772 - cmab.policy - INFO -   #5: arm=batch_size=100000,header_size=128,cut_condition_type=3,fast_path_timeout=0,k=3, mean=1.252142, std=0.178774
2026-02-03 23:59:49,772 - cmab.policy - INFO - 
2026-02-03 23:59:49,772 - cmab.policy - INFO - Selected tree #8 for Thompson Sampling:
2026-02-03 23:59:49,772 - cmab.policy - INFO -   Tree depth: 12
2026-02-03 23:59:49,772 - cmab.policy - INFO -   Tree nodes: 77
2026-02-03 23:59:49,772 - cmab.policy - INFO -   Tree leaves: 39
2026-02-03 23:59:49,773 - cmab.policy - INFO -   Tree shape: (nodes=77, leaves=39, depth=12)
2026-02-03 23:59:49,773 - cmab.policy - INFO -   Tree feature importances: [0.04852183 0.17437197 0.01508467 0.06290618 0.         0.49714622
 0.07029961 0.00873837 0.09573498 0.02719618]
2026-02-03 23:59:49,774 - cmab.policy - INFO -   Forest feature importances: [0.0842729  0.10992679 0.0815203  0.08480129 0.02299543 0.38136058
 0.09636832 0.03058212 0.06326694 0.04490533]
2026-02-03 23:59:49,775 - cmab.policy - INFO -   Top 5 predictions from this tree:
2026-02-03 23:59:49,775 - cmab.policy - INFO -     #1: arm=batch_size=100000,header_size=128,cut_condition_type=3,fast_path_timeout=100,k=1, pred=1.347455
2026-02-03 23:59:49,775 - cmab.policy - INFO -     #2: arm=batch_size=100000,header_size=128,cut_condition_type=3,fast_path_timeout=100,k=3, pred=1.347455
2026-02-03 23:59:49,775 - cmab.policy - INFO -     #3: arm=batch_size=100000,header_size=64,cut_condition_type=3,fast_path_timeout=100,k=3, pred=1.347455
2026-02-03 23:59:49,775 - cmab.policy - INFO -     #4: arm=batch_size=100000,header_size=64,cut_condition_type=3,fast_path_timeout=100,k=1, pred=1.347455
2026-02-03 23:59:49,775 - cmab.policy - INFO -     #5: arm=batch_size=100000,header_size=32,cut_condition_type=3,fast_path_timeout=0,k=1, pred=1.347455
2026-02-03 23:59:49,775 - cmab.policy - INFO - 
2026-02-03 23:59:49,775 - cmab.policy - INFO -   Found 12 arms with same max prediction (1.347455), randomly selecting one...
2026-02-03 23:59:49,775 - cmab.policy - INFO - 
2026-02-03 23:59:49,775 - cmab.policy - INFO - ✓ SELECTED ARM: batch_size=100000,header_size=64,cut_condition_type=3,fast_path_timeout=0,k=3 (prediction=1.347455)
2026-02-03 23:59:49,775 - cmab.policy - INFO - ================================================================================
2026-02-03 23:59:49,778 - cmab.trainer - INFO - Updated parameters file: /home/ccclr0302/autobahn-test/benchmark/.parameters-0.json
2026-02-03 23:59:49,778 - cmab.trainer - INFO - 🚩 Created RL parameter update signal file (epoch 23): /tmp/autobahn_rl_param_update_78.signal
2026-02-03 23:59:49,778 - cmab.trainer - INFO - Applied params: {'batch_size': 100000, 'header_size': 64, 'cut_condition_type': 3, 'fast_path_timeout': 0, 'k': 3}
2026-02-03 23:59:49,778 - cmab.trainer - INFO - Waiting for next metrics file...
2026-02-04 00:00:10,925 - cmab.trainer - INFO - Iteration 79 : context=[0.16958652 5.4415536  0.         0.13347717 0.        ] arm=batch_size=100000,header_size=64,cut_condition_type=3,fast_path_timeout=0,k=3 params={'batch_size': 100000, 'header_size': 64, 'cut_condition_type': 3, 'fast_path_timeout': 0, 'k': 3}
2026-02-04 00:00:10,926 - cmab.trainer - INFO - Iteration 79 reward=1.303734 avg_reward(20)=1.019554 last_metrics=epoch_79_slot_726.json top_arm=batch_size=100000,header_size=64,cut_condition_type=3,fast_path_timeout=100,k=1 top_ratio=0.12
2026-02-04 00:00:10,928 - cmab.policy - INFO - ================================================================================
2026-02-04 00:00:10,967 - cmab.policy - INFO - SELECT ARM - Detailed Prediction Analysis
2026-02-04 00:00:10,967 - cmab.policy - INFO - Context: [ 0.5811936  11.278615    0.          0.64302844  0.        ]
2026-02-04 00:00:10,967 - cmab.policy - INFO - Number of trees in forest: 10
2026-02-04 00:00:10,967 - cmab.policy - INFO - 
2026-02-04 00:00:10,967 - cmab.policy - INFO - Prediction statistics across all trees:
2026-02-04 00:00:10,967 - cmab.policy - INFO -   Mean predictions (top 5 arms): [1.272924, 1.272924, 1.256386, 1.256386, 1.223182]
2026-02-04 00:00:10,967 - cmab.policy - INFO -   Std predictions (top 5 arms): [0.095664, 0.095664, 0.096548, 0.096548, 0.105540]
2026-02-04 00:00:10,967 - cmab.policy - INFO - 
2026-02-04 00:00:10,967 - cmab.policy - INFO - Top 5 arms by mean prediction:
2026-02-04 00:00:10,967 - cmab.policy - INFO -   #1: arm=batch_size=100000,header_size=32,cut_condition_type=3,fast_path_timeout=0,k=3, mean=1.272924, std=0.095664
2026-02-04 00:00:10,967 - cmab.policy - INFO -   #2: arm=batch_size=100000,header_size=32,cut_condition_type=3,fast_path_timeout=100,k=3, mean=1.272924, std=0.095664
2026-02-04 00:00:10,967 - cmab.policy - INFO -   #3: arm=batch_size=100000,header_size=64,cut_condition_type=3,fast_path_timeout=0,k=3, mean=1.256386, std=0.096548
2026-02-04 00:00:10,967 - cmab.policy - INFO -   #4: arm=batch_size=100000,header_size=64,cut_condition_type=3,fast_path_timeout=100,k=3, mean=1.256386, std=0.096548
2026-02-04 00:00:10,967 - cmab.policy - INFO -   #5: arm=batch_size=100000,header_size=128,cut_condition_type=3,fast_path_timeout=100,k=3, mean=1.223182, std=0.105540
2026-02-04 00:00:10,967 - cmab.policy - INFO - 
2026-02-04 00:00:10,967 - cmab.policy - INFO - Selected tree #4 for Thompson Sampling:
2026-02-04 00:00:10,968 - cmab.policy - INFO -   Tree depth: 10
2026-02-04 00:00:10,968 - cmab.policy - INFO -   Tree nodes: 77
2026-02-04 00:00:10,968 - cmab.policy - INFO -   Tree leaves: 39
2026-02-04 00:00:10,968 - cmab.policy - INFO -   Tree shape: (nodes=77, leaves=39, depth=10)
2026-02-04 00:00:10,968 - cmab.policy - INFO -   Tree feature importances: [0.04095783 0.0696042  0.09559661 0.09175258 0.05044803 0.4213361
 0.07704046 0.04957731 0.0556921  0.04799477]
2026-02-04 00:00:10,970 - cmab.policy - INFO -   Forest feature importances: [0.0842729  0.10992679 0.0815203  0.08480129 0.02299543 0.38136058
 0.09636832 0.03058212 0.06326694 0.04490533]
2026-02-04 00:00:10,970 - cmab.policy - INFO -   Top 5 predictions from this tree:
2026-02-04 00:00:10,970 - cmab.policy - INFO -     #1: arm=batch_size=100000,header_size=32,cut_condition_type=3,fast_path_timeout=100,k=1, pred=1.245358
2026-02-04 00:00:10,970 - cmab.policy - INFO -     #2: arm=batch_size=100000,header_size=128,cut_condition_type=3,fast_path_timeout=0,k=1, pred=1.245358
2026-02-04 00:00:10,970 - cmab.policy - INFO -     #3: arm=batch_size=100000,header_size=64,cut_condition_type=3,fast_path_timeout=100,k=1, pred=1.245358
2026-02-04 00:00:10,970 - cmab.policy - INFO -     #4: arm=batch_size=100000,header_size=32,cut_condition_type=3,fast_path_timeout=0,k=1, pred=1.245358
2026-02-04 00:00:10,970 - cmab.policy - INFO -     #5: arm=batch_size=100000,header_size=64,cut_condition_type=3,fast_path_timeout=0,k=1, pred=1.245358
2026-02-04 00:00:10,970 - cmab.policy - INFO - 
2026-02-04 00:00:10,970 - cmab.policy - INFO -   Found 6 arms with same max prediction (1.245358), randomly selecting one...
2026-02-04 00:00:10,970 - cmab.policy - INFO - 
2026-02-04 00:00:10,970 - cmab.policy - INFO - ✓ SELECTED ARM: batch_size=100000,header_size=32,cut_condition_type=3,fast_path_timeout=100,k=1 (prediction=1.245358)
2026-02-04 00:00:10,970 - cmab.policy - INFO - ================================================================================
2026-02-04 00:00:11,182 - cmab.trainer - INFO - Updated parameters file: /home/ccclr0302/autobahn-test/benchmark/.parameters-0.json
2026-02-04 00:00:11,182 - cmab.trainer - INFO - 🚩 Created RL parameter update signal file (epoch 24): /tmp/autobahn_rl_param_update_79.signal
2026-02-04 00:00:11,182 - cmab.trainer - INFO - Applied params: {'batch_size': 100000, 'header_size': 32, 'cut_condition_type': 3, 'fast_path_timeout': 100, 'k': 1}
2026-02-04 00:00:11,182 - cmab.trainer - INFO - Waiting for next metrics file...
[Parallel(n_jobs=1)]: Done  10 out of  10 | elapsed:    0.0s finished
[Parallel(n_jobs=1)]: Done  10 out of  10 | elapsed:    0.0s finished
2026-02-04 00:00:32,255 - cmab.policy - INFO - RF Updated: samples=155, MSE=0.011558
2026-02-04 00:00:32,255 - cmab.trainer - INFO - Iteration 80 : context=[ 0.5811936  11.278615    0.          0.64302844  0.        ] arm=batch_size=100000,header_size=32,cut_condition_type=3,fast_path_timeout=100,k=1 params={'batch_size': 100000, 'header_size': 32, 'cut_condition_type': 3, 'fast_path_timeout': 100, 'k': 1}
2026-02-04 00:00:32,256 - cmab.trainer - INFO - Iteration 80 reward=0.938307 avg_reward(20)=1.018438 last_metrics=epoch_80_slot_756.json top_arm=batch_size=100000,header_size=64,cut_condition_type=3,fast_path_timeout=100,k=1 top_ratio=0.12
2026-02-04 00:00:32,258 - cmab.policy - INFO - ================================================================================
2026-02-04 00:00:32,258 - cmab.policy - INFO - SELECT ARM - Detailed Prediction Analysis
2026-02-04 00:00:32,258 - cmab.policy - INFO - Context: [ 1.6206201  1.7088281 20.         0.         0.       ]
2026-02-04 00:00:32,258 - cmab.policy - INFO - Number of trees in forest: 10
2026-02-04 00:00:32,258 - cmab.policy - INFO - 
2026-02-04 00:00:32,258 - cmab.policy - INFO - Prediction statistics across all trees:
2026-02-04 00:00:32,258 - cmab.policy - INFO -   Mean predictions (top 5 arms): [0.953133, 0.953133, 0.945699, 0.945699, 0.939657]
2026-02-04 00:00:32,258 - cmab.policy - INFO -   Std predictions (top 5 arms): [0.083939, 0.083939, 0.070948, 0.070948, 0.089772]
2026-02-04 00:00:32,258 - cmab.policy - INFO - 
2026-02-04 00:00:32,258 - cmab.policy - INFO - Top 5 arms by mean prediction:
2026-02-04 00:00:32,258 - cmab.policy - INFO -   #1: arm=batch_size=100000,header_size=64,cut_condition_type=3,fast_path_timeout=100,k=1, mean=0.953133, std=0.083939
2026-02-04 00:00:32,258 - cmab.policy - INFO -   #2: arm=batch_size=100000,header_size=64,cut_condition_type=3,fast_path_timeout=0,k=1, mean=0.953133, std=0.083939
2026-02-04 00:00:32,258 - cmab.policy - INFO -   #3: arm=batch_size=100000,header_size=64,cut_condition_type=3,fast_path_timeout=0,k=3, mean=0.945699, std=0.070948
2026-02-04 00:00:32,258 - cmab.policy - INFO -   #4: arm=batch_size=100000,header_size=64,cut_condition_type=3,fast_path_timeout=100,k=3, mean=0.945699, std=0.070948
2026-02-04 00:00:32,259 - cmab.policy - INFO -   #5: arm=batch_size=100000,header_size=64,cut_condition_type=1,fast_path_timeout=0,k=1, mean=0.939657, std=0.089772
2026-02-04 00:00:32,259 - cmab.policy - INFO - 
2026-02-04 00:00:32,259 - cmab.policy - INFO - Selected tree #7 for Thompson Sampling:
2026-02-04 00:00:32,259 - cmab.policy - INFO -   Tree depth: 9
2026-02-04 00:00:32,259 - cmab.policy - INFO -   Tree nodes: 83
2026-02-04 00:00:32,259 - cmab.policy - INFO -   Tree leaves: 42
2026-02-04 00:00:32,259 - cmab.policy - INFO -   Tree shape: (nodes=83, leaves=42, depth=9)
2026-02-04 00:00:32,259 - cmab.policy - INFO -   Tree feature importances: [0.19953512 0.14536363 0.03333901 0.08232801 0.06921541 0.24572759
 0.10842036 0.01057213 0.10041809 0.00508067]
2026-02-04 00:00:32,261 - cmab.policy - INFO -   Forest feature importances: [0.10128218 0.14199553 0.08931442 0.0901072  0.02053246 0.35980955
 0.10461049 0.00966318 0.05304835 0.02963663]
2026-02-04 00:00:32,261 - cmab.policy - INFO -   Top 5 predictions from this tree:
2026-02-04 00:00:32,261 - cmab.policy - INFO -     #1: arm=batch_size=100000,header_size=32,cut_condition_type=1,fast_path_timeout=0,k=1, pred=0.948585
2026-02-04 00:00:32,261 - cmab.policy - INFO -     #2: arm=batch_size=100000,header_size=64,cut_condition_type=1,fast_path_timeout=100,k=1, pred=0.948585
2026-02-04 00:00:32,261 - cmab.policy - INFO -     #3: arm=batch_size=100000,header_size=32,cut_condition_type=1,fast_path_timeout=100,k=1, pred=0.948585
2026-02-04 00:00:32,261 - cmab.policy - INFO -     #4: arm=batch_size=100000,header_size=64,cut_condition_type=3,fast_path_timeout=100,k=1, pred=0.948585
2026-02-04 00:00:32,261 - cmab.policy - INFO -     #5: arm=batch_size=100000,header_size=32,cut_condition_type=3,fast_path_timeout=0,k=1, pred=0.948585
2026-02-04 00:00:32,261 - cmab.policy - INFO - 
2026-02-04 00:00:32,261 - cmab.policy - INFO -   Found 8 arms with same max prediction (0.948585), randomly selecting one...
2026-02-04 00:00:32,261 - cmab.policy - INFO - 
2026-02-04 00:00:32,261 - cmab.policy - INFO - ✓ SELECTED ARM: batch_size=100000,header_size=64,cut_condition_type=3,fast_path_timeout=100,k=1 (prediction=0.948585)
2026-02-04 00:00:32,261 - cmab.policy - INFO - ================================================================================
2026-02-04 00:00:32,264 - cmab.trainer - INFO - Updated parameters file: /home/ccclr0302/autobahn-test/benchmark/.parameters-0.json
2026-02-04 00:00:32,264 - cmab.trainer - INFO - 🚩 Created RL parameter update signal file (epoch 25): /tmp/autobahn_rl_param_update_80.signal
2026-02-04 00:00:32,265 - cmab.trainer - INFO - Applied params: {'batch_size': 100000, 'header_size': 64, 'cut_condition_type': 3, 'fast_path_timeout': 100, 'k': 1}
2026-02-04 00:00:32,265 - cmab.trainer - INFO - Waiting for next metrics file...
2026-02-04 00:00:50,617 - cmab.trainer - INFO - Iteration 81 : context=[ 1.6206201  1.7088281 20.         0.         0.       ] arm=batch_size=100000,header_size=64,cut_condition_type=3,fast_path_timeout=100,k=1 params={'batch_size': 100000, 'header_size': 64, 'cut_condition_type': 3, 'fast_path_timeout': 100, 'k': 1}
2026-02-04 00:00:50,617 - cmab.trainer - INFO - Iteration 81 reward=1.079037 avg_reward(20)=1.007556 last_metrics=epoch_81_slot_786.json top_arm=batch_size=100000,header_size=64,cut_condition_type=3,fast_path_timeout=100,k=1 top_ratio=0.15
2026-02-04 00:00:50,620 - cmab.policy - INFO - ================================================================================
2026-02-04 00:00:50,620 - cmab.policy - INFO - SELECT ARM - Detailed Prediction Analysis
2026-02-04 00:00:50,620 - cmab.policy - INFO - Context: [ 0.         11.282752    0.64340055  0.5815438   0.        ]
2026-02-04 00:00:50,620 - cmab.policy - INFO - Number of trees in forest: 10
2026-02-04 00:00:50,620 - cmab.policy - INFO - 
2026-02-04 00:00:50,620 - cmab.policy - INFO - Prediction statistics across all trees:
2026-02-04 00:00:50,620 - cmab.policy - INFO -   Mean predictions (top 5 arms): [1.114082, 1.107292, 1.090139, 1.084645, 1.083349]
2026-02-04 00:00:50,620 - cmab.policy - INFO -   Std predictions (top 5 arms): [0.180630, 0.170115, 0.145673, 0.148948, 0.131177]
2026-02-04 00:00:50,620 - cmab.policy - INFO - 
2026-02-04 00:00:50,620 - cmab.policy - INFO - Top 5 arms by mean prediction:
2026-02-04 00:00:50,620 - cmab.policy - INFO -   #1: arm=batch_size=100000,header_size=32,cut_condition_type=3,fast_path_timeout=100,k=3, mean=1.114082, std=0.180630
2026-02-04 00:00:50,620 - cmab.policy - INFO -   #2: arm=batch_size=100000,header_size=64,cut_condition_type=3,fast_path_timeout=100,k=3, mean=1.107292, std=0.170115
2026-02-04 00:00:50,620 - cmab.policy - INFO -   #3: arm=batch_size=100000,header_size=32,cut_condition_type=3,fast_path_timeout=0,k=3, mean=1.090139, std=0.145673
2026-02-04 00:00:50,620 - cmab.policy - INFO -   #4: arm=batch_size=100000,header_size=32,cut_condition_type=1,fast_path_timeout=0,k=3, mean=1.084645, std=0.148948
2026-02-04 00:00:50,620 - cmab.policy - INFO -   #5: arm=batch_size=100000,header_size=64,cut_condition_type=3,fast_path_timeout=0,k=3, mean=1.083349, std=0.131177
2026-02-04 00:00:50,620 - cmab.policy - INFO - 
2026-02-04 00:00:50,621 - cmab.policy - INFO - Selected tree #10 for Thompson Sampling:
2026-02-04 00:00:50,621 - cmab.policy - INFO -   Tree depth: 12
2026-02-04 00:00:50,621 - cmab.policy - INFO -   Tree nodes: 91
2026-02-04 00:00:50,621 - cmab.policy - INFO -   Tree leaves: 46
2026-02-04 00:00:50,621 - cmab.policy - INFO -   Tree shape: (nodes=91, leaves=46, depth=12)
2026-02-04 00:00:50,621 - cmab.policy - INFO -   Tree feature importances: [0.0120291  0.18997443 0.28555284 0.0671901  0.         0.27343652
 0.09153022 0.02559397 0.03994247 0.01475035]
2026-02-04 00:00:50,623 - cmab.policy - INFO -   Forest feature importances: [0.10128218 0.14199553 0.08931442 0.0901072  0.02053246 0.35980955
 0.10461049 0.00966318 0.05304835 0.02963663]
2026-02-04 00:00:50,623 - cmab.policy - INFO -   Top 5 predictions from this tree:
2026-02-04 00:00:50,623 - cmab.policy - INFO -     #1: arm=batch_size=100000,header_size=32,cut_condition_type=1,fast_path_timeout=0,k=1, pred=1.173031
2026-02-04 00:00:50,623 - cmab.policy - INFO -     #2: arm=batch_size=100000,header_size=32,cut_condition_type=3,fast_path_timeout=100,k=3, pred=1.173031
2026-02-04 00:00:50,623 - cmab.policy - INFO -     #3: arm=batch_size=100000,header_size=64,cut_condition_type=1,fast_path_timeout=100,k=1, pred=1.173031
2026-02-04 00:00:50,623 - cmab.policy - INFO -     #4: arm=batch_size=100000,header_size=64,cut_condition_type=1,fast_path_timeout=100,k=3, pred=1.173031
2026-02-04 00:00:50,623 - cmab.policy - INFO -     #5: arm=batch_size=100000,header_size=64,cut_condition_type=3,fast_path_timeout=0,k=1, pred=1.173031
2026-02-04 00:00:50,623 - cmab.policy - INFO - 
2026-02-04 00:00:50,623 - cmab.policy - INFO -   Found 16 arms with same max prediction (1.173031), randomly selecting one...
2026-02-04 00:00:50,623 - cmab.policy - INFO - 
2026-02-04 00:00:50,623 - cmab.policy - INFO - ✓ SELECTED ARM: batch_size=100000,header_size=32,cut_condition_type=1,fast_path_timeout=100,k=1 (prediction=1.173031)
2026-02-04 00:00:50,623 - cmab.policy - INFO - ================================================================================
2026-02-04 00:00:50,626 - cmab.trainer - INFO - Updated parameters file: /home/ccclr0302/autobahn-test/benchmark/.parameters-0.json
2026-02-04 00:00:50,626 - cmab.trainer - INFO - 🚩 Created RL parameter update signal file (epoch 26): /tmp/autobahn_rl_param_update_81.signal
2026-02-04 00:00:50,627 - cmab.trainer - INFO - Applied params: {'batch_size': 100000, 'header_size': 32, 'cut_condition_type': 1, 'fast_path_timeout': 100, 'k': 1}
2026-02-04 00:00:50,627 - cmab.trainer - INFO - Waiting for next metrics file...
2026-02-04 00:01:12,241 - cmab.trainer - INFO - Iteration 82 : context=[ 0.         11.282752    0.64340055  0.5815438   0.        ] arm=batch_size=100000,header_size=32,cut_condition_type=1,fast_path_timeout=100,k=1 params={'batch_size': 100000, 'header_size': 32, 'cut_condition_type': 1, 'fast_path_timeout': 100, 'k': 1}
2026-02-04 00:01:12,241 - cmab.trainer - INFO - Iteration 82 reward=0.897767 avg_reward(20)=1.006483 last_metrics=epoch_82_slot_816.json top_arm=batch_size=100000,header_size=64,cut_condition_type=3,fast_path_timeout=100,k=1 top_ratio=0.15
2026-02-04 00:01:12,244 - cmab.policy - INFO - ================================================================================
2026-02-04 00:01:12,244 - cmab.policy - INFO - SELECT ARM - Detailed Prediction Analysis
2026-02-04 00:01:12,244 - cmab.policy - INFO - Context: [ 1.7532746  0.        20.         1.6209416  0.       ]
2026-02-04 00:01:12,245 - cmab.policy - INFO - Number of trees in forest: 10
2026-02-04 00:01:12,245 - cmab.policy - INFO - 
2026-02-04 00:01:12,245 - cmab.policy - INFO - Prediction statistics across all trees:
2026-02-04 00:01:12,245 - cmab.policy - INFO -   Mean predictions (top 5 arms): [1.006039, 1.006039, 0.981241, 0.981241, 0.974361]
2026-02-04 00:01:12,245 - cmab.policy - INFO -   Std predictions (top 5 arms): [0.064455, 0.064455, 0.069389, 0.069389, 0.069613]
2026-02-04 00:01:12,245 - cmab.policy - INFO - 
2026-02-04 00:01:12,245 - cmab.policy - INFO - Top 5 arms by mean prediction:
2026-02-04 00:01:12,245 - cmab.policy - INFO -   #1: arm=batch_size=100000,header_size=64,cut_condition_type=3,fast_path_timeout=100,k=1, mean=1.006039, std=0.064455
2026-02-04 00:01:12,245 - cmab.policy - INFO -   #2: arm=batch_size=100000,header_size=64,cut_condition_type=3,fast_path_timeout=0,k=1, mean=1.006039, std=0.064455
2026-02-04 00:01:12,245 - cmab.policy - INFO -   #3: arm=batch_size=100000,header_size=64,cut_condition_type=3,fast_path_timeout=0,k=3, mean=0.981241, std=0.069389
2026-02-04 00:01:12,245 - cmab.policy - INFO -   #4: arm=batch_size=100000,header_size=64,cut_condition_type=3,fast_path_timeout=100,k=3, mean=0.981241, std=0.069389
2026-02-04 00:01:12,245 - cmab.policy - INFO -   #5: arm=batch_size=100000,header_size=64,cut_condition_type=1,fast_path_timeout=0,k=1, mean=0.974361, std=0.069613
2026-02-04 00:01:12,245 - cmab.policy - INFO - 
2026-02-04 00:01:12,245 - cmab.policy - INFO - Selected tree #6 for Thompson Sampling:
2026-02-04 00:01:12,245 - cmab.policy - INFO -   Tree depth: 9
2026-02-04 00:01:12,245 - cmab.policy - INFO -   Tree nodes: 85
2026-02-04 00:01:12,245 - cmab.policy - INFO -   Tree leaves: 43
2026-02-04 00:01:12,246 - cmab.policy - INFO -   Tree shape: (nodes=85, leaves=43, depth=9)
2026-02-04 00:01:12,246 - cmab.policy - INFO -   Tree feature importances: [0.10599261 0.08744776 0.06681097 0.14459925 0.         0.38464584
 0.11753396 0.01075149 0.03935435 0.04286377]
2026-02-04 00:01:12,248 - cmab.policy - INFO -   Forest feature importances: [0.10128218 0.14199553 0.08931442 0.0901072  0.02053246 0.35980955
 0.10461049 0.00966318 0.05304835 0.02963663]
2026-02-04 00:01:12,248 - cmab.policy - INFO -   Top 5 predictions from this tree:
2026-02-04 00:01:12,248 - cmab.policy - INFO -     #1: arm=batch_size=100000,header_size=64,cut_condition_type=3,fast_path_timeout=400,k=1, pred=1.040104
2026-02-04 00:01:12,248 - cmab.policy - INFO -     #2: arm=batch_size=100000,header_size=64,cut_condition_type=1,fast_path_timeout=400,k=1, pred=1.040104
2026-02-04 00:01:12,248 - cmab.policy - INFO -     #3: arm=batch_size=100000,header_size=64,cut_condition_type=3,fast_path_timeout=100,k=1, pred=0.949353
2026-02-04 00:01:12,248 - cmab.policy - INFO -     #4: arm=batch_size=100000,header_size=64,cut_condition_type=3,fast_path_timeout=0,k=1, pred=0.949353
2026-02-04 00:01:12,248 - cmab.policy - INFO -     #5: arm=batch_size=100000,header_size=64,cut_condition_type=1,fast_path_timeout=100,k=1, pred=0.949353
2026-02-04 00:01:12,248 - cmab.policy - INFO - 
2026-02-04 00:01:12,249 - cmab.policy - INFO -   Found 2 arms with same max prediction (1.040104), randomly selecting one...
2026-02-04 00:01:12,249 - cmab.policy - INFO - 
2026-02-04 00:01:12,249 - cmab.policy - INFO - ✓ SELECTED ARM: batch_size=100000,header_size=64,cut_condition_type=3,fast_path_timeout=400,k=1 (prediction=1.040104)
2026-02-04 00:01:12,249 - cmab.policy - INFO - ================================================================================
2026-02-04 00:01:12,252 - cmab.trainer - INFO - Updated parameters file: /home/ccclr0302/autobahn-test/benchmark/.parameters-0.json
2026-02-04 00:01:12,252 - cmab.trainer - INFO - 🚩 Created RL parameter update signal file (epoch 27): /tmp/autobahn_rl_param_update_82.signal
2026-02-04 00:01:12,252 - cmab.trainer - INFO - Applied params: {'batch_size': 100000, 'header_size': 64, 'cut_condition_type': 3, 'fast_path_timeout': 400, 'k': 1}
2026-02-04 00:01:12,252 - cmab.trainer - INFO - Waiting for next metrics file...
2026-02-04 00:01:35,017 - cmab.trainer - INFO - Iteration 83 : context=[ 1.7532746  0.        20.         1.6209416  0.       ] arm=batch_size=100000,header_size=64,cut_condition_type=3,fast_path_timeout=400,k=1 params={'batch_size': 100000, 'header_size': 64, 'cut_condition_type': 3, 'fast_path_timeout': 400, 'k': 1}
2026-02-04 00:01:35,018 - cmab.trainer - INFO - Iteration 83 reward=0.812279 avg_reward(20)=0.987026 last_metrics=epoch_83_slot_846.json top_arm=batch_size=100000,header_size=64,cut_condition_type=3,fast_path_timeout=100,k=1 top_ratio=0.14
2026-02-04 00:01:35,020 - cmab.policy - INFO - ================================================================================
2026-02-04 00:01:35,020 - cmab.policy - INFO - SELECT ARM - Detailed Prediction Analysis
2026-02-04 00:01:35,020 - cmab.policy - INFO - Context: [ 0.          0.6981329   0.60594153 10.147746    0.        ]
2026-02-04 00:01:35,020 - cmab.policy - INFO - Number of trees in forest: 10
2026-02-04 00:01:35,020 - cmab.policy - INFO - 
2026-02-04 00:01:35,020 - cmab.policy - INFO - Prediction statistics across all trees:
2026-02-04 00:01:35,020 - cmab.policy - INFO -   Mean predictions (top 5 arms): [1.025686, 1.025686, 1.023464, 1.023464, 1.022772]
2026-02-04 00:01:35,020 - cmab.policy - INFO -   Std predictions (top 5 arms): [0.088839, 0.088839, 0.086657, 0.086657, 0.098255]
2026-02-04 00:01:35,020 - cmab.policy - INFO - 
2026-02-04 00:01:35,020 - cmab.policy - INFO - Top 5 arms by mean prediction:
2026-02-04 00:01:35,021 - cmab.policy - INFO -   #1: arm=batch_size=100000,header_size=32,cut_condition_type=3,fast_path_timeout=0,k=1, mean=1.025686, std=0.088839
2026-02-04 00:01:35,021 - cmab.policy - INFO -   #2: arm=batch_size=100000,header_size=32,cut_condition_type=3,fast_path_timeout=100,k=1, mean=1.025686, std=0.088839
2026-02-04 00:01:35,021 - cmab.policy - INFO -   #3: arm=batch_size=100000,header_size=64,cut_condition_type=3,fast_path_timeout=100,k=3, mean=1.023464, std=0.086657
2026-02-04 00:01:35,021 - cmab.policy - INFO -   #4: arm=batch_size=100000,header_size=64,cut_condition_type=3,fast_path_timeout=0,k=3, mean=1.023464, std=0.086657
2026-02-04 00:01:35,021 - cmab.policy - INFO -   #5: arm=batch_size=100000,header_size=64,cut_condition_type=3,fast_path_timeout=0,k=1, mean=1.022772, std=0.098255
2026-02-04 00:01:35,021 - cmab.policy - INFO - 
2026-02-04 00:01:35,021 - cmab.policy - INFO - Selected tree #2 for Thompson Sampling:
2026-02-04 00:01:35,021 - cmab.policy - INFO -   Tree depth: 12
2026-02-04 00:01:35,021 - cmab.policy - INFO -   Tree nodes: 91
2026-02-04 00:01:35,021 - cmab.policy - INFO -   Tree leaves: 46
2026-02-04 00:01:35,021 - cmab.policy - INFO -   Tree shape: (nodes=91, leaves=46, depth=12)
2026-02-04 00:01:35,021 - cmab.policy - INFO -   Tree feature importances: [0.12540287 0.09884896 0.13889003 0.18449289 0.         0.32159346
 0.06300413 0.00169235 0.05738227 0.00869304]
2026-02-04 00:01:35,023 - cmab.policy - INFO -   Forest feature importances: [0.10128218 0.14199553 0.08931442 0.0901072  0.02053246 0.35980955
 0.10461049 0.00966318 0.05304835 0.02963663]
2026-02-04 00:01:35,023 - cmab.policy - INFO -   Top 5 predictions from this tree:
2026-02-04 00:01:35,023 - cmab.policy - INFO -     #1: arm=batch_size=100000,header_size=128,cut_condition_type=1,fast_path_timeout=400,k=3, pred=1.208104
2026-02-04 00:01:35,023 - cmab.policy - INFO -     #2: arm=batch_size=100000,header_size=32,cut_condition_type=3,fast_path_timeout=400,k=1, pred=1.208104
2026-02-04 00:01:35,023 - cmab.policy - INFO -     #3: arm=batch_size=100000,header_size=64,cut_condition_type=3,fast_path_timeout=400,k=3, pred=1.208104
2026-02-04 00:01:35,023 - cmab.policy - INFO -     #4: arm=batch_size=100000,header_size=64,cut_condition_type=1,fast_path_timeout=400,k=3, pred=1.208104
2026-02-04 00:01:35,023 - cmab.policy - INFO -     #5: arm=batch_size=100000,header_size=64,cut_condition_type=1,fast_path_timeout=400,k=1, pred=1.208104
2026-02-04 00:01:35,023 - cmab.policy - INFO - 
2026-02-04 00:01:35,023 - cmab.policy - INFO -   Found 12 arms with same max prediction (1.208104), randomly selecting one...
2026-02-04 00:01:35,023 - cmab.policy - INFO - 
2026-02-04 00:01:35,023 - cmab.policy - INFO - ✓ SELECTED ARM: batch_size=100000,header_size=128,cut_condition_type=3,fast_path_timeout=400,k=1 (prediction=1.208104)
2026-02-04 00:01:35,023 - cmab.policy - INFO - ================================================================================
2026-02-04 00:01:35,027 - cmab.trainer - INFO - Updated parameters file: /home/ccclr0302/autobahn-test/benchmark/.parameters-0.json
2026-02-04 00:01:35,027 - cmab.trainer - INFO - 🚩 Created RL parameter update signal file (epoch 28): /tmp/autobahn_rl_param_update_83.signal
2026-02-04 00:01:35,027 - cmab.trainer - INFO - Applied params: {'batch_size': 100000, 'header_size': 128, 'cut_condition_type': 3, 'fast_path_timeout': 400, 'k': 1}
2026-02-04 00:01:35,027 - cmab.trainer - INFO - Waiting for next metrics file...
2026-02-04 00:02:04,612 - cmab.trainer - INFO - Iteration 84 : context=[ 0.          0.6981329   0.60594153 10.147746    0.        ] arm=batch_size=100000,header_size=128,cut_condition_type=3,fast_path_timeout=400,k=1 params={'batch_size': 100000, 'header_size': 128, 'cut_condition_type': 3, 'fast_path_timeout': 400, 'k': 1}
2026-02-04 00:02:04,613 - cmab.trainer - INFO - Iteration 84 reward=0.652860 avg_reward(20)=0.971190 last_metrics=epoch_84_slot_876.json top_arm=batch_size=100000,header_size=64,cut_condition_type=3,fast_path_timeout=100,k=1 top_ratio=0.14
2026-02-04 00:02:04,615 - cmab.policy - INFO - ================================================================================
2026-02-04 00:02:04,616 - cmab.policy - INFO - SELECT ARM - Detailed Prediction Analysis
2026-02-04 00:02:04,616 - cmab.policy - INFO - Context: [0.16236904 0.         4.9968796  0.13234103 0.        ]
2026-02-04 00:02:04,616 - cmab.policy - INFO - Number of trees in forest: 10
2026-02-04 00:02:04,616 - cmab.policy - INFO - 
2026-02-04 00:02:04,616 - cmab.policy - INFO - Prediction statistics across all trees:
2026-02-04 00:02:04,616 - cmab.policy - INFO -   Mean predictions (top 5 arms): [0.975527, 0.973857, 0.965738, 0.965460, 0.965460]
2026-02-04 00:02:04,616 - cmab.policy - INFO -   Std predictions (top 5 arms): [0.039639, 0.044172, 0.066304, 0.064118, 0.064118]
2026-02-04 00:02:04,616 - cmab.policy - INFO - 
2026-02-04 00:02:04,616 - cmab.policy - INFO - Top 5 arms by mean prediction:
2026-02-04 00:02:04,616 - cmab.policy - INFO -   #1: arm=batch_size=100000,header_size=64,cut_condition_type=1,fast_path_timeout=0,k=1, mean=0.975527, std=0.039639
2026-02-04 00:02:04,616 - cmab.policy - INFO -   #2: arm=batch_size=100000,header_size=128,cut_condition_type=1,fast_path_timeout=0,k=1, mean=0.973857, std=0.044172
2026-02-04 00:02:04,616 - cmab.policy - INFO -   #3: arm=batch_size=100000,header_size=128,cut_condition_type=3,fast_path_timeout=0,k=1, mean=0.965738, std=0.066304
2026-02-04 00:02:04,616 - cmab.policy - INFO -   #4: arm=batch_size=100000,header_size=64,cut_condition_type=3,fast_path_timeout=0,k=1, mean=0.965460, std=0.064118
2026-02-04 00:02:04,616 - cmab.policy - INFO -   #5: arm=batch_size=100000,header_size=64,cut_condition_type=3,fast_path_timeout=100,k=1, mean=0.965460, std=0.064118
2026-02-04 00:02:04,616 - cmab.policy - INFO - 
2026-02-04 00:02:04,616 - cmab.policy - INFO - Selected tree #5 for Thompson Sampling:
2026-02-04 00:02:04,616 - cmab.policy - INFO -   Tree depth: 9
2026-02-04 00:02:04,616 - cmab.policy - INFO -   Tree nodes: 83
2026-02-04 00:02:04,616 - cmab.policy - INFO -   Tree leaves: 42
2026-02-04 00:02:04,616 - cmab.policy - INFO -   Tree shape: (nodes=83, leaves=42, depth=9)
2026-02-04 00:02:04,617 - cmab.policy - INFO -   Tree feature importances: [0.04393469 0.14291255 0.06145521 0.10976702 0.04114965 0.40462994
 0.15984583 0.00125444 0.02861714 0.00643354]
2026-02-04 00:02:04,618 - cmab.policy - INFO -   Forest feature importances: [0.10128218 0.14199553 0.08931442 0.0901072  0.02053246 0.35980955
 0.10461049 0.00966318 0.05304835 0.02963663]
2026-02-04 00:02:04,619 - cmab.policy - INFO -   Top 5 predictions from this tree:
2026-02-04 00:02:04,619 - cmab.policy - INFO -     #1: arm=batch_size=100000,header_size=64,cut_condition_type=1,fast_path_timeout=0,k=3, pred=1.082909
2026-02-04 00:02:04,619 - cmab.policy - INFO -     #2: arm=batch_size=100000,header_size=64,cut_condition_type=3,fast_path_timeout=100,k=3, pred=1.082909
2026-02-04 00:02:04,619 - cmab.policy - INFO -     #3: arm=batch_size=100000,header_size=64,cut_condition_type=1,fast_path_timeout=100,k=3, pred=1.082909
2026-02-04 00:02:04,619 - cmab.policy - INFO -     #4: arm=batch_size=100000,header_size=64,cut_condition_type=1,fast_path_timeout=100,k=1, pred=1.082909
2026-02-04 00:02:04,619 - cmab.policy - INFO -     #5: arm=batch_size=100000,header_size=64,cut_condition_type=3,fast_path_timeout=0,k=1, pred=1.082909
2026-02-04 00:02:04,619 - cmab.policy - INFO - 
2026-02-04 00:02:04,619 - cmab.policy - INFO -   Found 8 arms with same max prediction (1.082909), randomly selecting one...
2026-02-04 00:02:04,619 - cmab.policy - INFO - 
2026-02-04 00:02:04,619 - cmab.policy - INFO - ✓ SELECTED ARM: batch_size=100000,header_size=64,cut_condition_type=1,fast_path_timeout=100,k=1 (prediction=1.082909)
2026-02-04 00:02:04,619 - cmab.policy - INFO - ================================================================================
2026-02-04 00:02:04,623 - cmab.trainer - INFO - Updated parameters file: /home/ccclr0302/autobahn-test/benchmark/.parameters-0.json
2026-02-04 00:02:04,623 - cmab.trainer - INFO - 🚩 Created RL parameter update signal file (epoch 29): /tmp/autobahn_rl_param_update_84.signal
2026-02-04 00:02:04,623 - cmab.trainer - INFO - Applied params: {'batch_size': 100000, 'header_size': 64, 'cut_condition_type': 1, 'fast_path_timeout': 100, 'k': 1}
2026-02-04 00:02:04,624 - cmab.trainer - INFO - Waiting for next metrics file...
[Parallel(n_jobs=1)]: Done  10 out of  10 | elapsed:    0.0s finished
[Parallel(n_jobs=1)]: Done  10 out of  10 | elapsed:    0.0s finished
2026-02-04 00:02:23,691 - cmab.policy - INFO - RF Updated: samples=160, MSE=0.013502
2026-02-04 00:02:23,691 - cmab.trainer - INFO - Iteration 85 : context=[0.16236904 0.         4.9968796  0.13234103 0.        ] arm=batch_size=100000,header_size=64,cut_condition_type=1,fast_path_timeout=100,k=1 params={'batch_size': 100000, 'header_size': 64, 'cut_condition_type': 1, 'fast_path_timeout': 100, 'k': 1}
2026-02-04 00:02:23,692 - cmab.trainer - INFO - Iteration 85 reward=0.952091 avg_reward(20)=0.977929 last_metrics=epoch_85_slot_906.json top_arm=batch_size=100000,header_size=64,cut_condition_type=3,fast_path_timeout=100,k=1 top_ratio=0.13
2026-02-04 00:02:23,733 - cmab.trainer - INFO - Saved checkpoint: /tmp/cmab_continuous_checkpoints/cmab_checkpoint_30.pkl
2026-02-04 00:02:23,736 - cmab.policy - INFO - ================================================================================
2026-02-04 00:02:23,736 - cmab.policy - INFO - SELECT ARM - Detailed Prediction Analysis
2026-02-04 00:02:23,736 - cmab.policy - INFO - Context: [ 0.6801942 11.17507    0.         0.5247146  0.       ]
2026-02-04 00:02:23,736 - cmab.policy - INFO - Number of trees in forest: 10
2026-02-04 00:02:23,736 - cmab.policy - INFO - 
2026-02-04 00:02:23,736 - cmab.policy - INFO - Prediction statistics across all trees:
2026-02-04 00:02:23,736 - cmab.policy - INFO -   Mean predictions (top 5 arms): [1.191084, 1.175757, 1.165846, 1.161985, 1.161985]
2026-02-04 00:02:23,736 - cmab.policy - INFO -   Std predictions (top 5 arms): [0.132916, 0.126460, 0.133983, 0.127782, 0.127782]
2026-02-04 00:02:23,736 - cmab.policy - INFO - 
2026-02-04 00:02:23,736 - cmab.policy - INFO - Top 5 arms by mean prediction:
2026-02-04 00:02:23,736 - cmab.policy - INFO -   #1: arm=batch_size=100000,header_size=128,cut_condition_type=3,fast_path_timeout=100,k=3, mean=1.191084, std=0.132916
2026-02-04 00:02:23,737 - cmab.policy - INFO -   #2: arm=batch_size=100000,header_size=128,cut_condition_type=3,fast_path_timeout=0,k=3, mean=1.175757, std=0.126460
2026-02-04 00:02:23,737 - cmab.policy - INFO -   #3: arm=batch_size=100000,header_size=64,cut_condition_type=3,fast_path_timeout=100,k=3, mean=1.165846, std=0.133983
2026-02-04 00:02:23,737 - cmab.policy - INFO -   #4: arm=batch_size=100000,header_size=128,cut_condition_type=3,fast_path_timeout=0,k=1, mean=1.161985, std=0.127782
2026-02-04 00:02:23,737 - cmab.policy - INFO -   #5: arm=batch_size=100000,header_size=128,cut_condition_type=3,fast_path_timeout=100,k=1, mean=1.161985, std=0.127782
2026-02-04 00:02:23,737 - cmab.policy - INFO - 
2026-02-04 00:02:23,737 - cmab.policy - INFO - Selected tree #3 for Thompson Sampling:
2026-02-04 00:02:23,737 - cmab.policy - INFO -   Tree depth: 10
2026-02-04 00:02:23,737 - cmab.policy - INFO -   Tree nodes: 89
2026-02-04 00:02:23,737 - cmab.policy - INFO -   Tree leaves: 45
2026-02-04 00:02:23,737 - cmab.policy - INFO -   Tree shape: (nodes=89, leaves=45, depth=10)
2026-02-04 00:02:23,737 - cmab.policy - INFO -   Tree feature importances: [0.04340257 0.19289737 0.15276992 0.0631277  0.01377368 0.30825189
 0.07695959 0.0580133  0.07048013 0.02032386]
2026-02-04 00:02:23,739 - cmab.policy - INFO -   Forest feature importances: [0.08577986 0.13985999 0.07430617 0.07203567 0.01492186 0.40772573
 0.08794152 0.02771957 0.05973873 0.0299709 ]
2026-02-04 00:02:23,739 - cmab.policy - INFO -   Top 5 predictions from this tree:
2026-02-04 00:02:23,739 - cmab.policy - INFO -     #1: arm=batch_size=100000,header_size=128,cut_condition_type=3,fast_path_timeout=400,k=3, pred=1.236060
2026-02-04 00:02:23,739 - cmab.policy - INFO -     #2: arm=batch_size=100000,header_size=128,cut_condition_type=3,fast_path_timeout=400,k=1, pred=1.236060
2026-02-04 00:02:23,739 - cmab.policy - INFO -     #3: arm=batch_size=100000,header_size=128,cut_condition_type=3,fast_path_timeout=100,k=3, pred=1.236060
2026-02-04 00:02:23,739 - cmab.policy - INFO -     #4: arm=batch_size=100000,header_size=128,cut_condition_type=3,fast_path_timeout=100,k=1, pred=1.236060
2026-02-04 00:02:23,739 - cmab.policy - INFO -     #5: arm=batch_size=100000,header_size=128,cut_condition_type=3,fast_path_timeout=0,k=3, pred=1.236060
2026-02-04 00:02:23,739 - cmab.policy - INFO - 
2026-02-04 00:02:23,739 - cmab.policy - INFO -   Found 6 arms with same max prediction (1.236060), randomly selecting one...
2026-02-04 00:02:23,739 - cmab.policy - INFO - 
2026-02-04 00:02:23,739 - cmab.policy - INFO - ✓ SELECTED ARM: batch_size=100000,header_size=128,cut_condition_type=3,fast_path_timeout=100,k=1 (prediction=1.236060)
2026-02-04 00:02:23,740 - cmab.policy - INFO - ================================================================================
2026-02-04 00:02:23,892 - cmab.trainer - INFO - Updated parameters file: /home/ccclr0302/autobahn-test/benchmark/.parameters-0.json
2026-02-04 00:02:23,892 - cmab.trainer - INFO - 🚩 Created RL parameter update signal file (epoch 30): /tmp/autobahn_rl_param_update_85.signal
2026-02-04 00:02:23,892 - cmab.trainer - INFO - Applied params: {'batch_size': 100000, 'header_size': 128, 'cut_condition_type': 3, 'fast_path_timeout': 100, 'k': 1}
2026-02-04 00:02:23,892 - cmab.trainer - INFO - Waiting for next metrics file...
2026-02-04 00:02:48,162 - cmab.trainer - INFO - Iteration 86 : context=[ 0.6801942 11.17507    0.         0.5247146  0.       ] arm=batch_size=100000,header_size=128,cut_condition_type=3,fast_path_timeout=100,k=1 params={'batch_size': 100000, 'header_size': 128, 'cut_condition_type': 3, 'fast_path_timeout': 100, 'k': 1}
2026-02-04 00:02:48,162 - cmab.trainer - INFO - Iteration 86 reward=0.905398 avg_reward(20)=0.971317 last_metrics=epoch_86_slot_936.json top_arm=batch_size=100000,header_size=64,cut_condition_type=3,fast_path_timeout=100,k=1 top_ratio=0.13
2026-02-04 00:02:48,164 - cmab.policy - INFO - ================================================================================
2026-02-04 00:02:48,165 - cmab.policy - INFO - SELECT ARM - Detailed Prediction Analysis
2026-02-04 00:02:48,165 - cmab.policy - INFO - Context: [5.44749    0.15965769 0.         0.12416889 0.        ]
2026-02-04 00:02:48,165 - cmab.policy - INFO - Number of trees in forest: 10
2026-02-04 00:02:48,165 - cmab.policy - INFO - 
2026-02-04 00:02:48,165 - cmab.policy - INFO - Prediction statistics across all trees:
2026-02-04 00:02:48,165 - cmab.policy - INFO -   Mean predictions (top 5 arms): [1.078029, 1.075702, 1.068272, 1.065945, 1.018178]
2026-02-04 00:02:48,165 - cmab.policy - INFO -   Std predictions (top 5 arms): [0.137308, 0.134785, 0.109860, 0.106477, 0.085084]
2026-02-04 00:02:48,165 - cmab.policy - INFO - 
2026-02-04 00:02:48,165 - cmab.policy - INFO - Top 5 arms by mean prediction:
2026-02-04 00:02:48,165 - cmab.policy - INFO -   #1: arm=batch_size=100000,header_size=128,cut_condition_type=3,fast_path_timeout=100,k=3, mean=1.078029, std=0.137308
2026-02-04 00:02:48,165 - cmab.policy - INFO -   #2: arm=batch_size=100000,header_size=64,cut_condition_type=3,fast_path_timeout=100,k=3, mean=1.075702, std=0.134785
2026-02-04 00:02:48,165 - cmab.policy - INFO -   #3: arm=batch_size=100000,header_size=128,cut_condition_type=3,fast_path_timeout=0,k=3, mean=1.068272, std=0.109860
2026-02-04 00:02:48,165 - cmab.policy - INFO -   #4: arm=batch_size=100000,header_size=64,cut_condition_type=3,fast_path_timeout=0,k=3, mean=1.065945, std=0.106477
2026-02-04 00:02:48,165 - cmab.policy - INFO -   #5: arm=batch_size=100000,header_size=128,cut_condition_type=3,fast_path_timeout=100,k=1, mean=1.018178, std=0.085084
2026-02-04 00:02:48,165 - cmab.policy - INFO - 
2026-02-04 00:02:48,165 - cmab.policy - INFO - Selected tree #4 for Thompson Sampling:
2026-02-04 00:02:48,165 - cmab.policy - INFO -   Tree depth: 10
2026-02-04 00:02:48,165 - cmab.policy - INFO -   Tree nodes: 93
2026-02-04 00:02:48,165 - cmab.policy - INFO -   Tree leaves: 47
2026-02-04 00:02:48,165 - cmab.policy - INFO -   Tree shape: (nodes=93, leaves=47, depth=10)
2026-02-04 00:02:48,166 - cmab.policy - INFO -   Tree feature importances: [0.12860648 0.20237385 0.06029605 0.01061281 0.02587799 0.32244821
 0.16582641 0.0346268  0.04399537 0.00533603]
2026-02-04 00:02:48,167 - cmab.policy - INFO -   Forest feature importances: [0.08577986 0.13985999 0.07430617 0.07203567 0.01492186 0.40772573
 0.08794152 0.02771957 0.05973873 0.0299709 ]
2026-02-04 00:02:48,167 - cmab.policy - INFO -   Top 5 predictions from this tree:
2026-02-04 00:02:48,167 - cmab.policy - INFO -     #1: arm=batch_size=100000,header_size=128,cut_condition_type=3,fast_path_timeout=100,k=3, pred=1.236060
2026-02-04 00:02:48,168 - cmab.policy - INFO -     #2: arm=batch_size=100000,header_size=128,cut_condition_type=3,fast_path_timeout=0,k=1, pred=1.236060
2026-02-04 00:02:48,168 - cmab.policy - INFO -     #3: arm=batch_size=100000,header_size=128,cut_condition_type=3,fast_path_timeout=0,k=3, pred=1.236060
2026-02-04 00:02:48,168 - cmab.policy - INFO -     #4: arm=batch_size=100000,header_size=128,cut_condition_type=3,fast_path_timeout=100,k=1, pred=1.236060
2026-02-04 00:02:48,168 - cmab.policy - INFO -     #5: arm=batch_size=100000,header_size=128,cut_condition_type=3,fast_path_timeout=400,k=3, pred=1.236060
2026-02-04 00:02:48,168 - cmab.policy - INFO - 
2026-02-04 00:02:48,168 - cmab.policy - INFO -   Found 6 arms with same max prediction (1.236060), randomly selecting one...
2026-02-04 00:02:48,168 - cmab.policy - INFO - 
2026-02-04 00:02:48,168 - cmab.policy - INFO - ✓ SELECTED ARM: batch_size=100000,header_size=128,cut_condition_type=3,fast_path_timeout=0,k=1 (prediction=1.236060)
2026-02-04 00:02:48,168 - cmab.policy - INFO - ================================================================================
2026-02-04 00:02:48,170 - cmab.trainer - INFO - Updated parameters file: /home/ccclr0302/autobahn-test/benchmark/.parameters-0.json
2026-02-04 00:02:48,171 - cmab.trainer - INFO - 🚩 Created RL parameter update signal file (epoch 31): /tmp/autobahn_rl_param_update_86.signal
2026-02-04 00:02:48,171 - cmab.trainer - INFO - Applied params: {'batch_size': 100000, 'header_size': 128, 'cut_condition_type': 3, 'fast_path_timeout': 0, 'k': 1}
2026-02-04 00:02:48,171 - cmab.trainer - INFO - Waiting for next metrics file...
