2026-02-03 21:22:05,557 - __main__ - INFO - Starting Autobahn Continuous CMAB Training
2026-02-03 21:22:05,557 - __main__ - INFO - metrics_dir=/home/ccclr0302/autobahn/metrics-0 parameters_file=/home/ccclr0302/autobahn-test/benchmark/.parameters-0.json
2026-02-03 21:22:05,558 - cmab.trainer - INFO - Initializing CMAB training loop...
2026-02-03 21:22:05,558 - cmab.trainer - INFO - Policy: rf_ts
2026-02-03 21:22:05,558 - cmab.trainer - INFO - Iterations: 200
2026-02-03 21:22:05,558 - cmab.trainer - INFO - No existing metrics file, waiting for epoch 0...
2026-02-03 21:22:29,823 - cmab.policy - INFO - Model not ready: selecting random arm.
2026-02-03 21:22:29,826 - cmab.trainer - INFO - Updated parameters file: /home/ccclr0302/autobahn-test/benchmark/.parameters-0.json
2026-02-03 21:22:29,826 - cmab.trainer - INFO - 🚩 Created RL parameter update signal file (epoch 0): /tmp/autobahn_rl_param_update_0.signal
2026-02-03 21:22:29,826 - cmab.trainer - INFO - Applied params: {'batch_size': 750000, 'header_size': 64, 'cut_condition_type': 3, 'fast_path_timeout': 0, 'k': 1}
2026-02-03 21:22:29,826 - cmab.trainer - INFO - Waiting for next metrics file...
2026-02-03 21:22:52,484 - cmab.trainer - INFO - Iteration 1 : context=[0.         0.7889552  0.8810412  0.05226691 0.        ] arm=batch_size=750000,header_size=64,cut_condition_type=3,fast_path_timeout=0,k=1 params={'batch_size': 750000, 'header_size': 64, 'cut_condition_type': 3, 'fast_path_timeout': 0, 'k': 1}
2026-02-03 21:22:52,485 - cmab.trainer - INFO - Iteration 1 reward=0.893701 avg_reward(20)=0.893701 last_metrics=epoch_1_slot_36.json top_arm=batch_size=750000,header_size=64,cut_condition_type=3,fast_path_timeout=0,k=1 top_ratio=1.00
2026-02-03 21:22:52,485 - cmab.policy - INFO - Model not ready: selecting random arm.
2026-02-03 21:22:52,488 - cmab.trainer - INFO - Updated parameters file: /home/ccclr0302/autobahn-test/benchmark/.parameters-0.json
2026-02-03 21:22:52,488 - cmab.trainer - INFO - 🚩 Created RL parameter update signal file (epoch 1): /tmp/autobahn_rl_param_update_1.signal
2026-02-03 21:22:52,488 - cmab.trainer - INFO - Applied params: {'batch_size': 500000, 'header_size': 32, 'cut_condition_type': 1, 'fast_path_timeout': 0, 'k': 3}
2026-02-03 21:22:52,488 - cmab.trainer - INFO - Waiting for next metrics file...
2026-02-03 21:23:09,734 - cmab.trainer - INFO - Iteration 2 : context=[0.06489653 1.1929622  0.06489653 0.         0.        ] arm=batch_size=500000,header_size=32,cut_condition_type=1,fast_path_timeout=0,k=3 params={'batch_size': 500000, 'header_size': 32, 'cut_condition_type': 1, 'fast_path_timeout': 0, 'k': 3}
2026-02-03 21:23:09,734 - cmab.trainer - INFO - Iteration 2 reward=0.930404 avg_reward(20)=0.912053 last_metrics=epoch_2_slot_66.json top_arm=batch_size=750000,header_size=64,cut_condition_type=3,fast_path_timeout=0,k=1 top_ratio=0.50
2026-02-03 21:23:09,734 - cmab.policy - INFO - Model not ready: selecting random arm.
2026-02-03 21:23:09,739 - cmab.trainer - INFO - Updated parameters file: /home/ccclr0302/autobahn-test/benchmark/.parameters-0.json
2026-02-03 21:23:09,739 - cmab.trainer - INFO - 🚩 Created RL parameter update signal file (epoch 2): /tmp/autobahn_rl_param_update_2.signal
2026-02-03 21:23:09,739 - cmab.trainer - INFO - Applied params: {'batch_size': 500000, 'header_size': 64, 'cut_condition_type': 1, 'fast_path_timeout': 100, 'k': 1}
2026-02-03 21:23:09,739 - cmab.trainer - INFO - Waiting for next metrics file...
2026-02-03 21:23:28,187 - cmab.trainer - INFO - Iteration 3 : context=[0.6910075 0.5910829 0.        4.088444  0.       ] arm=batch_size=500000,header_size=64,cut_condition_type=1,fast_path_timeout=100,k=1 params={'batch_size': 500000, 'header_size': 64, 'cut_condition_type': 1, 'fast_path_timeout': 100, 'k': 1}
2026-02-03 21:23:28,188 - cmab.trainer - INFO - Iteration 3 reward=0.679316 avg_reward(20)=0.834474 last_metrics=epoch_3_slot_96.json top_arm=batch_size=750000,header_size=64,cut_condition_type=3,fast_path_timeout=0,k=1 top_ratio=0.33
2026-02-03 21:23:28,188 - cmab.policy - INFO - Model not ready: selecting random arm.
2026-02-03 21:23:28,191 - cmab.trainer - INFO - Updated parameters file: /home/ccclr0302/autobahn-test/benchmark/.parameters-0.json
2026-02-03 21:23:28,191 - cmab.trainer - INFO - 🚩 Created RL parameter update signal file (epoch 3): /tmp/autobahn_rl_param_update_3.signal
2026-02-03 21:23:28,191 - cmab.trainer - INFO - Applied params: {'batch_size': 100000, 'header_size': 64, 'cut_condition_type': 3, 'fast_path_timeout': 400, 'k': 3}
2026-02-03 21:23:28,191 - cmab.trainer - INFO - Waiting for next metrics file...
2026-02-03 21:23:47,541 - cmab.trainer - INFO - Iteration 4 : context=[0.0766577  0.         0.12073233 2.0600162  0.        ] arm=batch_size=100000,header_size=64,cut_condition_type=3,fast_path_timeout=400,k=3 params={'batch_size': 100000, 'header_size': 64, 'cut_condition_type': 3, 'fast_path_timeout': 400, 'k': 3}
2026-02-03 21:23:47,541 - cmab.trainer - INFO - Iteration 4 reward=0.866888 avg_reward(20)=0.842577 last_metrics=epoch_4_slot_126.json top_arm=batch_size=750000,header_size=64,cut_condition_type=3,fast_path_timeout=0,k=1 top_ratio=0.25
2026-02-03 21:23:47,542 - cmab.policy - INFO - Model not ready: selecting random arm.
2026-02-03 21:23:47,545 - cmab.trainer - INFO - Updated parameters file: /home/ccclr0302/autobahn-test/benchmark/.parameters-0.json
2026-02-03 21:23:47,545 - cmab.trainer - INFO - 🚩 Created RL parameter update signal file (epoch 4): /tmp/autobahn_rl_param_update_4.signal
2026-02-03 21:23:47,545 - cmab.trainer - INFO - Applied params: {'batch_size': 500000, 'header_size': 128, 'cut_condition_type': 3, 'fast_path_timeout': 0, 'k': 3}
2026-02-03 21:23:47,545 - cmab.trainer - INFO - Waiting for next metrics file...
[Parallel(n_jobs=1)]: Done  10 out of  10 | elapsed:    0.0s finished
[Parallel(n_jobs=1)]: Done  10 out of  10 | elapsed:    0.0s finished
2026-02-03 21:24:12,120 - cmab.policy - INFO - RF Updated: samples=5, MSE=0.006926
2026-02-03 21:24:12,120 - cmab.trainer - INFO - Iteration 5 : context=[ 0.6277052  0.6277052  0.        11.16919    0.       ] arm=batch_size=500000,header_size=128,cut_condition_type=3,fast_path_timeout=0,k=3 params={'batch_size': 500000, 'header_size': 128, 'cut_condition_type': 3, 'fast_path_timeout': 0, 'k': 3}
2026-02-03 21:24:12,120 - cmab.trainer - INFO - Iteration 5 reward=0.916496 avg_reward(20)=0.857361 last_metrics=epoch_5_slot_156.json top_arm=batch_size=750000,header_size=64,cut_condition_type=3,fast_path_timeout=0,k=1 top_ratio=0.20
2026-02-03 21:24:12,123 - cmab.policy - INFO - ================================================================================
2026-02-03 21:24:12,123 - cmab.policy - INFO - SELECT ARM - Detailed Prediction Analysis
2026-02-03 21:24:12,123 - cmab.policy - INFO - Context: [0.8132307  0.06682328 0.06682328 0.         0.        ]
2026-02-03 21:24:12,123 - cmab.policy - INFO - Number of trees in forest: 10
2026-02-03 21:24:12,123 - cmab.policy - INFO - 
2026-02-03 21:24:12,123 - cmab.policy - INFO - Prediction statistics across all trees:
2026-02-03 21:24:12,123 - cmab.policy - INFO -   Mean predictions (top 5 arms): [0.852080, 0.852080, 0.852080, 0.852080, 0.852080]
2026-02-03 21:24:12,123 - cmab.policy - INFO -   Std predictions (top 5 arms): [0.062931, 0.062931, 0.062931, 0.062931, 0.062931]
2026-02-03 21:24:12,123 - cmab.policy - INFO - 
2026-02-03 21:24:12,123 - cmab.policy - INFO - Top 5 arms by mean prediction:
2026-02-03 21:24:12,123 - cmab.policy - INFO -   #1: arm=batch_size=100000,header_size=32,cut_condition_type=1,fast_path_timeout=0,k=1, mean=0.852080, std=0.062931
2026-02-03 21:24:12,123 - cmab.policy - INFO -   #2: arm=batch_size=500000,header_size=128,cut_condition_type=3,fast_path_timeout=0,k=1, mean=0.852080, std=0.062931
2026-02-03 21:24:12,123 - cmab.policy - INFO -   #3: arm=batch_size=750000,header_size=32,cut_condition_type=3,fast_path_timeout=0,k=3, mean=0.852080, std=0.062931
2026-02-03 21:24:12,123 - cmab.policy - INFO -   #4: arm=batch_size=750000,header_size=32,cut_condition_type=3,fast_path_timeout=0,k=1, mean=0.852080, std=0.062931
2026-02-03 21:24:12,123 - cmab.policy - INFO -   #5: arm=batch_size=100000,header_size=64,cut_condition_type=3,fast_path_timeout=0,k=3, mean=0.852080, std=0.062931
2026-02-03 21:24:12,123 - cmab.policy - INFO - 
2026-02-03 21:24:12,123 - cmab.policy - INFO - Selected tree #3 for Thompson Sampling:
2026-02-03 21:24:12,123 - cmab.policy - INFO -   Tree depth: 0
2026-02-03 21:24:12,124 - cmab.policy - INFO -   Tree nodes: 1
2026-02-03 21:24:12,124 - cmab.policy - INFO -   Tree leaves: 1
2026-02-03 21:24:12,124 - cmab.policy - INFO -   Tree shape: (nodes=1, leaves=1, depth=0)
2026-02-03 21:24:12,124 - cmab.policy - INFO -   Tree feature importances: [0. 0. 0. 0. 0. 0. 0. 0. 0. 0.]
2026-02-03 21:24:12,125 - cmab.policy - INFO -   Forest feature importances: [0.  0.5 0.  0.  0.  0.  0.  0.  0.5 0. ]
2026-02-03 21:24:12,125 - cmab.policy - INFO -   Top 5 predictions from this tree:
2026-02-03 21:24:12,125 - cmab.policy - INFO -     #1: arm=batch_size=750000,header_size=128,cut_condition_type=3,fast_path_timeout=400,k=3, pred=0.892294
2026-02-03 21:24:12,125 - cmab.policy - INFO -     #2: arm=batch_size=500000,header_size=32,cut_condition_type=1,fast_path_timeout=100,k=3, pred=0.892294
2026-02-03 21:24:12,125 - cmab.policy - INFO -     #3: arm=batch_size=100000,header_size=128,cut_condition_type=1,fast_path_timeout=400,k=1, pred=0.892294
2026-02-03 21:24:12,125 - cmab.policy - INFO -     #4: arm=batch_size=100000,header_size=128,cut_condition_type=1,fast_path_timeout=400,k=3, pred=0.892294
2026-02-03 21:24:12,125 - cmab.policy - INFO -     #5: arm=batch_size=100000,header_size=128,cut_condition_type=3,fast_path_timeout=0,k=1, pred=0.892294
2026-02-03 21:24:12,125 - cmab.policy - INFO - 
2026-02-03 21:24:12,125 - cmab.policy - INFO -   Found 108 arms with same max prediction (0.892294), randomly selecting one...
2026-02-03 21:24:12,125 - cmab.policy - INFO - 
2026-02-03 21:24:12,125 - cmab.policy - INFO - ✓ SELECTED ARM: batch_size=100000,header_size=32,cut_condition_type=1,fast_path_timeout=400,k=3 (prediction=0.892294)
2026-02-03 21:24:12,125 - cmab.policy - INFO - ================================================================================
2026-02-03 21:24:12,128 - cmab.trainer - INFO - Updated parameters file: /home/ccclr0302/autobahn-test/benchmark/.parameters-0.json
2026-02-03 21:24:12,128 - cmab.trainer - INFO - 🚩 Created RL parameter update signal file (epoch 5): /tmp/autobahn_rl_param_update_5.signal
2026-02-03 21:24:12,128 - cmab.trainer - INFO - Applied params: {'batch_size': 100000, 'header_size': 32, 'cut_condition_type': 1, 'fast_path_timeout': 400, 'k': 3}
2026-02-03 21:24:12,128 - cmab.trainer - INFO - Waiting for next metrics file...
2026-02-03 21:24:32,081 - cmab.trainer - INFO - Iteration 6 : context=[0.8132307  0.06682328 0.06682328 0.         0.        ] arm=batch_size=100000,header_size=32,cut_condition_type=1,fast_path_timeout=400,k=3 params={'batch_size': 100000, 'header_size': 32, 'cut_condition_type': 1, 'fast_path_timeout': 400, 'k': 3}
2026-02-03 21:24:32,081 - cmab.trainer - INFO - Iteration 6 reward=0.808618 avg_reward(20)=0.849237 last_metrics=epoch_6_slot_186.json top_arm=batch_size=750000,header_size=64,cut_condition_type=3,fast_path_timeout=0,k=1 top_ratio=0.17
2026-02-03 21:24:32,084 - cmab.policy - INFO - ================================================================================
2026-02-03 21:24:32,084 - cmab.policy - INFO - SELECT ARM - Detailed Prediction Analysis
2026-02-03 21:24:32,084 - cmab.policy - INFO - Context: [ 1.7693144  1.6241492  0.        19.04397    0.       ]
2026-02-03 21:24:32,084 - cmab.policy - INFO - Number of trees in forest: 10
2026-02-03 21:24:32,084 - cmab.policy - INFO - 
2026-02-03 21:24:32,084 - cmab.policy - INFO - Prediction statistics across all trees:
2026-02-03 21:24:32,084 - cmab.policy - INFO -   Mean predictions (top 5 arms): [0.862154, 0.862154, 0.862154, 0.862154, 0.862154]
2026-02-03 21:24:32,084 - cmab.policy - INFO -   Std predictions (top 5 arms): [0.062548, 0.062548, 0.062548, 0.062548, 0.062548]
2026-02-03 21:24:32,084 - cmab.policy - INFO - 
2026-02-03 21:24:32,084 - cmab.policy - INFO - Top 5 arms by mean prediction:
2026-02-03 21:24:32,084 - cmab.policy - INFO -   #1: arm=batch_size=100000,header_size=32,cut_condition_type=1,fast_path_timeout=0,k=1, mean=0.862154, std=0.062548
2026-02-03 21:24:32,084 - cmab.policy - INFO -   #2: arm=batch_size=500000,header_size=128,cut_condition_type=3,fast_path_timeout=0,k=1, mean=0.862154, std=0.062548
2026-02-03 21:24:32,084 - cmab.policy - INFO -   #3: arm=batch_size=750000,header_size=32,cut_condition_type=3,fast_path_timeout=0,k=3, mean=0.862154, std=0.062548
2026-02-03 21:24:32,084 - cmab.policy - INFO -   #4: arm=batch_size=750000,header_size=32,cut_condition_type=3,fast_path_timeout=0,k=1, mean=0.862154, std=0.062548
2026-02-03 21:24:32,084 - cmab.policy - INFO -   #5: arm=batch_size=100000,header_size=64,cut_condition_type=3,fast_path_timeout=0,k=3, mean=0.862154, std=0.062548
2026-02-03 21:24:32,084 - cmab.policy - INFO - 
2026-02-03 21:24:32,085 - cmab.policy - INFO - Selected tree #5 for Thompson Sampling:
2026-02-03 21:24:32,085 - cmab.policy - INFO -   Tree depth: 0
2026-02-03 21:24:32,085 - cmab.policy - INFO -   Tree nodes: 1
2026-02-03 21:24:32,085 - cmab.policy - INFO -   Tree leaves: 1
2026-02-03 21:24:32,085 - cmab.policy - INFO -   Tree shape: (nodes=1, leaves=1, depth=0)
2026-02-03 21:24:32,085 - cmab.policy - INFO -   Tree feature importances: [0. 0. 0. 0. 0. 0. 0. 0. 0. 0.]
2026-02-03 21:24:32,086 - cmab.policy - INFO -   Forest feature importances: [0.  0.5 0.  0.  0.  0.  0.  0.  0.5 0. ]
2026-02-03 21:24:32,086 - cmab.policy - INFO -   Top 5 predictions from this tree:
2026-02-03 21:24:32,086 - cmab.policy - INFO -     #1: arm=batch_size=750000,header_size=128,cut_condition_type=3,fast_path_timeout=400,k=3, pred=0.726752
2026-02-03 21:24:32,086 - cmab.policy - INFO -     #2: arm=batch_size=500000,header_size=32,cut_condition_type=1,fast_path_timeout=100,k=3, pred=0.726752
2026-02-03 21:24:32,086 - cmab.policy - INFO -     #3: arm=batch_size=100000,header_size=128,cut_condition_type=1,fast_path_timeout=400,k=1, pred=0.726752
2026-02-03 21:24:32,086 - cmab.policy - INFO -     #4: arm=batch_size=100000,header_size=128,cut_condition_type=1,fast_path_timeout=400,k=3, pred=0.726752
2026-02-03 21:24:32,086 - cmab.policy - INFO -     #5: arm=batch_size=100000,header_size=128,cut_condition_type=3,fast_path_timeout=0,k=1, pred=0.726752
2026-02-03 21:24:32,086 - cmab.policy - INFO - 
2026-02-03 21:24:32,086 - cmab.policy - INFO -   Found 108 arms with same max prediction (0.726752), randomly selecting one...
2026-02-03 21:24:32,086 - cmab.policy - INFO - 
2026-02-03 21:24:32,086 - cmab.policy - INFO - ✓ SELECTED ARM: batch_size=100000,header_size=32,cut_condition_type=1,fast_path_timeout=400,k=1 (prediction=0.726752)
2026-02-03 21:24:32,086 - cmab.policy - INFO - ================================================================================
2026-02-03 21:24:32,091 - cmab.trainer - INFO - Updated parameters file: /home/ccclr0302/autobahn-test/benchmark/.parameters-0.json
2026-02-03 21:24:32,091 - cmab.trainer - INFO - 🚩 Created RL parameter update signal file (epoch 6): /tmp/autobahn_rl_param_update_6.signal
2026-02-03 21:24:32,091 - cmab.trainer - INFO - Applied params: {'batch_size': 100000, 'header_size': 32, 'cut_condition_type': 1, 'fast_path_timeout': 400, 'k': 1}
2026-02-03 21:24:32,091 - cmab.trainer - INFO - Waiting for next metrics file...
2026-02-03 21:24:57,357 - cmab.trainer - INFO - Iteration 7 : context=[ 1.7693144  1.6241492  0.        19.04397    0.       ] arm=batch_size=100000,header_size=32,cut_condition_type=1,fast_path_timeout=400,k=1 params={'batch_size': 100000, 'header_size': 32, 'cut_condition_type': 1, 'fast_path_timeout': 400, 'k': 1}
2026-02-03 21:24:57,357 - cmab.trainer - INFO - Iteration 7 reward=0.727124 avg_reward(20)=0.831792 last_metrics=epoch_7_slot_216.json top_arm=batch_size=750000,header_size=64,cut_condition_type=3,fast_path_timeout=0,k=1 top_ratio=0.14
2026-02-03 21:24:57,360 - cmab.policy - INFO - ================================================================================
2026-02-03 21:24:57,360 - cmab.policy - INFO - SELECT ARM - Detailed Prediction Analysis
2026-02-03 21:24:57,360 - cmab.policy - INFO - Context: [ 1.624645   0.         1.6564076 20.         0.       ]
2026-02-03 21:24:57,360 - cmab.policy - INFO - Number of trees in forest: 10
2026-02-03 21:24:57,360 - cmab.policy - INFO - 
2026-02-03 21:24:57,360 - cmab.policy - INFO - Prediction statistics across all trees:
2026-02-03 21:24:57,360 - cmab.policy - INFO -   Mean predictions (top 5 arms): [0.852080, 0.852080, 0.852080, 0.852080, 0.852080]
2026-02-03 21:24:57,360 - cmab.policy - INFO -   Std predictions (top 5 arms): [0.062931, 0.062931, 0.062931, 0.062931, 0.062931]
2026-02-03 21:24:57,360 - cmab.policy - INFO - 
2026-02-03 21:24:57,360 - cmab.policy - INFO - Top 5 arms by mean prediction:
2026-02-03 21:24:57,360 - cmab.policy - INFO -   #1: arm=batch_size=100000,header_size=32,cut_condition_type=1,fast_path_timeout=0,k=1, mean=0.852080, std=0.062931
2026-02-03 21:24:57,360 - cmab.policy - INFO -   #2: arm=batch_size=500000,header_size=128,cut_condition_type=3,fast_path_timeout=0,k=1, mean=0.852080, std=0.062931
2026-02-03 21:24:57,360 - cmab.policy - INFO -   #3: arm=batch_size=750000,header_size=32,cut_condition_type=3,fast_path_timeout=0,k=3, mean=0.852080, std=0.062931
2026-02-03 21:24:57,360 - cmab.policy - INFO -   #4: arm=batch_size=750000,header_size=32,cut_condition_type=3,fast_path_timeout=0,k=1, mean=0.852080, std=0.062931
2026-02-03 21:24:57,360 - cmab.policy - INFO -   #5: arm=batch_size=100000,header_size=64,cut_condition_type=3,fast_path_timeout=0,k=3, mean=0.852080, std=0.062931
2026-02-03 21:24:57,360 - cmab.policy - INFO - 
2026-02-03 21:24:57,360 - cmab.policy - INFO - Selected tree #1 for Thompson Sampling:
2026-02-03 21:24:57,360 - cmab.policy - INFO -   Tree depth: 0
2026-02-03 21:24:57,360 - cmab.policy - INFO -   Tree nodes: 1
2026-02-03 21:24:57,360 - cmab.policy - INFO -   Tree leaves: 1
2026-02-03 21:24:57,360 - cmab.policy - INFO -   Tree shape: (nodes=1, leaves=1, depth=0)
2026-02-03 21:24:57,361 - cmab.policy - INFO -   Tree feature importances: [0. 0. 0. 0. 0. 0. 0. 0. 0. 0.]
2026-02-03 21:24:57,361 - cmab.policy - INFO -   Forest feature importances: [0.  0.5 0.  0.  0.  0.  0.  0.  0.5 0. ]
2026-02-03 21:24:57,362 - cmab.policy - INFO -   Top 5 predictions from this tree:
2026-02-03 21:24:57,362 - cmab.policy - INFO -     #1: arm=batch_size=750000,header_size=128,cut_condition_type=3,fast_path_timeout=400,k=3, pred=0.910360
2026-02-03 21:24:57,362 - cmab.policy - INFO -     #2: arm=batch_size=500000,header_size=32,cut_condition_type=1,fast_path_timeout=100,k=3, pred=0.910360
2026-02-03 21:24:57,362 - cmab.policy - INFO -     #3: arm=batch_size=100000,header_size=128,cut_condition_type=1,fast_path_timeout=400,k=1, pred=0.910360
2026-02-03 21:24:57,362 - cmab.policy - INFO -     #4: arm=batch_size=100000,header_size=128,cut_condition_type=1,fast_path_timeout=400,k=3, pred=0.910360
2026-02-03 21:24:57,362 - cmab.policy - INFO -     #5: arm=batch_size=100000,header_size=128,cut_condition_type=3,fast_path_timeout=0,k=1, pred=0.910360
2026-02-03 21:24:57,362 - cmab.policy - INFO - 
2026-02-03 21:24:57,362 - cmab.policy - INFO -   Found 108 arms with same max prediction (0.910360), randomly selecting one...
2026-02-03 21:24:57,362 - cmab.policy - INFO - 
2026-02-03 21:24:57,362 - cmab.policy - INFO - ✓ SELECTED ARM: batch_size=500000,header_size=32,cut_condition_type=1,fast_path_timeout=400,k=1 (prediction=0.910360)
2026-02-03 21:24:57,362 - cmab.policy - INFO - ================================================================================
2026-02-03 21:24:57,493 - cmab.trainer - INFO - Updated parameters file: /home/ccclr0302/autobahn-test/benchmark/.parameters-0.json
2026-02-03 21:24:57,494 - cmab.trainer - INFO - 🚩 Created RL parameter update signal file (epoch 7): /tmp/autobahn_rl_param_update_7.signal
2026-02-03 21:24:57,494 - cmab.trainer - INFO - Applied params: {'batch_size': 500000, 'header_size': 32, 'cut_condition_type': 1, 'fast_path_timeout': 400, 'k': 1}
2026-02-03 21:24:57,494 - cmab.trainer - INFO - Waiting for next metrics file...
2026-02-03 21:25:23,663 - cmab.trainer - INFO - Iteration 8 : context=[ 1.624645   0.         1.6564076 20.         0.       ] arm=batch_size=500000,header_size=32,cut_condition_type=1,fast_path_timeout=400,k=1 params={'batch_size': 500000, 'header_size': 32, 'cut_condition_type': 1, 'fast_path_timeout': 400, 'k': 1}
2026-02-03 21:25:23,663 - cmab.trainer - INFO - Iteration 8 reward=0.723255 avg_reward(20)=0.818225 last_metrics=epoch_8_slot_246.json top_arm=batch_size=750000,header_size=64,cut_condition_type=3,fast_path_timeout=0,k=1 top_ratio=0.12
2026-02-03 21:25:23,666 - cmab.policy - INFO - ================================================================================
2026-02-03 21:25:23,666 - cmab.policy - INFO - SELECT ARM - Detailed Prediction Analysis
2026-02-03 21:25:23,666 - cmab.policy - INFO - Context: [0.65209997 0.60600156 0.         4.247775   0.        ]
2026-02-03 21:25:23,666 - cmab.policy - INFO - Number of trees in forest: 10
2026-02-03 21:25:23,666 - cmab.policy - INFO - 
2026-02-03 21:25:23,666 - cmab.policy - INFO - Prediction statistics across all trees:
2026-02-03 21:25:23,666 - cmab.policy - INFO -   Mean predictions (top 5 arms): [0.852080, 0.852080, 0.852080, 0.852080, 0.852080]
2026-02-03 21:25:23,666 - cmab.policy - INFO -   Std predictions (top 5 arms): [0.062931, 0.062931, 0.062931, 0.062931, 0.062931]
2026-02-03 21:25:23,666 - cmab.policy - INFO - 
2026-02-03 21:25:23,666 - cmab.policy - INFO - Top 5 arms by mean prediction:
2026-02-03 21:25:23,666 - cmab.policy - INFO -   #1: arm=batch_size=100000,header_size=32,cut_condition_type=1,fast_path_timeout=0,k=1, mean=0.852080, std=0.062931
2026-02-03 21:25:23,666 - cmab.policy - INFO -   #2: arm=batch_size=500000,header_size=128,cut_condition_type=3,fast_path_timeout=0,k=1, mean=0.852080, std=0.062931
2026-02-03 21:25:23,666 - cmab.policy - INFO -   #3: arm=batch_size=750000,header_size=32,cut_condition_type=3,fast_path_timeout=0,k=3, mean=0.852080, std=0.062931
2026-02-03 21:25:23,666 - cmab.policy - INFO -   #4: arm=batch_size=750000,header_size=32,cut_condition_type=3,fast_path_timeout=0,k=1, mean=0.852080, std=0.062931
2026-02-03 21:25:23,666 - cmab.policy - INFO -   #5: arm=batch_size=100000,header_size=64,cut_condition_type=3,fast_path_timeout=0,k=3, mean=0.852080, std=0.062931
2026-02-03 21:25:23,667 - cmab.policy - INFO - 
2026-02-03 21:25:23,667 - cmab.policy - INFO - Selected tree #9 for Thompson Sampling:
2026-02-03 21:25:23,667 - cmab.policy - INFO -   Tree depth: 0
2026-02-03 21:25:23,667 - cmab.policy - INFO -   Tree nodes: 1
2026-02-03 21:25:23,667 - cmab.policy - INFO -   Tree leaves: 1
2026-02-03 21:25:23,667 - cmab.policy - INFO -   Tree shape: (nodes=1, leaves=1, depth=0)
2026-02-03 21:25:23,667 - cmab.policy - INFO -   Tree feature importances: [0. 0. 0. 0. 0. 0. 0. 0. 0. 0.]
2026-02-03 21:25:23,668 - cmab.policy - INFO -   Forest feature importances: [0.  0.5 0.  0.  0.  0.  0.  0.  0.5 0. ]
2026-02-03 21:25:23,668 - cmab.policy - INFO -   Top 5 predictions from this tree:
2026-02-03 21:25:23,668 - cmab.policy - INFO -     #1: arm=batch_size=750000,header_size=128,cut_condition_type=3,fast_path_timeout=400,k=3, pred=0.797221
2026-02-03 21:25:23,668 - cmab.policy - INFO -     #2: arm=batch_size=500000,header_size=32,cut_condition_type=1,fast_path_timeout=100,k=3, pred=0.797221
2026-02-03 21:25:23,668 - cmab.policy - INFO -     #3: arm=batch_size=100000,header_size=128,cut_condition_type=1,fast_path_timeout=400,k=1, pred=0.797221
2026-02-03 21:25:23,668 - cmab.policy - INFO -     #4: arm=batch_size=100000,header_size=128,cut_condition_type=1,fast_path_timeout=400,k=3, pred=0.797221
2026-02-03 21:25:23,668 - cmab.policy - INFO -     #5: arm=batch_size=100000,header_size=128,cut_condition_type=3,fast_path_timeout=0,k=1, pred=0.797221
2026-02-03 21:25:23,668 - cmab.policy - INFO - 
2026-02-03 21:25:23,668 - cmab.policy - INFO -   Found 108 arms with same max prediction (0.797221), randomly selecting one...
2026-02-03 21:25:23,668 - cmab.policy - INFO - 
2026-02-03 21:25:23,668 - cmab.policy - INFO - ✓ SELECTED ARM: batch_size=750000,header_size=128,cut_condition_type=1,fast_path_timeout=100,k=1 (prediction=0.797221)
2026-02-03 21:25:23,668 - cmab.policy - INFO - ================================================================================
2026-02-03 21:25:23,671 - cmab.trainer - INFO - Updated parameters file: /home/ccclr0302/autobahn-test/benchmark/.parameters-0.json
2026-02-03 21:25:23,671 - cmab.trainer - INFO - 🚩 Created RL parameter update signal file (epoch 8): /tmp/autobahn_rl_param_update_8.signal
2026-02-03 21:25:23,672 - cmab.trainer - INFO - Applied params: {'batch_size': 750000, 'header_size': 128, 'cut_condition_type': 1, 'fast_path_timeout': 100, 'k': 1}
2026-02-03 21:25:23,672 - cmab.trainer - INFO - Waiting for next metrics file...
2026-02-03 21:25:45,631 - cmab.trainer - INFO - Iteration 9 : context=[0.65209997 0.60600156 0.         4.247775   0.        ] arm=batch_size=750000,header_size=128,cut_condition_type=1,fast_path_timeout=100,k=1 params={'batch_size': 750000, 'header_size': 128, 'cut_condition_type': 1, 'fast_path_timeout': 100, 'k': 1}
2026-02-03 21:25:45,632 - cmab.trainer - INFO - Iteration 9 reward=0.675935 avg_reward(20)=0.802415 last_metrics=epoch_9_slot_276.json top_arm=batch_size=750000,header_size=64,cut_condition_type=3,fast_path_timeout=0,k=1 top_ratio=0.11
2026-02-03 21:25:45,634 - cmab.policy - INFO - ================================================================================
2026-02-03 21:25:45,634 - cmab.policy - INFO - SELECT ARM - Detailed Prediction Analysis
2026-02-03 21:25:45,634 - cmab.policy - INFO - Context: [0.12123149 0.07711526 0.4300451  0.         0.        ]
2026-02-03 21:25:45,634 - cmab.policy - INFO - Number of trees in forest: 10
2026-02-03 21:25:45,635 - cmab.policy - INFO - 
2026-02-03 21:25:45,635 - cmab.policy - INFO - Prediction statistics across all trees:
2026-02-03 21:25:45,635 - cmab.policy - INFO -   Mean predictions (top 5 arms): [0.852080, 0.852080, 0.852080, 0.852080, 0.852080]
2026-02-03 21:25:45,635 - cmab.policy - INFO -   Std predictions (top 5 arms): [0.062931, 0.062931, 0.062931, 0.062931, 0.062931]
2026-02-03 21:25:45,635 - cmab.policy - INFO - 
2026-02-03 21:25:45,635 - cmab.policy - INFO - Top 5 arms by mean prediction:
2026-02-03 21:25:45,635 - cmab.policy - INFO -   #1: arm=batch_size=100000,header_size=32,cut_condition_type=1,fast_path_timeout=0,k=1, mean=0.852080, std=0.062931
2026-02-03 21:25:45,635 - cmab.policy - INFO -   #2: arm=batch_size=500000,header_size=128,cut_condition_type=3,fast_path_timeout=0,k=1, mean=0.852080, std=0.062931
2026-02-03 21:25:45,635 - cmab.policy - INFO -   #3: arm=batch_size=750000,header_size=32,cut_condition_type=3,fast_path_timeout=0,k=3, mean=0.852080, std=0.062931
2026-02-03 21:25:45,635 - cmab.policy - INFO -   #4: arm=batch_size=750000,header_size=32,cut_condition_type=3,fast_path_timeout=0,k=1, mean=0.852080, std=0.062931
2026-02-03 21:25:45,635 - cmab.policy - INFO -   #5: arm=batch_size=100000,header_size=64,cut_condition_type=3,fast_path_timeout=0,k=3, mean=0.852080, std=0.062931
2026-02-03 21:25:45,635 - cmab.policy - INFO - 
2026-02-03 21:25:45,635 - cmab.policy - INFO - Selected tree #5 for Thompson Sampling:
2026-02-03 21:25:45,635 - cmab.policy - INFO -   Tree depth: 0
2026-02-03 21:25:45,635 - cmab.policy - INFO -   Tree nodes: 1
2026-02-03 21:25:45,635 - cmab.policy - INFO -   Tree leaves: 1
2026-02-03 21:25:45,635 - cmab.policy - INFO -   Tree shape: (nodes=1, leaves=1, depth=0)
2026-02-03 21:25:45,635 - cmab.policy - INFO -   Tree feature importances: [0. 0. 0. 0. 0. 0. 0. 0. 0. 0.]
2026-02-03 21:25:45,636 - cmab.policy - INFO -   Forest feature importances: [0.  0.5 0.  0.  0.  0.  0.  0.  0.5 0. ]
2026-02-03 21:25:45,636 - cmab.policy - INFO -   Top 5 predictions from this tree:
2026-02-03 21:25:45,636 - cmab.policy - INFO -     #1: arm=batch_size=750000,header_size=128,cut_condition_type=3,fast_path_timeout=400,k=3, pred=0.726752
2026-02-03 21:25:45,636 - cmab.policy - INFO -     #2: arm=batch_size=500000,header_size=32,cut_condition_type=1,fast_path_timeout=100,k=3, pred=0.726752
2026-02-03 21:25:45,636 - cmab.policy - INFO -     #3: arm=batch_size=100000,header_size=128,cut_condition_type=1,fast_path_timeout=400,k=1, pred=0.726752
2026-02-03 21:25:45,636 - cmab.policy - INFO -     #4: arm=batch_size=100000,header_size=128,cut_condition_type=1,fast_path_timeout=400,k=3, pred=0.726752
2026-02-03 21:25:45,637 - cmab.policy - INFO -     #5: arm=batch_size=100000,header_size=128,cut_condition_type=3,fast_path_timeout=0,k=1, pred=0.726752
2026-02-03 21:25:45,637 - cmab.policy - INFO - 
2026-02-03 21:25:45,637 - cmab.policy - INFO -   Found 108 arms with same max prediction (0.726752), randomly selecting one...
2026-02-03 21:25:45,637 - cmab.policy - INFO - 
2026-02-03 21:25:45,637 - cmab.policy - INFO - ✓ SELECTED ARM: batch_size=500000,header_size=128,cut_condition_type=1,fast_path_timeout=0,k=3 (prediction=0.726752)
2026-02-03 21:25:45,637 - cmab.policy - INFO - ================================================================================
2026-02-03 21:25:45,640 - cmab.trainer - INFO - Updated parameters file: /home/ccclr0302/autobahn-test/benchmark/.parameters-0.json
2026-02-03 21:25:45,641 - cmab.trainer - INFO - 🚩 Created RL parameter update signal file (epoch 9): /tmp/autobahn_rl_param_update_9.signal
2026-02-03 21:25:45,641 - cmab.trainer - INFO - Applied params: {'batch_size': 500000, 'header_size': 128, 'cut_condition_type': 1, 'fast_path_timeout': 0, 'k': 3}
2026-02-03 21:25:45,641 - cmab.trainer - INFO - Waiting for next metrics file...
[Parallel(n_jobs=1)]: Done  10 out of  10 | elapsed:    0.0s finished
[Parallel(n_jobs=1)]: Done  10 out of  10 | elapsed:    0.0s finished
2026-02-03 21:25:59,188 - cmab.policy - INFO - RF Updated: samples=10, MSE=0.001472
2026-02-03 21:25:59,188 - cmab.trainer - INFO - Iteration 10 : context=[0.12123149 0.07711526 0.4300451  0.         0.        ] arm=batch_size=500000,header_size=128,cut_condition_type=1,fast_path_timeout=0,k=3 params={'batch_size': 500000, 'header_size': 128, 'cut_condition_type': 1, 'fast_path_timeout': 0, 'k': 3}
2026-02-03 21:25:59,188 - cmab.trainer - INFO - Iteration 10 reward=0.906296 avg_reward(20)=0.812803 last_metrics=epoch_10_slot_306.json top_arm=batch_size=750000,header_size=64,cut_condition_type=3,fast_path_timeout=0,k=1 top_ratio=0.10
2026-02-03 21:25:59,193 - cmab.trainer - INFO - Saved checkpoint: /tmp/cmab_continuous_checkpoints/cmab_checkpoint_10.pkl
2026-02-03 21:25:59,195 - cmab.policy - INFO - ================================================================================
2026-02-03 21:25:59,195 - cmab.policy - INFO - SELECT ARM - Detailed Prediction Analysis
2026-02-03 21:25:59,195 - cmab.policy - INFO - Context: [0.19979341 0.0984673  0.         0.706424   0.        ]
2026-02-03 21:25:59,195 - cmab.policy - INFO - Number of trees in forest: 10
2026-02-03 21:25:59,195 - cmab.policy - INFO - 
2026-02-03 21:25:59,195 - cmab.policy - INFO - Prediction statistics across all trees:
2026-02-03 21:25:59,195 - cmab.policy - INFO -   Mean predictions (top 5 arms): [0.902721, 0.902721, 0.902721, 0.902721, 0.902721]
2026-02-03 21:25:59,195 - cmab.policy - INFO -   Std predictions (top 5 arms): [0.018051, 0.018051, 0.018051, 0.018051, 0.018051]
2026-02-03 21:25:59,195 - cmab.policy - INFO - 
2026-02-03 21:25:59,195 - cmab.policy - INFO - Top 5 arms by mean prediction:
2026-02-03 21:25:59,195 - cmab.policy - INFO -   #1: arm=batch_size=500000,header_size=32,cut_condition_type=3,fast_path_timeout=0,k=3, mean=0.902721, std=0.018051
2026-02-03 21:25:59,195 - cmab.policy - INFO -   #2: arm=batch_size=100000,header_size=32,cut_condition_type=3,fast_path_timeout=0,k=3, mean=0.902721, std=0.018051
2026-02-03 21:25:59,195 - cmab.policy - INFO -   #3: arm=batch_size=750000,header_size=32,cut_condition_type=1,fast_path_timeout=0,k=3, mean=0.902721, std=0.018051
2026-02-03 21:25:59,195 - cmab.policy - INFO -   #4: arm=batch_size=750000,header_size=64,cut_condition_type=1,fast_path_timeout=0,k=3, mean=0.902721, std=0.018051
2026-02-03 21:25:59,196 - cmab.policy - INFO -   #5: arm=batch_size=100000,header_size=128,cut_condition_type=1,fast_path_timeout=0,k=3, mean=0.902721, std=0.018051
2026-02-03 21:25:59,196 - cmab.policy - INFO - 
2026-02-03 21:25:59,196 - cmab.policy - INFO - Selected tree #3 for Thompson Sampling:
2026-02-03 21:25:59,196 - cmab.policy - INFO -   Tree depth: 1
2026-02-03 21:25:59,196 - cmab.policy - INFO -   Tree nodes: 3
2026-02-03 21:25:59,196 - cmab.policy - INFO -   Tree leaves: 2
2026-02-03 21:25:59,196 - cmab.policy - INFO -   Tree shape: (nodes=3, leaves=2, depth=1)
2026-02-03 21:25:59,196 - cmab.policy - INFO -   Tree feature importances: [1. 0. 0. 0. 0. 0. 0. 0. 0. 0.]
2026-02-03 21:25:59,198 - cmab.policy - INFO -   Forest feature importances: [0.39397829 0.00436431 0.00602171 0.1        0.         0.
 0.         0.         0.3        0.19563569]
2026-02-03 21:25:59,198 - cmab.policy - INFO -   Top 5 predictions from this tree:
2026-02-03 21:25:59,198 - cmab.policy - INFO -     #1: arm=batch_size=750000,header_size=128,cut_condition_type=3,fast_path_timeout=400,k=3, pred=0.896560
2026-02-03 21:25:59,198 - cmab.policy - INFO -     #2: arm=batch_size=500000,header_size=32,cut_condition_type=1,fast_path_timeout=100,k=3, pred=0.896560
2026-02-03 21:25:59,198 - cmab.policy - INFO -     #3: arm=batch_size=100000,header_size=128,cut_condition_type=1,fast_path_timeout=400,k=1, pred=0.896560
2026-02-03 21:25:59,198 - cmab.policy - INFO -     #4: arm=batch_size=100000,header_size=128,cut_condition_type=1,fast_path_timeout=400,k=3, pred=0.896560
2026-02-03 21:25:59,198 - cmab.policy - INFO -     #5: arm=batch_size=100000,header_size=128,cut_condition_type=3,fast_path_timeout=0,k=1, pred=0.896560
2026-02-03 21:25:59,198 - cmab.policy - INFO - 
2026-02-03 21:25:59,198 - cmab.policy - INFO -   Found 108 arms with same max prediction (0.896560), randomly selecting one...
2026-02-03 21:25:59,198 - cmab.policy - INFO - 
2026-02-03 21:25:59,198 - cmab.policy - INFO - ✓ SELECTED ARM: batch_size=500000,header_size=64,cut_condition_type=1,fast_path_timeout=0,k=3 (prediction=0.896560)
2026-02-03 21:25:59,198 - cmab.policy - INFO - ================================================================================
2026-02-03 21:25:59,202 - cmab.trainer - INFO - Updated parameters file: /home/ccclr0302/autobahn-test/benchmark/.parameters-0.json
2026-02-03 21:25:59,203 - cmab.trainer - INFO - 🚩 Created RL parameter update signal file (epoch 10): /tmp/autobahn_rl_param_update_10.signal
2026-02-03 21:25:59,203 - cmab.trainer - INFO - Applied params: {'batch_size': 500000, 'header_size': 64, 'cut_condition_type': 1, 'fast_path_timeout': 0, 'k': 3}
2026-02-03 21:25:59,203 - cmab.trainer - INFO - Waiting for next metrics file...
2026-02-03 21:26:16,751 - cmab.trainer - INFO - Iteration 11 : context=[0.19979341 0.0984673  0.         0.706424   0.        ] arm=batch_size=500000,header_size=64,cut_condition_type=1,fast_path_timeout=0,k=3 params={'batch_size': 500000, 'header_size': 64, 'cut_condition_type': 1, 'fast_path_timeout': 0, 'k': 3}
2026-02-03 21:26:16,752 - cmab.trainer - INFO - Iteration 11 reward=0.792439 avg_reward(20)=0.810952 last_metrics=epoch_11_slot_336.json top_arm=batch_size=750000,header_size=64,cut_condition_type=3,fast_path_timeout=0,k=1 top_ratio=0.09
2026-02-03 21:26:16,754 - cmab.policy - INFO - ================================================================================
2026-02-03 21:26:16,754 - cmab.policy - INFO - SELECT ARM - Detailed Prediction Analysis
2026-02-03 21:26:16,754 - cmab.policy - INFO - Context: [0.05483826 1.9994446  0.         0.10113841 0.        ]
2026-02-03 21:26:16,754 - cmab.policy - INFO - Number of trees in forest: 10
2026-02-03 21:26:16,754 - cmab.policy - INFO - 
2026-02-03 21:26:16,754 - cmab.policy - INFO - Prediction statistics across all trees:
2026-02-03 21:26:16,754 - cmab.policy - INFO -   Mean predictions (top 5 arms): [0.906245, 0.906245, 0.906245, 0.906245, 0.906245]
2026-02-03 21:26:16,754 - cmab.policy - INFO -   Std predictions (top 5 arms): [0.018753, 0.018753, 0.018753, 0.018753, 0.018753]
2026-02-03 21:26:16,755 - cmab.policy - INFO - 
2026-02-03 21:26:16,755 - cmab.policy - INFO - Top 5 arms by mean prediction:
2026-02-03 21:26:16,755 - cmab.policy - INFO -   #1: arm=batch_size=500000,header_size=32,cut_condition_type=3,fast_path_timeout=0,k=3, mean=0.906245, std=0.018753
2026-02-03 21:26:16,755 - cmab.policy - INFO -   #2: arm=batch_size=100000,header_size=32,cut_condition_type=3,fast_path_timeout=0,k=3, mean=0.906245, std=0.018753
2026-02-03 21:26:16,755 - cmab.policy - INFO -   #3: arm=batch_size=750000,header_size=32,cut_condition_type=1,fast_path_timeout=0,k=3, mean=0.906245, std=0.018753
2026-02-03 21:26:16,755 - cmab.policy - INFO -   #4: arm=batch_size=750000,header_size=64,cut_condition_type=1,fast_path_timeout=0,k=3, mean=0.906245, std=0.018753
2026-02-03 21:26:16,755 - cmab.policy - INFO -   #5: arm=batch_size=100000,header_size=128,cut_condition_type=1,fast_path_timeout=0,k=3, mean=0.906245, std=0.018753
2026-02-03 21:26:16,755 - cmab.policy - INFO - 
2026-02-03 21:26:16,755 - cmab.policy - INFO - Selected tree #9 for Thompson Sampling:
2026-02-03 21:26:16,755 - cmab.policy - INFO -   Tree depth: 1
2026-02-03 21:26:16,755 - cmab.policy - INFO -   Tree nodes: 3
2026-02-03 21:26:16,755 - cmab.policy - INFO -   Tree leaves: 2
2026-02-03 21:26:16,755 - cmab.policy - INFO -   Tree shape: (nodes=3, leaves=2, depth=1)
2026-02-03 21:26:16,755 - cmab.policy - INFO -   Tree feature importances: [0. 0. 0. 0. 0. 0. 0. 0. 1. 0.]
2026-02-03 21:26:16,757 - cmab.policy - INFO -   Forest feature importances: [0.39397829 0.00436431 0.00602171 0.1        0.         0.
 0.         0.         0.3        0.19563569]
2026-02-03 21:26:16,757 - cmab.policy - INFO -   Top 5 predictions from this tree:
2026-02-03 21:26:16,757 - cmab.policy - INFO -     #1: arm=batch_size=100000,header_size=32,cut_condition_type=1,fast_path_timeout=0,k=1, pred=0.905457
2026-02-03 21:26:16,757 - cmab.policy - INFO -     #2: arm=batch_size=500000,header_size=128,cut_condition_type=3,fast_path_timeout=0,k=1, pred=0.905457
2026-02-03 21:26:16,757 - cmab.policy - INFO -     #3: arm=batch_size=750000,header_size=32,cut_condition_type=3,fast_path_timeout=0,k=3, pred=0.905457
2026-02-03 21:26:16,757 - cmab.policy - INFO -     #4: arm=batch_size=750000,header_size=32,cut_condition_type=3,fast_path_timeout=0,k=1, pred=0.905457
2026-02-03 21:26:16,757 - cmab.policy - INFO -     #5: arm=batch_size=100000,header_size=64,cut_condition_type=3,fast_path_timeout=0,k=3, pred=0.905457
2026-02-03 21:26:16,757 - cmab.policy - INFO - 
2026-02-03 21:26:16,757 - cmab.policy - INFO -   Found 36 arms with same max prediction (0.905457), randomly selecting one...
2026-02-03 21:26:16,757 - cmab.policy - INFO - 
2026-02-03 21:26:16,757 - cmab.policy - INFO - ✓ SELECTED ARM: batch_size=100000,header_size=64,cut_condition_type=1,fast_path_timeout=0,k=1 (prediction=0.905457)
2026-02-03 21:26:16,758 - cmab.policy - INFO - ================================================================================
2026-02-03 21:26:16,760 - cmab.trainer - INFO - Updated parameters file: /home/ccclr0302/autobahn-test/benchmark/.parameters-0.json
2026-02-03 21:26:16,760 - cmab.trainer - INFO - 🚩 Created RL parameter update signal file (epoch 11): /tmp/autobahn_rl_param_update_11.signal
2026-02-03 21:26:16,761 - cmab.trainer - INFO - Applied params: {'batch_size': 100000, 'header_size': 64, 'cut_condition_type': 1, 'fast_path_timeout': 0, 'k': 1}
2026-02-03 21:26:16,761 - cmab.trainer - INFO - Waiting for next metrics file...
2026-02-03 21:26:31,902 - cmab.trainer - INFO - Iteration 12 : context=[0.05483826 1.9994446  0.         0.10113841 0.        ] arm=batch_size=100000,header_size=64,cut_condition_type=1,fast_path_timeout=0,k=1 params={'batch_size': 100000, 'header_size': 64, 'cut_condition_type': 1, 'fast_path_timeout': 0, 'k': 1}
2026-02-03 21:26:31,903 - cmab.trainer - INFO - Iteration 12 reward=1.065726 avg_reward(20)=0.832183 last_metrics=epoch_12_slot_366.json top_arm=batch_size=750000,header_size=64,cut_condition_type=3,fast_path_timeout=0,k=1 top_ratio=0.08
2026-02-03 21:26:31,905 - cmab.policy - INFO - ================================================================================
2026-02-03 21:26:31,905 - cmab.policy - INFO - SELECT ARM - Detailed Prediction Analysis
2026-02-03 21:26:31,905 - cmab.policy - INFO - Context: [ 0.76097035  0.66354257  0.         11.185745    0.        ]
2026-02-03 21:26:31,905 - cmab.policy - INFO - Number of trees in forest: 10
2026-02-03 21:26:31,905 - cmab.policy - INFO - 
2026-02-03 21:26:31,905 - cmab.policy - INFO - Prediction statistics across all trees:
2026-02-03 21:26:31,905 - cmab.policy - INFO -   Mean predictions (top 5 arms): [0.805202, 0.805202, 0.805202, 0.805202, 0.805202]
2026-02-03 21:26:31,905 - cmab.policy - INFO -   Std predictions (top 5 arms): [0.103501, 0.103501, 0.103501, 0.103501, 0.103501]
2026-02-03 21:26:31,906 - cmab.policy - INFO - 
2026-02-03 21:26:31,906 - cmab.policy - INFO - Top 5 arms by mean prediction:
2026-02-03 21:26:31,906 - cmab.policy - INFO -   #1: arm=batch_size=500000,header_size=32,cut_condition_type=3,fast_path_timeout=0,k=3, mean=0.805202, std=0.103501
2026-02-03 21:26:31,906 - cmab.policy - INFO -   #2: arm=batch_size=100000,header_size=32,cut_condition_type=3,fast_path_timeout=0,k=3, mean=0.805202, std=0.103501
2026-02-03 21:26:31,906 - cmab.policy - INFO -   #3: arm=batch_size=750000,header_size=32,cut_condition_type=1,fast_path_timeout=0,k=3, mean=0.805202, std=0.103501
2026-02-03 21:26:31,906 - cmab.policy - INFO -   #4: arm=batch_size=750000,header_size=64,cut_condition_type=1,fast_path_timeout=0,k=3, mean=0.805202, std=0.103501
2026-02-03 21:26:31,906 - cmab.policy - INFO -   #5: arm=batch_size=100000,header_size=128,cut_condition_type=1,fast_path_timeout=0,k=3, mean=0.805202, std=0.103501
2026-02-03 21:26:31,906 - cmab.policy - INFO - 
2026-02-03 21:26:31,906 - cmab.policy - INFO - Selected tree #5 for Thompson Sampling:
2026-02-03 21:26:31,906 - cmab.policy - INFO -   Tree depth: 1
2026-02-03 21:26:31,906 - cmab.policy - INFO -   Tree nodes: 3
2026-02-03 21:26:31,906 - cmab.policy - INFO -   Tree leaves: 2
2026-02-03 21:26:31,906 - cmab.policy - INFO -   Tree shape: (nodes=3, leaves=2, depth=1)
2026-02-03 21:26:31,906 - cmab.policy - INFO -   Tree feature importances: [0. 0. 0. 0. 0. 0. 0. 0. 0. 1.]
2026-02-03 21:26:31,908 - cmab.policy - INFO -   Forest feature importances: [0.39397829 0.00436431 0.00602171 0.1        0.         0.
 0.         0.         0.3        0.19563569]
2026-02-03 21:26:31,908 - cmab.policy - INFO -   Top 5 predictions from this tree:
2026-02-03 21:26:31,908 - cmab.policy - INFO -     #1: arm=batch_size=750000,header_size=128,cut_condition_type=3,fast_path_timeout=400,k=3, pred=0.884427
2026-02-03 21:26:31,908 - cmab.policy - INFO -     #2: arm=batch_size=500000,header_size=128,cut_condition_type=3,fast_path_timeout=400,k=3, pred=0.884427
2026-02-03 21:26:31,908 - cmab.policy - INFO -     #3: arm=batch_size=500000,header_size=32,cut_condition_type=1,fast_path_timeout=0,k=3, pred=0.884427
2026-02-03 21:26:31,908 - cmab.policy - INFO -     #4: arm=batch_size=500000,header_size=32,cut_condition_type=1,fast_path_timeout=100,k=3, pred=0.884427
2026-02-03 21:26:31,908 - cmab.policy - INFO -     #5: arm=batch_size=500000,header_size=32,cut_condition_type=1,fast_path_timeout=400,k=3, pred=0.884427
2026-02-03 21:26:31,908 - cmab.policy - INFO - 
2026-02-03 21:26:31,908 - cmab.policy - INFO -   Found 54 arms with same max prediction (0.884427), randomly selecting one...
2026-02-03 21:26:31,908 - cmab.policy - INFO - 
2026-02-03 21:26:31,908 - cmab.policy - INFO - ✓ SELECTED ARM: batch_size=750000,header_size=128,cut_condition_type=1,fast_path_timeout=400,k=3 (prediction=0.884427)
2026-02-03 21:26:31,908 - cmab.policy - INFO - ================================================================================
2026-02-03 21:26:31,911 - cmab.trainer - INFO - Updated parameters file: /home/ccclr0302/autobahn-test/benchmark/.parameters-0.json
2026-02-03 21:26:31,911 - cmab.trainer - INFO - 🚩 Created RL parameter update signal file (epoch 12): /tmp/autobahn_rl_param_update_12.signal
2026-02-03 21:26:31,912 - cmab.trainer - INFO - Applied params: {'batch_size': 750000, 'header_size': 128, 'cut_condition_type': 1, 'fast_path_timeout': 400, 'k': 3}
2026-02-03 21:26:31,912 - cmab.trainer - INFO - Waiting for next metrics file...
2026-02-03 21:26:52,169 - cmab.trainer - INFO - Iteration 13 : context=[ 0.76097035  0.66354257  0.         11.185745    0.        ] arm=batch_size=750000,header_size=128,cut_condition_type=1,fast_path_timeout=400,k=3 params={'batch_size': 750000, 'header_size': 128, 'cut_condition_type': 1, 'fast_path_timeout': 400, 'k': 3}
2026-02-03 21:26:52,169 - cmab.trainer - INFO - Iteration 13 reward=0.612253 avg_reward(20)=0.815265 last_metrics=epoch_13_slot_396.json top_arm=batch_size=750000,header_size=64,cut_condition_type=3,fast_path_timeout=0,k=1 top_ratio=0.08
2026-02-03 21:26:52,172 - cmab.policy - INFO - ================================================================================
2026-02-03 21:26:52,172 - cmab.policy - INFO - SELECT ARM - Detailed Prediction Analysis
2026-02-03 21:26:52,172 - cmab.policy - INFO - Context: [0.0226665  0.41432992 0.10099918 0.         0.        ]
2026-02-03 21:26:52,172 - cmab.policy - INFO - Number of trees in forest: 10
2026-02-03 21:26:52,172 - cmab.policy - INFO - 
2026-02-03 21:26:52,172 - cmab.policy - INFO - Prediction statistics across all trees:
2026-02-03 21:26:52,172 - cmab.policy - INFO -   Mean predictions (top 5 arms): [0.898480, 0.898480, 0.898480, 0.898480, 0.898480]
2026-02-03 21:26:52,172 - cmab.policy - INFO -   Std predictions (top 5 arms): [0.018120, 0.018120, 0.018120, 0.018120, 0.018120]
2026-02-03 21:26:52,172 - cmab.policy - INFO - 
2026-02-03 21:26:52,172 - cmab.policy - INFO - Top 5 arms by mean prediction:
2026-02-03 21:26:52,172 - cmab.policy - INFO -   #1: arm=batch_size=500000,header_size=32,cut_condition_type=3,fast_path_timeout=0,k=3, mean=0.898480, std=0.018120
2026-02-03 21:26:52,172 - cmab.policy - INFO -   #2: arm=batch_size=100000,header_size=32,cut_condition_type=3,fast_path_timeout=0,k=3, mean=0.898480, std=0.018120
2026-02-03 21:26:52,172 - cmab.policy - INFO -   #3: arm=batch_size=750000,header_size=32,cut_condition_type=1,fast_path_timeout=0,k=3, mean=0.898480, std=0.018120
2026-02-03 21:26:52,172 - cmab.policy - INFO -   #4: arm=batch_size=750000,header_size=64,cut_condition_type=1,fast_path_timeout=0,k=3, mean=0.898480, std=0.018120
2026-02-03 21:26:52,172 - cmab.policy - INFO -   #5: arm=batch_size=100000,header_size=128,cut_condition_type=1,fast_path_timeout=0,k=3, mean=0.898480, std=0.018120
2026-02-03 21:26:52,173 - cmab.policy - INFO - 
2026-02-03 21:26:52,173 - cmab.policy - INFO - Selected tree #4 for Thompson Sampling:
2026-02-03 21:26:52,173 - cmab.policy - INFO -   Tree depth: 1
2026-02-03 21:26:52,173 - cmab.policy - INFO -   Tree nodes: 3
2026-02-03 21:26:52,173 - cmab.policy - INFO -   Tree leaves: 2
2026-02-03 21:26:52,173 - cmab.policy - INFO -   Tree shape: (nodes=3, leaves=2, depth=1)
2026-02-03 21:26:52,173 - cmab.policy - INFO -   Tree feature importances: [0. 0. 0. 0. 0. 0. 0. 0. 1. 0.]
2026-02-03 21:26:52,175 - cmab.policy - INFO -   Forest feature importances: [0.39397829 0.00436431 0.00602171 0.1        0.         0.
 0.         0.         0.3        0.19563569]
2026-02-03 21:26:52,175 - cmab.policy - INFO -   Top 5 predictions from this tree:
2026-02-03 21:26:52,175 - cmab.policy - INFO -     #1: arm=batch_size=100000,header_size=32,cut_condition_type=1,fast_path_timeout=0,k=1, pred=0.905498
2026-02-03 21:26:52,175 - cmab.policy - INFO -     #2: arm=batch_size=500000,header_size=128,cut_condition_type=3,fast_path_timeout=0,k=1, pred=0.905498
2026-02-03 21:26:52,175 - cmab.policy - INFO -     #3: arm=batch_size=750000,header_size=32,cut_condition_type=3,fast_path_timeout=0,k=3, pred=0.905498
2026-02-03 21:26:52,175 - cmab.policy - INFO -     #4: arm=batch_size=750000,header_size=32,cut_condition_type=3,fast_path_timeout=0,k=1, pred=0.905498
2026-02-03 21:26:52,175 - cmab.policy - INFO -     #5: arm=batch_size=100000,header_size=64,cut_condition_type=3,fast_path_timeout=0,k=3, pred=0.905498
2026-02-03 21:26:52,175 - cmab.policy - INFO - 
2026-02-03 21:26:52,175 - cmab.policy - INFO -   Found 36 arms with same max prediction (0.905498), randomly selecting one...
2026-02-03 21:26:52,175 - cmab.policy - INFO - 
2026-02-03 21:26:52,175 - cmab.policy - INFO - ✓ SELECTED ARM: batch_size=100000,header_size=32,cut_condition_type=1,fast_path_timeout=0,k=3 (prediction=0.905498)
2026-02-03 21:26:52,175 - cmab.policy - INFO - ================================================================================
2026-02-03 21:26:52,178 - cmab.trainer - INFO - Updated parameters file: /home/ccclr0302/autobahn-test/benchmark/.parameters-0.json
2026-02-03 21:26:52,178 - cmab.trainer - INFO - 🚩 Created RL parameter update signal file (epoch 13): /tmp/autobahn_rl_param_update_13.signal
2026-02-03 21:26:52,178 - cmab.trainer - INFO - Applied params: {'batch_size': 100000, 'header_size': 32, 'cut_condition_type': 1, 'fast_path_timeout': 0, 'k': 3}
2026-02-03 21:26:52,178 - cmab.trainer - INFO - Waiting for next metrics file...
2026-02-03 21:27:07,822 - cmab.trainer - INFO - Iteration 14 : context=[0.0226665  0.41432992 0.10099918 0.         0.        ] arm=batch_size=100000,header_size=32,cut_condition_type=1,fast_path_timeout=0,k=3 params={'batch_size': 100000, 'header_size': 32, 'cut_condition_type': 1, 'fast_path_timeout': 0, 'k': 3}
2026-02-03 21:27:07,822 - cmab.trainer - INFO - Iteration 14 reward=1.031323 avg_reward(20)=0.830698 last_metrics=epoch_14_slot_426.json top_arm=batch_size=750000,header_size=64,cut_condition_type=3,fast_path_timeout=0,k=1 top_ratio=0.07
2026-02-03 21:27:07,824 - cmab.policy - INFO - ================================================================================
2026-02-03 21:27:07,825 - cmab.policy - INFO - SELECT ARM - Detailed Prediction Analysis
2026-02-03 21:27:07,825 - cmab.policy - INFO - Context: [ 1.8248906  1.6218858  0.        20.         0.       ]
2026-02-03 21:27:07,825 - cmab.policy - INFO - Number of trees in forest: 10
2026-02-03 21:27:07,825 - cmab.policy - INFO - 
2026-02-03 21:27:07,825 - cmab.policy - INFO - Prediction statistics across all trees:
2026-02-03 21:27:07,825 - cmab.policy - INFO -   Mean predictions (top 5 arms): [0.810023, 0.810023, 0.810023, 0.810023, 0.810023]
2026-02-03 21:27:07,825 - cmab.policy - INFO -   Std predictions (top 5 arms): [0.098445, 0.098445, 0.098445, 0.098445, 0.098445]
2026-02-03 21:27:07,825 - cmab.policy - INFO - 
2026-02-03 21:27:07,825 - cmab.policy - INFO - Top 5 arms by mean prediction:
2026-02-03 21:27:07,825 - cmab.policy - INFO -   #1: arm=batch_size=500000,header_size=32,cut_condition_type=3,fast_path_timeout=0,k=3, mean=0.810023, std=0.098445
2026-02-03 21:27:07,825 - cmab.policy - INFO -   #2: arm=batch_size=100000,header_size=32,cut_condition_type=3,fast_path_timeout=0,k=3, mean=0.810023, std=0.098445
2026-02-03 21:27:07,825 - cmab.policy - INFO -   #3: arm=batch_size=750000,header_size=32,cut_condition_type=1,fast_path_timeout=0,k=3, mean=0.810023, std=0.098445
2026-02-03 21:27:07,825 - cmab.policy - INFO -   #4: arm=batch_size=750000,header_size=64,cut_condition_type=1,fast_path_timeout=0,k=3, mean=0.810023, std=0.098445
2026-02-03 21:27:07,825 - cmab.policy - INFO -   #5: arm=batch_size=100000,header_size=128,cut_condition_type=1,fast_path_timeout=0,k=3, mean=0.810023, std=0.098445
2026-02-03 21:27:07,825 - cmab.policy - INFO - 
2026-02-03 21:27:07,825 - cmab.policy - INFO - Selected tree #4 for Thompson Sampling:
2026-02-03 21:27:07,825 - cmab.policy - INFO -   Tree depth: 1
2026-02-03 21:27:07,825 - cmab.policy - INFO -   Tree nodes: 3
2026-02-03 21:27:07,825 - cmab.policy - INFO -   Tree leaves: 2
2026-02-03 21:27:07,825 - cmab.policy - INFO -   Tree shape: (nodes=3, leaves=2, depth=1)
2026-02-03 21:27:07,826 - cmab.policy - INFO -   Tree feature importances: [0. 0. 0. 0. 0. 0. 0. 0. 1. 0.]
2026-02-03 21:27:07,827 - cmab.policy - INFO -   Forest feature importances: [0.39397829 0.00436431 0.00602171 0.1        0.         0.
 0.         0.         0.3        0.19563569]
2026-02-03 21:27:07,827 - cmab.policy - INFO -   Top 5 predictions from this tree:
2026-02-03 21:27:07,827 - cmab.policy - INFO -     #1: arm=batch_size=100000,header_size=32,cut_condition_type=1,fast_path_timeout=0,k=1, pred=0.905498
2026-02-03 21:27:07,827 - cmab.policy - INFO -     #2: arm=batch_size=500000,header_size=128,cut_condition_type=3,fast_path_timeout=0,k=1, pred=0.905498
2026-02-03 21:27:07,828 - cmab.policy - INFO -     #3: arm=batch_size=750000,header_size=32,cut_condition_type=3,fast_path_timeout=0,k=3, pred=0.905498
2026-02-03 21:27:07,828 - cmab.policy - INFO -     #4: arm=batch_size=750000,header_size=32,cut_condition_type=3,fast_path_timeout=0,k=1, pred=0.905498
2026-02-03 21:27:07,828 - cmab.policy - INFO -     #5: arm=batch_size=100000,header_size=64,cut_condition_type=3,fast_path_timeout=0,k=3, pred=0.905498
2026-02-03 21:27:07,828 - cmab.policy - INFO - 
2026-02-03 21:27:07,828 - cmab.policy - INFO -   Found 36 arms with same max prediction (0.905498), randomly selecting one...
2026-02-03 21:27:07,828 - cmab.policy - INFO - 
2026-02-03 21:27:07,828 - cmab.policy - INFO - ✓ SELECTED ARM: batch_size=500000,header_size=128,cut_condition_type=3,fast_path_timeout=0,k=3 (prediction=0.905498)
2026-02-03 21:27:07,828 - cmab.policy - INFO - ================================================================================
2026-02-03 21:27:07,831 - cmab.trainer - INFO - Updated parameters file: /home/ccclr0302/autobahn-test/benchmark/.parameters-0.json
2026-02-03 21:27:07,831 - cmab.trainer - INFO - 🚩 Created RL parameter update signal file (epoch 14): /tmp/autobahn_rl_param_update_14.signal
2026-02-03 21:27:07,831 - cmab.trainer - INFO - Applied params: {'batch_size': 500000, 'header_size': 128, 'cut_condition_type': 3, 'fast_path_timeout': 0, 'k': 3}
2026-02-03 21:27:07,831 - cmab.trainer - INFO - Waiting for next metrics file...
[Parallel(n_jobs=1)]: Done  10 out of  10 | elapsed:    0.0s finished
[Parallel(n_jobs=1)]: Done  10 out of  10 | elapsed:    0.0s finished
2026-02-03 21:27:30,303 - cmab.policy - INFO - RF Updated: samples=15, MSE=0.002876
2026-02-03 21:27:30,303 - cmab.trainer - INFO - Iteration 15 : context=[ 1.8248906  1.6218858  0.        20.         0.       ] arm=batch_size=500000,header_size=128,cut_condition_type=3,fast_path_timeout=0,k=3 params={'batch_size': 500000, 'header_size': 128, 'cut_condition_type': 3, 'fast_path_timeout': 0, 'k': 3}
2026-02-03 21:27:30,304 - cmab.trainer - INFO - Iteration 15 reward=0.781748 avg_reward(20)=0.827435 last_metrics=epoch_15_slot_456.json top_arm=batch_size=500000,header_size=128,cut_condition_type=3,fast_path_timeout=0,k=3 top_ratio=0.13
2026-02-03 21:27:30,306 - cmab.policy - INFO - ================================================================================
2026-02-03 21:27:30,306 - cmab.policy - INFO - SELECT ARM - Detailed Prediction Analysis
2026-02-03 21:27:30,306 - cmab.policy - INFO - Context: [0.7911706  0.0643016  0.10064505 0.         0.        ]
2026-02-03 21:27:30,306 - cmab.policy - INFO - Number of trees in forest: 10
2026-02-03 21:27:30,306 - cmab.policy - INFO - 
2026-02-03 21:27:30,306 - cmab.policy - INFO - Prediction statistics across all trees:
2026-02-03 21:27:30,306 - cmab.policy - INFO -   Mean predictions (top 5 arms): [0.783626, 0.783626, 0.783626, 0.783626, 0.783626]
2026-02-03 21:27:30,306 - cmab.policy - INFO -   Std predictions (top 5 arms): [0.059406, 0.059406, 0.059406, 0.059406, 0.059406]
2026-02-03 21:27:30,306 - cmab.policy - INFO - 
2026-02-03 21:27:30,306 - cmab.policy - INFO - Top 5 arms by mean prediction:
2026-02-03 21:27:30,306 - cmab.policy - INFO -   #1: arm=batch_size=500000,header_size=64,cut_condition_type=1,fast_path_timeout=400,k=3, mean=0.783626, std=0.059406
2026-02-03 21:27:30,306 - cmab.policy - INFO -   #2: arm=batch_size=100000,header_size=64,cut_condition_type=3,fast_path_timeout=400,k=3, mean=0.783626, std=0.059406
2026-02-03 21:27:30,306 - cmab.policy - INFO -   #3: arm=batch_size=100000,header_size=128,cut_condition_type=1,fast_path_timeout=100,k=3, mean=0.783626, std=0.059406
2026-02-03 21:27:30,306 - cmab.policy - INFO -   #4: arm=batch_size=500000,header_size=32,cut_condition_type=3,fast_path_timeout=400,k=3, mean=0.783626, std=0.059406
2026-02-03 21:27:30,306 - cmab.policy - INFO -   #5: arm=batch_size=100000,header_size=128,cut_condition_type=1,fast_path_timeout=400,k=3, mean=0.783626, std=0.059406
2026-02-03 21:27:30,306 - cmab.policy - INFO - 
2026-02-03 21:27:30,306 - cmab.policy - INFO - Selected tree #3 for Thompson Sampling:
2026-02-03 21:27:30,306 - cmab.policy - INFO -   Tree depth: 2
2026-02-03 21:27:30,306 - cmab.policy - INFO -   Tree nodes: 7
2026-02-03 21:27:30,307 - cmab.policy - INFO -   Tree leaves: 4
2026-02-03 21:27:30,307 - cmab.policy - INFO -   Tree shape: (nodes=7, leaves=4, depth=2)
2026-02-03 21:27:30,307 - cmab.policy - INFO -   Tree feature importances: [0.86747876 0.         0.         0.         0.         0.13252124
 0.         0.         0.         0.        ]
2026-02-03 21:27:30,308 - cmab.policy - INFO -   Forest feature importances: [0.69484508 0.03287416 0.10320957 0.08256014 0.         0.02465271
 0.01428115 0.01661217 0.01239635 0.01856868]
2026-02-03 21:27:30,309 - cmab.policy - INFO -   Top 5 predictions from this tree:
2026-02-03 21:27:30,309 - cmab.policy - INFO -     #1: arm=batch_size=500000,header_size=64,cut_condition_type=1,fast_path_timeout=400,k=3, pred=0.771237
2026-02-03 21:27:30,309 - cmab.policy - INFO -     #2: arm=batch_size=100000,header_size=128,cut_condition_type=1,fast_path_timeout=100,k=1, pred=0.771237
2026-02-03 21:27:30,309 - cmab.policy - INFO -     #3: arm=batch_size=100000,header_size=128,cut_condition_type=1,fast_path_timeout=400,k=1, pred=0.771237
2026-02-03 21:27:30,309 - cmab.policy - INFO -     #4: arm=batch_size=100000,header_size=128,cut_condition_type=1,fast_path_timeout=400,k=3, pred=0.771237
2026-02-03 21:27:30,309 - cmab.policy - INFO -     #5: arm=batch_size=100000,header_size=128,cut_condition_type=3,fast_path_timeout=0,k=1, pred=0.771237
2026-02-03 21:27:30,309 - cmab.policy - INFO - 
2026-02-03 21:27:30,309 - cmab.policy - INFO -   Found 72 arms with same max prediction (0.771237), randomly selecting one...
2026-02-03 21:27:30,309 - cmab.policy - INFO - 
2026-02-03 21:27:30,309 - cmab.policy - INFO - ✓ SELECTED ARM: batch_size=500000,header_size=128,cut_condition_type=3,fast_path_timeout=400,k=1 (prediction=0.771237)
2026-02-03 21:27:30,309 - cmab.policy - INFO - ================================================================================
2026-02-03 21:27:30,312 - cmab.trainer - INFO - Updated parameters file: /home/ccclr0302/autobahn-test/benchmark/.parameters-0.json
2026-02-03 21:27:30,312 - cmab.trainer - INFO - 🚩 Created RL parameter update signal file (epoch 15): /tmp/autobahn_rl_param_update_15.signal
2026-02-03 21:27:30,312 - cmab.trainer - INFO - Applied params: {'batch_size': 500000, 'header_size': 128, 'cut_condition_type': 3, 'fast_path_timeout': 400, 'k': 1}
2026-02-03 21:27:30,312 - cmab.trainer - INFO - Waiting for next metrics file...
2026-02-03 21:27:58,290 - cmab.trainer - INFO - Iteration 16 : context=[0.7911706  0.0643016  0.10064505 0.         0.        ] arm=batch_size=500000,header_size=128,cut_condition_type=3,fast_path_timeout=400,k=1 params={'batch_size': 500000, 'header_size': 128, 'cut_condition_type': 3, 'fast_path_timeout': 400, 'k': 1}
2026-02-03 21:27:58,290 - cmab.trainer - INFO - Iteration 16 reward=0.662881 avg_reward(20)=0.817150 last_metrics=epoch_16_slot_486.json top_arm=batch_size=500000,header_size=128,cut_condition_type=3,fast_path_timeout=0,k=3 top_ratio=0.12
2026-02-03 21:27:58,293 - cmab.policy - INFO - ================================================================================
2026-02-03 21:27:58,293 - cmab.policy - INFO - SELECT ARM - Detailed Prediction Analysis
2026-02-03 21:27:58,293 - cmab.policy - INFO - Context: [0.12541269 0.08730011 0.         0.6971012  0.        ]
2026-02-03 21:27:58,293 - cmab.policy - INFO - Number of trees in forest: 10
2026-02-03 21:27:58,293 - cmab.policy - INFO - 
2026-02-03 21:27:58,293 - cmab.policy - INFO - Prediction statistics across all trees:
2026-02-03 21:27:58,293 - cmab.policy - INFO -   Mean predictions (top 5 arms): [0.933954, 0.933954, 0.933954, 0.933954, 0.933954]
2026-02-03 21:27:58,293 - cmab.policy - INFO -   Std predictions (top 5 arms): [0.078702, 0.078702, 0.078702, 0.078702, 0.078702]
2026-02-03 21:27:58,293 - cmab.policy - INFO - 
2026-02-03 21:27:58,293 - cmab.policy - INFO - Top 5 arms by mean prediction:
2026-02-03 21:27:58,293 - cmab.policy - INFO -   #1: arm=batch_size=100000,header_size=32,cut_condition_type=1,fast_path_timeout=0,k=1, mean=0.933954, std=0.078702
2026-02-03 21:27:58,294 - cmab.policy - INFO -   #2: arm=batch_size=100000,header_size=32,cut_condition_type=1,fast_path_timeout=0,k=3, mean=0.933954, std=0.078702
2026-02-03 21:27:58,294 - cmab.policy - INFO -   #3: arm=batch_size=750000,header_size=32,cut_condition_type=1,fast_path_timeout=0,k=1, mean=0.933954, std=0.078702
2026-02-03 21:27:58,294 - cmab.policy - INFO -   #4: arm=batch_size=750000,header_size=32,cut_condition_type=1,fast_path_timeout=0,k=3, mean=0.933954, std=0.078702
2026-02-03 21:27:58,294 - cmab.policy - INFO -   #5: arm=batch_size=500000,header_size=32,cut_condition_type=1,fast_path_timeout=0,k=3, mean=0.933954, std=0.078702
2026-02-03 21:27:58,294 - cmab.policy - INFO - 
2026-02-03 21:27:58,294 - cmab.policy - INFO - Selected tree #10 for Thompson Sampling:
2026-02-03 21:27:58,294 - cmab.policy - INFO -   Tree depth: 3
2026-02-03 21:27:58,294 - cmab.policy - INFO -   Tree nodes: 9
2026-02-03 21:27:58,294 - cmab.policy - INFO -   Tree leaves: 5
2026-02-03 21:27:58,294 - cmab.policy - INFO -   Tree shape: (nodes=9, leaves=5, depth=3)
2026-02-03 21:27:58,294 - cmab.policy - INFO -   Tree feature importances: [0.69246683 0.03299191 0.         0.         0.         0.
 0.14281151 0.         0.         0.13172975]
2026-02-03 21:27:58,296 - cmab.policy - INFO -   Forest feature importances: [0.69484508 0.03287416 0.10320957 0.08256014 0.         0.02465271
 0.01428115 0.01661217 0.01239635 0.01856868]
2026-02-03 21:27:58,296 - cmab.policy - INFO -   Top 5 predictions from this tree:
2026-02-03 21:27:58,296 - cmab.policy - INFO -     #1: arm=batch_size=100000,header_size=32,cut_condition_type=1,fast_path_timeout=0,k=1, pred=0.980864
2026-02-03 21:27:58,296 - cmab.policy - INFO -     #2: arm=batch_size=750000,header_size=32,cut_condition_type=1,fast_path_timeout=0,k=1, pred=0.980864
2026-02-03 21:27:58,296 - cmab.policy - INFO -     #3: arm=batch_size=750000,header_size=32,cut_condition_type=3,fast_path_timeout=100,k=3, pred=0.980864
2026-02-03 21:27:58,296 - cmab.policy - INFO -     #4: arm=batch_size=750000,header_size=32,cut_condition_type=3,fast_path_timeout=100,k=1, pred=0.980864
2026-02-03 21:27:58,296 - cmab.policy - INFO -     #5: arm=batch_size=750000,header_size=32,cut_condition_type=3,fast_path_timeout=0,k=3, pred=0.980864
2026-02-03 21:27:58,296 - cmab.policy - INFO - 
2026-02-03 21:27:58,296 - cmab.policy - INFO -   Found 36 arms with same max prediction (0.980864), randomly selecting one...
2026-02-03 21:27:58,296 - cmab.policy - INFO - 
2026-02-03 21:27:58,296 - cmab.policy - INFO - ✓ SELECTED ARM: batch_size=750000,header_size=32,cut_condition_type=1,fast_path_timeout=100,k=1 (prediction=0.980864)
2026-02-03 21:27:58,296 - cmab.policy - INFO - ================================================================================
2026-02-03 21:27:58,299 - cmab.trainer - INFO - Updated parameters file: /home/ccclr0302/autobahn-test/benchmark/.parameters-0.json
2026-02-03 21:27:58,299 - cmab.trainer - INFO - 🚩 Created RL parameter update signal file (epoch 16): /tmp/autobahn_rl_param_update_16.signal
2026-02-03 21:27:58,299 - cmab.trainer - INFO - Applied params: {'batch_size': 750000, 'header_size': 32, 'cut_condition_type': 1, 'fast_path_timeout': 100, 'k': 1}
2026-02-03 21:27:58,299 - cmab.trainer - INFO - Waiting for next metrics file...
2026-02-03 21:28:21,363 - cmab.trainer - INFO - Iteration 17 : context=[0.12541269 0.08730011 0.         0.6971012  0.        ] arm=batch_size=750000,header_size=32,cut_condition_type=1,fast_path_timeout=100,k=1 params={'batch_size': 750000, 'header_size': 32, 'cut_condition_type': 1, 'fast_path_timeout': 100, 'k': 1}
2026-02-03 21:28:21,363 - cmab.trainer - INFO - Iteration 17 reward=0.782019 avg_reward(20)=0.815084 last_metrics=epoch_17_slot_516.json top_arm=batch_size=500000,header_size=128,cut_condition_type=3,fast_path_timeout=0,k=3 top_ratio=0.12
2026-02-03 21:28:21,366 - cmab.policy - INFO - ================================================================================
2026-02-03 21:28:21,366 - cmab.policy - INFO - SELECT ARM - Detailed Prediction Analysis
2026-02-03 21:28:21,366 - cmab.policy - INFO - Context: [0.517877  2.7227347 0.5619741 0.        0.       ]
2026-02-03 21:28:21,366 - cmab.policy - INFO - Number of trees in forest: 10
2026-02-03 21:28:21,366 - cmab.policy - INFO - 
2026-02-03 21:28:21,366 - cmab.policy - INFO - Prediction statistics across all trees:
2026-02-03 21:28:21,366 - cmab.policy - INFO -   Mean predictions (top 5 arms): [0.909748, 0.909748, 0.909748, 0.909748, 0.909748]
2026-02-03 21:28:21,366 - cmab.policy - INFO -   Std predictions (top 5 arms): [0.078634, 0.078634, 0.078634, 0.078634, 0.078634]
2026-02-03 21:28:21,366 - cmab.policy - INFO - 
2026-02-03 21:28:21,366 - cmab.policy - INFO - Top 5 arms by mean prediction:
2026-02-03 21:28:21,366 - cmab.policy - INFO -   #1: arm=batch_size=100000,header_size=32,cut_condition_type=1,fast_path_timeout=0,k=3, mean=0.909748, std=0.078634
2026-02-03 21:28:21,366 - cmab.policy - INFO -   #2: arm=batch_size=100000,header_size=32,cut_condition_type=1,fast_path_timeout=100,k=3, mean=0.909748, std=0.078634
2026-02-03 21:28:21,366 - cmab.policy - INFO -   #3: arm=batch_size=100000,header_size=32,cut_condition_type=1,fast_path_timeout=400,k=3, mean=0.909748, std=0.078634
2026-02-03 21:28:21,366 - cmab.policy - INFO -   #4: arm=batch_size=500000,header_size=32,cut_condition_type=1,fast_path_timeout=400,k=3, mean=0.909748, std=0.078634
2026-02-03 21:28:21,366 - cmab.policy - INFO -   #5: arm=batch_size=500000,header_size=32,cut_condition_type=1,fast_path_timeout=100,k=3, mean=0.909748, std=0.078634
2026-02-03 21:28:21,366 - cmab.policy - INFO - 
2026-02-03 21:28:21,366 - cmab.policy - INFO - Selected tree #4 for Thompson Sampling:
2026-02-03 21:28:21,366 - cmab.policy - INFO -   Tree depth: 2
2026-02-03 21:28:21,367 - cmab.policy - INFO -   Tree nodes: 5
2026-02-03 21:28:21,367 - cmab.policy - INFO -   Tree leaves: 3
2026-02-03 21:28:21,367 - cmab.policy - INFO -   Tree shape: (nodes=5, leaves=3, depth=2)
2026-02-03 21:28:21,367 - cmab.policy - INFO -   Tree feature importances: [0.         0.         0.87603652 0.         0.         0.
 0.         0.         0.12396348 0.        ]
2026-02-03 21:28:21,368 - cmab.policy - INFO -   Forest feature importances: [0.69484508 0.03287416 0.10320957 0.08256014 0.         0.02465271
 0.01428115 0.01661217 0.01239635 0.01856868]
2026-02-03 21:28:21,369 - cmab.policy - INFO -   Top 5 predictions from this tree:
2026-02-03 21:28:21,369 - cmab.policy - INFO -     #1: arm=batch_size=750000,header_size=128,cut_condition_type=3,fast_path_timeout=400,k=3, pred=0.912922
2026-02-03 21:28:21,369 - cmab.policy - INFO -     #2: arm=batch_size=500000,header_size=32,cut_condition_type=1,fast_path_timeout=100,k=3, pred=0.912922
2026-02-03 21:28:21,369 - cmab.policy - INFO -     #3: arm=batch_size=100000,header_size=128,cut_condition_type=1,fast_path_timeout=400,k=1, pred=0.912922
2026-02-03 21:28:21,369 - cmab.policy - INFO -     #4: arm=batch_size=100000,header_size=128,cut_condition_type=1,fast_path_timeout=400,k=3, pred=0.912922
2026-02-03 21:28:21,369 - cmab.policy - INFO -     #5: arm=batch_size=100000,header_size=128,cut_condition_type=3,fast_path_timeout=0,k=1, pred=0.912922
2026-02-03 21:28:21,369 - cmab.policy - INFO - 
2026-02-03 21:28:21,369 - cmab.policy - INFO -   Found 108 arms with same max prediction (0.912922), randomly selecting one...
2026-02-03 21:28:21,369 - cmab.policy - INFO - 
2026-02-03 21:28:21,369 - cmab.policy - INFO - ✓ SELECTED ARM: batch_size=100000,header_size=32,cut_condition_type=1,fast_path_timeout=0,k=1 (prediction=0.912922)
2026-02-03 21:28:21,369 - cmab.policy - INFO - ================================================================================
2026-02-03 21:28:21,372 - cmab.trainer - INFO - Updated parameters file: /home/ccclr0302/autobahn-test/benchmark/.parameters-0.json
2026-02-03 21:28:21,372 - cmab.trainer - INFO - 🚩 Created RL parameter update signal file (epoch 17): /tmp/autobahn_rl_param_update_17.signal
2026-02-03 21:28:21,372 - cmab.trainer - INFO - Applied params: {'batch_size': 100000, 'header_size': 32, 'cut_condition_type': 1, 'fast_path_timeout': 0, 'k': 1}
2026-02-03 21:28:21,373 - cmab.trainer - INFO - Waiting for next metrics file...
2026-02-03 21:28:36,816 - cmab.trainer - INFO - Iteration 18 : context=[0.517877  2.7227347 0.5619741 0.        0.       ] arm=batch_size=100000,header_size=32,cut_condition_type=1,fast_path_timeout=0,k=1 params={'batch_size': 100000, 'header_size': 32, 'cut_condition_type': 1, 'fast_path_timeout': 0, 'k': 1}
2026-02-03 21:28:36,816 - cmab.trainer - INFO - Iteration 18 reward=1.093887 avg_reward(20)=0.830573 last_metrics=epoch_18_slot_546.json top_arm=batch_size=500000,header_size=128,cut_condition_type=3,fast_path_timeout=0,k=3 top_ratio=0.11
2026-02-03 21:28:36,819 - cmab.policy - INFO - ================================================================================
2026-02-03 21:28:36,819 - cmab.policy - INFO - SELECT ARM - Detailed Prediction Analysis
2026-02-03 21:28:36,819 - cmab.policy - INFO - Context: [ 1.8759989  1.677376   0.        18.858248   0.       ]
2026-02-03 21:28:36,819 - cmab.policy - INFO - Number of trees in forest: 10
2026-02-03 21:28:36,819 - cmab.policy - INFO - 
2026-02-03 21:28:36,819 - cmab.policy - INFO - Prediction statistics across all trees:
2026-02-03 21:28:36,819 - cmab.policy - INFO -   Mean predictions (top 5 arms): [0.769054, 0.769054, 0.769054, 0.769054, 0.769054]
2026-02-03 21:28:36,819 - cmab.policy - INFO -   Std predictions (top 5 arms): [0.025741, 0.025741, 0.025741, 0.025741, 0.025741]
2026-02-03 21:28:36,819 - cmab.policy - INFO - 
2026-02-03 21:28:36,819 - cmab.policy - INFO - Top 5 arms by mean prediction:
2026-02-03 21:28:36,819 - cmab.policy - INFO -   #1: arm=batch_size=500000,header_size=128,cut_condition_type=1,fast_path_timeout=0,k=3, mean=0.769054, std=0.025741
2026-02-03 21:28:36,819 - cmab.policy - INFO -   #2: arm=batch_size=100000,header_size=32,cut_condition_type=1,fast_path_timeout=0,k=3, mean=0.769054, std=0.025741
2026-02-03 21:28:36,819 - cmab.policy - INFO -   #3: arm=batch_size=100000,header_size=128,cut_condition_type=3,fast_path_timeout=0,k=3, mean=0.769054, std=0.025741
2026-02-03 21:28:36,819 - cmab.policy - INFO -   #4: arm=batch_size=100000,header_size=32,cut_condition_type=3,fast_path_timeout=0,k=3, mean=0.769054, std=0.025741
2026-02-03 21:28:36,819 - cmab.policy - INFO -   #5: arm=batch_size=500000,header_size=32,cut_condition_type=3,fast_path_timeout=0,k=3, mean=0.769054, std=0.025741
2026-02-03 21:28:36,819 - cmab.policy - INFO - 
2026-02-03 21:28:36,819 - cmab.policy - INFO - Selected tree #8 for Thompson Sampling:
2026-02-03 21:28:36,820 - cmab.policy - INFO -   Tree depth: 2
2026-02-03 21:28:36,820 - cmab.policy - INFO -   Tree nodes: 7
2026-02-03 21:28:36,820 - cmab.policy - INFO -   Tree leaves: 4
2026-02-03 21:28:36,820 - cmab.policy - INFO -   Tree shape: (nodes=7, leaves=4, depth=2)
2026-02-03 21:28:36,820 - cmab.policy - INFO -   Tree feature importances: [0.83387831 0.         0.         0.         0.         0.
 0.         0.16612169 0.         0.        ]
2026-02-03 21:28:36,822 - cmab.policy - INFO -   Forest feature importances: [0.69484508 0.03287416 0.10320957 0.08256014 0.         0.02465271
 0.01428115 0.01661217 0.01239635 0.01856868]
2026-02-03 21:28:36,822 - cmab.policy - INFO -   Top 5 predictions from this tree:
2026-02-03 21:28:36,822 - cmab.policy - INFO -     #1: arm=batch_size=750000,header_size=128,cut_condition_type=3,fast_path_timeout=400,k=3, pred=0.799661
2026-02-03 21:28:36,822 - cmab.policy - INFO -     #2: arm=batch_size=500000,header_size=32,cut_condition_type=1,fast_path_timeout=100,k=3, pred=0.799661
2026-02-03 21:28:36,822 - cmab.policy - INFO -     #3: arm=batch_size=100000,header_size=128,cut_condition_type=1,fast_path_timeout=400,k=1, pred=0.799661
2026-02-03 21:28:36,822 - cmab.policy - INFO -     #4: arm=batch_size=100000,header_size=128,cut_condition_type=1,fast_path_timeout=400,k=3, pred=0.799661
2026-02-03 21:28:36,822 - cmab.policy - INFO -     #5: arm=batch_size=100000,header_size=128,cut_condition_type=3,fast_path_timeout=0,k=1, pred=0.799661
2026-02-03 21:28:36,822 - cmab.policy - INFO - 
2026-02-03 21:28:36,822 - cmab.policy - INFO -   Found 108 arms with same max prediction (0.799661), randomly selecting one...
2026-02-03 21:28:36,822 - cmab.policy - INFO - 
2026-02-03 21:28:36,822 - cmab.policy - INFO - ✓ SELECTED ARM: batch_size=500000,header_size=64,cut_condition_type=3,fast_path_timeout=0,k=1 (prediction=0.799661)
2026-02-03 21:28:36,822 - cmab.policy - INFO - ================================================================================
2026-02-03 21:28:36,825 - cmab.trainer - INFO - Updated parameters file: /home/ccclr0302/autobahn-test/benchmark/.parameters-0.json
2026-02-03 21:28:36,825 - cmab.trainer - INFO - 🚩 Created RL parameter update signal file (epoch 18): /tmp/autobahn_rl_param_update_18.signal
2026-02-03 21:28:36,825 - cmab.trainer - INFO - Applied params: {'batch_size': 500000, 'header_size': 64, 'cut_condition_type': 3, 'fast_path_timeout': 0, 'k': 1}
2026-02-03 21:28:36,825 - cmab.trainer - INFO - Waiting for next metrics file...
2026-02-03 21:28:59,590 - cmab.trainer - INFO - Iteration 19 : context=[ 1.8759989  1.677376   0.        18.858248   0.       ] arm=batch_size=500000,header_size=64,cut_condition_type=3,fast_path_timeout=0,k=1 params={'batch_size': 500000, 'header_size': 64, 'cut_condition_type': 3, 'fast_path_timeout': 0, 'k': 1}
2026-02-03 21:28:59,590 - cmab.trainer - INFO - Iteration 19 reward=0.854753 avg_reward(20)=0.831845 last_metrics=epoch_19_slot_576.json top_arm=batch_size=500000,header_size=128,cut_condition_type=3,fast_path_timeout=0,k=3 top_ratio=0.11
2026-02-03 21:28:59,593 - cmab.policy - INFO - ================================================================================
2026-02-03 21:28:59,593 - cmab.policy - INFO - SELECT ARM - Detailed Prediction Analysis
2026-02-03 21:28:59,593 - cmab.policy - INFO - Context: [1.9542301  0.         0.0643154  0.10065991 0.        ]
2026-02-03 21:28:59,593 - cmab.policy - INFO - Number of trees in forest: 10
2026-02-03 21:28:59,593 - cmab.policy - INFO - 
2026-02-03 21:28:59,593 - cmab.policy - INFO - Prediction statistics across all trees:
2026-02-03 21:28:59,593 - cmab.policy - INFO -   Mean predictions (top 5 arms): [0.790363, 0.790363, 0.790363, 0.790363, 0.790363]
2026-02-03 21:28:59,593 - cmab.policy - INFO -   Std predictions (top 5 arms): [0.050138, 0.050138, 0.050138, 0.050138, 0.050138]
2026-02-03 21:28:59,593 - cmab.policy - INFO - 
2026-02-03 21:28:59,593 - cmab.policy - INFO - Top 5 arms by mean prediction:
2026-02-03 21:28:59,593 - cmab.policy - INFO -   #1: arm=batch_size=500000,header_size=64,cut_condition_type=1,fast_path_timeout=400,k=3, mean=0.790363, std=0.050138
2026-02-03 21:28:59,593 - cmab.policy - INFO -   #2: arm=batch_size=100000,header_size=64,cut_condition_type=3,fast_path_timeout=400,k=3, mean=0.790363, std=0.050138
2026-02-03 21:28:59,593 - cmab.policy - INFO -   #3: arm=batch_size=100000,header_size=128,cut_condition_type=1,fast_path_timeout=100,k=3, mean=0.790363, std=0.050138
2026-02-03 21:28:59,593 - cmab.policy - INFO -   #4: arm=batch_size=500000,header_size=32,cut_condition_type=3,fast_path_timeout=400,k=3, mean=0.790363, std=0.050138
2026-02-03 21:28:59,593 - cmab.policy - INFO -   #5: arm=batch_size=100000,header_size=128,cut_condition_type=1,fast_path_timeout=400,k=3, mean=0.790363, std=0.050138
2026-02-03 21:28:59,593 - cmab.policy - INFO - 
2026-02-03 21:28:59,593 - cmab.policy - INFO - Selected tree #1 for Thompson Sampling:
2026-02-03 21:28:59,594 - cmab.policy - INFO -   Tree depth: 2
2026-02-03 21:28:59,594 - cmab.policy - INFO -   Tree nodes: 7
2026-02-03 21:28:59,594 - cmab.policy - INFO -   Tree leaves: 4
2026-02-03 21:28:59,594 - cmab.policy - INFO -   Tree shape: (nodes=7, leaves=4, depth=2)
2026-02-03 21:28:59,594 - cmab.policy - INFO -   Tree feature importances: [0.76051225 0.12548186 0.         0.         0.         0.11400589
 0.         0.         0.         0.        ]
2026-02-03 21:28:59,596 - cmab.policy - INFO -   Forest feature importances: [0.69484508 0.03287416 0.10320957 0.08256014 0.         0.02465271
 0.01428115 0.01661217 0.01239635 0.01856868]
2026-02-03 21:28:59,596 - cmab.policy - INFO -   Top 5 predictions from this tree:
2026-02-03 21:28:59,596 - cmab.policy - INFO -     #1: arm=batch_size=500000,header_size=64,cut_condition_type=1,fast_path_timeout=400,k=3, pred=0.752999
2026-02-03 21:28:59,596 - cmab.policy - INFO -     #2: arm=batch_size=100000,header_size=128,cut_condition_type=1,fast_path_timeout=100,k=1, pred=0.752999
2026-02-03 21:28:59,596 - cmab.policy - INFO -     #3: arm=batch_size=100000,header_size=128,cut_condition_type=1,fast_path_timeout=400,k=1, pred=0.752999
2026-02-03 21:28:59,596 - cmab.policy - INFO -     #4: arm=batch_size=100000,header_size=128,cut_condition_type=1,fast_path_timeout=400,k=3, pred=0.752999
2026-02-03 21:28:59,596 - cmab.policy - INFO -     #5: arm=batch_size=100000,header_size=128,cut_condition_type=3,fast_path_timeout=0,k=1, pred=0.752999
2026-02-03 21:28:59,596 - cmab.policy - INFO - 
2026-02-03 21:28:59,596 - cmab.policy - INFO -   Found 72 arms with same max prediction (0.752999), randomly selecting one...
2026-02-03 21:28:59,596 - cmab.policy - INFO - 
2026-02-03 21:28:59,596 - cmab.policy - INFO - ✓ SELECTED ARM: batch_size=100000,header_size=32,cut_condition_type=3,fast_path_timeout=0,k=1 (prediction=0.752999)
2026-02-03 21:28:59,596 - cmab.policy - INFO - ================================================================================
2026-02-03 21:28:59,600 - cmab.trainer - INFO - Updated parameters file: /home/ccclr0302/autobahn-test/benchmark/.parameters-0.json
2026-02-03 21:28:59,600 - cmab.trainer - INFO - 🚩 Created RL parameter update signal file (epoch 19): /tmp/autobahn_rl_param_update_19.signal
2026-02-03 21:28:59,600 - cmab.trainer - INFO - Applied params: {'batch_size': 100000, 'header_size': 32, 'cut_condition_type': 3, 'fast_path_timeout': 0, 'k': 1}
2026-02-03 21:28:59,600 - cmab.trainer - INFO - Waiting for next metrics file...
[Parallel(n_jobs=1)]: Done  10 out of  10 | elapsed:    0.0s finished
[Parallel(n_jobs=1)]: Done  10 out of  10 | elapsed:    0.0s finished
2026-02-03 21:29:16,759 - cmab.policy - INFO - RF Updated: samples=20, MSE=0.003793
2026-02-03 21:29:16,759 - cmab.trainer - INFO - Iteration 20 : context=[1.9542301  0.         0.0643154  0.10065991 0.        ] arm=batch_size=100000,header_size=32,cut_condition_type=3,fast_path_timeout=0,k=1 params={'batch_size': 100000, 'header_size': 32, 'cut_condition_type': 3, 'fast_path_timeout': 0, 'k': 1}
2026-02-03 21:29:16,760 - cmab.trainer - INFO - Iteration 20 reward=1.232366 avg_reward(20)=0.851871 last_metrics=epoch_20_slot_606.json top_arm=batch_size=500000,header_size=128,cut_condition_type=3,fast_path_timeout=0,k=3 top_ratio=0.10
2026-02-03 21:29:16,764 - cmab.trainer - INFO - Saved checkpoint: /tmp/cmab_continuous_checkpoints/cmab_checkpoint_20.pkl
2026-02-03 21:29:16,766 - cmab.policy - INFO - ================================================================================
2026-02-03 21:29:16,766 - cmab.policy - INFO - SELECT ARM - Detailed Prediction Analysis
2026-02-03 21:29:16,766 - cmab.policy - INFO - Context: [ 1.7118154  1.7118154  0.        19.613857   0.       ]
2026-02-03 21:29:16,766 - cmab.policy - INFO - Number of trees in forest: 10
2026-02-03 21:29:16,766 - cmab.policy - INFO - 
2026-02-03 21:29:16,766 - cmab.policy - INFO - Prediction statistics across all trees:
2026-02-03 21:29:16,766 - cmab.policy - INFO -   Mean predictions (top 5 arms): [0.931214, 0.931214, 0.924846, 0.924846, 0.924846]
2026-02-03 21:29:16,766 - cmab.policy - INFO -   Std predictions (top 5 arms): [0.169757, 0.169757, 0.178367, 0.178367, 0.178367]
2026-02-03 21:29:16,766 - cmab.policy - INFO - 
2026-02-03 21:29:16,766 - cmab.policy - INFO - Top 5 arms by mean prediction:
2026-02-03 21:29:16,766 - cmab.policy - INFO -   #1: arm=batch_size=100000,header_size=32,cut_condition_type=3,fast_path_timeout=0,k=1, mean=0.931214, std=0.169757
2026-02-03 21:29:16,767 - cmab.policy - INFO -   #2: arm=batch_size=100000,header_size=32,cut_condition_type=3,fast_path_timeout=0,k=3, mean=0.931214, std=0.169757
2026-02-03 21:29:16,767 - cmab.policy - INFO -   #3: arm=batch_size=100000,header_size=64,cut_condition_type=3,fast_path_timeout=0,k=1, mean=0.924846, std=0.178367
2026-02-03 21:29:16,767 - cmab.policy - INFO -   #4: arm=batch_size=100000,header_size=64,cut_condition_type=3,fast_path_timeout=0,k=3, mean=0.924846, std=0.178367
2026-02-03 21:29:16,767 - cmab.policy - INFO -   #5: arm=batch_size=100000,header_size=128,cut_condition_type=3,fast_path_timeout=0,k=1, mean=0.924846, std=0.178367
2026-02-03 21:29:16,767 - cmab.policy - INFO - 
2026-02-03 21:29:16,767 - cmab.policy - INFO - Selected tree #8 for Thompson Sampling:
2026-02-03 21:29:16,767 - cmab.policy - INFO -   Tree depth: 2
2026-02-03 21:29:16,767 - cmab.policy - INFO -   Tree nodes: 7
2026-02-03 21:29:16,767 - cmab.policy - INFO -   Tree leaves: 4
2026-02-03 21:29:16,767 - cmab.policy - INFO -   Tree shape: (nodes=7, leaves=4, depth=2)
2026-02-03 21:29:16,767 - cmab.policy - INFO -   Tree feature importances: [0.         0.         0.         0.         0.         0.10526738
 0.09027984 0.         0.80445278 0.        ]
2026-02-03 21:29:16,769 - cmab.policy - INFO -   Forest feature importances: [0.10407403 0.00469722 0.01564553 0.28589294 0.         0.13363746
 0.03350822 0.01900458 0.38558201 0.01795801]
2026-02-03 21:29:16,769 - cmab.policy - INFO -   Top 5 predictions from this tree:
2026-02-03 21:29:16,769 - cmab.policy - INFO -     #1: arm=batch_size=100000,header_size=32,cut_condition_type=1,fast_path_timeout=0,k=1, pred=1.071205
2026-02-03 21:29:16,769 - cmab.policy - INFO -     #2: arm=batch_size=100000,header_size=32,cut_condition_type=3,fast_path_timeout=0,k=3, pred=1.071205
2026-02-03 21:29:16,769 - cmab.policy - INFO -     #3: arm=batch_size=100000,header_size=128,cut_condition_type=3,fast_path_timeout=0,k=3, pred=1.071205
2026-02-03 21:29:16,769 - cmab.policy - INFO -     #4: arm=batch_size=100000,header_size=128,cut_condition_type=3,fast_path_timeout=0,k=1, pred=1.071205
2026-02-03 21:29:16,769 - cmab.policy - INFO -     #5: arm=batch_size=100000,header_size=128,cut_condition_type=1,fast_path_timeout=0,k=3, pred=1.071205
2026-02-03 21:29:16,769 - cmab.policy - INFO - 
2026-02-03 21:29:16,769 - cmab.policy - INFO -   Found 12 arms with same max prediction (1.071205), randomly selecting one...
2026-02-03 21:29:16,769 - cmab.policy - INFO - 
2026-02-03 21:29:16,769 - cmab.policy - INFO - ✓ SELECTED ARM: batch_size=100000,header_size=64,cut_condition_type=3,fast_path_timeout=0,k=1 (prediction=1.071205)
2026-02-03 21:29:16,769 - cmab.policy - INFO - ================================================================================
2026-02-03 21:29:16,772 - cmab.trainer - INFO - Updated parameters file: /home/ccclr0302/autobahn-test/benchmark/.parameters-0.json
2026-02-03 21:29:16,772 - cmab.trainer - INFO - 🚩 Created RL parameter update signal file (epoch 20): /tmp/autobahn_rl_param_update_20.signal
2026-02-03 21:29:16,772 - cmab.trainer - INFO - Applied params: {'batch_size': 100000, 'header_size': 64, 'cut_condition_type': 3, 'fast_path_timeout': 0, 'k': 1}
2026-02-03 21:29:16,772 - cmab.trainer - INFO - Waiting for next metrics file...
2026-02-03 21:29:36,628 - cmab.trainer - INFO - Iteration 21 : context=[ 1.7118154  1.7118154  0.        19.613857   0.       ] arm=batch_size=100000,header_size=64,cut_condition_type=3,fast_path_timeout=0,k=1 params={'batch_size': 100000, 'header_size': 64, 'cut_condition_type': 3, 'fast_path_timeout': 0, 'k': 1}
2026-02-03 21:29:36,628 - cmab.trainer - INFO - Iteration 21 reward=1.054571 avg_reward(20)=0.861524 last_metrics=epoch_21_slot_636.json top_arm=batch_size=500000,header_size=128,cut_condition_type=3,fast_path_timeout=0,k=3 top_ratio=0.10
2026-02-03 21:29:36,631 - cmab.policy - INFO - ================================================================================
2026-02-03 21:29:36,631 - cmab.policy - INFO - SELECT ARM - Detailed Prediction Analysis
2026-02-03 21:29:36,631 - cmab.policy - INFO - Context: [ 0.63371426 11.530017    0.5903027   0.          0.        ]
2026-02-03 21:29:36,631 - cmab.policy - INFO - Number of trees in forest: 10
2026-02-03 21:29:36,631 - cmab.policy - INFO - 
2026-02-03 21:29:36,631 - cmab.policy - INFO - Prediction statistics across all trees:
2026-02-03 21:29:36,631 - cmab.policy - INFO -   Mean predictions (top 5 arms): [1.051618, 1.051618, 1.051618, 1.051618, 1.035013]
2026-02-03 21:29:36,631 - cmab.policy - INFO -   Std predictions (top 5 arms): [0.085404, 0.085404, 0.085404, 0.085404, 0.097007]
2026-02-03 21:29:36,631 - cmab.policy - INFO - 
2026-02-03 21:29:36,631 - cmab.policy - INFO - Top 5 arms by mean prediction:
2026-02-03 21:29:36,631 - cmab.policy - INFO -   #1: arm=batch_size=100000,header_size=32,cut_condition_type=1,fast_path_timeout=0,k=1, mean=1.051618, std=0.085404
2026-02-03 21:29:36,631 - cmab.policy - INFO -   #2: arm=batch_size=100000,header_size=32,cut_condition_type=1,fast_path_timeout=0,k=3, mean=1.051618, std=0.085404
2026-02-03 21:29:36,631 - cmab.policy - INFO -   #3: arm=batch_size=100000,header_size=32,cut_condition_type=3,fast_path_timeout=0,k=1, mean=1.051618, std=0.085404
2026-02-03 21:29:36,631 - cmab.policy - INFO -   #4: arm=batch_size=100000,header_size=32,cut_condition_type=3,fast_path_timeout=0,k=3, mean=1.051618, std=0.085404
2026-02-03 21:29:36,631 - cmab.policy - INFO -   #5: arm=batch_size=100000,header_size=64,cut_condition_type=1,fast_path_timeout=0,k=1, mean=1.035013, std=0.097007
2026-02-03 21:29:36,631 - cmab.policy - INFO - 
2026-02-03 21:29:36,631 - cmab.policy - INFO - Selected tree #8 for Thompson Sampling:
2026-02-03 21:29:36,631 - cmab.policy - INFO -   Tree depth: 2
2026-02-03 21:29:36,631 - cmab.policy - INFO -   Tree nodes: 7
2026-02-03 21:29:36,632 - cmab.policy - INFO -   Tree leaves: 4
2026-02-03 21:29:36,632 - cmab.policy - INFO -   Tree shape: (nodes=7, leaves=4, depth=2)
2026-02-03 21:29:36,632 - cmab.policy - INFO -   Tree feature importances: [0.         0.         0.         0.         0.         0.10526738
 0.09027984 0.         0.80445278 0.        ]
2026-02-03 21:29:36,633 - cmab.policy - INFO -   Forest feature importances: [0.10407403 0.00469722 0.01564553 0.28589294 0.         0.13363746
 0.03350822 0.01900458 0.38558201 0.01795801]
2026-02-03 21:29:36,634 - cmab.policy - INFO -   Top 5 predictions from this tree:
2026-02-03 21:29:36,634 - cmab.policy - INFO -     #1: arm=batch_size=100000,header_size=32,cut_condition_type=1,fast_path_timeout=0,k=1, pred=1.071205
2026-02-03 21:29:36,634 - cmab.policy - INFO -     #2: arm=batch_size=100000,header_size=32,cut_condition_type=3,fast_path_timeout=0,k=3, pred=1.071205
2026-02-03 21:29:36,634 - cmab.policy - INFO -     #3: arm=batch_size=100000,header_size=128,cut_condition_type=3,fast_path_timeout=0,k=3, pred=1.071205
2026-02-03 21:29:36,634 - cmab.policy - INFO -     #4: arm=batch_size=100000,header_size=128,cut_condition_type=3,fast_path_timeout=0,k=1, pred=1.071205
2026-02-03 21:29:36,634 - cmab.policy - INFO -     #5: arm=batch_size=100000,header_size=128,cut_condition_type=1,fast_path_timeout=0,k=3, pred=1.071205
2026-02-03 21:29:36,634 - cmab.policy - INFO - 
2026-02-03 21:29:36,634 - cmab.policy - INFO -   Found 12 arms with same max prediction (1.071205), randomly selecting one...
2026-02-03 21:29:36,634 - cmab.policy - INFO - 
2026-02-03 21:29:36,634 - cmab.policy - INFO - ✓ SELECTED ARM: batch_size=100000,header_size=32,cut_condition_type=1,fast_path_timeout=0,k=3 (prediction=1.071205)
2026-02-03 21:29:36,634 - cmab.policy - INFO - ================================================================================
2026-02-03 21:29:36,637 - cmab.trainer - INFO - Updated parameters file: /home/ccclr0302/autobahn-test/benchmark/.parameters-0.json
2026-02-03 21:29:36,637 - cmab.trainer - INFO - 🚩 Created RL parameter update signal file (epoch 21): /tmp/autobahn_rl_param_update_21.signal
2026-02-03 21:29:36,637 - cmab.trainer - INFO - Applied params: {'batch_size': 100000, 'header_size': 32, 'cut_condition_type': 1, 'fast_path_timeout': 0, 'k': 3}
2026-02-03 21:29:36,637 - cmab.trainer - INFO - Waiting for next metrics file...
2026-02-03 21:29:52,282 - cmab.trainer - INFO - Iteration 22 : context=[ 0.63371426 11.530017    0.5903027   0.          0.        ] arm=batch_size=100000,header_size=32,cut_condition_type=1,fast_path_timeout=0,k=3 params={'batch_size': 100000, 'header_size': 32, 'cut_condition_type': 1, 'fast_path_timeout': 0, 'k': 3}
2026-02-03 21:29:52,282 - cmab.trainer - INFO - Iteration 22 reward=1.067667 avg_reward(20)=0.870894 last_metrics=epoch_22_slot_666.json top_arm=batch_size=500000,header_size=128,cut_condition_type=3,fast_path_timeout=0,k=3 top_ratio=0.09
2026-02-03 21:29:52,284 - cmab.policy - INFO - ================================================================================
2026-02-03 21:29:52,284 - cmab.policy - INFO - SELECT ARM - Detailed Prediction Analysis
2026-02-03 21:29:52,284 - cmab.policy - INFO - Context: [ 1.7289413  1.7289413  0.        20.         0.       ]
2026-02-03 21:29:52,285 - cmab.policy - INFO - Number of trees in forest: 10
2026-02-03 21:29:52,285 - cmab.policy - INFO - 
2026-02-03 21:29:52,285 - cmab.policy - INFO - Prediction statistics across all trees:
2026-02-03 21:29:52,285 - cmab.policy - INFO -   Mean predictions (top 5 arms): [0.931214, 0.931214, 0.924846, 0.924846, 0.924846]
2026-02-03 21:29:52,285 - cmab.policy - INFO -   Std predictions (top 5 arms): [0.169757, 0.169757, 0.178367, 0.178367, 0.178367]
2026-02-03 21:29:52,285 - cmab.policy - INFO - 
2026-02-03 21:29:52,285 - cmab.policy - INFO - Top 5 arms by mean prediction:
2026-02-03 21:29:52,285 - cmab.policy - INFO -   #1: arm=batch_size=100000,header_size=32,cut_condition_type=3,fast_path_timeout=0,k=1, mean=0.931214, std=0.169757
2026-02-03 21:29:52,285 - cmab.policy - INFO -   #2: arm=batch_size=100000,header_size=32,cut_condition_type=3,fast_path_timeout=0,k=3, mean=0.931214, std=0.169757
2026-02-03 21:29:52,285 - cmab.policy - INFO -   #3: arm=batch_size=100000,header_size=64,cut_condition_type=3,fast_path_timeout=0,k=1, mean=0.924846, std=0.178367
2026-02-03 21:29:52,285 - cmab.policy - INFO -   #4: arm=batch_size=100000,header_size=64,cut_condition_type=3,fast_path_timeout=0,k=3, mean=0.924846, std=0.178367
2026-02-03 21:29:52,285 - cmab.policy - INFO -   #5: arm=batch_size=100000,header_size=128,cut_condition_type=3,fast_path_timeout=0,k=1, mean=0.924846, std=0.178367
2026-02-03 21:29:52,285 - cmab.policy - INFO - 
2026-02-03 21:29:52,285 - cmab.policy - INFO - Selected tree #4 for Thompson Sampling:
2026-02-03 21:29:52,285 - cmab.policy - INFO -   Tree depth: 3
2026-02-03 21:29:52,285 - cmab.policy - INFO -   Tree nodes: 11
2026-02-03 21:29:52,285 - cmab.policy - INFO -   Tree leaves: 6
2026-02-03 21:29:52,285 - cmab.policy - INFO -   Tree shape: (nodes=11, leaves=6, depth=3)
2026-02-03 21:29:52,285 - cmab.policy - INFO -   Tree feature importances: [0.09932249 0.         0.         0.         0.         0.24324125
 0.         0.         0.64839993 0.00903633]
2026-02-03 21:29:52,287 - cmab.policy - INFO -   Forest feature importances: [0.10407403 0.00469722 0.01564553 0.28589294 0.         0.13363746
 0.03350822 0.01900458 0.38558201 0.01795801]
2026-02-03 21:29:52,287 - cmab.policy - INFO -   Top 5 predictions from this tree:
2026-02-03 21:29:52,288 - cmab.policy - INFO -     #1: arm=batch_size=100000,header_size=32,cut_condition_type=1,fast_path_timeout=0,k=1, pred=1.163126
2026-02-03 21:29:52,288 - cmab.policy - INFO -     #2: arm=batch_size=100000,header_size=128,cut_condition_type=3,fast_path_timeout=0,k=1, pred=1.163126
2026-02-03 21:29:52,288 - cmab.policy - INFO -     #3: arm=batch_size=100000,header_size=32,cut_condition_type=1,fast_path_timeout=0,k=3, pred=1.163126
2026-02-03 21:29:52,288 - cmab.policy - INFO -     #4: arm=batch_size=100000,header_size=64,cut_condition_type=3,fast_path_timeout=0,k=1, pred=1.163126
2026-02-03 21:29:52,288 - cmab.policy - INFO -     #5: arm=batch_size=100000,header_size=128,cut_condition_type=1,fast_path_timeout=0,k=1, pred=1.163126
2026-02-03 21:29:52,288 - cmab.policy - INFO - 
2026-02-03 21:29:52,288 - cmab.policy - INFO -   Found 12 arms with same max prediction (1.163126), randomly selecting one...
2026-02-03 21:29:52,288 - cmab.policy - INFO - 
2026-02-03 21:29:52,288 - cmab.policy - INFO - ✓ SELECTED ARM: batch_size=100000,header_size=128,cut_condition_type=3,fast_path_timeout=0,k=1 (prediction=1.163126)
2026-02-03 21:29:52,288 - cmab.policy - INFO - ================================================================================
2026-02-03 21:29:52,291 - cmab.trainer - INFO - Updated parameters file: /home/ccclr0302/autobahn-test/benchmark/.parameters-0.json
2026-02-03 21:29:52,291 - cmab.trainer - INFO - 🚩 Created RL parameter update signal file (epoch 22): /tmp/autobahn_rl_param_update_22.signal
2026-02-03 21:29:52,291 - cmab.trainer - INFO - Applied params: {'batch_size': 100000, 'header_size': 128, 'cut_condition_type': 3, 'fast_path_timeout': 0, 'k': 1}
2026-02-03 21:29:52,292 - cmab.trainer - INFO - Waiting for next metrics file...
2026-02-03 21:30:15,958 - cmab.trainer - INFO - Iteration 23 : context=[ 1.7289413  1.7289413  0.        20.         0.       ] arm=batch_size=100000,header_size=128,cut_condition_type=3,fast_path_timeout=0,k=1 params={'batch_size': 100000, 'header_size': 128, 'cut_condition_type': 3, 'fast_path_timeout': 0, 'k': 1}
2026-02-03 21:30:15,958 - cmab.trainer - INFO - Iteration 23 reward=1.001636 avg_reward(20)=0.876578 last_metrics=epoch_23_slot_696.json top_arm=batch_size=500000,header_size=128,cut_condition_type=3,fast_path_timeout=0,k=3 top_ratio=0.09
2026-02-03 21:30:15,960 - cmab.policy - INFO - ================================================================================
2026-02-03 21:30:15,961 - cmab.policy - INFO - SELECT ARM - Detailed Prediction Analysis
2026-02-03 21:30:15,961 - cmab.policy - INFO - Context: [0.10662204 0.10662204 5.475097   0.         0.        ]
2026-02-03 21:30:15,961 - cmab.policy - INFO - Number of trees in forest: 10
2026-02-03 21:30:15,961 - cmab.policy - INFO - 
2026-02-03 21:30:15,961 - cmab.policy - INFO - Prediction statistics across all trees:
2026-02-03 21:30:15,961 - cmab.policy - INFO -   Mean predictions (top 5 arms): [1.028677, 1.028677, 1.028677, 1.028677, 1.012072]
2026-02-03 21:30:15,961 - cmab.policy - INFO -   Std predictions (top 5 arms): [0.063898, 0.063898, 0.063898, 0.063898, 0.073740]
2026-02-03 21:30:15,961 - cmab.policy - INFO - 
2026-02-03 21:30:15,961 - cmab.policy - INFO - Top 5 arms by mean prediction:
2026-02-03 21:30:15,961 - cmab.policy - INFO -   #1: arm=batch_size=100000,header_size=32,cut_condition_type=1,fast_path_timeout=0,k=1, mean=1.028677, std=0.063898
2026-02-03 21:30:15,961 - cmab.policy - INFO -   #2: arm=batch_size=100000,header_size=32,cut_condition_type=1,fast_path_timeout=0,k=3, mean=1.028677, std=0.063898
2026-02-03 21:30:15,961 - cmab.policy - INFO -   #3: arm=batch_size=100000,header_size=32,cut_condition_type=3,fast_path_timeout=0,k=1, mean=1.028677, std=0.063898
2026-02-03 21:30:15,961 - cmab.policy - INFO -   #4: arm=batch_size=100000,header_size=32,cut_condition_type=3,fast_path_timeout=0,k=3, mean=1.028677, std=0.063898
2026-02-03 21:30:15,961 - cmab.policy - INFO -   #5: arm=batch_size=100000,header_size=64,cut_condition_type=1,fast_path_timeout=0,k=1, mean=1.012072, std=0.073740
2026-02-03 21:30:15,961 - cmab.policy - INFO - 
2026-02-03 21:30:15,961 - cmab.policy - INFO - Selected tree #5 for Thompson Sampling:
2026-02-03 21:30:15,961 - cmab.policy - INFO -   Tree depth: 3
2026-02-03 21:30:15,961 - cmab.policy - INFO -   Tree nodes: 7
2026-02-03 21:30:15,961 - cmab.policy - INFO -   Tree leaves: 4
2026-02-03 21:30:15,961 - cmab.policy - INFO -   Tree shape: (nodes=7, leaves=4, depth=3)
2026-02-03 21:30:15,962 - cmab.policy - INFO -   Tree feature importances: [0.         0.         0.         0.75468157 0.         0.24531843
 0.         0.         0.         0.        ]
2026-02-03 21:30:15,963 - cmab.policy - INFO -   Forest feature importances: [0.10407403 0.00469722 0.01564553 0.28589294 0.         0.13363746
 0.03350822 0.01900458 0.38558201 0.01795801]
2026-02-03 21:30:15,963 - cmab.policy - INFO -   Top 5 predictions from this tree:
2026-02-03 21:30:15,963 - cmab.policy - INFO -     #1: arm=batch_size=100000,header_size=32,cut_condition_type=1,fast_path_timeout=0,k=1, pred=1.022569
2026-02-03 21:30:15,963 - cmab.policy - INFO -     #2: arm=batch_size=100000,header_size=64,cut_condition_type=3,fast_path_timeout=0,k=1, pred=1.022569
2026-02-03 21:30:15,963 - cmab.policy - INFO -     #3: arm=batch_size=100000,header_size=64,cut_condition_type=3,fast_path_timeout=100,k=1, pred=1.022569
2026-02-03 21:30:15,963 - cmab.policy - INFO -     #4: arm=batch_size=100000,header_size=64,cut_condition_type=3,fast_path_timeout=100,k=3, pred=1.022569
2026-02-03 21:30:15,963 - cmab.policy - INFO -     #5: arm=batch_size=100000,header_size=64,cut_condition_type=3,fast_path_timeout=400,k=1, pred=1.022569
2026-02-03 21:30:15,964 - cmab.policy - INFO - 
2026-02-03 21:30:15,964 - cmab.policy - INFO -   Found 36 arms with same max prediction (1.022569), randomly selecting one...
2026-02-03 21:30:15,964 - cmab.policy - INFO - 
2026-02-03 21:30:15,964 - cmab.policy - INFO - ✓ SELECTED ARM: batch_size=100000,header_size=128,cut_condition_type=1,fast_path_timeout=100,k=3 (prediction=1.022569)
2026-02-03 21:30:15,964 - cmab.policy - INFO - ================================================================================
2026-02-03 21:30:15,966 - cmab.trainer - INFO - Updated parameters file: /home/ccclr0302/autobahn-test/benchmark/.parameters-0.json
2026-02-03 21:30:15,967 - cmab.trainer - INFO - 🚩 Created RL parameter update signal file (epoch 23): /tmp/autobahn_rl_param_update_23.signal
2026-02-03 21:30:15,967 - cmab.trainer - INFO - Applied params: {'batch_size': 100000, 'header_size': 128, 'cut_condition_type': 1, 'fast_path_timeout': 100, 'k': 3}
2026-02-03 21:30:15,967 - cmab.trainer - INFO - Waiting for next metrics file...
2026-02-03 21:30:33,817 - cmab.trainer - INFO - Iteration 24 : context=[0.10662204 0.10662204 5.475097   0.         0.        ] arm=batch_size=100000,header_size=128,cut_condition_type=1,fast_path_timeout=100,k=3 params={'batch_size': 100000, 'header_size': 128, 'cut_condition_type': 1, 'fast_path_timeout': 100, 'k': 3}
2026-02-03 21:30:33,817 - cmab.trainer - INFO - Iteration 24 reward=0.862931 avg_reward(20)=0.876010 last_metrics=epoch_24_slot_726.json top_arm=batch_size=500000,header_size=128,cut_condition_type=3,fast_path_timeout=0,k=3 top_ratio=0.08
2026-02-03 21:30:33,820 - cmab.policy - INFO - ================================================================================
2026-02-03 21:30:33,820 - cmab.policy - INFO - SELECT ARM - Detailed Prediction Analysis
2026-02-03 21:30:33,820 - cmab.policy - INFO - Context: [0.14527217 0.14527217 0.         5.402909   0.        ]
2026-02-03 21:30:33,820 - cmab.policy - INFO - Number of trees in forest: 10
2026-02-03 21:30:33,820 - cmab.policy - INFO - 
2026-02-03 21:30:33,820 - cmab.policy - INFO - Prediction statistics across all trees:
2026-02-03 21:30:33,820 - cmab.policy - INFO -   Mean predictions (top 5 arms): [0.952374, 0.952374, 0.935769, 0.935769, 0.935769]
2026-02-03 21:30:33,820 - cmab.policy - INFO -   Std predictions (top 5 arms): [0.127100, 0.127100, 0.122373, 0.122373, 0.122373]
2026-02-03 21:30:33,820 - cmab.policy - INFO - 
2026-02-03 21:30:33,820 - cmab.policy - INFO - Top 5 arms by mean prediction:
2026-02-03 21:30:33,820 - cmab.policy - INFO -   #1: arm=batch_size=100000,header_size=32,cut_condition_type=3,fast_path_timeout=0,k=1, mean=0.952374, std=0.127100
2026-02-03 21:30:33,820 - cmab.policy - INFO -   #2: arm=batch_size=100000,header_size=32,cut_condition_type=3,fast_path_timeout=0,k=3, mean=0.952374, std=0.127100
2026-02-03 21:30:33,820 - cmab.policy - INFO -   #3: arm=batch_size=100000,header_size=128,cut_condition_type=3,fast_path_timeout=0,k=3, mean=0.935769, std=0.122373
2026-02-03 21:30:33,820 - cmab.policy - INFO -   #4: arm=batch_size=100000,header_size=128,cut_condition_type=3,fast_path_timeout=0,k=1, mean=0.935769, std=0.122373
2026-02-03 21:30:33,820 - cmab.policy - INFO -   #5: arm=batch_size=100000,header_size=64,cut_condition_type=3,fast_path_timeout=0,k=3, mean=0.935769, std=0.122373
2026-02-03 21:30:33,820 - cmab.policy - INFO - 
2026-02-03 21:30:33,820 - cmab.policy - INFO - Selected tree #10 for Thompson Sampling:
2026-02-03 21:30:33,820 - cmab.policy - INFO -   Tree depth: 3
2026-02-03 21:30:33,820 - cmab.policy - INFO -   Tree nodes: 11
2026-02-03 21:30:33,820 - cmab.policy - INFO -   Tree leaves: 6
2026-02-03 21:30:33,820 - cmab.policy - INFO -   Tree shape: (nodes=11, leaves=6, depth=3)
2026-02-03 21:30:33,821 - cmab.policy - INFO -   Tree feature importances: [0.04953745 0.         0.         0.02546819 0.         0.40010754
 0.         0.         0.44997583 0.07491099]
2026-02-03 21:30:33,822 - cmab.policy - INFO -   Forest feature importances: [0.10407403 0.00469722 0.01564553 0.28589294 0.         0.13363746
 0.03350822 0.01900458 0.38558201 0.01795801]
2026-02-03 21:30:33,823 - cmab.policy - INFO -   Top 5 predictions from this tree:
2026-02-03 21:30:33,823 - cmab.policy - INFO -     #1: arm=batch_size=100000,header_size=32,cut_condition_type=1,fast_path_timeout=0,k=1, pred=1.042790
2026-02-03 21:30:33,823 - cmab.policy - INFO -     #2: arm=batch_size=100000,header_size=64,cut_condition_type=1,fast_path_timeout=0,k=1, pred=1.042790
2026-02-03 21:30:33,823 - cmab.policy - INFO -     #3: arm=batch_size=100000,header_size=128,cut_condition_type=3,fast_path_timeout=0,k=3, pred=1.042790
2026-02-03 21:30:33,823 - cmab.policy - INFO -     #4: arm=batch_size=100000,header_size=128,cut_condition_type=3,fast_path_timeout=0,k=1, pred=1.042790
2026-02-03 21:30:33,823 - cmab.policy - INFO -     #5: arm=batch_size=100000,header_size=128,cut_condition_type=1,fast_path_timeout=0,k=1, pred=1.042790
2026-02-03 21:30:33,823 - cmab.policy - INFO - 
2026-02-03 21:30:33,823 - cmab.policy - INFO -   Found 12 arms with same max prediction (1.042790), randomly selecting one...
2026-02-03 21:30:33,823 - cmab.policy - INFO - 
2026-02-03 21:30:33,823 - cmab.policy - INFO - ✓ SELECTED ARM: batch_size=100000,header_size=32,cut_condition_type=3,fast_path_timeout=0,k=1 (prediction=1.042790)
2026-02-03 21:30:33,823 - cmab.policy - INFO - ================================================================================
2026-02-03 21:30:33,826 - cmab.trainer - INFO - Updated parameters file: /home/ccclr0302/autobahn-test/benchmark/.parameters-0.json
2026-02-03 21:30:33,826 - cmab.trainer - INFO - 🚩 Created RL parameter update signal file (epoch 24): /tmp/autobahn_rl_param_update_24.signal
2026-02-03 21:30:33,826 - cmab.trainer - INFO - Applied params: {'batch_size': 100000, 'header_size': 32, 'cut_condition_type': 3, 'fast_path_timeout': 0, 'k': 1}
2026-02-03 21:30:33,826 - cmab.trainer - INFO - Waiting for next metrics file...
[Parallel(n_jobs=1)]: Done  10 out of  10 | elapsed:    0.0s finished
[Parallel(n_jobs=1)]: Done  10 out of  10 | elapsed:    0.0s finished
2026-02-03 21:30:52,089 - cmab.policy - INFO - RF Updated: samples=25, MSE=0.001664
2026-02-03 21:30:52,089 - cmab.trainer - INFO - Iteration 25 : context=[0.14527217 0.14527217 0.         5.402909   0.        ] arm=batch_size=100000,header_size=32,cut_condition_type=3,fast_path_timeout=0,k=1 params={'batch_size': 100000, 'header_size': 32, 'cut_condition_type': 3, 'fast_path_timeout': 0, 'k': 1}
2026-02-03 21:30:52,089 - cmab.trainer - INFO - Iteration 25 reward=1.003949 avg_reward(20)=0.881127 last_metrics=epoch_25_slot_756.json top_arm=batch_size=500000,header_size=128,cut_condition_type=3,fast_path_timeout=0,k=3 top_ratio=0.08
2026-02-03 21:30:52,091 - cmab.policy - INFO - ================================================================================
2026-02-03 21:30:52,091 - cmab.policy - INFO - SELECT ARM - Detailed Prediction Analysis
2026-02-03 21:30:52,091 - cmab.policy - INFO - Context: [ 1.6673613  1.6673613 20.         0.         0.       ]
2026-02-03 21:30:52,091 - cmab.policy - INFO - Number of trees in forest: 10
2026-02-03 21:30:52,091 - cmab.policy - INFO - 
2026-02-03 21:30:52,091 - cmab.policy - INFO - Prediction statistics across all trees:
2026-02-03 21:30:52,091 - cmab.policy - INFO -   Mean predictions (top 5 arms): [1.092205, 1.092205, 1.083513, 1.083513, 1.065375]
2026-02-03 21:30:52,092 - cmab.policy - INFO -   Std predictions (top 5 arms): [0.089090, 0.089090, 0.088234, 0.088234, 0.116937]
2026-02-03 21:30:52,092 - cmab.policy - INFO - 
2026-02-03 21:30:52,092 - cmab.policy - INFO - Top 5 arms by mean prediction:
2026-02-03 21:30:52,092 - cmab.policy - INFO -   #1: arm=batch_size=100000,header_size=32,cut_condition_type=1,fast_path_timeout=0,k=1, mean=1.092205, std=0.089090
2026-02-03 21:30:52,092 - cmab.policy - INFO -   #2: arm=batch_size=100000,header_size=32,cut_condition_type=3,fast_path_timeout=0,k=1, mean=1.092205, std=0.089090
2026-02-03 21:30:52,092 - cmab.policy - INFO -   #3: arm=batch_size=100000,header_size=32,cut_condition_type=3,fast_path_timeout=0,k=3, mean=1.083513, std=0.088234
2026-02-03 21:30:52,092 - cmab.policy - INFO -   #4: arm=batch_size=100000,header_size=32,cut_condition_type=1,fast_path_timeout=0,k=3, mean=1.083513, std=0.088234
2026-02-03 21:30:52,092 - cmab.policy - INFO -   #5: arm=batch_size=100000,header_size=128,cut_condition_type=3,fast_path_timeout=0,k=1, mean=1.065375, std=0.116937
2026-02-03 21:30:52,092 - cmab.policy - INFO - 
2026-02-03 21:30:52,092 - cmab.policy - INFO - Selected tree #1 for Thompson Sampling:
2026-02-03 21:30:52,092 - cmab.policy - INFO -   Tree depth: 4
2026-02-03 21:30:52,092 - cmab.policy - INFO -   Tree nodes: 13
2026-02-03 21:30:52,092 - cmab.policy - INFO -   Tree leaves: 7
2026-02-03 21:30:52,092 - cmab.policy - INFO -   Tree shape: (nodes=13, leaves=7, depth=4)
2026-02-03 21:30:52,092 - cmab.policy - INFO -   Tree feature importances: [0.         0.         0.01247847 0.03113224 0.         0.2585771
 0.         0.         0.69781218 0.        ]
2026-02-03 21:30:52,094 - cmab.policy - INFO -   Forest feature importances: [0.01054185 0.0179795  0.0074924  0.11338347 0.         0.29641125
 0.0412983  0.         0.50149707 0.01139616]
2026-02-03 21:30:52,094 - cmab.policy - INFO -   Top 5 predictions from this tree:
2026-02-03 21:30:52,094 - cmab.policy - INFO -     #1: arm=batch_size=100000,header_size=32,cut_condition_type=1,fast_path_timeout=0,k=1, pred=1.060398
2026-02-03 21:30:52,094 - cmab.policy - INFO -     #2: arm=batch_size=100000,header_size=128,cut_condition_type=1,fast_path_timeout=0,k=3, pred=1.060398
2026-02-03 21:30:52,094 - cmab.policy - INFO -     #3: arm=batch_size=100000,header_size=32,cut_condition_type=1,fast_path_timeout=0,k=3, pred=1.060398
2026-02-03 21:30:52,094 - cmab.policy - INFO -     #4: arm=batch_size=100000,header_size=64,cut_condition_type=3,fast_path_timeout=0,k=3, pred=1.060398
2026-02-03 21:30:52,094 - cmab.policy - INFO -     #5: arm=batch_size=100000,header_size=64,cut_condition_type=1,fast_path_timeout=0,k=3, pred=1.060398
2026-02-03 21:30:52,094 - cmab.policy - INFO - 
2026-02-03 21:30:52,094 - cmab.policy - INFO -   Found 12 arms with same max prediction (1.060398), randomly selecting one...
2026-02-03 21:30:52,094 - cmab.policy - INFO - 
2026-02-03 21:30:52,094 - cmab.policy - INFO - ✓ SELECTED ARM: batch_size=100000,header_size=64,cut_condition_type=1,fast_path_timeout=0,k=1 (prediction=1.060398)
2026-02-03 21:30:52,094 - cmab.policy - INFO - ================================================================================
2026-02-03 21:30:52,098 - cmab.trainer - INFO - Updated parameters file: /home/ccclr0302/autobahn-test/benchmark/.parameters-0.json
2026-02-03 21:30:52,098 - cmab.trainer - INFO - 🚩 Created RL parameter update signal file (epoch 25): /tmp/autobahn_rl_param_update_25.signal
2026-02-03 21:30:52,098 - cmab.trainer - INFO - Applied params: {'batch_size': 100000, 'header_size': 64, 'cut_condition_type': 1, 'fast_path_timeout': 0, 'k': 1}
2026-02-03 21:30:52,098 - cmab.trainer - INFO - Waiting for next metrics file...
2026-02-03 21:31:07,542 - cmab.trainer - INFO - Iteration 26 : context=[ 1.6673613  1.6673613 20.         0.         0.       ] arm=batch_size=100000,header_size=64,cut_condition_type=1,fast_path_timeout=0,k=1 params={'batch_size': 100000, 'header_size': 64, 'cut_condition_type': 1, 'fast_path_timeout': 0, 'k': 1}
2026-02-03 21:31:07,543 - cmab.trainer - INFO - Iteration 26 reward=1.052919 avg_reward(20)=0.887735 last_metrics=epoch_26_slot_786.json top_arm=batch_size=500000,header_size=128,cut_condition_type=3,fast_path_timeout=0,k=3 top_ratio=0.08
2026-02-03 21:31:07,545 - cmab.policy - INFO - ================================================================================
2026-02-03 21:31:07,545 - cmab.policy - INFO - SELECT ARM - Detailed Prediction Analysis
2026-02-03 21:31:07,545 - cmab.policy - INFO - Context: [ 0.7617367  0.5667534  0.        10.998362   0.       ]
2026-02-03 21:31:07,546 - cmab.policy - INFO - Number of trees in forest: 10
2026-02-03 21:31:07,546 - cmab.policy - INFO - 
2026-02-03 21:31:07,546 - cmab.policy - INFO - Prediction statistics across all trees:
2026-02-03 21:31:07,546 - cmab.policy - INFO -   Mean predictions (top 5 arms): [1.016884, 1.016884, 1.016884, 1.016884, 0.995450]
2026-02-03 21:31:07,546 - cmab.policy - INFO -   Std predictions (top 5 arms): [0.136690, 0.136690, 0.136690, 0.136690, 0.137832]
2026-02-03 21:31:07,546 - cmab.policy - INFO - 
2026-02-03 21:31:07,546 - cmab.policy - INFO - Top 5 arms by mean prediction:
2026-02-03 21:31:07,546 - cmab.policy - INFO -   #1: arm=batch_size=100000,header_size=32,cut_condition_type=1,fast_path_timeout=0,k=1, mean=1.016884, std=0.136690
2026-02-03 21:31:07,546 - cmab.policy - INFO -   #2: arm=batch_size=100000,header_size=32,cut_condition_type=3,fast_path_timeout=0,k=1, mean=1.016884, std=0.136690
2026-02-03 21:31:07,546 - cmab.policy - INFO -   #3: arm=batch_size=100000,header_size=32,cut_condition_type=1,fast_path_timeout=0,k=3, mean=1.016884, std=0.136690
2026-02-03 21:31:07,546 - cmab.policy - INFO -   #4: arm=batch_size=100000,header_size=32,cut_condition_type=3,fast_path_timeout=0,k=3, mean=1.016884, std=0.136690
2026-02-03 21:31:07,546 - cmab.policy - INFO -   #5: arm=batch_size=100000,header_size=64,cut_condition_type=1,fast_path_timeout=0,k=3, mean=0.995450, std=0.137832
2026-02-03 21:31:07,546 - cmab.policy - INFO - 
2026-02-03 21:31:07,546 - cmab.policy - INFO - Selected tree #9 for Thompson Sampling:
2026-02-03 21:31:07,546 - cmab.policy - INFO -   Tree depth: 4
2026-02-03 21:31:07,546 - cmab.policy - INFO -   Tree nodes: 13
2026-02-03 21:31:07,546 - cmab.policy - INFO -   Tree leaves: 7
2026-02-03 21:31:07,547 - cmab.policy - INFO -   Tree shape: (nodes=13, leaves=7, depth=4)
2026-02-03 21:31:07,547 - cmab.policy - INFO -   Tree feature importances: [0.05613295 0.12579682 0.         0.81807023 0.         0.
 0.         0.         0.         0.        ]
2026-02-03 21:31:07,548 - cmab.policy - INFO -   Forest feature importances: [0.01054185 0.0179795  0.0074924  0.11338347 0.         0.29641125
 0.0412983  0.         0.50149707 0.01139616]
2026-02-03 21:31:07,549 - cmab.policy - INFO -   Top 5 predictions from this tree:
2026-02-03 21:31:07,549 - cmab.policy - INFO -     #1: arm=batch_size=750000,header_size=128,cut_condition_type=3,fast_path_timeout=400,k=3, pred=0.645785
2026-02-03 21:31:07,549 - cmab.policy - INFO -     #2: arm=batch_size=500000,header_size=32,cut_condition_type=1,fast_path_timeout=100,k=3, pred=0.645785
2026-02-03 21:31:07,549 - cmab.policy - INFO -     #3: arm=batch_size=100000,header_size=128,cut_condition_type=1,fast_path_timeout=400,k=1, pred=0.645785
2026-02-03 21:31:07,549 - cmab.policy - INFO -     #4: arm=batch_size=100000,header_size=128,cut_condition_type=1,fast_path_timeout=400,k=3, pred=0.645785
2026-02-03 21:31:07,549 - cmab.policy - INFO -     #5: arm=batch_size=100000,header_size=128,cut_condition_type=3,fast_path_timeout=0,k=1, pred=0.645785
2026-02-03 21:31:07,549 - cmab.policy - INFO - 
2026-02-03 21:31:07,549 - cmab.policy - INFO -   Found 108 arms with same max prediction (0.645785), randomly selecting one...
2026-02-03 21:31:07,549 - cmab.policy - INFO - 
2026-02-03 21:31:07,549 - cmab.policy - INFO - ✓ SELECTED ARM: batch_size=100000,header_size=128,cut_condition_type=3,fast_path_timeout=400,k=3 (prediction=0.645785)
2026-02-03 21:31:07,549 - cmab.policy - INFO - ================================================================================
2026-02-03 21:31:07,552 - cmab.trainer - INFO - Updated parameters file: /home/ccclr0302/autobahn-test/benchmark/.parameters-0.json
2026-02-03 21:31:07,552 - cmab.trainer - INFO - 🚩 Created RL parameter update signal file (epoch 26): /tmp/autobahn_rl_param_update_26.signal
2026-02-03 21:31:07,552 - cmab.trainer - INFO - Applied params: {'batch_size': 100000, 'header_size': 128, 'cut_condition_type': 3, 'fast_path_timeout': 400, 'k': 3}
2026-02-03 21:31:07,552 - cmab.trainer - INFO - Waiting for next metrics file...
2026-02-03 21:31:30,919 - cmab.trainer - INFO - Iteration 27 : context=[ 0.7617367  0.5667534  0.        10.998362   0.       ] arm=batch_size=100000,header_size=128,cut_condition_type=3,fast_path_timeout=400,k=3 params={'batch_size': 100000, 'header_size': 128, 'cut_condition_type': 3, 'fast_path_timeout': 400, 'k': 3}
2026-02-03 21:31:30,919 - cmab.trainer - INFO - Iteration 27 reward=0.739690 avg_reward(20)=0.882251 last_metrics=epoch_27_slot_816.json top_arm=batch_size=500000,header_size=128,cut_condition_type=3,fast_path_timeout=0,k=3 top_ratio=0.07
2026-02-03 21:31:30,922 - cmab.policy - INFO - ================================================================================
2026-02-03 21:31:30,922 - cmab.policy - INFO - SELECT ARM - Detailed Prediction Analysis
2026-02-03 21:31:30,922 - cmab.policy - INFO - Context: [0.12086497 0.         0.12086497 5.486723   0.        ]
2026-02-03 21:31:30,922 - cmab.policy - INFO - Number of trees in forest: 10
2026-02-03 21:31:30,922 - cmab.policy - INFO - 
2026-02-03 21:31:30,922 - cmab.policy - INFO - Prediction statistics across all trees:
2026-02-03 21:31:30,922 - cmab.policy - INFO -   Mean predictions (top 5 arms): [1.032494, 1.032494, 1.023802, 1.023802, 1.011060]
2026-02-03 21:31:30,922 - cmab.policy - INFO -   Std predictions (top 5 arms): [0.095672, 0.095672, 0.089238, 0.089238, 0.100677]
2026-02-03 21:31:30,922 - cmab.policy - INFO - 
2026-02-03 21:31:30,922 - cmab.policy - INFO - Top 5 arms by mean prediction:
2026-02-03 21:31:30,922 - cmab.policy - INFO -   #1: arm=batch_size=100000,header_size=32,cut_condition_type=1,fast_path_timeout=0,k=1, mean=1.032494, std=0.095672
2026-02-03 21:31:30,922 - cmab.policy - INFO -   #2: arm=batch_size=100000,header_size=32,cut_condition_type=3,fast_path_timeout=0,k=1, mean=1.032494, std=0.095672
2026-02-03 21:31:30,922 - cmab.policy - INFO -   #3: arm=batch_size=100000,header_size=32,cut_condition_type=3,fast_path_timeout=0,k=3, mean=1.023802, std=0.089238
2026-02-03 21:31:30,922 - cmab.policy - INFO -   #4: arm=batch_size=100000,header_size=32,cut_condition_type=1,fast_path_timeout=0,k=3, mean=1.023802, std=0.089238
2026-02-03 21:31:30,922 - cmab.policy - INFO -   #5: arm=batch_size=100000,header_size=128,cut_condition_type=3,fast_path_timeout=0,k=1, mean=1.011060, std=0.100677
2026-02-03 21:31:30,922 - cmab.policy - INFO - 
2026-02-03 21:31:30,922 - cmab.policy - INFO - Selected tree #5 for Thompson Sampling:
2026-02-03 21:31:30,922 - cmab.policy - INFO -   Tree depth: 4
2026-02-03 21:31:30,922 - cmab.policy - INFO -   Tree nodes: 15
2026-02-03 21:31:30,922 - cmab.policy - INFO -   Tree leaves: 8
2026-02-03 21:31:30,923 - cmab.policy - INFO -   Tree shape: (nodes=15, leaves=8, depth=4)
2026-02-03 21:31:30,923 - cmab.policy - INFO -   Tree feature importances: [0.00000000e+00 6.80011914e-06 1.85629085e-02 3.17833169e-02
 0.00000000e+00 1.76190299e-01 5.87812820e-02 0.00000000e+00
 7.08945943e-01 5.72945101e-03]
2026-02-03 21:31:30,924 - cmab.policy - INFO -   Forest feature importances: [0.01054185 0.0179795  0.0074924  0.11338347 0.         0.29641125
 0.0412983  0.         0.50149707 0.01139616]
2026-02-03 21:31:30,925 - cmab.policy - INFO -   Top 5 predictions from this tree:
2026-02-03 21:31:30,925 - cmab.policy - INFO -     #1: arm=batch_size=100000,header_size=32,cut_condition_type=1,fast_path_timeout=0,k=1, pred=1.017636
2026-02-03 21:31:30,925 - cmab.policy - INFO -     #2: arm=batch_size=100000,header_size=32,cut_condition_type=3,fast_path_timeout=0,k=3, pred=1.017636
2026-02-03 21:31:30,925 - cmab.policy - INFO -     #3: arm=batch_size=100000,header_size=128,cut_condition_type=3,fast_path_timeout=0,k=3, pred=1.017636
2026-02-03 21:31:30,925 - cmab.policy - INFO -     #4: arm=batch_size=100000,header_size=128,cut_condition_type=3,fast_path_timeout=0,k=1, pred=1.017636
2026-02-03 21:31:30,925 - cmab.policy - INFO -     #5: arm=batch_size=100000,header_size=128,cut_condition_type=1,fast_path_timeout=0,k=3, pred=1.017636
2026-02-03 21:31:30,925 - cmab.policy - INFO - 
2026-02-03 21:31:30,925 - cmab.policy - INFO -   Found 12 arms with same max prediction (1.017636), randomly selecting one...
2026-02-03 21:31:30,925 - cmab.policy - INFO - 
2026-02-03 21:31:30,925 - cmab.policy - INFO - ✓ SELECTED ARM: batch_size=100000,header_size=32,cut_condition_type=3,fast_path_timeout=0,k=3 (prediction=1.017636)
2026-02-03 21:31:30,925 - cmab.policy - INFO - ================================================================================
2026-02-03 21:31:30,928 - cmab.trainer - INFO - Updated parameters file: /home/ccclr0302/autobahn-test/benchmark/.parameters-0.json
2026-02-03 21:31:30,928 - cmab.trainer - INFO - 🚩 Created RL parameter update signal file (epoch 27): /tmp/autobahn_rl_param_update_27.signal
2026-02-03 21:31:30,928 - cmab.trainer - INFO - Applied params: {'batch_size': 100000, 'header_size': 32, 'cut_condition_type': 3, 'fast_path_timeout': 0, 'k': 3}
2026-02-03 21:31:30,928 - cmab.trainer - INFO - Waiting for next metrics file...
2026-02-03 21:31:49,782 - cmab.trainer - INFO - Iteration 28 : context=[0.12086497 0.         0.12086497 5.486723   0.        ] arm=batch_size=100000,header_size=32,cut_condition_type=3,fast_path_timeout=0,k=3 params={'batch_size': 100000, 'header_size': 32, 'cut_condition_type': 3, 'fast_path_timeout': 0, 'k': 3}
2026-02-03 21:31:49,782 - cmab.trainer - INFO - Iteration 28 reward=1.239968 avg_reward(20)=0.895027 last_metrics=epoch_28_slot_846.json top_arm=batch_size=500000,header_size=128,cut_condition_type=3,fast_path_timeout=0,k=3 top_ratio=0.07
2026-02-03 21:31:49,785 - cmab.policy - INFO - ================================================================================
2026-02-03 21:31:49,785 - cmab.policy - INFO - SELECT ARM - Detailed Prediction Analysis
2026-02-03 21:31:49,785 - cmab.policy - INFO - Context: [ 1.6717132  1.6717132  0.        20.         0.       ]
2026-02-03 21:31:49,785 - cmab.policy - INFO - Number of trees in forest: 10
2026-02-03 21:31:49,785 - cmab.policy - INFO - 
2026-02-03 21:31:49,785 - cmab.policy - INFO - Prediction statistics across all trees:
2026-02-03 21:31:49,785 - cmab.policy - INFO -   Mean predictions (top 5 arms): [1.052296, 1.052296, 1.052296, 1.052296, 1.025466]
2026-02-03 21:31:49,785 - cmab.policy - INFO -   Std predictions (top 5 arms): [0.065830, 0.065830, 0.065830, 0.065830, 0.089046]
2026-02-03 21:31:49,785 - cmab.policy - INFO - 
2026-02-03 21:31:49,785 - cmab.policy - INFO - Top 5 arms by mean prediction:
2026-02-03 21:31:49,785 - cmab.policy - INFO -   #1: arm=batch_size=100000,header_size=32,cut_condition_type=1,fast_path_timeout=0,k=1, mean=1.052296, std=0.065830
2026-02-03 21:31:49,785 - cmab.policy - INFO -   #2: arm=batch_size=100000,header_size=32,cut_condition_type=3,fast_path_timeout=0,k=1, mean=1.052296, std=0.065830
2026-02-03 21:31:49,785 - cmab.policy - INFO -   #3: arm=batch_size=100000,header_size=32,cut_condition_type=1,fast_path_timeout=0,k=3, mean=1.052296, std=0.065830
2026-02-03 21:31:49,786 - cmab.policy - INFO -   #4: arm=batch_size=100000,header_size=32,cut_condition_type=3,fast_path_timeout=0,k=3, mean=1.052296, std=0.065830
2026-02-03 21:31:49,786 - cmab.policy - INFO -   #5: arm=batch_size=100000,header_size=64,cut_condition_type=1,fast_path_timeout=0,k=3, mean=1.025466, std=0.089046
2026-02-03 21:31:49,786 - cmab.policy - INFO - 
2026-02-03 21:31:49,786 - cmab.policy - INFO - Selected tree #4 for Thompson Sampling:
2026-02-03 21:31:49,786 - cmab.policy - INFO -   Tree depth: 4
2026-02-03 21:31:49,786 - cmab.policy - INFO -   Tree nodes: 13
2026-02-03 21:31:49,786 - cmab.policy - INFO -   Tree leaves: 7
2026-02-03 21:31:49,786 - cmab.policy - INFO -   Tree shape: (nodes=13, leaves=7, depth=4)
2026-02-03 21:31:49,786 - cmab.policy - INFO -   Tree feature importances: [0.03248707 0.         0.0095008  0.         0.         0.43423571
 0.         0.         0.45526423 0.0685122 ]
2026-02-03 21:31:49,788 - cmab.policy - INFO -   Forest feature importances: [0.01054185 0.0179795  0.0074924  0.11338347 0.         0.29641125
 0.0412983  0.         0.50149707 0.01139616]
2026-02-03 21:31:49,788 - cmab.policy - INFO -   Top 5 predictions from this tree:
2026-02-03 21:31:49,788 - cmab.policy - INFO -     #1: arm=batch_size=100000,header_size=32,cut_condition_type=1,fast_path_timeout=0,k=1, pred=1.143468
2026-02-03 21:31:49,788 - cmab.policy - INFO -     #2: arm=batch_size=100000,header_size=128,cut_condition_type=1,fast_path_timeout=0,k=1, pred=1.143468
2026-02-03 21:31:49,788 - cmab.policy - INFO -     #3: arm=batch_size=100000,header_size=128,cut_condition_type=3,fast_path_timeout=0,k=1, pred=1.143468
2026-02-03 21:31:49,788 - cmab.policy - INFO -     #4: arm=batch_size=100000,header_size=64,cut_condition_type=3,fast_path_timeout=0,k=3, pred=1.143468
2026-02-03 21:31:49,788 - cmab.policy - INFO -     #5: arm=batch_size=100000,header_size=64,cut_condition_type=3,fast_path_timeout=0,k=1, pred=1.143468
2026-02-03 21:31:49,788 - cmab.policy - INFO - 
2026-02-03 21:31:49,788 - cmab.policy - INFO -   Found 12 arms with same max prediction (1.143468), randomly selecting one...
2026-02-03 21:31:49,788 - cmab.policy - INFO - 
2026-02-03 21:31:49,788 - cmab.policy - INFO - ✓ SELECTED ARM: batch_size=100000,header_size=32,cut_condition_type=3,fast_path_timeout=0,k=3 (prediction=1.143468)
2026-02-03 21:31:49,788 - cmab.policy - INFO - ================================================================================
2026-02-03 21:31:49,791 - cmab.trainer - INFO - Updated parameters file: /home/ccclr0302/autobahn-test/benchmark/.parameters-0.json
2026-02-03 21:31:49,791 - cmab.trainer - INFO - 🚩 Created RL parameter update signal file (epoch 28): /tmp/autobahn_rl_param_update_28.signal
2026-02-03 21:31:49,791 - cmab.trainer - INFO - Applied params: {'batch_size': 100000, 'header_size': 32, 'cut_condition_type': 3, 'fast_path_timeout': 0, 'k': 3}
2026-02-03 21:31:49,791 - cmab.trainer - INFO - Waiting for next metrics file...
2026-02-03 21:32:08,545 - cmab.trainer - INFO - Iteration 29 : context=[ 1.6717132  1.6717132  0.        20.         0.       ] arm=batch_size=100000,header_size=32,cut_condition_type=3,fast_path_timeout=0,k=3 params={'batch_size': 100000, 'header_size': 32, 'cut_condition_type': 3, 'fast_path_timeout': 0, 'k': 3}
2026-02-03 21:32:08,545 - cmab.trainer - INFO - Iteration 29 reward=1.056972 avg_reward(20)=0.900611 last_metrics=epoch_29_slot_876.json top_arm=batch_size=500000,header_size=128,cut_condition_type=3,fast_path_timeout=0,k=3 top_ratio=0.07
2026-02-03 21:32:08,547 - cmab.policy - INFO - ================================================================================
2026-02-03 21:32:08,548 - cmab.policy - INFO - SELECT ARM - Detailed Prediction Analysis
2026-02-03 21:32:08,548 - cmab.policy - INFO - Context: [ 0.         1.6099423  1.656875  20.         0.       ]
2026-02-03 21:32:08,548 - cmab.policy - INFO - Number of trees in forest: 10
2026-02-03 21:32:08,548 - cmab.policy - INFO - 
2026-02-03 21:32:08,548 - cmab.policy - INFO - Prediction statistics across all trees:
2026-02-03 21:32:08,548 - cmab.policy - INFO -   Mean predictions (top 5 arms): [1.043579, 1.043579, 1.034887, 1.034887, 1.016749]
2026-02-03 21:32:08,548 - cmab.policy - INFO -   Std predictions (top 5 arms): [0.096780, 0.096780, 0.091484, 0.091484, 0.111778]
2026-02-03 21:32:08,548 - cmab.policy - INFO - 
2026-02-03 21:32:08,548 - cmab.policy - INFO - Top 5 arms by mean prediction:
2026-02-03 21:32:08,548 - cmab.policy - INFO -   #1: arm=batch_size=100000,header_size=32,cut_condition_type=1,fast_path_timeout=0,k=1, mean=1.043579, std=0.096780
2026-02-03 21:32:08,548 - cmab.policy - INFO -   #2: arm=batch_size=100000,header_size=32,cut_condition_type=3,fast_path_timeout=0,k=1, mean=1.043579, std=0.096780
2026-02-03 21:32:08,548 - cmab.policy - INFO -   #3: arm=batch_size=100000,header_size=32,cut_condition_type=3,fast_path_timeout=0,k=3, mean=1.034887, std=0.091484
2026-02-03 21:32:08,548 - cmab.policy - INFO -   #4: arm=batch_size=100000,header_size=32,cut_condition_type=1,fast_path_timeout=0,k=3, mean=1.034887, std=0.091484
2026-02-03 21:32:08,548 - cmab.policy - INFO -   #5: arm=batch_size=100000,header_size=128,cut_condition_type=3,fast_path_timeout=0,k=1, mean=1.016749, std=0.111778
2026-02-03 21:32:08,548 - cmab.policy - INFO - 
2026-02-03 21:32:08,548 - cmab.policy - INFO - Selected tree #3 for Thompson Sampling:
2026-02-03 21:32:08,548 - cmab.policy - INFO -   Tree depth: 3
2026-02-03 21:32:08,548 - cmab.policy - INFO -   Tree nodes: 13
2026-02-03 21:32:08,548 - cmab.policy - INFO -   Tree leaves: 7
2026-02-03 21:32:08,548 - cmab.policy - INFO -   Tree shape: (nodes=13, leaves=7, depth=3)
2026-02-03 21:32:08,549 - cmab.policy - INFO -   Tree feature importances: [0.         0.         0.02032387 0.08361066 0.         0.25695715
 0.         0.         0.63910832 0.        ]
2026-02-03 21:32:08,550 - cmab.policy - INFO -   Forest feature importances: [0.01054185 0.0179795  0.0074924  0.11338347 0.         0.29641125
 0.0412983  0.         0.50149707 0.01139616]
2026-02-03 21:32:08,551 - cmab.policy - INFO -   Top 5 predictions from this tree:
2026-02-03 21:32:08,551 - cmab.policy - INFO -     #1: arm=batch_size=100000,header_size=32,cut_condition_type=1,fast_path_timeout=0,k=1, pred=1.002561
2026-02-03 21:32:08,551 - cmab.policy - INFO -     #2: arm=batch_size=100000,header_size=32,cut_condition_type=3,fast_path_timeout=0,k=1, pred=1.002561
2026-02-03 21:32:08,551 - cmab.policy - INFO -     #3: arm=batch_size=100000,header_size=128,cut_condition_type=1,fast_path_timeout=0,k=3, pred=1.002561
2026-02-03 21:32:08,551 - cmab.policy - INFO -     #4: arm=batch_size=100000,header_size=128,cut_condition_type=3,fast_path_timeout=0,k=1, pred=1.002561
2026-02-03 21:32:08,551 - cmab.policy - INFO -     #5: arm=batch_size=100000,header_size=128,cut_condition_type=3,fast_path_timeout=0,k=3, pred=1.002561
2026-02-03 21:32:08,551 - cmab.policy - INFO - 
2026-02-03 21:32:08,551 - cmab.policy - INFO -   Found 12 arms with same max prediction (1.002561), randomly selecting one...
2026-02-03 21:32:08,551 - cmab.policy - INFO - 
2026-02-03 21:32:08,551 - cmab.policy - INFO - ✓ SELECTED ARM: batch_size=100000,header_size=64,cut_condition_type=1,fast_path_timeout=0,k=3 (prediction=1.002561)
2026-02-03 21:32:08,551 - cmab.policy - INFO - ================================================================================
2026-02-03 21:32:08,557 - cmab.trainer - INFO - Updated parameters file: /home/ccclr0302/autobahn-test/benchmark/.parameters-0.json
2026-02-03 21:32:08,557 - cmab.trainer - INFO - 🚩 Created RL parameter update signal file (epoch 29): /tmp/autobahn_rl_param_update_29.signal
2026-02-03 21:32:08,557 - cmab.trainer - INFO - Applied params: {'batch_size': 100000, 'header_size': 64, 'cut_condition_type': 1, 'fast_path_timeout': 0, 'k': 3}
2026-02-03 21:32:08,557 - cmab.trainer - INFO - Waiting for next metrics file...
[Parallel(n_jobs=1)]: Done  10 out of  10 | elapsed:    0.0s finished
[Parallel(n_jobs=1)]: Done  10 out of  10 | elapsed:    0.0s finished
2026-02-03 21:32:21,205 - cmab.policy - INFO - RF Updated: samples=30, MSE=0.001787
2026-02-03 21:32:21,205 - cmab.trainer - INFO - Iteration 30 : context=[ 0.         1.6099423  1.656875  20.         0.       ] arm=batch_size=100000,header_size=64,cut_condition_type=1,fast_path_timeout=0,k=3 params={'batch_size': 100000, 'header_size': 64, 'cut_condition_type': 1, 'fast_path_timeout': 0, 'k': 3}
2026-02-03 21:32:21,205 - cmab.trainer - INFO - Iteration 30 reward=1.005010 avg_reward(20)=0.904091 last_metrics=epoch_30_slot_906.json top_arm=batch_size=500000,header_size=128,cut_condition_type=3,fast_path_timeout=0,k=3 top_ratio=0.07
2026-02-03 21:32:21,210 - cmab.trainer - INFO - Saved checkpoint: /tmp/cmab_continuous_checkpoints/cmab_checkpoint_30.pkl
2026-02-03 21:32:21,212 - cmab.policy - INFO - ================================================================================
2026-02-03 21:32:21,212 - cmab.policy - INFO - SELECT ARM - Detailed Prediction Analysis
2026-02-03 21:32:21,212 - cmab.policy - INFO - Context: [ 0.79615015  0.59543127  0.         11.032814    0.        ]
2026-02-03 21:32:21,212 - cmab.policy - INFO - Number of trees in forest: 10
2026-02-03 21:32:21,212 - cmab.policy - INFO - 
2026-02-03 21:32:21,212 - cmab.policy - INFO - Prediction statistics across all trees:
2026-02-03 21:32:21,212 - cmab.policy - INFO -   Mean predictions (top 5 arms): [1.034576, 1.034576, 1.029787, 1.029787, 1.024766]
2026-02-03 21:32:21,212 - cmab.policy - INFO -   Std predictions (top 5 arms): [0.118292, 0.118292, 0.117389, 0.117389, 0.111550]
2026-02-03 21:32:21,212 - cmab.policy - INFO - 
2026-02-03 21:32:21,212 - cmab.policy - INFO - Top 5 arms by mean prediction:
2026-02-03 21:32:21,212 - cmab.policy - INFO -   #1: arm=batch_size=100000,header_size=32,cut_condition_type=1,fast_path_timeout=0,k=1, mean=1.034576, std=0.118292
2026-02-03 21:32:21,212 - cmab.policy - INFO -   #2: arm=batch_size=100000,header_size=32,cut_condition_type=1,fast_path_timeout=0,k=3, mean=1.034576, std=0.118292
2026-02-03 21:32:21,213 - cmab.policy - INFO -   #3: arm=batch_size=100000,header_size=32,cut_condition_type=3,fast_path_timeout=0,k=3, mean=1.029787, std=0.117389
2026-02-03 21:32:21,213 - cmab.policy - INFO -   #4: arm=batch_size=100000,header_size=32,cut_condition_type=3,fast_path_timeout=0,k=1, mean=1.029787, std=0.117389
2026-02-03 21:32:21,213 - cmab.policy - INFO -   #5: arm=batch_size=100000,header_size=64,cut_condition_type=1,fast_path_timeout=0,k=3, mean=1.024766, std=0.111550
2026-02-03 21:32:21,213 - cmab.policy - INFO - 
2026-02-03 21:32:21,213 - cmab.policy - INFO - Selected tree #8 for Thompson Sampling:
2026-02-03 21:32:21,213 - cmab.policy - INFO -   Tree depth: 5
2026-02-03 21:32:21,213 - cmab.policy - INFO -   Tree nodes: 17
2026-02-03 21:32:21,213 - cmab.policy - INFO -   Tree leaves: 9
2026-02-03 21:32:21,213 - cmab.policy - INFO -   Tree shape: (nodes=17, leaves=9, depth=5)
2026-02-03 21:32:21,213 - cmab.policy - INFO -   Tree feature importances: [0.         0.09997719 0.         0.         0.         0.64739295
 0.01150811 0.         0.24112174 0.        ]
2026-02-03 21:32:21,215 - cmab.policy - INFO -   Forest feature importances: [0.0409187  0.13861935 0.00771156 0.01576502 0.         0.28610492
 0.00897121 0.00065892 0.49649114 0.00475918]
2026-02-03 21:32:21,215 - cmab.policy - INFO -   Top 5 predictions from this tree:
2026-02-03 21:32:21,215 - cmab.policy - INFO -     #1: arm=batch_size=100000,header_size=32,cut_condition_type=1,fast_path_timeout=0,k=1, pred=1.024745
2026-02-03 21:32:21,215 - cmab.policy - INFO -     #2: arm=batch_size=100000,header_size=64,cut_condition_type=1,fast_path_timeout=0,k=1, pred=1.024745
2026-02-03 21:32:21,215 - cmab.policy - INFO -     #3: arm=batch_size=100000,header_size=128,cut_condition_type=3,fast_path_timeout=100,k=3, pred=1.024745
2026-02-03 21:32:21,215 - cmab.policy - INFO -     #4: arm=batch_size=100000,header_size=128,cut_condition_type=3,fast_path_timeout=0,k=1, pred=1.024745
2026-02-03 21:32:21,215 - cmab.policy - INFO -     #5: arm=batch_size=100000,header_size=128,cut_condition_type=1,fast_path_timeout=100,k=3, pred=1.024745
2026-02-03 21:32:21,215 - cmab.policy - INFO - 
2026-02-03 21:32:21,215 - cmab.policy - INFO -   Found 24 arms with same max prediction (1.024745), randomly selecting one...
2026-02-03 21:32:21,215 - cmab.policy - INFO - 
2026-02-03 21:32:21,215 - cmab.policy - INFO - ✓ SELECTED ARM: batch_size=100000,header_size=128,cut_condition_type=3,fast_path_timeout=100,k=1 (prediction=1.024745)
2026-02-03 21:32:21,215 - cmab.policy - INFO - ================================================================================
2026-02-03 21:32:21,218 - cmab.trainer - INFO - Updated parameters file: /home/ccclr0302/autobahn-test/benchmark/.parameters-0.json
2026-02-03 21:32:21,218 - cmab.trainer - INFO - 🚩 Created RL parameter update signal file (epoch 30): /tmp/autobahn_rl_param_update_30.signal
2026-02-03 21:32:21,218 - cmab.trainer - INFO - Applied params: {'batch_size': 100000, 'header_size': 128, 'cut_condition_type': 3, 'fast_path_timeout': 100, 'k': 1}
2026-02-03 21:32:21,218 - cmab.trainer - INFO - Waiting for next metrics file...
2026-02-03 21:32:44,687 - cmab.trainer - INFO - Iteration 31 : context=[ 0.79615015  0.59543127  0.         11.032814    0.        ] arm=batch_size=100000,header_size=128,cut_condition_type=3,fast_path_timeout=100,k=1 params={'batch_size': 100000, 'header_size': 128, 'cut_condition_type': 3, 'fast_path_timeout': 100, 'k': 1}
2026-02-03 21:32:44,687 - cmab.trainer - INFO - Iteration 31 reward=0.905691 avg_reward(20)=0.904143 last_metrics=epoch_31_slot_936.json top_arm=batch_size=500000,header_size=128,cut_condition_type=3,fast_path_timeout=0,k=3 top_ratio=0.06
2026-02-03 21:32:44,690 - cmab.policy - INFO - ================================================================================
2026-02-03 21:32:44,690 - cmab.policy - INFO - SELECT ARM - Detailed Prediction Analysis
2026-02-03 21:32:44,690 - cmab.policy - INFO - Context: [0.         0.11506001 5.486819   0.11506001 0.        ]
2026-02-03 21:32:44,690 - cmab.policy - INFO - Number of trees in forest: 10
2026-02-03 21:32:44,690 - cmab.policy - INFO - 
2026-02-03 21:32:44,690 - cmab.policy - INFO - Prediction statistics across all trees:
2026-02-03 21:32:44,690 - cmab.policy - INFO -   Mean predictions (top 5 arms): [1.107650, 1.107650, 1.102861, 1.102861, 1.097840]
2026-02-03 21:32:44,690 - cmab.policy - INFO -   Std predictions (top 5 arms): [0.111878, 0.111878, 0.114034, 0.114034, 0.111359]
2026-02-03 21:32:44,690 - cmab.policy - INFO - 
2026-02-03 21:32:44,690 - cmab.policy - INFO - Top 5 arms by mean prediction:
2026-02-03 21:32:44,690 - cmab.policy - INFO -   #1: arm=batch_size=100000,header_size=32,cut_condition_type=1,fast_path_timeout=0,k=1, mean=1.107650, std=0.111878
2026-02-03 21:32:44,690 - cmab.policy - INFO -   #2: arm=batch_size=100000,header_size=32,cut_condition_type=1,fast_path_timeout=0,k=3, mean=1.107650, std=0.111878
2026-02-03 21:32:44,690 - cmab.policy - INFO -   #3: arm=batch_size=100000,header_size=32,cut_condition_type=3,fast_path_timeout=0,k=3, mean=1.102861, std=0.114034
2026-02-03 21:32:44,690 - cmab.policy - INFO -   #4: arm=batch_size=100000,header_size=32,cut_condition_type=3,fast_path_timeout=0,k=1, mean=1.102861, std=0.114034
2026-02-03 21:32:44,690 - cmab.policy - INFO -   #5: arm=batch_size=100000,header_size=128,cut_condition_type=1,fast_path_timeout=0,k=1, mean=1.097840, std=0.111359
2026-02-03 21:32:44,690 - cmab.policy - INFO - 
2026-02-03 21:32:44,690 - cmab.policy - INFO - Selected tree #7 for Thompson Sampling:
2026-02-03 21:32:44,690 - cmab.policy - INFO -   Tree depth: 5
2026-02-03 21:32:44,690 - cmab.policy - INFO -   Tree nodes: 15
2026-02-03 21:32:44,690 - cmab.policy - INFO -   Tree leaves: 8
2026-02-03 21:32:44,691 - cmab.policy - INFO -   Tree shape: (nodes=15, leaves=8, depth=5)
2026-02-03 21:32:44,691 - cmab.policy - INFO -   Tree feature importances: [0.03041669 0.0770835  0.         0.         0.         0.58161091
 0.         0.00658918 0.30429972 0.        ]
2026-02-03 21:32:44,692 - cmab.policy - INFO -   Forest feature importances: [0.0409187  0.13861935 0.00771156 0.01576502 0.         0.28610492
 0.00897121 0.00065892 0.49649114 0.00475918]
2026-02-03 21:32:44,693 - cmab.policy - INFO -   Top 5 predictions from this tree:
2026-02-03 21:32:44,693 - cmab.policy - INFO -     #1: arm=batch_size=100000,header_size=32,cut_condition_type=1,fast_path_timeout=0,k=1, pred=1.078349
2026-02-03 21:32:44,693 - cmab.policy - INFO -     #2: arm=batch_size=100000,header_size=128,cut_condition_type=1,fast_path_timeout=0,k=3, pred=1.078349
2026-02-03 21:32:44,693 - cmab.policy - INFO -     #3: arm=batch_size=100000,header_size=32,cut_condition_type=1,fast_path_timeout=0,k=3, pred=1.078349
2026-02-03 21:32:44,693 - cmab.policy - INFO -     #4: arm=batch_size=100000,header_size=64,cut_condition_type=1,fast_path_timeout=0,k=3, pred=1.078349
2026-02-03 21:32:44,693 - cmab.policy - INFO -     #5: arm=batch_size=100000,header_size=64,cut_condition_type=1,fast_path_timeout=0,k=1, pred=1.078349
2026-02-03 21:32:44,693 - cmab.policy - INFO - 
2026-02-03 21:32:44,693 - cmab.policy - INFO -   Found 6 arms with same max prediction (1.078349), randomly selecting one...
2026-02-03 21:32:44,693 - cmab.policy - INFO - 
2026-02-03 21:32:44,693 - cmab.policy - INFO - ✓ SELECTED ARM: batch_size=100000,header_size=64,cut_condition_type=1,fast_path_timeout=0,k=1 (prediction=1.078349)
2026-02-03 21:32:44,693 - cmab.policy - INFO - ================================================================================
2026-02-03 21:32:44,697 - cmab.trainer - INFO - Updated parameters file: /home/ccclr0302/autobahn-test/benchmark/.parameters-0.json
2026-02-03 21:32:44,698 - cmab.trainer - INFO - 🚩 Created RL parameter update signal file (epoch 31): /tmp/autobahn_rl_param_update_31.signal
2026-02-03 21:32:44,698 - cmab.trainer - INFO - Applied params: {'batch_size': 100000, 'header_size': 64, 'cut_condition_type': 1, 'fast_path_timeout': 0, 'k': 1}
2026-02-03 21:32:44,698 - cmab.trainer - INFO - Waiting for next metrics file...
2026-02-03 21:33:02,048 - cmab.trainer - INFO - Iteration 32 : context=[0.         0.11506001 5.486819   0.11506001 0.        ] arm=batch_size=100000,header_size=64,cut_condition_type=1,fast_path_timeout=0,k=1 params={'batch_size': 100000, 'header_size': 64, 'cut_condition_type': 1, 'fast_path_timeout': 0, 'k': 1}
2026-02-03 21:33:02,048 - cmab.trainer - INFO - Iteration 32 reward=1.071362 avg_reward(20)=0.909368 last_metrics=epoch_32_slot_966.json top_arm=batch_size=100000,header_size=64,cut_condition_type=1,fast_path_timeout=0,k=1 top_ratio=0.09
2026-02-03 21:33:02,051 - cmab.policy - INFO - ================================================================================
2026-02-03 21:33:02,051 - cmab.policy - INFO - SELECT ARM - Detailed Prediction Analysis
2026-02-03 21:33:02,051 - cmab.policy - INFO - Context: [ 0.7278293  0.6331632  0.        11.23576    0.       ]
2026-02-03 21:33:02,051 - cmab.policy - INFO - Number of trees in forest: 10
2026-02-03 21:33:02,051 - cmab.policy - INFO - 
2026-02-03 21:33:02,051 - cmab.policy - INFO - Prediction statistics across all trees:
2026-02-03 21:33:02,051 - cmab.policy - INFO -   Mean predictions (top 5 arms): [0.998488, 0.998488, 0.993699, 0.993699, 0.988678]
2026-02-03 21:33:02,051 - cmab.policy - INFO -   Std predictions (top 5 arms): [0.123869, 0.123869, 0.121594, 0.121594, 0.114394]
2026-02-03 21:33:02,051 - cmab.policy - INFO - 
2026-02-03 21:33:02,051 - cmab.policy - INFO - Top 5 arms by mean prediction:
2026-02-03 21:33:02,051 - cmab.policy - INFO -   #1: arm=batch_size=100000,header_size=32,cut_condition_type=1,fast_path_timeout=0,k=1, mean=0.998488, std=0.123869
2026-02-03 21:33:02,051 - cmab.policy - INFO -   #2: arm=batch_size=100000,header_size=32,cut_condition_type=1,fast_path_timeout=0,k=3, mean=0.998488, std=0.123869
2026-02-03 21:33:02,052 - cmab.policy - INFO -   #3: arm=batch_size=100000,header_size=32,cut_condition_type=3,fast_path_timeout=0,k=3, mean=0.993699, std=0.121594
2026-02-03 21:33:02,052 - cmab.policy - INFO -   #4: arm=batch_size=100000,header_size=32,cut_condition_type=3,fast_path_timeout=0,k=1, mean=0.993699, std=0.121594
2026-02-03 21:33:02,052 - cmab.policy - INFO -   #5: arm=batch_size=100000,header_size=64,cut_condition_type=1,fast_path_timeout=0,k=3, mean=0.988678, std=0.114394
2026-02-03 21:33:02,052 - cmab.policy - INFO - 
2026-02-03 21:33:02,052 - cmab.policy - INFO - Selected tree #8 for Thompson Sampling:
2026-02-03 21:33:02,052 - cmab.policy - INFO -   Tree depth: 5
2026-02-03 21:33:02,052 - cmab.policy - INFO -   Tree nodes: 17
2026-02-03 21:33:02,052 - cmab.policy - INFO -   Tree leaves: 9
2026-02-03 21:33:02,052 - cmab.policy - INFO -   Tree shape: (nodes=17, leaves=9, depth=5)
2026-02-03 21:33:02,052 - cmab.policy - INFO -   Tree feature importances: [0.         0.09997719 0.         0.         0.         0.64739295
 0.01150811 0.         0.24112174 0.        ]
2026-02-03 21:33:02,054 - cmab.policy - INFO -   Forest feature importances: [0.0409187  0.13861935 0.00771156 0.01576502 0.         0.28610492
 0.00897121 0.00065892 0.49649114 0.00475918]
2026-02-03 21:33:02,054 - cmab.policy - INFO -   Top 5 predictions from this tree:
2026-02-03 21:33:02,054 - cmab.policy - INFO -     #1: arm=batch_size=100000,header_size=32,cut_condition_type=1,fast_path_timeout=0,k=1, pred=1.024745
2026-02-03 21:33:02,054 - cmab.policy - INFO -     #2: arm=batch_size=100000,header_size=64,cut_condition_type=1,fast_path_timeout=0,k=1, pred=1.024745
2026-02-03 21:33:02,054 - cmab.policy - INFO -     #3: arm=batch_size=100000,header_size=128,cut_condition_type=3,fast_path_timeout=100,k=3, pred=1.024745
2026-02-03 21:33:02,054 - cmab.policy - INFO -     #4: arm=batch_size=100000,header_size=128,cut_condition_type=3,fast_path_timeout=0,k=1, pred=1.024745
2026-02-03 21:33:02,054 - cmab.policy - INFO -     #5: arm=batch_size=100000,header_size=128,cut_condition_type=1,fast_path_timeout=100,k=3, pred=1.024745
2026-02-03 21:33:02,054 - cmab.policy - INFO - 
2026-02-03 21:33:02,054 - cmab.policy - INFO -   Found 24 arms with same max prediction (1.024745), randomly selecting one...
2026-02-03 21:33:02,054 - cmab.policy - INFO - 
2026-02-03 21:33:02,054 - cmab.policy - INFO - ✓ SELECTED ARM: batch_size=100000,header_size=32,cut_condition_type=1,fast_path_timeout=100,k=1 (prediction=1.024745)
2026-02-03 21:33:02,054 - cmab.policy - INFO - ================================================================================
2026-02-03 21:33:02,057 - cmab.trainer - INFO - Updated parameters file: /home/ccclr0302/autobahn-test/benchmark/.parameters-0.json
2026-02-03 21:33:02,057 - cmab.trainer - INFO - 🚩 Created RL parameter update signal file (epoch 32): /tmp/autobahn_rl_param_update_32.signal
2026-02-03 21:33:02,057 - cmab.trainer - INFO - Applied params: {'batch_size': 100000, 'header_size': 32, 'cut_condition_type': 1, 'fast_path_timeout': 100, 'k': 1}
2026-02-03 21:33:02,057 - cmab.trainer - INFO - Waiting for next metrics file...
2026-02-03 21:33:19,811 - cmab.trainer - INFO - Iteration 33 : context=[ 0.7278293  0.6331632  0.        11.23576    0.       ] arm=batch_size=100000,header_size=32,cut_condition_type=1,fast_path_timeout=100,k=1 params={'batch_size': 100000, 'header_size': 32, 'cut_condition_type': 1, 'fast_path_timeout': 100, 'k': 1}
2026-02-03 21:33:19,811 - cmab.trainer - INFO - Iteration 33 reward=0.902861 avg_reward(20)=0.909171 last_metrics=epoch_33_slot_996.json top_arm=batch_size=100000,header_size=64,cut_condition_type=1,fast_path_timeout=0,k=1 top_ratio=0.09
2026-02-03 21:33:19,814 - cmab.policy - INFO - ================================================================================
2026-02-03 21:33:19,814 - cmab.policy - INFO - SELECT ARM - Detailed Prediction Analysis
2026-02-03 21:33:19,814 - cmab.policy - INFO - Context: [ 1.621156  19.399757   0.         1.6652716  0.       ]
2026-02-03 21:33:19,814 - cmab.policy - INFO - Number of trees in forest: 10
2026-02-03 21:33:19,814 - cmab.policy - INFO - 
2026-02-03 21:33:19,814 - cmab.policy - INFO - Prediction statistics across all trees:
2026-02-03 21:33:19,814 - cmab.policy - INFO -   Mean predictions (top 5 arms): [1.064632, 1.064632, 1.059608, 1.059608, 1.052028]
2026-02-03 21:33:19,814 - cmab.policy - INFO -   Std predictions (top 5 arms): [0.035777, 0.035777, 0.037005, 0.037005, 0.017596]
2026-02-03 21:33:19,814 - cmab.policy - INFO - 
2026-02-03 21:33:19,814 - cmab.policy - INFO - Top 5 arms by mean prediction:
2026-02-03 21:33:19,814 - cmab.policy - INFO -   #1: arm=batch_size=100000,header_size=32,cut_condition_type=1,fast_path_timeout=0,k=1, mean=1.064632, std=0.035777
2026-02-03 21:33:19,814 - cmab.policy - INFO -   #2: arm=batch_size=100000,header_size=32,cut_condition_type=1,fast_path_timeout=0,k=3, mean=1.064632, std=0.035777
2026-02-03 21:33:19,814 - cmab.policy - INFO -   #3: arm=batch_size=100000,header_size=32,cut_condition_type=3,fast_path_timeout=0,k=3, mean=1.059608, std=0.037005
2026-02-03 21:33:19,814 - cmab.policy - INFO -   #4: arm=batch_size=100000,header_size=32,cut_condition_type=3,fast_path_timeout=0,k=1, mean=1.059608, std=0.037005
2026-02-03 21:33:19,814 - cmab.policy - INFO -   #5: arm=batch_size=100000,header_size=64,cut_condition_type=1,fast_path_timeout=0,k=3, mean=1.052028, std=0.017596
2026-02-03 21:33:19,814 - cmab.policy - INFO - 
2026-02-03 21:33:19,814 - cmab.policy - INFO - Selected tree #2 for Thompson Sampling:
2026-02-03 21:33:19,814 - cmab.policy - INFO -   Tree depth: 4
2026-02-03 21:33:19,814 - cmab.policy - INFO -   Tree nodes: 13
2026-02-03 21:33:19,814 - cmab.policy - INFO -   Tree leaves: 7
2026-02-03 21:33:19,815 - cmab.policy - INFO -   Tree shape: (nodes=13, leaves=7, depth=4)
2026-02-03 21:33:19,815 - cmab.policy - INFO -   Tree feature importances: [0.         0.         0.         0.06861795 0.         0.23344847
 0.06209314 0.         0.63584044 0.        ]
2026-02-03 21:33:19,816 - cmab.policy - INFO -   Forest feature importances: [0.0409187  0.13861935 0.00771156 0.01576502 0.         0.28610492
 0.00897121 0.00065892 0.49649114 0.00475918]
2026-02-03 21:33:19,816 - cmab.policy - INFO -   Top 5 predictions from this tree:
2026-02-03 21:33:19,816 - cmab.policy - INFO -     #1: arm=batch_size=100000,header_size=32,cut_condition_type=1,fast_path_timeout=0,k=1, pred=1.157698
2026-02-03 21:33:19,817 - cmab.policy - INFO -     #2: arm=batch_size=100000,header_size=32,cut_condition_type=1,fast_path_timeout=0,k=3, pred=1.157698
2026-02-03 21:33:19,817 - cmab.policy - INFO -     #3: arm=batch_size=100000,header_size=32,cut_condition_type=3,fast_path_timeout=0,k=1, pred=1.157698
2026-02-03 21:33:19,817 - cmab.policy - INFO -     #4: arm=batch_size=100000,header_size=32,cut_condition_type=3,fast_path_timeout=0,k=3, pred=1.157698
2026-02-03 21:33:19,817 - cmab.policy - INFO -     #5: arm=batch_size=100000,header_size=128,cut_condition_type=1,fast_path_timeout=0,k=3, pred=1.059598
2026-02-03 21:33:19,817 - cmab.policy - INFO - 
2026-02-03 21:33:19,817 - cmab.policy - INFO -   Found 4 arms with same max prediction (1.157698), randomly selecting one...
2026-02-03 21:33:19,817 - cmab.policy - INFO - 
2026-02-03 21:33:19,817 - cmab.policy - INFO - ✓ SELECTED ARM: batch_size=100000,header_size=32,cut_condition_type=1,fast_path_timeout=0,k=3 (prediction=1.157698)
2026-02-03 21:33:19,817 - cmab.policy - INFO - ================================================================================
2026-02-03 21:33:19,820 - cmab.trainer - INFO - Updated parameters file: /home/ccclr0302/autobahn-test/benchmark/.parameters-0.json
2026-02-03 21:33:19,820 - cmab.trainer - INFO - 🚩 Created RL parameter update signal file (epoch 33): /tmp/autobahn_rl_param_update_33.signal
2026-02-03 21:33:19,820 - cmab.trainer - INFO - Applied params: {'batch_size': 100000, 'header_size': 32, 'cut_condition_type': 1, 'fast_path_timeout': 0, 'k': 3}
2026-02-03 21:33:19,820 - cmab.trainer - INFO - Waiting for next metrics file...
2026-02-03 21:33:36,269 - cmab.trainer - INFO - Iteration 34 : context=[ 1.621156  19.399757   0.         1.6652716  0.       ] arm=batch_size=100000,header_size=32,cut_condition_type=1,fast_path_timeout=0,k=3 params={'batch_size': 100000, 'header_size': 32, 'cut_condition_type': 1, 'fast_path_timeout': 0, 'k': 3}
2026-02-03 21:33:36,269 - cmab.trainer - INFO - Iteration 34 reward=1.066718 avg_reward(20)=0.913805 last_metrics=epoch_34_slot_1026.json top_arm=batch_size=100000,header_size=64,cut_condition_type=1,fast_path_timeout=0,k=1 top_ratio=0.09
2026-02-03 21:33:36,272 - cmab.policy - INFO - ================================================================================
2026-02-03 21:33:36,272 - cmab.policy - INFO - SELECT ARM - Detailed Prediction Analysis
2026-02-03 21:33:36,272 - cmab.policy - INFO - Context: [ 1.8786908  1.6798339  0.        20.         0.       ]
2026-02-03 21:33:36,272 - cmab.policy - INFO - Number of trees in forest: 10
2026-02-03 21:33:36,272 - cmab.policy - INFO - 
2026-02-03 21:33:36,272 - cmab.policy - INFO - Prediction statistics across all trees:
2026-02-03 21:33:36,272 - cmab.policy - INFO -   Mean predictions (top 5 arms): [1.052699, 1.052699, 1.047910, 1.047910, 1.034433]
2026-02-03 21:33:36,272 - cmab.policy - INFO -   Std predictions (top 5 arms): [0.041690, 0.041690, 0.041216, 0.041216, 0.023119]
2026-02-03 21:33:36,272 - cmab.policy - INFO - 
2026-02-03 21:33:36,272 - cmab.policy - INFO - Top 5 arms by mean prediction:
2026-02-03 21:33:36,272 - cmab.policy - INFO -   #1: arm=batch_size=100000,header_size=32,cut_condition_type=1,fast_path_timeout=0,k=1, mean=1.052699, std=0.041690
2026-02-03 21:33:36,272 - cmab.policy - INFO -   #2: arm=batch_size=100000,header_size=32,cut_condition_type=1,fast_path_timeout=0,k=3, mean=1.052699, std=0.041690
2026-02-03 21:33:36,272 - cmab.policy - INFO -   #3: arm=batch_size=100000,header_size=32,cut_condition_type=3,fast_path_timeout=0,k=3, mean=1.047910, std=0.041216
2026-02-03 21:33:36,272 - cmab.policy - INFO -   #4: arm=batch_size=100000,header_size=32,cut_condition_type=3,fast_path_timeout=0,k=1, mean=1.047910, std=0.041216
2026-02-03 21:33:36,272 - cmab.policy - INFO -   #5: arm=batch_size=100000,header_size=64,cut_condition_type=1,fast_path_timeout=0,k=3, mean=1.034433, std=0.023119
2026-02-03 21:33:36,272 - cmab.policy - INFO - 
2026-02-03 21:33:36,272 - cmab.policy - INFO - Selected tree #6 for Thompson Sampling:
2026-02-03 21:33:36,272 - cmab.policy - INFO -   Tree depth: 5
2026-02-03 21:33:36,272 - cmab.policy - INFO -   Tree nodes: 15
2026-02-03 21:33:36,273 - cmab.policy - INFO -   Tree leaves: 8
2026-02-03 21:33:36,273 - cmab.policy - INFO -   Tree shape: (nodes=15, leaves=8, depth=5)
2026-02-03 21:33:36,273 - cmab.policy - INFO -   Tree feature importances: [0.00113337 0.16995997 0.         0.         0.         0.0931069
 0.0093784  0.         0.67882959 0.04759177]
2026-02-03 21:33:36,274 - cmab.policy - INFO -   Forest feature importances: [0.0409187  0.13861935 0.00771156 0.01576502 0.         0.28610492
 0.00897121 0.00065892 0.49649114 0.00475918]
2026-02-03 21:33:36,275 - cmab.policy - INFO -   Top 5 predictions from this tree:
2026-02-03 21:33:36,275 - cmab.policy - INFO -     #1: arm=batch_size=100000,header_size=32,cut_condition_type=1,fast_path_timeout=0,k=1, pred=1.046398
2026-02-03 21:33:36,275 - cmab.policy - INFO -     #2: arm=batch_size=100000,header_size=64,cut_condition_type=1,fast_path_timeout=0,k=1, pred=1.046398
2026-02-03 21:33:36,275 - cmab.policy - INFO -     #3: arm=batch_size=100000,header_size=128,cut_condition_type=3,fast_path_timeout=0,k=3, pred=1.046398
2026-02-03 21:33:36,275 - cmab.policy - INFO -     #4: arm=batch_size=100000,header_size=128,cut_condition_type=3,fast_path_timeout=0,k=1, pred=1.046398
2026-02-03 21:33:36,275 - cmab.policy - INFO -     #5: arm=batch_size=100000,header_size=128,cut_condition_type=1,fast_path_timeout=0,k=3, pred=1.046398
2026-02-03 21:33:36,275 - cmab.policy - INFO - 
2026-02-03 21:33:36,275 - cmab.policy - INFO -   Found 12 arms with same max prediction (1.046398), randomly selecting one...
2026-02-03 21:33:36,275 - cmab.policy - INFO - 
2026-02-03 21:33:36,275 - cmab.policy - INFO - ✓ SELECTED ARM: batch_size=100000,header_size=32,cut_condition_type=3,fast_path_timeout=0,k=1 (prediction=1.046398)
2026-02-03 21:33:36,275 - cmab.policy - INFO - ================================================================================
2026-02-03 21:33:36,278 - cmab.trainer - INFO - Updated parameters file: /home/ccclr0302/autobahn-test/benchmark/.parameters-0.json
2026-02-03 21:33:36,278 - cmab.trainer - INFO - 🚩 Created RL parameter update signal file (epoch 34): /tmp/autobahn_rl_param_update_34.signal
2026-02-03 21:33:36,278 - cmab.trainer - INFO - Applied params: {'batch_size': 100000, 'header_size': 32, 'cut_condition_type': 3, 'fast_path_timeout': 0, 'k': 1}
2026-02-03 21:33:36,278 - cmab.trainer - INFO - Waiting for next metrics file...
[Parallel(n_jobs=1)]: Done  10 out of  10 | elapsed:    0.0s finished
[Parallel(n_jobs=1)]: Done  10 out of  10 | elapsed:    0.0s finished
2026-02-03 21:33:54,342 - cmab.policy - INFO - RF Updated: samples=35, MSE=0.001798
2026-02-03 21:33:54,342 - cmab.trainer - INFO - Iteration 35 : context=[ 1.8786908  1.6798339  0.        20.         0.       ] arm=batch_size=100000,header_size=32,cut_condition_type=3,fast_path_timeout=0,k=1 params={'batch_size': 100000, 'header_size': 32, 'cut_condition_type': 3, 'fast_path_timeout': 0, 'k': 1}
2026-02-03 21:33:54,342 - cmab.trainer - INFO - Iteration 35 reward=1.061433 avg_reward(20)=0.918023 last_metrics=epoch_35_slot_1056.json top_arm=batch_size=100000,header_size=64,cut_condition_type=1,fast_path_timeout=0,k=1 top_ratio=0.09
2026-02-03 21:33:54,344 - cmab.policy - INFO - ================================================================================
2026-02-03 21:33:54,344 - cmab.policy - INFO - SELECT ARM - Detailed Prediction Analysis
2026-02-03 21:33:54,344 - cmab.policy - INFO - Context: [20.         1.6549596  1.6549596  0.         0.       ]
2026-02-03 21:33:54,344 - cmab.policy - INFO - Number of trees in forest: 10
2026-02-03 21:33:54,344 - cmab.policy - INFO - 
2026-02-03 21:33:54,345 - cmab.policy - INFO - Prediction statistics across all trees:
2026-02-03 21:33:54,345 - cmab.policy - INFO -   Mean predictions (top 5 arms): [1.109234, 1.097051, 1.097051, 1.097019, 1.088484]
2026-02-03 21:33:54,345 - cmab.policy - INFO -   Std predictions (top 5 arms): [0.061653, 0.062381, 0.062381, 0.058821, 0.073753]
2026-02-03 21:33:54,345 - cmab.policy - INFO - 
2026-02-03 21:33:54,345 - cmab.policy - INFO - Top 5 arms by mean prediction:
2026-02-03 21:33:54,345 - cmab.policy - INFO -   #1: arm=batch_size=100000,header_size=32,cut_condition_type=3,fast_path_timeout=0,k=1, mean=1.109234, std=0.061653
2026-02-03 21:33:54,345 - cmab.policy - INFO -   #2: arm=batch_size=100000,header_size=64,cut_condition_type=3,fast_path_timeout=0,k=1, mean=1.097051, std=0.062381
2026-02-03 21:33:54,345 - cmab.policy - INFO -   #3: arm=batch_size=100000,header_size=128,cut_condition_type=3,fast_path_timeout=0,k=1, mean=1.097051, std=0.062381
2026-02-03 21:33:54,345 - cmab.policy - INFO -   #4: arm=batch_size=100000,header_size=32,cut_condition_type=1,fast_path_timeout=0,k=1, mean=1.097019, std=0.058821
2026-02-03 21:33:54,345 - cmab.policy - INFO -   #5: arm=batch_size=100000,header_size=32,cut_condition_type=3,fast_path_timeout=0,k=3, mean=1.088484, std=0.073753
2026-02-03 21:33:54,345 - cmab.policy - INFO - 
2026-02-03 21:33:54,345 - cmab.policy - INFO - Selected tree #1 for Thompson Sampling:
2026-02-03 21:33:54,345 - cmab.policy - INFO -   Tree depth: 4
2026-02-03 21:33:54,345 - cmab.policy - INFO -   Tree nodes: 15
2026-02-03 21:33:54,345 - cmab.policy - INFO -   Tree leaves: 8
2026-02-03 21:33:54,345 - cmab.policy - INFO -   Tree shape: (nodes=15, leaves=8, depth=4)
2026-02-03 21:33:54,345 - cmab.policy - INFO -   Tree feature importances: [0.02251585 0.00181401 0.05524865 0.         0.         0.39300093
 0.         0.         0.52742056 0.        ]
2026-02-03 21:33:54,347 - cmab.policy - INFO -   Forest feature importances: [0.02039262 0.0297332  0.01456651 0.0507858  0.         0.29989024
 0.00715653 0.00311483 0.55451666 0.0198436 ]
2026-02-03 21:33:54,347 - cmab.policy - INFO -   Top 5 predictions from this tree:
2026-02-03 21:33:54,347 - cmab.policy - INFO -     #1: arm=batch_size=100000,header_size=32,cut_condition_type=1,fast_path_timeout=0,k=1, pred=1.152747
2026-02-03 21:33:54,347 - cmab.policy - INFO -     #2: arm=batch_size=100000,header_size=64,cut_condition_type=1,fast_path_timeout=0,k=1, pred=1.152747
2026-02-03 21:33:54,347 - cmab.policy - INFO -     #3: arm=batch_size=100000,header_size=64,cut_condition_type=3,fast_path_timeout=0,k=1, pred=1.152747
2026-02-03 21:33:54,347 - cmab.policy - INFO -     #4: arm=batch_size=100000,header_size=64,cut_condition_type=3,fast_path_timeout=0,k=3, pred=1.152747
2026-02-03 21:33:54,347 - cmab.policy - INFO -     #5: arm=batch_size=100000,header_size=32,cut_condition_type=3,fast_path_timeout=0,k=3, pred=1.152747
2026-02-03 21:33:54,347 - cmab.policy - INFO - 
2026-02-03 21:33:54,347 - cmab.policy - INFO -   Found 12 arms with same max prediction (1.152747), randomly selecting one...
2026-02-03 21:33:54,347 - cmab.policy - INFO - 
2026-02-03 21:33:54,347 - cmab.policy - INFO - ✓ SELECTED ARM: batch_size=100000,header_size=64,cut_condition_type=1,fast_path_timeout=0,k=3 (prediction=1.152747)
2026-02-03 21:33:54,347 - cmab.policy - INFO - ================================================================================
2026-02-03 21:33:54,350 - cmab.trainer - INFO - Updated parameters file: /home/ccclr0302/autobahn-test/benchmark/.parameters-0.json
2026-02-03 21:33:54,351 - cmab.trainer - INFO - 🚩 Created RL parameter update signal file (epoch 35): /tmp/autobahn_rl_param_update_35.signal
2026-02-03 21:33:54,351 - cmab.trainer - INFO - Applied params: {'batch_size': 100000, 'header_size': 64, 'cut_condition_type': 1, 'fast_path_timeout': 0, 'k': 3}
2026-02-03 21:33:54,351 - cmab.trainer - INFO - Waiting for next metrics file...
2026-02-03 21:34:09,696 - cmab.trainer - INFO - Iteration 36 : context=[20.         1.6549596  1.6549596  0.         0.       ] arm=batch_size=100000,header_size=64,cut_condition_type=1,fast_path_timeout=0,k=3 params={'batch_size': 100000, 'header_size': 64, 'cut_condition_type': 1, 'fast_path_timeout': 0, 'k': 3}
2026-02-03 21:34:09,696 - cmab.trainer - INFO - Iteration 36 reward=1.081508 avg_reward(20)=0.922564 last_metrics=epoch_36_slot_1086.json top_arm=batch_size=100000,header_size=64,cut_condition_type=1,fast_path_timeout=0,k=1 top_ratio=0.08
2026-02-03 21:34:09,699 - cmab.policy - INFO - ================================================================================
2026-02-03 21:34:09,699 - cmab.policy - INFO - SELECT ARM - Detailed Prediction Analysis
2026-02-03 21:34:09,699 - cmab.policy - INFO - Context: [ 0.7299986   0.63515174  0.         10.594068    0.        ]
2026-02-03 21:34:09,699 - cmab.policy - INFO - Number of trees in forest: 10
2026-02-03 21:34:09,699 - cmab.policy - INFO - 
2026-02-03 21:34:09,699 - cmab.policy - INFO - Prediction statistics across all trees:
2026-02-03 21:34:09,699 - cmab.policy - INFO -   Mean predictions (top 5 arms): [1.045090, 1.045090, 1.042678, 1.042678, 1.042678]
2026-02-03 21:34:09,699 - cmab.policy - INFO -   Std predictions (top 5 arms): [0.050850, 0.050850, 0.051066, 0.051066, 0.051066]
2026-02-03 21:34:09,699 - cmab.policy - INFO - 
2026-02-03 21:34:09,699 - cmab.policy - INFO - Top 5 arms by mean prediction:
2026-02-03 21:34:09,699 - cmab.policy - INFO -   #1: arm=batch_size=100000,header_size=32,cut_condition_type=3,fast_path_timeout=0,k=1, mean=1.045090, std=0.050850
2026-02-03 21:34:09,699 - cmab.policy - INFO -   #2: arm=batch_size=100000,header_size=32,cut_condition_type=3,fast_path_timeout=0,k=3, mean=1.045090, std=0.050850
2026-02-03 21:34:09,699 - cmab.policy - INFO -   #3: arm=batch_size=100000,header_size=128,cut_condition_type=3,fast_path_timeout=0,k=1, mean=1.042678, std=0.051066
2026-02-03 21:34:09,699 - cmab.policy - INFO -   #4: arm=batch_size=100000,header_size=64,cut_condition_type=3,fast_path_timeout=0,k=3, mean=1.042678, std=0.051066
2026-02-03 21:34:09,699 - cmab.policy - INFO -   #5: arm=batch_size=100000,header_size=64,cut_condition_type=3,fast_path_timeout=0,k=1, mean=1.042678, std=0.051066
2026-02-03 21:34:09,699 - cmab.policy - INFO - 
2026-02-03 21:34:09,699 - cmab.policy - INFO - Selected tree #10 for Thompson Sampling:
2026-02-03 21:34:09,699 - cmab.policy - INFO -   Tree depth: 4
2026-02-03 21:34:09,699 - cmab.policy - INFO -   Tree nodes: 17
2026-02-03 21:34:09,699 - cmab.policy - INFO -   Tree leaves: 9
2026-02-03 21:34:09,700 - cmab.policy - INFO -   Tree shape: (nodes=17, leaves=9, depth=4)
2026-02-03 21:34:09,700 - cmab.policy - INFO -   Tree feature importances: [0.02741518 0.         0.         0.         0.         0.36482499
 0.03336206 0.03114828 0.54324949 0.        ]
2026-02-03 21:34:09,701 - cmab.policy - INFO -   Forest feature importances: [0.02039262 0.0297332  0.01456651 0.0507858  0.         0.29989024
 0.00715653 0.00311483 0.55451666 0.0198436 ]
2026-02-03 21:34:09,702 - cmab.policy - INFO -   Top 5 predictions from this tree:
2026-02-03 21:34:09,702 - cmab.policy - INFO -     #1: arm=batch_size=100000,header_size=32,cut_condition_type=3,fast_path_timeout=0,k=3, pred=1.178169
2026-02-03 21:34:09,702 - cmab.policy - INFO -     #2: arm=batch_size=100000,header_size=64,cut_condition_type=3,fast_path_timeout=0,k=1, pred=1.178169
2026-02-03 21:34:09,702 - cmab.policy - INFO -     #3: arm=batch_size=100000,header_size=128,cut_condition_type=3,fast_path_timeout=0,k=3, pred=1.178169
2026-02-03 21:34:09,702 - cmab.policy - INFO -     #4: arm=batch_size=100000,header_size=64,cut_condition_type=3,fast_path_timeout=0,k=3, pred=1.178169
2026-02-03 21:34:09,702 - cmab.policy - INFO -     #5: arm=batch_size=100000,header_size=128,cut_condition_type=3,fast_path_timeout=0,k=1, pred=1.178169
2026-02-03 21:34:09,702 - cmab.policy - INFO - 
2026-02-03 21:34:09,702 - cmab.policy - INFO -   Found 6 arms with same max prediction (1.178169), randomly selecting one...
2026-02-03 21:34:09,702 - cmab.policy - INFO - 
2026-02-03 21:34:09,702 - cmab.policy - INFO - ✓ SELECTED ARM: batch_size=100000,header_size=32,cut_condition_type=3,fast_path_timeout=0,k=1 (prediction=1.178169)
2026-02-03 21:34:09,702 - cmab.policy - INFO - ================================================================================
2026-02-03 21:34:09,875 - cmab.trainer - INFO - Updated parameters file: /home/ccclr0302/autobahn-test/benchmark/.parameters-0.json
2026-02-03 21:34:09,875 - cmab.trainer - INFO - 🚩 Created RL parameter update signal file (epoch 36): /tmp/autobahn_rl_param_update_36.signal
2026-02-03 21:34:09,875 - cmab.trainer - INFO - Applied params: {'batch_size': 100000, 'header_size': 32, 'cut_condition_type': 3, 'fast_path_timeout': 0, 'k': 1}
2026-02-03 21:34:09,875 - cmab.trainer - INFO - Waiting for next metrics file...
2026-02-03 21:34:28,230 - cmab.trainer - INFO - Iteration 37 : context=[ 0.7299986   0.63515174  0.         10.594068    0.        ] arm=batch_size=100000,header_size=32,cut_condition_type=3,fast_path_timeout=0,k=1 params={'batch_size': 100000, 'header_size': 32, 'cut_condition_type': 3, 'fast_path_timeout': 0, 'k': 1}
2026-02-03 21:34:28,230 - cmab.trainer - INFO - Iteration 37 reward=1.067662 avg_reward(20)=0.926486 last_metrics=epoch_37_slot_1116.json top_arm=batch_size=100000,header_size=32,cut_condition_type=3,fast_path_timeout=0,k=1 top_ratio=0.11
2026-02-03 21:34:28,233 - cmab.policy - INFO - ================================================================================
2026-02-03 21:34:28,233 - cmab.policy - INFO - SELECT ARM - Detailed Prediction Analysis
2026-02-03 21:34:28,233 - cmab.policy - INFO - Context: [ 1.6322409  0.         1.6786137 20.         0.       ]
2026-02-03 21:34:28,233 - cmab.policy - INFO - Number of trees in forest: 10
2026-02-03 21:34:28,233 - cmab.policy - INFO - 
2026-02-03 21:34:28,233 - cmab.policy - INFO - Prediction statistics across all trees:
2026-02-03 21:34:28,234 - cmab.policy - INFO -   Mean predictions (top 5 arms): [1.122925, 1.122925, 1.122925, 1.122925, 1.122925]
2026-02-03 21:34:28,234 - cmab.policy - INFO -   Std predictions (top 5 arms): [0.087629, 0.087629, 0.087629, 0.087629, 0.087629]
2026-02-03 21:34:28,234 - cmab.policy - INFO - 
2026-02-03 21:34:28,234 - cmab.policy - INFO - Top 5 arms by mean prediction:
2026-02-03 21:34:28,234 - cmab.policy - INFO -   #1: arm=batch_size=100000,header_size=32,cut_condition_type=3,fast_path_timeout=0,k=1, mean=1.122925, std=0.087629
2026-02-03 21:34:28,234 - cmab.policy - INFO -   #2: arm=batch_size=100000,header_size=128,cut_condition_type=3,fast_path_timeout=0,k=1, mean=1.122925, std=0.087629
2026-02-03 21:34:28,234 - cmab.policy - INFO -   #3: arm=batch_size=100000,header_size=64,cut_condition_type=3,fast_path_timeout=0,k=3, mean=1.122925, std=0.087629
2026-02-03 21:34:28,234 - cmab.policy - INFO -   #4: arm=batch_size=100000,header_size=64,cut_condition_type=3,fast_path_timeout=0,k=1, mean=1.122925, std=0.087629
2026-02-03 21:34:28,234 - cmab.policy - INFO -   #5: arm=batch_size=100000,header_size=32,cut_condition_type=3,fast_path_timeout=0,k=3, mean=1.122925, std=0.087629
2026-02-03 21:34:28,234 - cmab.policy - INFO - 
2026-02-03 21:34:28,234 - cmab.policy - INFO - Selected tree #8 for Thompson Sampling:
2026-02-03 21:34:28,234 - cmab.policy - INFO -   Tree depth: 5
2026-02-03 21:34:28,234 - cmab.policy - INFO -   Tree nodes: 17
2026-02-03 21:34:28,234 - cmab.policy - INFO -   Tree leaves: 9
2026-02-03 21:34:28,234 - cmab.policy - INFO -   Tree shape: (nodes=17, leaves=9, depth=5)
2026-02-03 21:34:28,234 - cmab.policy - INFO -   Tree feature importances: [0.00000000e+00 5.07568245e-03 3.88577682e-02 7.58853279e-05
 0.00000000e+00 2.09204437e-01 0.00000000e+00 0.00000000e+00
 7.41270625e-01 5.51560209e-03]
2026-02-03 21:34:28,236 - cmab.policy - INFO -   Forest feature importances: [0.02039262 0.0297332  0.01456651 0.0507858  0.         0.29989024
 0.00715653 0.00311483 0.55451666 0.0198436 ]
2026-02-03 21:34:28,236 - cmab.policy - INFO -   Top 5 predictions from this tree:
2026-02-03 21:34:28,236 - cmab.policy - INFO -     #1: arm=batch_size=100000,header_size=32,cut_condition_type=1,fast_path_timeout=0,k=1, pred=1.060293
2026-02-03 21:34:28,236 - cmab.policy - INFO -     #2: arm=batch_size=100000,header_size=128,cut_condition_type=3,fast_path_timeout=0,k=1, pred=1.060293
2026-02-03 21:34:28,236 - cmab.policy - INFO -     #3: arm=batch_size=100000,header_size=32,cut_condition_type=1,fast_path_timeout=0,k=3, pred=1.060293
2026-02-03 21:34:28,236 - cmab.policy - INFO -     #4: arm=batch_size=100000,header_size=64,cut_condition_type=3,fast_path_timeout=0,k=1, pred=1.060293
2026-02-03 21:34:28,236 - cmab.policy - INFO -     #5: arm=batch_size=100000,header_size=128,cut_condition_type=1,fast_path_timeout=0,k=1, pred=1.060293
2026-02-03 21:34:28,237 - cmab.policy - INFO - 
2026-02-03 21:34:28,237 - cmab.policy - INFO -   Found 12 arms with same max prediction (1.060293), randomly selecting one...
2026-02-03 21:34:28,237 - cmab.policy - INFO - 
2026-02-03 21:34:28,237 - cmab.policy - INFO - ✓ SELECTED ARM: batch_size=100000,header_size=64,cut_condition_type=3,fast_path_timeout=0,k=3 (prediction=1.060293)
2026-02-03 21:34:28,237 - cmab.policy - INFO - ================================================================================
2026-02-03 21:34:28,240 - cmab.trainer - INFO - Updated parameters file: /home/ccclr0302/autobahn-test/benchmark/.parameters-0.json
2026-02-03 21:34:28,240 - cmab.trainer - INFO - 🚩 Created RL parameter update signal file (epoch 37): /tmp/autobahn_rl_param_update_37.signal
2026-02-03 21:34:28,240 - cmab.trainer - INFO - Applied params: {'batch_size': 100000, 'header_size': 64, 'cut_condition_type': 3, 'fast_path_timeout': 0, 'k': 3}
2026-02-03 21:34:28,240 - cmab.trainer - INFO - Waiting for next metrics file...
2026-02-03 21:34:46,395 - cmab.trainer - INFO - Iteration 38 : context=[ 1.6322409  0.         1.6786137 20.         0.       ] arm=batch_size=100000,header_size=64,cut_condition_type=3,fast_path_timeout=0,k=3 params={'batch_size': 100000, 'header_size': 64, 'cut_condition_type': 3, 'fast_path_timeout': 0, 'k': 3}
2026-02-03 21:34:46,395 - cmab.trainer - INFO - Iteration 38 reward=1.284371 avg_reward(20)=0.935904 last_metrics=epoch_38_slot_1146.json top_arm=batch_size=100000,header_size=32,cut_condition_type=3,fast_path_timeout=0,k=1 top_ratio=0.11
2026-02-03 21:34:46,397 - cmab.policy - INFO - ================================================================================
2026-02-03 21:34:46,397 - cmab.policy - INFO - SELECT ARM - Detailed Prediction Analysis
2026-02-03 21:34:46,398 - cmab.policy - INFO - Context: [ 0.68319774  0.6149877   0.         11.255757    0.        ]
2026-02-03 21:34:46,398 - cmab.policy - INFO - Number of trees in forest: 10
2026-02-03 21:34:46,398 - cmab.policy - INFO - 
2026-02-03 21:34:46,398 - cmab.policy - INFO - Prediction statistics across all trees:
2026-02-03 21:34:46,398 - cmab.policy - INFO -   Mean predictions (top 5 arms): [1.040990, 1.040990, 1.038578, 1.038578, 1.038578]
2026-02-03 21:34:46,398 - cmab.policy - INFO -   Std predictions (top 5 arms): [0.050867, 0.050867, 0.050888, 0.050888, 0.050888]
2026-02-03 21:34:46,398 - cmab.policy - INFO - 
2026-02-03 21:34:46,398 - cmab.policy - INFO - Top 5 arms by mean prediction:
2026-02-03 21:34:46,398 - cmab.policy - INFO -   #1: arm=batch_size=100000,header_size=32,cut_condition_type=3,fast_path_timeout=0,k=1, mean=1.040990, std=0.050867
2026-02-03 21:34:46,398 - cmab.policy - INFO -   #2: arm=batch_size=100000,header_size=32,cut_condition_type=3,fast_path_timeout=0,k=3, mean=1.040990, std=0.050867
2026-02-03 21:34:46,398 - cmab.policy - INFO -   #3: arm=batch_size=100000,header_size=128,cut_condition_type=3,fast_path_timeout=0,k=1, mean=1.038578, std=0.050888
2026-02-03 21:34:46,398 - cmab.policy - INFO -   #4: arm=batch_size=100000,header_size=64,cut_condition_type=3,fast_path_timeout=0,k=3, mean=1.038578, std=0.050888
2026-02-03 21:34:46,398 - cmab.policy - INFO -   #5: arm=batch_size=100000,header_size=64,cut_condition_type=3,fast_path_timeout=0,k=1, mean=1.038578, std=0.050888
2026-02-03 21:34:46,398 - cmab.policy - INFO - 
2026-02-03 21:34:46,398 - cmab.policy - INFO - Selected tree #4 for Thompson Sampling:
2026-02-03 21:34:46,398 - cmab.policy - INFO -   Tree depth: 5
2026-02-03 21:34:46,398 - cmab.policy - INFO -   Tree nodes: 17
2026-02-03 21:34:46,398 - cmab.policy - INFO -   Tree leaves: 9
2026-02-03 21:34:46,398 - cmab.policy - INFO -   Tree shape: (nodes=17, leaves=9, depth=5)
2026-02-03 21:34:46,398 - cmab.policy - INFO -   Tree feature importances: [0.         0.04903394 0.02217954 0.         0.         0.37691525
 0.         0.         0.55187127 0.        ]
2026-02-03 21:34:46,400 - cmab.policy - INFO -   Forest feature importances: [0.02039262 0.0297332  0.01456651 0.0507858  0.         0.29989024
 0.00715653 0.00311483 0.55451666 0.0198436 ]
2026-02-03 21:34:46,400 - cmab.policy - INFO -   Top 5 predictions from this tree:
2026-02-03 21:34:46,400 - cmab.policy - INFO -     #1: arm=batch_size=100000,header_size=32,cut_condition_type=1,fast_path_timeout=0,k=1, pred=1.022198
2026-02-03 21:34:46,400 - cmab.policy - INFO -     #2: arm=batch_size=100000,header_size=32,cut_condition_type=3,fast_path_timeout=0,k=1, pred=1.022198
2026-02-03 21:34:46,400 - cmab.policy - INFO -     #3: arm=batch_size=100000,header_size=64,cut_condition_type=3,fast_path_timeout=0,k=1, pred=1.022198
2026-02-03 21:34:46,400 - cmab.policy - INFO -     #4: arm=batch_size=100000,header_size=64,cut_condition_type=3,fast_path_timeout=0,k=3, pred=1.022198
2026-02-03 21:34:46,400 - cmab.policy - INFO -     #5: arm=batch_size=100000,header_size=64,cut_condition_type=1,fast_path_timeout=0,k=3, pred=1.022198
2026-02-03 21:34:46,401 - cmab.policy - INFO - 
2026-02-03 21:34:46,401 - cmab.policy - INFO -   Found 12 arms with same max prediction (1.022198), randomly selecting one...
2026-02-03 21:34:46,401 - cmab.policy - INFO - 
2026-02-03 21:34:46,401 - cmab.policy - INFO - ✓ SELECTED ARM: batch_size=100000,header_size=64,cut_condition_type=1,fast_path_timeout=0,k=3 (prediction=1.022198)
2026-02-03 21:34:46,401 - cmab.policy - INFO - ================================================================================
2026-02-03 21:34:46,405 - cmab.trainer - INFO - Updated parameters file: /home/ccclr0302/autobahn-test/benchmark/.parameters-0.json
2026-02-03 21:34:46,405 - cmab.trainer - INFO - 🚩 Created RL parameter update signal file (epoch 38): /tmp/autobahn_rl_param_update_38.signal
2026-02-03 21:34:46,405 - cmab.trainer - INFO - Applied params: {'batch_size': 100000, 'header_size': 64, 'cut_condition_type': 1, 'fast_path_timeout': 0, 'k': 3}
2026-02-03 21:34:46,406 - cmab.trainer - INFO - Waiting for next metrics file...
2026-02-03 21:35:03,257 - cmab.trainer - INFO - Iteration 39 : context=[ 0.68319774  0.6149877   0.         11.255757    0.        ] arm=batch_size=100000,header_size=64,cut_condition_type=1,fast_path_timeout=0,k=3 params={'batch_size': 100000, 'header_size': 64, 'cut_condition_type': 1, 'fast_path_timeout': 0, 'k': 3}
2026-02-03 21:35:03,258 - cmab.trainer - INFO - Iteration 39 reward=0.986466 avg_reward(20)=0.937200 last_metrics=epoch_39_slot_1176.json top_arm=batch_size=100000,header_size=32,cut_condition_type=3,fast_path_timeout=0,k=1 top_ratio=0.10
2026-02-03 21:35:03,260 - cmab.policy - INFO - ================================================================================
2026-02-03 21:35:03,260 - cmab.policy - INFO - SELECT ARM - Detailed Prediction Analysis
2026-02-03 21:35:03,260 - cmab.policy - INFO - Context: [ 0.63596195  0.5885017   0.         11.361976    0.        ]
2026-02-03 21:35:03,260 - cmab.policy - INFO - Number of trees in forest: 10
2026-02-03 21:35:03,261 - cmab.policy - INFO - 
2026-02-03 21:35:03,261 - cmab.policy - INFO - Prediction statistics across all trees:
2026-02-03 21:35:03,261 - cmab.policy - INFO -   Mean predictions (top 5 arms): [1.040990, 1.040990, 1.038578, 1.038578, 1.038578]
2026-02-03 21:35:03,261 - cmab.policy - INFO -   Std predictions (top 5 arms): [0.050867, 0.050867, 0.050888, 0.050888, 0.050888]
2026-02-03 21:35:03,261 - cmab.policy - INFO - 
2026-02-03 21:35:03,261 - cmab.policy - INFO - Top 5 arms by mean prediction:
2026-02-03 21:35:03,261 - cmab.policy - INFO -   #1: arm=batch_size=100000,header_size=32,cut_condition_type=3,fast_path_timeout=0,k=1, mean=1.040990, std=0.050867
2026-02-03 21:35:03,261 - cmab.policy - INFO -   #2: arm=batch_size=100000,header_size=32,cut_condition_type=3,fast_path_timeout=0,k=3, mean=1.040990, std=0.050867
2026-02-03 21:35:03,261 - cmab.policy - INFO -   #3: arm=batch_size=100000,header_size=128,cut_condition_type=3,fast_path_timeout=0,k=1, mean=1.038578, std=0.050888
2026-02-03 21:35:03,261 - cmab.policy - INFO -   #4: arm=batch_size=100000,header_size=64,cut_condition_type=3,fast_path_timeout=0,k=3, mean=1.038578, std=0.050888
2026-02-03 21:35:03,261 - cmab.policy - INFO -   #5: arm=batch_size=100000,header_size=64,cut_condition_type=3,fast_path_timeout=0,k=1, mean=1.038578, std=0.050888
2026-02-03 21:35:03,261 - cmab.policy - INFO - 
2026-02-03 21:35:03,261 - cmab.policy - INFO - Selected tree #8 for Thompson Sampling:
2026-02-03 21:35:03,261 - cmab.policy - INFO -   Tree depth: 5
2026-02-03 21:35:03,261 - cmab.policy - INFO -   Tree nodes: 17
2026-02-03 21:35:03,261 - cmab.policy - INFO -   Tree leaves: 9
2026-02-03 21:35:03,261 - cmab.policy - INFO -   Tree shape: (nodes=17, leaves=9, depth=5)
2026-02-03 21:35:03,261 - cmab.policy - INFO -   Tree feature importances: [0.00000000e+00 5.07568245e-03 3.88577682e-02 7.58853279e-05
 0.00000000e+00 2.09204437e-01 0.00000000e+00 0.00000000e+00
 7.41270625e-01 5.51560209e-03]
2026-02-03 21:35:03,263 - cmab.policy - INFO -   Forest feature importances: [0.02039262 0.0297332  0.01456651 0.0507858  0.         0.29989024
 0.00715653 0.00311483 0.55451666 0.0198436 ]
2026-02-03 21:35:03,263 - cmab.policy - INFO -   Top 5 predictions from this tree:
2026-02-03 21:35:03,263 - cmab.policy - INFO -     #1: arm=batch_size=100000,header_size=32,cut_condition_type=1,fast_path_timeout=0,k=1, pred=1.017636
2026-02-03 21:35:03,263 - cmab.policy - INFO -     #2: arm=batch_size=100000,header_size=128,cut_condition_type=3,fast_path_timeout=0,k=1, pred=1.017636
2026-02-03 21:35:03,263 - cmab.policy - INFO -     #3: arm=batch_size=100000,header_size=32,cut_condition_type=1,fast_path_timeout=0,k=3, pred=1.017636
2026-02-03 21:35:03,263 - cmab.policy - INFO -     #4: arm=batch_size=100000,header_size=64,cut_condition_type=3,fast_path_timeout=0,k=1, pred=1.017636
2026-02-03 21:35:03,263 - cmab.policy - INFO -     #5: arm=batch_size=100000,header_size=128,cut_condition_type=1,fast_path_timeout=0,k=1, pred=1.017636
2026-02-03 21:35:03,263 - cmab.policy - INFO - 
2026-02-03 21:35:03,263 - cmab.policy - INFO -   Found 12 arms with same max prediction (1.017636), randomly selecting one...
2026-02-03 21:35:03,263 - cmab.policy - INFO - 
2026-02-03 21:35:03,263 - cmab.policy - INFO - ✓ SELECTED ARM: batch_size=100000,header_size=128,cut_condition_type=3,fast_path_timeout=0,k=3 (prediction=1.017636)
2026-02-03 21:35:03,263 - cmab.policy - INFO - ================================================================================
2026-02-03 21:35:03,268 - cmab.trainer - INFO - Updated parameters file: /home/ccclr0302/autobahn-test/benchmark/.parameters-0.json
2026-02-03 21:35:03,268 - cmab.trainer - INFO - 🚩 Created RL parameter update signal file (epoch 39): /tmp/autobahn_rl_param_update_39.signal
2026-02-03 21:35:03,268 - cmab.trainer - INFO - Applied params: {'batch_size': 100000, 'header_size': 128, 'cut_condition_type': 3, 'fast_path_timeout': 0, 'k': 3}
2026-02-03 21:35:03,268 - cmab.trainer - INFO - Waiting for next metrics file...
[Parallel(n_jobs=1)]: Done  10 out of  10 | elapsed:    0.0s finished
[Parallel(n_jobs=1)]: Done  10 out of  10 | elapsed:    0.0s finished
2026-02-03 21:35:22,736 - cmab.policy - INFO - RF Updated: samples=40, MSE=0.002225
2026-02-03 21:35:22,736 - cmab.trainer - INFO - Iteration 40 : context=[ 0.63596195  0.5885017   0.         11.361976    0.        ] arm=batch_size=100000,header_size=128,cut_condition_type=3,fast_path_timeout=0,k=3 params={'batch_size': 100000, 'header_size': 128, 'cut_condition_type': 3, 'fast_path_timeout': 0, 'k': 3}
2026-02-03 21:35:22,736 - cmab.trainer - INFO - Iteration 40 reward=1.264813 avg_reward(20)=0.945391 last_metrics=epoch_40_slot_1206.json top_arm=batch_size=100000,header_size=32,cut_condition_type=3,fast_path_timeout=0,k=1 top_ratio=0.10
2026-02-03 21:35:22,742 - cmab.trainer - INFO - Saved checkpoint: /tmp/cmab_continuous_checkpoints/cmab_checkpoint_40.pkl
2026-02-03 21:35:22,744 - cmab.policy - INFO - ================================================================================
2026-02-03 21:35:22,744 - cmab.policy - INFO - SELECT ARM - Detailed Prediction Analysis
2026-02-03 21:35:22,744 - cmab.policy - INFO - Context: [0.17497498 0.17497498 0.         5.423219   0.        ]
2026-02-03 21:35:22,744 - cmab.policy - INFO - Number of trees in forest: 10
2026-02-03 21:35:22,744 - cmab.policy - INFO - 
2026-02-03 21:35:22,744 - cmab.policy - INFO - Prediction statistics across all trees:
2026-02-03 21:35:22,744 - cmab.policy - INFO -   Mean predictions (top 5 arms): [1.108159, 1.108159, 1.108159, 1.108159, 1.087053]
2026-02-03 21:35:22,744 - cmab.policy - INFO -   Std predictions (top 5 arms): [0.086499, 0.086499, 0.086499, 0.086499, 0.084271]
2026-02-03 21:35:22,744 - cmab.policy - INFO - 
2026-02-03 21:35:22,744 - cmab.policy - INFO - Top 5 arms by mean prediction:
2026-02-03 21:35:22,744 - cmab.policy - INFO -   #1: arm=batch_size=100000,header_size=128,cut_condition_type=1,fast_path_timeout=0,k=1, mean=1.108159, std=0.086499
2026-02-03 21:35:22,744 - cmab.policy - INFO -   #2: arm=batch_size=100000,header_size=128,cut_condition_type=1,fast_path_timeout=0,k=3, mean=1.108159, std=0.086499
2026-02-03 21:35:22,744 - cmab.policy - INFO -   #3: arm=batch_size=100000,header_size=128,cut_condition_type=3,fast_path_timeout=0,k=1, mean=1.108159, std=0.086499
2026-02-03 21:35:22,744 - cmab.policy - INFO -   #4: arm=batch_size=100000,header_size=128,cut_condition_type=3,fast_path_timeout=0,k=3, mean=1.108159, std=0.086499
2026-02-03 21:35:22,744 - cmab.policy - INFO -   #5: arm=batch_size=100000,header_size=32,cut_condition_type=1,fast_path_timeout=0,k=1, mean=1.087053, std=0.084271
2026-02-03 21:35:22,744 - cmab.policy - INFO - 
2026-02-03 21:35:22,744 - cmab.policy - INFO - Selected tree #1 for Thompson Sampling:
2026-02-03 21:35:22,744 - cmab.policy - INFO -   Tree depth: 6
2026-02-03 21:35:22,744 - cmab.policy - INFO -   Tree nodes: 19
2026-02-03 21:35:22,745 - cmab.policy - INFO -   Tree leaves: 10
2026-02-03 21:35:22,745 - cmab.policy - INFO -   Tree shape: (nodes=19, leaves=10, depth=6)
2026-02-03 21:35:22,745 - cmab.policy - INFO -   Tree feature importances: [3.27536410e-04 1.50876010e-01 0.00000000e+00 9.37171050e-02
 0.00000000e+00 3.15447362e-01 1.76587984e-02 0.00000000e+00
 4.21973188e-01 0.00000000e+00]
2026-02-03 21:35:22,746 - cmab.policy - INFO -   Forest feature importances: [2.45306367e-02 1.11133634e-01 5.72834045e-03 1.81062664e-02
 0.00000000e+00 2.88031146e-01 1.14772091e-02 1.84112854e-03
 5.39139182e-01 1.24572839e-05]
2026-02-03 21:35:22,746 - cmab.policy - INFO -   Top 5 predictions from this tree:
2026-02-03 21:35:22,746 - cmab.policy - INFO -     #1: arm=batch_size=100000,header_size=32,cut_condition_type=1,fast_path_timeout=0,k=1, pred=1.035806
2026-02-03 21:35:22,747 - cmab.policy - INFO -     #2: arm=batch_size=100000,header_size=32,cut_condition_type=1,fast_path_timeout=0,k=3, pred=1.035806
2026-02-03 21:35:22,747 - cmab.policy - INFO -     #3: arm=batch_size=100000,header_size=32,cut_condition_type=3,fast_path_timeout=0,k=1, pred=1.035806
2026-02-03 21:35:22,747 - cmab.policy - INFO -     #4: arm=batch_size=100000,header_size=32,cut_condition_type=3,fast_path_timeout=0,k=3, pred=1.035806
2026-02-03 21:35:22,747 - cmab.policy - INFO -     #5: arm=batch_size=100000,header_size=64,cut_condition_type=3,fast_path_timeout=0,k=1, pred=0.998687
2026-02-03 21:35:22,747 - cmab.policy - INFO - 
2026-02-03 21:35:22,747 - cmab.policy - INFO -   Found 4 arms with same max prediction (1.035806), randomly selecting one...
2026-02-03 21:35:22,747 - cmab.policy - INFO - 
2026-02-03 21:35:22,747 - cmab.policy - INFO - ✓ SELECTED ARM: batch_size=100000,header_size=32,cut_condition_type=1,fast_path_timeout=0,k=1 (prediction=1.035806)
2026-02-03 21:35:22,747 - cmab.policy - INFO - ================================================================================
2026-02-03 21:35:22,750 - cmab.trainer - INFO - Updated parameters file: /home/ccclr0302/autobahn-test/benchmark/.parameters-0.json
2026-02-03 21:35:22,750 - cmab.trainer - INFO - 🚩 Created RL parameter update signal file (epoch 40): /tmp/autobahn_rl_param_update_40.signal
2026-02-03 21:35:22,750 - cmab.trainer - INFO - Applied params: {'batch_size': 100000, 'header_size': 32, 'cut_condition_type': 1, 'fast_path_timeout': 0, 'k': 1}
2026-02-03 21:35:22,750 - cmab.trainer - INFO - Waiting for next metrics file...
2026-02-03 21:35:41,909 - cmab.trainer - INFO - Iteration 41 : context=[0.17497498 0.17497498 0.         5.423219   0.        ] arm=batch_size=100000,header_size=32,cut_condition_type=1,fast_path_timeout=0,k=1 params={'batch_size': 100000, 'header_size': 32, 'cut_condition_type': 1, 'fast_path_timeout': 0, 'k': 1}
2026-02-03 21:35:41,909 - cmab.trainer - INFO - Iteration 41 reward=0.993376 avg_reward(20)=0.946561 last_metrics=epoch_41_slot_1236.json top_arm=batch_size=100000,header_size=32,cut_condition_type=3,fast_path_timeout=0,k=1 top_ratio=0.10
2026-02-03 21:35:41,912 - cmab.policy - INFO - ================================================================================
2026-02-03 21:35:41,912 - cmab.policy - INFO - SELECT ARM - Detailed Prediction Analysis
2026-02-03 21:35:41,912 - cmab.policy - INFO - Context: [ 1.7041452  1.603559  20.         0.         0.       ]
2026-02-03 21:35:41,912 - cmab.policy - INFO - Number of trees in forest: 10
2026-02-03 21:35:41,912 - cmab.policy - INFO - 
2026-02-03 21:35:41,912 - cmab.policy - INFO - Prediction statistics across all trees:
2026-02-03 21:35:41,912 - cmab.policy - INFO -   Mean predictions (top 5 arms): [1.069164, 1.069164, 1.069164, 1.069164, 1.061468]
2026-02-03 21:35:41,912 - cmab.policy - INFO -   Std predictions (top 5 arms): [0.051793, 0.051793, 0.051793, 0.051793, 0.020194]
2026-02-03 21:35:41,912 - cmab.policy - INFO - 
2026-02-03 21:35:41,912 - cmab.policy - INFO - Top 5 arms by mean prediction:
2026-02-03 21:35:41,912 - cmab.policy - INFO -   #1: arm=batch_size=100000,header_size=128,cut_condition_type=1,fast_path_timeout=0,k=1, mean=1.069164, std=0.051793
2026-02-03 21:35:41,912 - cmab.policy - INFO -   #2: arm=batch_size=100000,header_size=128,cut_condition_type=1,fast_path_timeout=0,k=3, mean=1.069164, std=0.051793
2026-02-03 21:35:41,912 - cmab.policy - INFO -   #3: arm=batch_size=100000,header_size=128,cut_condition_type=3,fast_path_timeout=0,k=1, mean=1.069164, std=0.051793
2026-02-03 21:35:41,912 - cmab.policy - INFO -   #4: arm=batch_size=100000,header_size=128,cut_condition_type=3,fast_path_timeout=0,k=3, mean=1.069164, std=0.051793
2026-02-03 21:35:41,912 - cmab.policy - INFO -   #5: arm=batch_size=100000,header_size=32,cut_condition_type=3,fast_path_timeout=0,k=1, mean=1.061468, std=0.020194
2026-02-03 21:35:41,912 - cmab.policy - INFO - 
2026-02-03 21:35:41,912 - cmab.policy - INFO - Selected tree #6 for Thompson Sampling:
2026-02-03 21:35:41,912 - cmab.policy - INFO -   Tree depth: 6
2026-02-03 21:35:41,912 - cmab.policy - INFO -   Tree nodes: 21
2026-02-03 21:35:41,912 - cmab.policy - INFO -   Tree leaves: 11
2026-02-03 21:35:41,913 - cmab.policy - INFO -   Tree shape: (nodes=21, leaves=11, depth=6)
2026-02-03 21:35:41,913 - cmab.policy - INFO -   Tree feature importances: [0.01054723 0.28568267 0.00135408 0.         0.         0.19714354
 0.00871713 0.         0.49655535 0.        ]
2026-02-03 21:35:41,914 - cmab.policy - INFO -   Forest feature importances: [2.45306367e-02 1.11133634e-01 5.72834045e-03 1.81062664e-02
 0.00000000e+00 2.88031146e-01 1.14772091e-02 1.84112854e-03
 5.39139182e-01 1.24572839e-05]
2026-02-03 21:35:41,914 - cmab.policy - INFO -   Top 5 predictions from this tree:
2026-02-03 21:35:41,915 - cmab.policy - INFO -     #1: arm=batch_size=100000,header_size=32,cut_condition_type=1,fast_path_timeout=0,k=1, pred=1.072189
2026-02-03 21:35:41,915 - cmab.policy - INFO -     #2: arm=batch_size=100000,header_size=32,cut_condition_type=3,fast_path_timeout=0,k=1, pred=1.072189
2026-02-03 21:35:41,915 - cmab.policy - INFO -     #3: arm=batch_size=100000,header_size=32,cut_condition_type=1,fast_path_timeout=0,k=3, pred=1.072189
2026-02-03 21:35:41,915 - cmab.policy - INFO -     #4: arm=batch_size=100000,header_size=32,cut_condition_type=3,fast_path_timeout=0,k=3, pred=1.072189
2026-02-03 21:35:41,915 - cmab.policy - INFO -     #5: arm=batch_size=100000,header_size=128,cut_condition_type=1,fast_path_timeout=0,k=3, pred=1.028964
2026-02-03 21:35:41,915 - cmab.policy - INFO - 
2026-02-03 21:35:41,915 - cmab.policy - INFO -   Found 4 arms with same max prediction (1.072189), randomly selecting one...
2026-02-03 21:35:41,915 - cmab.policy - INFO - 
2026-02-03 21:35:41,915 - cmab.policy - INFO - ✓ SELECTED ARM: batch_size=100000,header_size=32,cut_condition_type=1,fast_path_timeout=0,k=3 (prediction=1.072189)
2026-02-03 21:35:41,915 - cmab.policy - INFO - ================================================================================
2026-02-03 21:35:41,919 - cmab.trainer - INFO - Updated parameters file: /home/ccclr0302/autobahn-test/benchmark/.parameters-0.json
2026-02-03 21:35:41,919 - cmab.trainer - INFO - 🚩 Created RL parameter update signal file (epoch 41): /tmp/autobahn_rl_param_update_41.signal
2026-02-03 21:35:41,919 - cmab.trainer - INFO - Applied params: {'batch_size': 100000, 'header_size': 32, 'cut_condition_type': 1, 'fast_path_timeout': 0, 'k': 3}
2026-02-03 21:35:41,919 - cmab.trainer - INFO - Waiting for next metrics file...
2026-02-03 21:35:56,364 - cmab.trainer - INFO - Iteration 42 : context=[ 1.7041452  1.603559  20.         0.         0.       ] arm=batch_size=100000,header_size=32,cut_condition_type=1,fast_path_timeout=0,k=3 params={'batch_size': 100000, 'header_size': 32, 'cut_condition_type': 1, 'fast_path_timeout': 0, 'k': 3}
2026-02-03 21:35:56,364 - cmab.trainer - INFO - Iteration 42 reward=1.023317 avg_reward(20)=0.948389 last_metrics=epoch_42_slot_1266.json top_arm=batch_size=100000,header_size=32,cut_condition_type=1,fast_path_timeout=0,k=3 top_ratio=0.10
2026-02-03 21:35:56,367 - cmab.policy - INFO - ================================================================================
2026-02-03 21:35:56,367 - cmab.policy - INFO - SELECT ARM - Detailed Prediction Analysis
2026-02-03 21:35:56,367 - cmab.policy - INFO - Context: [ 1.8231404  1.6202946  0.        20.         0.       ]
2026-02-03 21:35:56,367 - cmab.policy - INFO - Number of trees in forest: 10
2026-02-03 21:35:56,367 - cmab.policy - INFO - 
2026-02-03 21:35:56,367 - cmab.policy - INFO - Prediction statistics across all trees:
2026-02-03 21:35:56,367 - cmab.policy - INFO -   Mean predictions (top 5 arms): [1.054623, 1.054623, 1.054623, 1.054623, 1.050828]
2026-02-03 21:35:56,367 - cmab.policy - INFO -   Std predictions (top 5 arms): [0.033446, 0.033446, 0.033446, 0.033446, 0.065460]
2026-02-03 21:35:56,367 - cmab.policy - INFO - 
2026-02-03 21:35:56,367 - cmab.policy - INFO - Top 5 arms by mean prediction:
2026-02-03 21:35:56,367 - cmab.policy - INFO -   #1: arm=batch_size=100000,header_size=32,cut_condition_type=1,fast_path_timeout=0,k=1, mean=1.054623, std=0.033446
2026-02-03 21:35:56,367 - cmab.policy - INFO -   #2: arm=batch_size=100000,header_size=32,cut_condition_type=3,fast_path_timeout=0,k=1, mean=1.054623, std=0.033446
2026-02-03 21:35:56,367 - cmab.policy - INFO -   #3: arm=batch_size=100000,header_size=32,cut_condition_type=1,fast_path_timeout=0,k=3, mean=1.054623, std=0.033446
2026-02-03 21:35:56,367 - cmab.policy - INFO -   #4: arm=batch_size=100000,header_size=32,cut_condition_type=3,fast_path_timeout=0,k=3, mean=1.054623, std=0.033446
2026-02-03 21:35:56,367 - cmab.policy - INFO -   #5: arm=batch_size=100000,header_size=128,cut_condition_type=1,fast_path_timeout=0,k=1, mean=1.050828, std=0.065460
2026-02-03 21:35:56,367 - cmab.policy - INFO - 
2026-02-03 21:35:56,367 - cmab.policy - INFO - Selected tree #2 for Thompson Sampling:
2026-02-03 21:35:56,367 - cmab.policy - INFO -   Tree depth: 6
2026-02-03 21:35:56,367 - cmab.policy - INFO -   Tree nodes: 23
2026-02-03 21:35:56,367 - cmab.policy - INFO -   Tree leaves: 12
2026-02-03 21:35:56,367 - cmab.policy - INFO -   Tree shape: (nodes=23, leaves=12, depth=6)
2026-02-03 21:35:56,368 - cmab.policy - INFO -   Tree feature importances: [9.38179891e-02 1.92425661e-02 4.27439398e-02 7.62657178e-03
 0.00000000e+00 1.25898407e-01 2.79511917e-03 0.00000000e+00
 7.07750834e-01 1.24572839e-04]
2026-02-03 21:35:56,369 - cmab.policy - INFO -   Forest feature importances: [2.45306367e-02 1.11133634e-01 5.72834045e-03 1.81062664e-02
 0.00000000e+00 2.88031146e-01 1.14772091e-02 1.84112854e-03
 5.39139182e-01 1.24572839e-05]
2026-02-03 21:35:56,369 - cmab.policy - INFO -   Top 5 predictions from this tree:
2026-02-03 21:35:56,369 - cmab.policy - INFO -     #1: arm=batch_size=100000,header_size=32,cut_condition_type=1,fast_path_timeout=0,k=1, pred=1.058459
2026-02-03 21:35:56,369 - cmab.policy - INFO -     #2: arm=batch_size=100000,header_size=32,cut_condition_type=1,fast_path_timeout=0,k=3, pred=1.058459
2026-02-03 21:35:56,370 - cmab.policy - INFO -     #3: arm=batch_size=100000,header_size=32,cut_condition_type=3,fast_path_timeout=0,k=1, pred=1.058459
2026-02-03 21:35:56,370 - cmab.policy - INFO -     #4: arm=batch_size=100000,header_size=32,cut_condition_type=3,fast_path_timeout=0,k=3, pred=1.058459
2026-02-03 21:35:56,370 - cmab.policy - INFO -     #5: arm=batch_size=100000,header_size=128,cut_condition_type=1,fast_path_timeout=0,k=3, pred=1.016742
2026-02-03 21:35:56,370 - cmab.policy - INFO - 
2026-02-03 21:35:56,370 - cmab.policy - INFO -   Found 4 arms with same max prediction (1.058459), randomly selecting one...
2026-02-03 21:35:56,370 - cmab.policy - INFO - 
2026-02-03 21:35:56,370 - cmab.policy - INFO - ✓ SELECTED ARM: batch_size=100000,header_size=32,cut_condition_type=1,fast_path_timeout=0,k=3 (prediction=1.058459)
2026-02-03 21:35:56,370 - cmab.policy - INFO - ================================================================================
2026-02-03 21:35:56,372 - cmab.trainer - INFO - Updated parameters file: /home/ccclr0302/autobahn-test/benchmark/.parameters-0.json
2026-02-03 21:35:56,372 - cmab.trainer - INFO - 🚩 Created RL parameter update signal file (epoch 42): /tmp/autobahn_rl_param_update_42.signal
2026-02-03 21:35:56,373 - cmab.trainer - INFO - Applied params: {'batch_size': 100000, 'header_size': 32, 'cut_condition_type': 1, 'fast_path_timeout': 0, 'k': 3}
2026-02-03 21:35:56,373 - cmab.trainer - INFO - Waiting for next metrics file...
2026-02-03 21:36:13,025 - cmab.trainer - INFO - Iteration 43 : context=[ 1.8231404  1.6202946  0.        20.         0.       ] arm=batch_size=100000,header_size=32,cut_condition_type=1,fast_path_timeout=0,k=3 params={'batch_size': 100000, 'header_size': 32, 'cut_condition_type': 1, 'fast_path_timeout': 0, 'k': 3}
2026-02-03 21:36:13,026 - cmab.trainer - INFO - Iteration 43 reward=0.824509 avg_reward(20)=0.945508 last_metrics=epoch_43_slot_1296.json top_arm=batch_size=100000,header_size=32,cut_condition_type=1,fast_path_timeout=0,k=3 top_ratio=0.12
2026-02-03 21:36:13,028 - cmab.policy - INFO - ================================================================================
2026-02-03 21:36:13,028 - cmab.policy - INFO - SELECT ARM - Detailed Prediction Analysis
2026-02-03 21:36:13,028 - cmab.policy - INFO - Context: [ 1.5778419  1.7267922  0.        16.42323    0.       ]
2026-02-03 21:36:13,028 - cmab.policy - INFO - Number of trees in forest: 10
2026-02-03 21:36:13,028 - cmab.policy - INFO - 
2026-02-03 21:36:13,029 - cmab.policy - INFO - Prediction statistics across all trees:
2026-02-03 21:36:13,029 - cmab.policy - INFO -   Mean predictions (top 5 arms): [1.061861, 1.061861, 1.058285, 1.058285, 1.058067]
2026-02-03 21:36:13,029 - cmab.policy - INFO -   Std predictions (top 5 arms): [0.029915, 0.029915, 0.030174, 0.030174, 0.064157]
2026-02-03 21:36:13,029 - cmab.policy - INFO - 
2026-02-03 21:36:13,029 - cmab.policy - INFO - Top 5 arms by mean prediction:
2026-02-03 21:36:13,029 - cmab.policy - INFO -   #1: arm=batch_size=100000,header_size=32,cut_condition_type=1,fast_path_timeout=0,k=1, mean=1.061861, std=0.029915
2026-02-03 21:36:13,029 - cmab.policy - INFO -   #2: arm=batch_size=100000,header_size=32,cut_condition_type=1,fast_path_timeout=0,k=3, mean=1.061861, std=0.029915
2026-02-03 21:36:13,029 - cmab.policy - INFO -   #3: arm=batch_size=100000,header_size=32,cut_condition_type=3,fast_path_timeout=0,k=1, mean=1.058285, std=0.030174
2026-02-03 21:36:13,029 - cmab.policy - INFO -   #4: arm=batch_size=100000,header_size=32,cut_condition_type=3,fast_path_timeout=0,k=3, mean=1.058285, std=0.030174
2026-02-03 21:36:13,029 - cmab.policy - INFO -   #5: arm=batch_size=100000,header_size=128,cut_condition_type=1,fast_path_timeout=0,k=1, mean=1.058067, std=0.064157
2026-02-03 21:36:13,029 - cmab.policy - INFO - 
2026-02-03 21:36:13,029 - cmab.policy - INFO - Selected tree #2 for Thompson Sampling:
2026-02-03 21:36:13,029 - cmab.policy - INFO -   Tree depth: 6
2026-02-03 21:36:13,029 - cmab.policy - INFO -   Tree nodes: 23
2026-02-03 21:36:13,029 - cmab.policy - INFO -   Tree leaves: 12
2026-02-03 21:36:13,029 - cmab.policy - INFO -   Tree shape: (nodes=23, leaves=12, depth=6)
2026-02-03 21:36:13,029 - cmab.policy - INFO -   Tree feature importances: [9.38179891e-02 1.92425661e-02 4.27439398e-02 7.62657178e-03
 0.00000000e+00 1.25898407e-01 2.79511917e-03 0.00000000e+00
 7.07750834e-01 1.24572839e-04]
2026-02-03 21:36:13,031 - cmab.policy - INFO -   Forest feature importances: [2.45306367e-02 1.11133634e-01 5.72834045e-03 1.81062664e-02
 0.00000000e+00 2.88031146e-01 1.14772091e-02 1.84112854e-03
 5.39139182e-01 1.24572839e-05]
2026-02-03 21:36:13,031 - cmab.policy - INFO -   Top 5 predictions from this tree:
2026-02-03 21:36:13,031 - cmab.policy - INFO -     #1: arm=batch_size=100000,header_size=32,cut_condition_type=1,fast_path_timeout=0,k=1, pred=1.058459
2026-02-03 21:36:13,031 - cmab.policy - INFO -     #2: arm=batch_size=100000,header_size=32,cut_condition_type=1,fast_path_timeout=0,k=3, pred=1.058459
2026-02-03 21:36:13,031 - cmab.policy - INFO -     #3: arm=batch_size=100000,header_size=32,cut_condition_type=3,fast_path_timeout=0,k=1, pred=1.058459
2026-02-03 21:36:13,031 - cmab.policy - INFO -     #4: arm=batch_size=100000,header_size=32,cut_condition_type=3,fast_path_timeout=0,k=3, pred=1.058459
2026-02-03 21:36:13,031 - cmab.policy - INFO -     #5: arm=batch_size=100000,header_size=128,cut_condition_type=1,fast_path_timeout=0,k=3, pred=1.016742
2026-02-03 21:36:13,031 - cmab.policy - INFO - 
2026-02-03 21:36:13,031 - cmab.policy - INFO -   Found 4 arms with same max prediction (1.058459), randomly selecting one...
2026-02-03 21:36:13,031 - cmab.policy - INFO - 
2026-02-03 21:36:13,031 - cmab.policy - INFO - ✓ SELECTED ARM: batch_size=100000,header_size=32,cut_condition_type=3,fast_path_timeout=0,k=1 (prediction=1.058459)
2026-02-03 21:36:13,031 - cmab.policy - INFO - ================================================================================
2026-02-03 21:36:13,122 - cmab.trainer - INFO - Updated parameters file: /home/ccclr0302/autobahn-test/benchmark/.parameters-0.json
2026-02-03 21:36:13,123 - cmab.trainer - INFO - 🚩 Created RL parameter update signal file (epoch 43): /tmp/autobahn_rl_param_update_43.signal
2026-02-03 21:36:13,123 - cmab.trainer - INFO - Applied params: {'batch_size': 100000, 'header_size': 32, 'cut_condition_type': 3, 'fast_path_timeout': 0, 'k': 1}
2026-02-03 21:36:13,123 - cmab.trainer - INFO - Waiting for next metrics file...
2026-02-03 21:36:27,567 - cmab.trainer - INFO - Iteration 44 : context=[ 1.5778419  1.7267922  0.        16.42323    0.       ] arm=batch_size=100000,header_size=32,cut_condition_type=3,fast_path_timeout=0,k=1 params={'batch_size': 100000, 'header_size': 32, 'cut_condition_type': 3, 'fast_path_timeout': 0, 'k': 1}
2026-02-03 21:36:27,567 - cmab.trainer - INFO - Iteration 44 reward=1.194759 avg_reward(20)=0.951172 last_metrics=epoch_44_slot_1326.json top_arm=batch_size=100000,header_size=32,cut_condition_type=1,fast_path_timeout=0,k=3 top_ratio=0.11
2026-02-03 21:36:27,569 - cmab.policy - INFO - ================================================================================
2026-02-03 21:36:27,569 - cmab.policy - INFO - SELECT ARM - Detailed Prediction Analysis
2026-02-03 21:36:27,569 - cmab.policy - INFO - Context: [ 1.71424  1.71424  0.      20.       0.     ]
2026-02-03 21:36:27,570 - cmab.policy - INFO - Number of trees in forest: 10
2026-02-03 21:36:27,570 - cmab.policy - INFO - 
2026-02-03 21:36:27,570 - cmab.policy - INFO - Prediction statistics across all trees:
2026-02-03 21:36:27,570 - cmab.policy - INFO -   Mean predictions (top 5 arms): [1.061440, 1.061440, 1.057864, 1.057864, 1.057646]
2026-02-03 21:36:27,570 - cmab.policy - INFO -   Std predictions (top 5 arms): [0.029930, 0.029930, 0.030139, 0.030139, 0.064140]
2026-02-03 21:36:27,570 - cmab.policy - INFO - 
2026-02-03 21:36:27,570 - cmab.policy - INFO - Top 5 arms by mean prediction:
2026-02-03 21:36:27,570 - cmab.policy - INFO -   #1: arm=batch_size=100000,header_size=32,cut_condition_type=1,fast_path_timeout=0,k=1, mean=1.061440, std=0.029930
2026-02-03 21:36:27,570 - cmab.policy - INFO -   #2: arm=batch_size=100000,header_size=32,cut_condition_type=1,fast_path_timeout=0,k=3, mean=1.061440, std=0.029930
2026-02-03 21:36:27,570 - cmab.policy - INFO -   #3: arm=batch_size=100000,header_size=32,cut_condition_type=3,fast_path_timeout=0,k=1, mean=1.057864, std=0.030139
2026-02-03 21:36:27,570 - cmab.policy - INFO -   #4: arm=batch_size=100000,header_size=32,cut_condition_type=3,fast_path_timeout=0,k=3, mean=1.057864, std=0.030139
2026-02-03 21:36:27,570 - cmab.policy - INFO -   #5: arm=batch_size=100000,header_size=128,cut_condition_type=1,fast_path_timeout=0,k=1, mean=1.057646, std=0.064140
2026-02-03 21:36:27,570 - cmab.policy - INFO - 
2026-02-03 21:36:27,570 - cmab.policy - INFO - Selected tree #7 for Thompson Sampling:
2026-02-03 21:36:27,570 - cmab.policy - INFO -   Tree depth: 6
2026-02-03 21:36:27,570 - cmab.policy - INFO -   Tree nodes: 19
2026-02-03 21:36:27,570 - cmab.policy - INFO -   Tree leaves: 10
2026-02-03 21:36:27,570 - cmab.policy - INFO -   Tree shape: (nodes=19, leaves=10, depth=6)
2026-02-03 21:36:27,570 - cmab.policy - INFO -   Tree feature importances: [0.00337721 0.18850159 0.00162758 0.00422576 0.         0.09305825
 0.02375505 0.         0.68545456 0.        ]
2026-02-03 21:36:27,572 - cmab.policy - INFO -   Forest feature importances: [2.45306367e-02 1.11133634e-01 5.72834045e-03 1.81062664e-02
 0.00000000e+00 2.88031146e-01 1.14772091e-02 1.84112854e-03
 5.39139182e-01 1.24572839e-05]
2026-02-03 21:36:27,572 - cmab.policy - INFO -   Top 5 predictions from this tree:
2026-02-03 21:36:27,572 - cmab.policy - INFO -     #1: arm=batch_size=100000,header_size=128,cut_condition_type=1,fast_path_timeout=0,k=3, pred=1.133224
2026-02-03 21:36:27,572 - cmab.policy - INFO -     #2: arm=batch_size=100000,header_size=128,cut_condition_type=3,fast_path_timeout=0,k=1, pred=1.133224
2026-02-03 21:36:27,572 - cmab.policy - INFO -     #3: arm=batch_size=100000,header_size=128,cut_condition_type=3,fast_path_timeout=0,k=3, pred=1.133224
2026-02-03 21:36:27,573 - cmab.policy - INFO -     #4: arm=batch_size=100000,header_size=128,cut_condition_type=1,fast_path_timeout=0,k=1, pred=1.133224
2026-02-03 21:36:27,573 - cmab.policy - INFO -     #5: arm=batch_size=100000,header_size=32,cut_condition_type=3,fast_path_timeout=0,k=1, pred=1.058002
2026-02-03 21:36:27,573 - cmab.policy - INFO - 
2026-02-03 21:36:27,573 - cmab.policy - INFO -   Found 4 arms with same max prediction (1.133224), randomly selecting one...
2026-02-03 21:36:27,573 - cmab.policy - INFO - 
2026-02-03 21:36:27,573 - cmab.policy - INFO - ✓ SELECTED ARM: batch_size=100000,header_size=128,cut_condition_type=3,fast_path_timeout=0,k=3 (prediction=1.133224)
2026-02-03 21:36:27,573 - cmab.policy - INFO - ================================================================================
2026-02-03 21:36:27,577 - cmab.trainer - INFO - Updated parameters file: /home/ccclr0302/autobahn-test/benchmark/.parameters-0.json
2026-02-03 21:36:27,577 - cmab.trainer - INFO - 🚩 Created RL parameter update signal file (epoch 44): /tmp/autobahn_rl_param_update_44.signal
2026-02-03 21:36:27,577 - cmab.trainer - INFO - Applied params: {'batch_size': 100000, 'header_size': 128, 'cut_condition_type': 3, 'fast_path_timeout': 0, 'k': 3}
2026-02-03 21:36:27,577 - cmab.trainer - INFO - Waiting for next metrics file...
[Parallel(n_jobs=1)]: Done  10 out of  10 | elapsed:    0.0s finished
[Parallel(n_jobs=1)]: Done  10 out of  10 | elapsed:    0.0s finished
2026-02-03 21:36:51,962 - cmab.policy - INFO - RF Updated: samples=45, MSE=0.002739
2026-02-03 21:36:51,962 - cmab.trainer - INFO - Iteration 45 : context=[ 1.71424  1.71424  0.      20.       0.     ] arm=batch_size=100000,header_size=128,cut_condition_type=3,fast_path_timeout=0,k=3 params={'batch_size': 100000, 'header_size': 128, 'cut_condition_type': 3, 'fast_path_timeout': 0, 'k': 3}
2026-02-03 21:36:51,962 - cmab.trainer - INFO - Iteration 45 reward=1.041135 avg_reward(20)=0.953172 last_metrics=epoch_45_slot_1356.json top_arm=batch_size=100000,header_size=32,cut_condition_type=1,fast_path_timeout=0,k=3 top_ratio=0.11
2026-02-03 21:36:51,965 - cmab.policy - INFO - ================================================================================
2026-02-03 21:36:51,965 - cmab.policy - INFO - SELECT ARM - Detailed Prediction Analysis
2026-02-03 21:36:51,965 - cmab.policy - INFO - Context: [0.07420711 5.4915977  0.11131252 0.         0.        ]
2026-02-03 21:36:51,965 - cmab.policy - INFO - Number of trees in forest: 10
2026-02-03 21:36:51,965 - cmab.policy - INFO - 
2026-02-03 21:36:51,965 - cmab.policy - INFO - Prediction statistics across all trees:
2026-02-03 21:36:51,965 - cmab.policy - INFO -   Mean predictions (top 5 arms): [1.084796, 1.084796, 1.084796, 1.083237, 1.083237]
2026-02-03 21:36:51,965 - cmab.policy - INFO -   Std predictions (top 5 arms): [0.051585, 0.051585, 0.051585, 0.051862, 0.051862]
2026-02-03 21:36:51,965 - cmab.policy - INFO - 
2026-02-03 21:36:51,965 - cmab.policy - INFO - Top 5 arms by mean prediction:
2026-02-03 21:36:51,965 - cmab.policy - INFO -   #1: arm=batch_size=100000,header_size=64,cut_condition_type=3,fast_path_timeout=0,k=1, mean=1.084796, std=0.051585
2026-02-03 21:36:51,965 - cmab.policy - INFO -   #2: arm=batch_size=100000,header_size=128,cut_condition_type=3,fast_path_timeout=0,k=1, mean=1.084796, std=0.051585
2026-02-03 21:36:51,965 - cmab.policy - INFO -   #3: arm=batch_size=100000,header_size=32,cut_condition_type=3,fast_path_timeout=0,k=1, mean=1.084796, std=0.051585
2026-02-03 21:36:51,965 - cmab.policy - INFO -   #4: arm=batch_size=100000,header_size=32,cut_condition_type=3,fast_path_timeout=0,k=3, mean=1.083237, std=0.051862
2026-02-03 21:36:51,965 - cmab.policy - INFO -   #5: arm=batch_size=100000,header_size=128,cut_condition_type=3,fast_path_timeout=0,k=3, mean=1.083237, std=0.051862
2026-02-03 21:36:51,965 - cmab.policy - INFO - 
2026-02-03 21:36:51,965 - cmab.policy - INFO - Selected tree #9 for Thompson Sampling:
2026-02-03 21:36:51,965 - cmab.policy - INFO -   Tree depth: 6
2026-02-03 21:36:51,965 - cmab.policy - INFO -   Tree nodes: 25
2026-02-03 21:36:51,966 - cmab.policy - INFO -   Tree leaves: 13
2026-02-03 21:36:51,966 - cmab.policy - INFO -   Tree shape: (nodes=25, leaves=13, depth=6)
2026-02-03 21:36:51,966 - cmab.policy - INFO -   Tree feature importances: [0.00728802 0.08477595 0.         0.01363797 0.         0.32317384
 0.         0.         0.57112423 0.        ]
2026-02-03 21:36:51,967 - cmab.policy - INFO -   Forest feature importances: [0.04589824 0.23564773 0.00617275 0.04762331 0.         0.29399637
 0.00498412 0.01128956 0.35364031 0.0007476 ]
2026-02-03 21:36:51,968 - cmab.policy - INFO -   Top 5 predictions from this tree:
2026-02-03 21:36:51,968 - cmab.policy - INFO -     #1: arm=batch_size=100000,header_size=32,cut_condition_type=1,fast_path_timeout=0,k=1, pred=1.118771
2026-02-03 21:36:51,968 - cmab.policy - INFO -     #2: arm=batch_size=100000,header_size=128,cut_condition_type=1,fast_path_timeout=0,k=3, pred=1.118771
2026-02-03 21:36:51,968 - cmab.policy - INFO -     #3: arm=batch_size=100000,header_size=32,cut_condition_type=1,fast_path_timeout=0,k=3, pred=1.118771
2026-02-03 21:36:51,968 - cmab.policy - INFO -     #4: arm=batch_size=100000,header_size=64,cut_condition_type=3,fast_path_timeout=0,k=3, pred=1.118771
2026-02-03 21:36:51,968 - cmab.policy - INFO -     #5: arm=batch_size=100000,header_size=64,cut_condition_type=1,fast_path_timeout=0,k=3, pred=1.118771
2026-02-03 21:36:51,968 - cmab.policy - INFO - 
2026-02-03 21:36:51,968 - cmab.policy - INFO -   Found 12 arms with same max prediction (1.118771), randomly selecting one...
2026-02-03 21:36:51,968 - cmab.policy - INFO - 
2026-02-03 21:36:51,968 - cmab.policy - INFO - ✓ SELECTED ARM: batch_size=100000,header_size=32,cut_condition_type=3,fast_path_timeout=0,k=1 (prediction=1.118771)
2026-02-03 21:36:51,968 - cmab.policy - INFO - ================================================================================
2026-02-03 21:36:51,971 - cmab.trainer - INFO - Updated parameters file: /home/ccclr0302/autobahn-test/benchmark/.parameters-0.json
2026-02-03 21:36:51,971 - cmab.trainer - INFO - 🚩 Created RL parameter update signal file (epoch 45): /tmp/autobahn_rl_param_update_45.signal
2026-02-03 21:36:51,971 - cmab.trainer - INFO - Applied params: {'batch_size': 100000, 'header_size': 32, 'cut_condition_type': 3, 'fast_path_timeout': 0, 'k': 1}
2026-02-03 21:36:51,971 - cmab.trainer - INFO - Waiting for next metrics file...
2026-02-03 21:37:10,528 - cmab.trainer - INFO - Iteration 46 : context=[0.07420711 5.4915977  0.11131252 0.         0.        ] arm=batch_size=100000,header_size=32,cut_condition_type=3,fast_path_timeout=0,k=1 params={'batch_size': 100000, 'header_size': 32, 'cut_condition_type': 3, 'fast_path_timeout': 0, 'k': 1}
2026-02-03 21:37:10,528 - cmab.trainer - INFO - Iteration 46 reward=1.211185 avg_reward(20)=0.958781 last_metrics=epoch_46_slot_1386.json top_arm=batch_size=100000,header_size=32,cut_condition_type=3,fast_path_timeout=0,k=1 top_ratio=0.13
2026-02-03 21:37:10,531 - cmab.policy - INFO - ================================================================================
2026-02-03 21:37:10,531 - cmab.policy - INFO - SELECT ARM - Detailed Prediction Analysis
2026-02-03 21:37:10,531 - cmab.policy - INFO - Context: [ 1.6716449  1.6716449  0.        20.         0.       ]
2026-02-03 21:37:10,531 - cmab.policy - INFO - Number of trees in forest: 10
2026-02-03 21:37:10,531 - cmab.policy - INFO - 
2026-02-03 21:37:10,531 - cmab.policy - INFO - Prediction statistics across all trees:
2026-02-03 21:37:10,531 - cmab.policy - INFO -   Mean predictions (top 5 arms): [1.036981, 1.036981, 1.036981, 1.035571, 1.035571]
2026-02-03 21:37:10,531 - cmab.policy - INFO -   Std predictions (top 5 arms): [0.060856, 0.060856, 0.060856, 0.060395, 0.060395]
2026-02-03 21:37:10,531 - cmab.policy - INFO - 
2026-02-03 21:37:10,531 - cmab.policy - INFO - Top 5 arms by mean prediction:
2026-02-03 21:37:10,531 - cmab.policy - INFO -   #1: arm=batch_size=100000,header_size=64,cut_condition_type=3,fast_path_timeout=0,k=1, mean=1.036981, std=0.060856
2026-02-03 21:37:10,531 - cmab.policy - INFO -   #2: arm=batch_size=100000,header_size=128,cut_condition_type=3,fast_path_timeout=0,k=1, mean=1.036981, std=0.060856
2026-02-03 21:37:10,531 - cmab.policy - INFO -   #3: arm=batch_size=100000,header_size=32,cut_condition_type=3,fast_path_timeout=0,k=1, mean=1.036981, std=0.060856
2026-02-03 21:37:10,531 - cmab.policy - INFO -   #4: arm=batch_size=100000,header_size=32,cut_condition_type=3,fast_path_timeout=0,k=3, mean=1.035571, std=0.060395
2026-02-03 21:37:10,531 - cmab.policy - INFO -   #5: arm=batch_size=100000,header_size=128,cut_condition_type=3,fast_path_timeout=0,k=3, mean=1.035571, std=0.060395
2026-02-03 21:37:10,531 - cmab.policy - INFO - 
2026-02-03 21:37:10,531 - cmab.policy - INFO - Selected tree #5 for Thompson Sampling:
2026-02-03 21:37:10,531 - cmab.policy - INFO -   Tree depth: 7
2026-02-03 21:37:10,531 - cmab.policy - INFO -   Tree nodes: 21
2026-02-03 21:37:10,531 - cmab.policy - INFO -   Tree leaves: 11
2026-02-03 21:37:10,532 - cmab.policy - INFO -   Tree shape: (nodes=21, leaves=11, depth=7)
2026-02-03 21:37:10,532 - cmab.policy - INFO -   Tree feature importances: [1.73600975e-02 2.75027220e-01 0.00000000e+00 9.83594868e-02
 0.00000000e+00 1.23196011e-01 0.00000000e+00 2.60264255e-02
 4.59802903e-01 2.27856766e-04]
2026-02-03 21:37:10,533 - cmab.policy - INFO -   Forest feature importances: [0.04589824 0.23564773 0.00617275 0.04762331 0.         0.29399637
 0.00498412 0.01128956 0.35364031 0.0007476 ]
2026-02-03 21:37:10,533 - cmab.policy - INFO -   Top 5 predictions from this tree:
2026-02-03 21:37:10,534 - cmab.policy - INFO -     #1: arm=batch_size=100000,header_size=32,cut_condition_type=1,fast_path_timeout=0,k=1, pred=0.882625
2026-02-03 21:37:10,534 - cmab.policy - INFO -     #2: arm=batch_size=100000,header_size=128,cut_condition_type=1,fast_path_timeout=0,k=3, pred=0.882625
2026-02-03 21:37:10,534 - cmab.policy - INFO -     #3: arm=batch_size=100000,header_size=32,cut_condition_type=1,fast_path_timeout=0,k=3, pred=0.882625
2026-02-03 21:37:10,534 - cmab.policy - INFO -     #4: arm=batch_size=100000,header_size=64,cut_condition_type=3,fast_path_timeout=0,k=3, pred=0.882625
2026-02-03 21:37:10,534 - cmab.policy - INFO -     #5: arm=batch_size=100000,header_size=64,cut_condition_type=1,fast_path_timeout=0,k=3, pred=0.882625
2026-02-03 21:37:10,534 - cmab.policy - INFO - 
2026-02-03 21:37:10,534 - cmab.policy - INFO -   Found 12 arms with same max prediction (0.882625), randomly selecting one...
2026-02-03 21:37:10,534 - cmab.policy - INFO - 
2026-02-03 21:37:10,534 - cmab.policy - INFO - ✓ SELECTED ARM: batch_size=100000,header_size=64,cut_condition_type=1,fast_path_timeout=0,k=3 (prediction=0.882625)
2026-02-03 21:37:10,534 - cmab.policy - INFO - ================================================================================
2026-02-03 21:37:10,537 - cmab.trainer - INFO - Updated parameters file: /home/ccclr0302/autobahn-test/benchmark/.parameters-0.json
2026-02-03 21:37:10,537 - cmab.trainer - INFO - 🚩 Created RL parameter update signal file (epoch 46): /tmp/autobahn_rl_param_update_46.signal
2026-02-03 21:37:10,537 - cmab.trainer - INFO - Applied params: {'batch_size': 100000, 'header_size': 64, 'cut_condition_type': 1, 'fast_path_timeout': 0, 'k': 3}
2026-02-03 21:37:10,537 - cmab.trainer - INFO - Waiting for next metrics file...
2026-02-03 21:37:26,688 - cmab.trainer - INFO - Iteration 47 : context=[ 1.6716449  1.6716449  0.        20.         0.       ] arm=batch_size=100000,header_size=64,cut_condition_type=1,fast_path_timeout=0,k=3 params={'batch_size': 100000, 'header_size': 64, 'cut_condition_type': 1, 'fast_path_timeout': 0, 'k': 3}
2026-02-03 21:37:26,688 - cmab.trainer - INFO - Iteration 47 reward=0.939660 avg_reward(20)=0.958374 last_metrics=epoch_47_slot_1416.json top_arm=batch_size=100000,header_size=32,cut_condition_type=3,fast_path_timeout=0,k=1 top_ratio=0.13
2026-02-03 21:37:26,691 - cmab.policy - INFO - ================================================================================
2026-02-03 21:37:26,691 - cmab.policy - INFO - SELECT ARM - Detailed Prediction Analysis
2026-02-03 21:37:26,691 - cmab.policy - INFO - Context: [ 0.6014019  0.         0.6518802 11.3027935  0.       ]
2026-02-03 21:37:26,691 - cmab.policy - INFO - Number of trees in forest: 10
2026-02-03 21:37:26,691 - cmab.policy - INFO - 
2026-02-03 21:37:26,691 - cmab.policy - INFO - Prediction statistics across all trees:
2026-02-03 21:37:26,691 - cmab.policy - INFO -   Mean predictions (top 5 arms): [1.217454, 1.217454, 1.217454, 1.217454, 1.217454]
2026-02-03 21:37:26,691 - cmab.policy - INFO -   Std predictions (top 5 arms): [0.104197, 0.104197, 0.104197, 0.104197, 0.104197]
2026-02-03 21:37:26,691 - cmab.policy - INFO - 
2026-02-03 21:37:26,691 - cmab.policy - INFO - Top 5 arms by mean prediction:
2026-02-03 21:37:26,691 - cmab.policy - INFO -   #1: arm=batch_size=100000,header_size=32,cut_condition_type=3,fast_path_timeout=0,k=3, mean=1.217454, std=0.104197
2026-02-03 21:37:26,691 - cmab.policy - INFO -   #2: arm=batch_size=100000,header_size=64,cut_condition_type=3,fast_path_timeout=0,k=1, mean=1.217454, std=0.104197
2026-02-03 21:37:26,691 - cmab.policy - INFO -   #3: arm=batch_size=100000,header_size=128,cut_condition_type=3,fast_path_timeout=0,k=3, mean=1.217454, std=0.104197
2026-02-03 21:37:26,691 - cmab.policy - INFO -   #4: arm=batch_size=100000,header_size=64,cut_condition_type=3,fast_path_timeout=0,k=3, mean=1.217454, std=0.104197
2026-02-03 21:37:26,691 - cmab.policy - INFO -   #5: arm=batch_size=100000,header_size=128,cut_condition_type=3,fast_path_timeout=0,k=1, mean=1.217454, std=0.104197
2026-02-03 21:37:26,691 - cmab.policy - INFO - 
2026-02-03 21:37:26,691 - cmab.policy - INFO - Selected tree #2 for Thompson Sampling:
2026-02-03 21:37:26,692 - cmab.policy - INFO -   Tree depth: 7
2026-02-03 21:37:26,692 - cmab.policy - INFO -   Tree nodes: 27
2026-02-03 21:37:26,692 - cmab.policy - INFO -   Tree leaves: 14
2026-02-03 21:37:26,692 - cmab.policy - INFO -   Tree shape: (nodes=27, leaves=14, depth=7)
2026-02-03 21:37:26,692 - cmab.policy - INFO -   Tree feature importances: [0.02431952 0.2112877  0.         0.02633948 0.         0.15988811
 0.         0.         0.57816519 0.        ]
2026-02-03 21:37:26,694 - cmab.policy - INFO -   Forest feature importances: [0.04589824 0.23564773 0.00617275 0.04762331 0.         0.29399637
 0.00498412 0.01128956 0.35364031 0.0007476 ]
2026-02-03 21:37:26,694 - cmab.policy - INFO -   Top 5 predictions from this tree:
2026-02-03 21:37:26,694 - cmab.policy - INFO -     #1: arm=batch_size=100000,header_size=32,cut_condition_type=1,fast_path_timeout=0,k=1, pred=1.256208
2026-02-03 21:37:26,694 - cmab.policy - INFO -     #2: arm=batch_size=500000,header_size=128,cut_condition_type=3,fast_path_timeout=0,k=1, pred=1.256208
2026-02-03 21:37:26,694 - cmab.policy - INFO -     #3: arm=batch_size=750000,header_size=32,cut_condition_type=3,fast_path_timeout=0,k=3, pred=1.256208
2026-02-03 21:37:26,694 - cmab.policy - INFO -     #4: arm=batch_size=750000,header_size=32,cut_condition_type=3,fast_path_timeout=0,k=1, pred=1.256208
2026-02-03 21:37:26,694 - cmab.policy - INFO -     #5: arm=batch_size=100000,header_size=64,cut_condition_type=3,fast_path_timeout=0,k=3, pred=1.256208
2026-02-03 21:37:26,694 - cmab.policy - INFO - 
2026-02-03 21:37:26,694 - cmab.policy - INFO -   Found 36 arms with same max prediction (1.256208), randomly selecting one...
2026-02-03 21:37:26,694 - cmab.policy - INFO - 
2026-02-03 21:37:26,694 - cmab.policy - INFO - ✓ SELECTED ARM: batch_size=100000,header_size=32,cut_condition_type=1,fast_path_timeout=0,k=1 (prediction=1.256208)
2026-02-03 21:37:26,694 - cmab.policy - INFO - ================================================================================
2026-02-03 21:37:26,697 - cmab.trainer - INFO - Updated parameters file: /home/ccclr0302/autobahn-test/benchmark/.parameters-0.json
2026-02-03 21:37:26,697 - cmab.trainer - INFO - 🚩 Created RL parameter update signal file (epoch 47): /tmp/autobahn_rl_param_update_47.signal
2026-02-03 21:37:26,697 - cmab.trainer - INFO - Applied params: {'batch_size': 100000, 'header_size': 32, 'cut_condition_type': 1, 'fast_path_timeout': 0, 'k': 1}
2026-02-03 21:37:26,697 - cmab.trainer - INFO - Waiting for next metrics file...
2026-02-03 21:37:42,646 - cmab.trainer - INFO - Iteration 48 : context=[ 0.6014019  0.         0.6518802 11.3027935  0.       ] arm=batch_size=100000,header_size=32,cut_condition_type=1,fast_path_timeout=0,k=1 params={'batch_size': 100000, 'header_size': 32, 'cut_condition_type': 1, 'fast_path_timeout': 0, 'k': 1}
2026-02-03 21:37:42,647 - cmab.trainer - INFO - Iteration 48 reward=1.068249 avg_reward(20)=0.960663 last_metrics=epoch_48_slot_1446.json top_arm=batch_size=100000,header_size=32,cut_condition_type=3,fast_path_timeout=0,k=1 top_ratio=0.12
2026-02-03 21:37:42,649 - cmab.policy - INFO - ================================================================================
2026-02-03 21:37:42,649 - cmab.policy - INFO - SELECT ARM - Detailed Prediction Analysis
2026-02-03 21:37:42,649 - cmab.policy - INFO - Context: [ 1.874498   1.6760057  0.        20.         0.       ]
2026-02-03 21:37:42,650 - cmab.policy - INFO - Number of trees in forest: 10
2026-02-03 21:37:42,650 - cmab.policy - INFO - 
2026-02-03 21:37:42,650 - cmab.policy - INFO - Prediction statistics across all trees:
2026-02-03 21:37:42,650 - cmab.policy - INFO -   Mean predictions (top 5 arms): [0.994561, 0.994561, 0.994561, 0.993151, 0.993151]
2026-02-03 21:37:42,650 - cmab.policy - INFO -   Std predictions (top 5 arms): [0.110768, 0.110768, 0.110768, 0.109973, 0.109973]
2026-02-03 21:37:42,650 - cmab.policy - INFO - 
2026-02-03 21:37:42,650 - cmab.policy - INFO - Top 5 arms by mean prediction:
2026-02-03 21:37:42,650 - cmab.policy - INFO -   #1: arm=batch_size=100000,header_size=32,cut_condition_type=3,fast_path_timeout=0,k=1, mean=0.994561, std=0.110768
2026-02-03 21:37:42,650 - cmab.policy - INFO -   #2: arm=batch_size=100000,header_size=64,cut_condition_type=3,fast_path_timeout=0,k=1, mean=0.994561, std=0.110768
2026-02-03 21:37:42,650 - cmab.policy - INFO -   #3: arm=batch_size=100000,header_size=128,cut_condition_type=3,fast_path_timeout=0,k=1, mean=0.994561, std=0.110768
2026-02-03 21:37:42,650 - cmab.policy - INFO -   #4: arm=batch_size=100000,header_size=128,cut_condition_type=3,fast_path_timeout=0,k=3, mean=0.993151, std=0.109973
2026-02-03 21:37:42,650 - cmab.policy - INFO -   #5: arm=batch_size=100000,header_size=64,cut_condition_type=3,fast_path_timeout=0,k=3, mean=0.993151, std=0.109973
2026-02-03 21:37:42,650 - cmab.policy - INFO - 
2026-02-03 21:37:42,650 - cmab.policy - INFO - Selected tree #2 for Thompson Sampling:
2026-02-03 21:37:42,650 - cmab.policy - INFO -   Tree depth: 7
2026-02-03 21:37:42,650 - cmab.policy - INFO -   Tree nodes: 27
2026-02-03 21:37:42,650 - cmab.policy - INFO -   Tree leaves: 14
2026-02-03 21:37:42,650 - cmab.policy - INFO -   Tree shape: (nodes=27, leaves=14, depth=7)
2026-02-03 21:37:42,650 - cmab.policy - INFO -   Tree feature importances: [0.02431952 0.2112877  0.         0.02633948 0.         0.15988811
 0.         0.         0.57816519 0.        ]
2026-02-03 21:37:42,652 - cmab.policy - INFO -   Forest feature importances: [0.04589824 0.23564773 0.00617275 0.04762331 0.         0.29399637
 0.00498412 0.01128956 0.35364031 0.0007476 ]
2026-02-03 21:37:42,652 - cmab.policy - INFO -   Top 5 predictions from this tree:
2026-02-03 21:37:42,652 - cmab.policy - INFO -     #1: arm=batch_size=100000,header_size=32,cut_condition_type=1,fast_path_timeout=0,k=1, pred=1.071471
2026-02-03 21:37:42,652 - cmab.policy - INFO -     #2: arm=batch_size=100000,header_size=64,cut_condition_type=1,fast_path_timeout=0,k=1, pred=1.071471
2026-02-03 21:37:42,652 - cmab.policy - INFO -     #3: arm=batch_size=100000,header_size=64,cut_condition_type=3,fast_path_timeout=0,k=1, pred=1.071471
2026-02-03 21:37:42,652 - cmab.policy - INFO -     #4: arm=batch_size=100000,header_size=64,cut_condition_type=3,fast_path_timeout=0,k=3, pred=1.071471
2026-02-03 21:37:42,652 - cmab.policy - INFO -     #5: arm=batch_size=100000,header_size=32,cut_condition_type=3,fast_path_timeout=0,k=3, pred=1.071471
2026-02-03 21:37:42,652 - cmab.policy - INFO - 
2026-02-03 21:37:42,652 - cmab.policy - INFO -   Found 12 arms with same max prediction (1.071471), randomly selecting one...
2026-02-03 21:37:42,653 - cmab.policy - INFO - 
2026-02-03 21:37:42,653 - cmab.policy - INFO - ✓ SELECTED ARM: batch_size=100000,header_size=128,cut_condition_type=1,fast_path_timeout=0,k=3 (prediction=1.071471)
2026-02-03 21:37:42,653 - cmab.policy - INFO - ================================================================================
2026-02-03 21:37:42,657 - cmab.trainer - INFO - Updated parameters file: /home/ccclr0302/autobahn-test/benchmark/.parameters-0.json
2026-02-03 21:37:42,657 - cmab.trainer - INFO - 🚩 Created RL parameter update signal file (epoch 48): /tmp/autobahn_rl_param_update_48.signal
2026-02-03 21:37:42,657 - cmab.trainer - INFO - Applied params: {'batch_size': 100000, 'header_size': 128, 'cut_condition_type': 1, 'fast_path_timeout': 0, 'k': 3}
2026-02-03 21:37:42,657 - cmab.trainer - INFO - Waiting for next metrics file...
2026-02-03 21:37:59,409 - cmab.trainer - INFO - Iteration 49 : context=[ 1.874498   1.6760057  0.        20.         0.       ] arm=batch_size=100000,header_size=128,cut_condition_type=1,fast_path_timeout=0,k=3 params={'batch_size': 100000, 'header_size': 128, 'cut_condition_type': 1, 'fast_path_timeout': 0, 'k': 3}
2026-02-03 21:37:59,409 - cmab.trainer - INFO - Iteration 49 reward=0.936825 avg_reward(20)=0.960176 last_metrics=epoch_49_slot_1476.json top_arm=batch_size=100000,header_size=32,cut_condition_type=3,fast_path_timeout=0,k=1 top_ratio=0.12
2026-02-03 21:37:59,412 - cmab.policy - INFO - ================================================================================
2026-02-03 21:37:59,412 - cmab.policy - INFO - SELECT ARM - Detailed Prediction Analysis
2026-02-03 21:37:59,412 - cmab.policy - INFO - Context: [0.07446423 0.         0.11833946 5.514992   0.        ]
2026-02-03 21:37:59,412 - cmab.policy - INFO - Number of trees in forest: 10
2026-02-03 21:37:59,412 - cmab.policy - INFO - 
2026-02-03 21:37:59,412 - cmab.policy - INFO - Prediction statistics across all trees:
2026-02-03 21:37:59,412 - cmab.policy - INFO -   Mean predictions (top 5 arms): [1.198549, 1.198549, 1.198549, 1.198549, 1.198549]
2026-02-03 21:37:59,412 - cmab.policy - INFO -   Std predictions (top 5 arms): [0.085463, 0.085463, 0.085463, 0.085463, 0.085463]
2026-02-03 21:37:59,412 - cmab.policy - INFO - 
2026-02-03 21:37:59,412 - cmab.policy - INFO - Top 5 arms by mean prediction:
2026-02-03 21:37:59,412 - cmab.policy - INFO -   #1: arm=batch_size=100000,header_size=64,cut_condition_type=3,fast_path_timeout=0,k=3, mean=1.198549, std=0.085463
2026-02-03 21:37:59,412 - cmab.policy - INFO -   #2: arm=batch_size=100000,header_size=32,cut_condition_type=3,fast_path_timeout=0,k=3, mean=1.198549, std=0.085463
2026-02-03 21:37:59,412 - cmab.policy - INFO -   #3: arm=batch_size=100000,header_size=128,cut_condition_type=3,fast_path_timeout=0,k=3, mean=1.198549, std=0.085463
2026-02-03 21:37:59,412 - cmab.policy - INFO -   #4: arm=batch_size=100000,header_size=128,cut_condition_type=3,fast_path_timeout=0,k=1, mean=1.198549, std=0.085463
2026-02-03 21:37:59,412 - cmab.policy - INFO -   #5: arm=batch_size=100000,header_size=64,cut_condition_type=3,fast_path_timeout=0,k=1, mean=1.198549, std=0.085463
2026-02-03 21:37:59,412 - cmab.policy - INFO - 
2026-02-03 21:37:59,412 - cmab.policy - INFO - Selected tree #7 for Thompson Sampling:
2026-02-03 21:37:59,412 - cmab.policy - INFO -   Tree depth: 7
2026-02-03 21:37:59,412 - cmab.policy - INFO -   Tree nodes: 25
2026-02-03 21:37:59,412 - cmab.policy - INFO -   Tree leaves: 13
2026-02-03 21:37:59,413 - cmab.policy - INFO -   Tree shape: (nodes=25, leaves=13, depth=7)
2026-02-03 21:37:59,413 - cmab.policy - INFO -   Tree feature importances: [8.35449847e-03 1.29374129e-01 0.00000000e+00 1.86233309e-02
 0.00000000e+00 5.84101557e-01 1.16347037e-02 0.00000000e+00
 2.47408535e-01 5.03245772e-04]
2026-02-03 21:37:59,414 - cmab.policy - INFO -   Forest feature importances: [0.04589824 0.23564773 0.00617275 0.04762331 0.         0.29399637
 0.00498412 0.01128956 0.35364031 0.0007476 ]
2026-02-03 21:37:59,415 - cmab.policy - INFO -   Top 5 predictions from this tree:
2026-02-03 21:37:59,415 - cmab.policy - INFO -     #1: arm=batch_size=100000,header_size=32,cut_condition_type=1,fast_path_timeout=0,k=1, pred=1.252235
2026-02-03 21:37:59,415 - cmab.policy - INFO -     #2: arm=batch_size=100000,header_size=128,cut_condition_type=1,fast_path_timeout=0,k=1, pred=1.252235
2026-02-03 21:37:59,415 - cmab.policy - INFO -     #3: arm=batch_size=100000,header_size=128,cut_condition_type=3,fast_path_timeout=0,k=3, pred=1.252235
2026-02-03 21:37:59,415 - cmab.policy - INFO -     #4: arm=batch_size=100000,header_size=64,cut_condition_type=3,fast_path_timeout=0,k=1, pred=1.252235
2026-02-03 21:37:59,415 - cmab.policy - INFO -     #5: arm=batch_size=100000,header_size=64,cut_condition_type=3,fast_path_timeout=0,k=3, pred=1.252235
2026-02-03 21:37:59,415 - cmab.policy - INFO - 
2026-02-03 21:37:59,415 - cmab.policy - INFO -   Found 12 arms with same max prediction (1.252235), randomly selecting one...
2026-02-03 21:37:59,415 - cmab.policy - INFO - 
2026-02-03 21:37:59,415 - cmab.policy - INFO - ✓ SELECTED ARM: batch_size=100000,header_size=128,cut_condition_type=1,fast_path_timeout=0,k=3 (prediction=1.252235)
2026-02-03 21:37:59,415 - cmab.policy - INFO - ================================================================================
2026-02-03 21:37:59,419 - cmab.trainer - INFO - Updated parameters file: /home/ccclr0302/autobahn-test/benchmark/.parameters-0.json
2026-02-03 21:37:59,420 - cmab.trainer - INFO - 🚩 Created RL parameter update signal file (epoch 49): /tmp/autobahn_rl_param_update_49.signal
2026-02-03 21:37:59,420 - cmab.trainer - INFO - Applied params: {'batch_size': 100000, 'header_size': 128, 'cut_condition_type': 1, 'fast_path_timeout': 0, 'k': 3}
2026-02-03 21:37:59,420 - cmab.trainer - INFO - Waiting for next metrics file...
[Parallel(n_jobs=1)]: Done  10 out of  10 | elapsed:    0.0s finished
[Parallel(n_jobs=1)]: Done  10 out of  10 | elapsed:    0.0s finished
2026-02-03 21:38:14,076 - cmab.policy - INFO - RF Updated: samples=50, MSE=0.002175
2026-02-03 21:38:14,076 - cmab.trainer - INFO - Iteration 50 : context=[0.07446423 0.         0.11833946 5.514992   0.        ] arm=batch_size=100000,header_size=128,cut_condition_type=1,fast_path_timeout=0,k=3 params={'batch_size': 100000, 'header_size': 128, 'cut_condition_type': 1, 'fast_path_timeout': 0, 'k': 3}
2026-02-03 21:38:14,076 - cmab.trainer - INFO - Iteration 50 reward=1.085993 avg_reward(20)=0.962693 last_metrics=epoch_50_slot_1506.json top_arm=batch_size=100000,header_size=32,cut_condition_type=3,fast_path_timeout=0,k=1 top_ratio=0.12
2026-02-03 21:38:14,081 - cmab.trainer - INFO - Saved checkpoint: /tmp/cmab_continuous_checkpoints/cmab_checkpoint_50.pkl
2026-02-03 21:38:14,083 - cmab.policy - INFO - ================================================================================
2026-02-03 21:38:14,083 - cmab.policy - INFO - SELECT ARM - Detailed Prediction Analysis
2026-02-03 21:38:14,084 - cmab.policy - INFO - Context: [0.19943337 0.11263385 0.         5.320605   0.        ]
2026-02-03 21:38:14,084 - cmab.policy - INFO - Number of trees in forest: 10
2026-02-03 21:38:14,084 - cmab.policy - INFO - 
2026-02-03 21:38:14,084 - cmab.policy - INFO - Prediction statistics across all trees:
2026-02-03 21:38:14,084 - cmab.policy - INFO -   Mean predictions (top 5 arms): [1.138361, 1.132058, 1.128967, 1.101648, 1.095344]
2026-02-03 21:38:14,084 - cmab.policy - INFO -   Std predictions (top 5 arms): [0.096729, 0.091203, 0.093893, 0.078971, 0.068812]
2026-02-03 21:38:14,084 - cmab.policy - INFO - 
2026-02-03 21:38:14,084 - cmab.policy - INFO - Top 5 arms by mean prediction:
2026-02-03 21:38:14,084 - cmab.policy - INFO -   #1: arm=batch_size=100000,header_size=128,cut_condition_type=3,fast_path_timeout=0,k=3, mean=1.138361, std=0.096729
2026-02-03 21:38:14,084 - cmab.policy - INFO -   #2: arm=batch_size=100000,header_size=64,cut_condition_type=3,fast_path_timeout=0,k=3, mean=1.132058, std=0.091203
2026-02-03 21:38:14,084 - cmab.policy - INFO -   #3: arm=batch_size=100000,header_size=32,cut_condition_type=3,fast_path_timeout=0,k=3, mean=1.128967, std=0.093893
2026-02-03 21:38:14,084 - cmab.policy - INFO -   #4: arm=batch_size=100000,header_size=128,cut_condition_type=3,fast_path_timeout=0,k=1, mean=1.101648, std=0.078971
2026-02-03 21:38:14,084 - cmab.policy - INFO -   #5: arm=batch_size=100000,header_size=64,cut_condition_type=3,fast_path_timeout=0,k=1, mean=1.095344, std=0.068812
2026-02-03 21:38:14,084 - cmab.policy - INFO - 
2026-02-03 21:38:14,084 - cmab.policy - INFO - Selected tree #4 for Thompson Sampling:
2026-02-03 21:38:14,084 - cmab.policy - INFO -   Tree depth: 8
2026-02-03 21:38:14,084 - cmab.policy - INFO -   Tree nodes: 29
2026-02-03 21:38:14,084 - cmab.policy - INFO -   Tree leaves: 15
2026-02-03 21:38:14,084 - cmab.policy - INFO -   Tree shape: (nodes=29, leaves=15, depth=8)
2026-02-03 21:38:14,084 - cmab.policy - INFO -   Tree feature importances: [0.05157648 0.02915876 0.         0.07710821 0.         0.33303917
 0.02468592 0.         0.48118737 0.00324408]
2026-02-03 21:38:14,086 - cmab.policy - INFO -   Forest feature importances: [0.02982085 0.06856657 0.01725441 0.05012024 0.         0.29751616
 0.00876323 0.0438815  0.47878911 0.00528792]
2026-02-03 21:38:14,086 - cmab.policy - INFO -   Top 5 predictions from this tree:
2026-02-03 21:38:14,086 - cmab.policy - INFO -     #1: arm=batch_size=100000,header_size=128,cut_condition_type=3,fast_path_timeout=0,k=3, pred=1.175403
2026-02-03 21:38:14,086 - cmab.policy - INFO -     #2: arm=batch_size=100000,header_size=128,cut_condition_type=3,fast_path_timeout=0,k=1, pred=1.175403
2026-02-03 21:38:14,086 - cmab.policy - INFO -     #3: arm=batch_size=100000,header_size=128,cut_condition_type=1,fast_path_timeout=0,k=1, pred=1.175403
2026-02-03 21:38:14,086 - cmab.policy - INFO -     #4: arm=batch_size=100000,header_size=128,cut_condition_type=1,fast_path_timeout=0,k=3, pred=1.175403
2026-02-03 21:38:14,086 - cmab.policy - INFO -     #5: arm=batch_size=100000,header_size=64,cut_condition_type=1,fast_path_timeout=0,k=3, pred=1.062141
2026-02-03 21:38:14,086 - cmab.policy - INFO - 
2026-02-03 21:38:14,086 - cmab.policy - INFO -   Found 4 arms with same max prediction (1.175403), randomly selecting one...
2026-02-03 21:38:14,086 - cmab.policy - INFO - 
2026-02-03 21:38:14,086 - cmab.policy - INFO - ✓ SELECTED ARM: batch_size=100000,header_size=128,cut_condition_type=1,fast_path_timeout=0,k=1 (prediction=1.175403)
2026-02-03 21:38:14,087 - cmab.policy - INFO - ================================================================================
2026-02-03 21:38:14,089 - cmab.trainer - INFO - Updated parameters file: /home/ccclr0302/autobahn-test/benchmark/.parameters-0.json
2026-02-03 21:38:14,090 - cmab.trainer - INFO - 🚩 Created RL parameter update signal file (epoch 50): /tmp/autobahn_rl_param_update_50.signal
2026-02-03 21:38:14,090 - cmab.trainer - INFO - Applied params: {'batch_size': 100000, 'header_size': 128, 'cut_condition_type': 1, 'fast_path_timeout': 0, 'k': 1}
2026-02-03 21:38:14,090 - cmab.trainer - INFO - Waiting for next metrics file...
2026-02-03 21:38:31,443 - cmab.trainer - INFO - Iteration 51 : context=[0.19943337 0.11263385 0.         5.320605   0.        ] arm=batch_size=100000,header_size=128,cut_condition_type=1,fast_path_timeout=0,k=1 params={'batch_size': 100000, 'header_size': 128, 'cut_condition_type': 1, 'fast_path_timeout': 0, 'k': 1}
2026-02-03 21:38:31,443 - cmab.trainer - INFO - Iteration 51 reward=0.904380 avg_reward(20)=0.962906 last_metrics=epoch_51_slot_1536.json top_arm=batch_size=100000,header_size=32,cut_condition_type=3,fast_path_timeout=0,k=1 top_ratio=0.12
2026-02-03 21:38:31,446 - cmab.policy - INFO - ================================================================================
2026-02-03 21:38:31,446 - cmab.policy - INFO - SELECT ARM - Detailed Prediction Analysis
2026-02-03 21:38:31,446 - cmab.policy - INFO - Context: [0.10703592 0.10703592 5.5400457  0.         0.        ]
2026-02-03 21:38:31,446 - cmab.policy - INFO - Number of trees in forest: 10
2026-02-03 21:38:31,446 - cmab.policy - INFO - 
2026-02-03 21:38:31,446 - cmab.policy - INFO - Prediction statistics across all trees:
2026-02-03 21:38:31,446 - cmab.policy - INFO -   Mean predictions (top 5 arms): [1.187250, 1.175923, 1.171757, 1.162507, 1.151181]
2026-02-03 21:38:31,446 - cmab.policy - INFO -   Std predictions (top 5 arms): [0.082267, 0.090503, 0.096412, 0.076871, 0.082290]
2026-02-03 21:38:31,446 - cmab.policy - INFO - 
2026-02-03 21:38:31,446 - cmab.policy - INFO - Top 5 arms by mean prediction:
2026-02-03 21:38:31,446 - cmab.policy - INFO -   #1: arm=batch_size=100000,header_size=128,cut_condition_type=3,fast_path_timeout=0,k=3, mean=1.187250, std=0.082267
2026-02-03 21:38:31,446 - cmab.policy - INFO -   #2: arm=batch_size=100000,header_size=64,cut_condition_type=3,fast_path_timeout=0,k=3, mean=1.175923, std=0.090503
2026-02-03 21:38:31,446 - cmab.policy - INFO -   #3: arm=batch_size=100000,header_size=32,cut_condition_type=3,fast_path_timeout=0,k=3, mean=1.171757, std=0.096412
2026-02-03 21:38:31,446 - cmab.policy - INFO -   #4: arm=batch_size=100000,header_size=128,cut_condition_type=3,fast_path_timeout=0,k=1, mean=1.162507, std=0.076871
2026-02-03 21:38:31,446 - cmab.policy - INFO -   #5: arm=batch_size=100000,header_size=64,cut_condition_type=3,fast_path_timeout=0,k=1, mean=1.151181, std=0.082290
2026-02-03 21:38:31,446 - cmab.policy - INFO - 
2026-02-03 21:38:31,446 - cmab.policy - INFO - Selected tree #1 for Thompson Sampling:
2026-02-03 21:38:31,446 - cmab.policy - INFO -   Tree depth: 7
2026-02-03 21:38:31,446 - cmab.policy - INFO -   Tree nodes: 23
2026-02-03 21:38:31,447 - cmab.policy - INFO -   Tree leaves: 12
2026-02-03 21:38:31,447 - cmab.policy - INFO -   Tree shape: (nodes=23, leaves=12, depth=7)
2026-02-03 21:38:31,447 - cmab.policy - INFO -   Tree feature importances: [0.01448135 0.15077078 0.00419159 0.04460283 0.         0.10542292
 0.01079519 0.02797345 0.64176189 0.        ]
2026-02-03 21:38:31,448 - cmab.policy - INFO -   Forest feature importances: [0.02982085 0.06856657 0.01725441 0.05012024 0.         0.29751616
 0.00876323 0.0438815  0.47878911 0.00528792]
2026-02-03 21:38:31,449 - cmab.policy - INFO -   Top 5 predictions from this tree:
2026-02-03 21:38:31,449 - cmab.policy - INFO -     #1: arm=batch_size=100000,header_size=32,cut_condition_type=1,fast_path_timeout=0,k=1, pred=1.036128
2026-02-03 21:38:31,449 - cmab.policy - INFO -     #2: arm=batch_size=100000,header_size=64,cut_condition_type=3,fast_path_timeout=100,k=1, pred=1.036128
2026-02-03 21:38:31,449 - cmab.policy - INFO -     #3: arm=batch_size=100000,header_size=32,cut_condition_type=3,fast_path_timeout=100,k=1, pred=1.036128
2026-02-03 21:38:31,449 - cmab.policy - INFO -     #4: arm=batch_size=100000,header_size=32,cut_condition_type=3,fast_path_timeout=100,k=3, pred=1.036128
2026-02-03 21:38:31,449 - cmab.policy - INFO -     #5: arm=batch_size=100000,header_size=64,cut_condition_type=1,fast_path_timeout=0,k=1, pred=1.036128
2026-02-03 21:38:31,449 - cmab.policy - INFO - 
2026-02-03 21:38:31,449 - cmab.policy - INFO -   Found 24 arms with same max prediction (1.036128), randomly selecting one...
2026-02-03 21:38:31,449 - cmab.policy - INFO - 
2026-02-03 21:38:31,449 - cmab.policy - INFO - ✓ SELECTED ARM: batch_size=100000,header_size=64,cut_condition_type=3,fast_path_timeout=100,k=3 (prediction=1.036128)
2026-02-03 21:38:31,449 - cmab.policy - INFO - ================================================================================
2026-02-03 21:38:31,452 - cmab.trainer - INFO - Updated parameters file: /home/ccclr0302/autobahn-test/benchmark/.parameters-0.json
2026-02-03 21:38:31,452 - cmab.trainer - INFO - 🚩 Created RL parameter update signal file (epoch 51): /tmp/autobahn_rl_param_update_51.signal
2026-02-03 21:38:31,452 - cmab.trainer - INFO - Applied params: {'batch_size': 100000, 'header_size': 64, 'cut_condition_type': 3, 'fast_path_timeout': 100, 'k': 3}
2026-02-03 21:38:31,452 - cmab.trainer - INFO - Waiting for next metrics file...
2026-02-03 21:38:49,810 - cmab.trainer - INFO - Iteration 52 : context=[0.10703592 0.10703592 5.5400457  0.         0.        ] arm=batch_size=100000,header_size=64,cut_condition_type=3,fast_path_timeout=100,k=3 params={'batch_size': 100000, 'header_size': 64, 'cut_condition_type': 3, 'fast_path_timeout': 100, 'k': 3}
2026-02-03 21:38:49,811 - cmab.trainer - INFO - Iteration 52 reward=1.184452 avg_reward(20)=0.967987 last_metrics=epoch_52_slot_1566.json top_arm=batch_size=100000,header_size=32,cut_condition_type=3,fast_path_timeout=0,k=1 top_ratio=0.12
2026-02-03 21:38:49,813 - cmab.policy - INFO - ================================================================================
2026-02-03 21:38:49,813 - cmab.policy - INFO - SELECT ARM - Detailed Prediction Analysis
2026-02-03 21:38:49,814 - cmab.policy - INFO - Context: [ 0.68616205  0.68616205  0.         10.352702    0.        ]
2026-02-03 21:38:49,814 - cmab.policy - INFO - Number of trees in forest: 10
2026-02-03 21:38:49,814 - cmab.policy - INFO - 
2026-02-03 21:38:49,814 - cmab.policy - INFO - Prediction statistics across all trees:
2026-02-03 21:38:49,814 - cmab.policy - INFO -   Mean predictions (top 5 arms): [1.165929, 1.160016, 1.153915, 1.129215, 1.123303]
2026-02-03 21:38:49,814 - cmab.policy - INFO -   Std predictions (top 5 arms): [0.079049, 0.095833, 0.091552, 0.071783, 0.087487]
2026-02-03 21:38:49,814 - cmab.policy - INFO - 
2026-02-03 21:38:49,814 - cmab.policy - INFO - Top 5 arms by mean prediction:
2026-02-03 21:38:49,814 - cmab.policy - INFO -   #1: arm=batch_size=100000,header_size=32,cut_condition_type=3,fast_path_timeout=0,k=3, mean=1.165929, std=0.079049
2026-02-03 21:38:49,814 - cmab.policy - INFO -   #2: arm=batch_size=100000,header_size=128,cut_condition_type=3,fast_path_timeout=0,k=3, mean=1.160016, std=0.095833
2026-02-03 21:38:49,814 - cmab.policy - INFO -   #3: arm=batch_size=100000,header_size=64,cut_condition_type=3,fast_path_timeout=0,k=3, mean=1.153915, std=0.091552
2026-02-03 21:38:49,814 - cmab.policy - INFO -   #4: arm=batch_size=100000,header_size=32,cut_condition_type=3,fast_path_timeout=0,k=1, mean=1.129215, std=0.071783
2026-02-03 21:38:49,814 - cmab.policy - INFO -   #5: arm=batch_size=100000,header_size=128,cut_condition_type=3,fast_path_timeout=0,k=1, mean=1.123303, std=0.087487
2026-02-03 21:38:49,814 - cmab.policy - INFO - 
2026-02-03 21:38:49,814 - cmab.policy - INFO - Selected tree #2 for Thompson Sampling:
2026-02-03 21:38:49,814 - cmab.policy - INFO -   Tree depth: 6
2026-02-03 21:38:49,814 - cmab.policy - INFO -   Tree nodes: 27
2026-02-03 21:38:49,814 - cmab.policy - INFO -   Tree leaves: 14
2026-02-03 21:38:49,814 - cmab.policy - INFO -   Tree shape: (nodes=27, leaves=14, depth=6)
2026-02-03 21:38:49,815 - cmab.policy - INFO -   Tree feature importances: [0.02168594 0.         0.0478652  0.07058314 0.         0.20557982
 0.00982509 0.06744133 0.5634612  0.01355827]
2026-02-03 21:38:49,816 - cmab.policy - INFO -   Forest feature importances: [0.02982085 0.06856657 0.01725441 0.05012024 0.         0.29751616
 0.00876323 0.0438815  0.47878911 0.00528792]
2026-02-03 21:38:49,816 - cmab.policy - INFO -   Top 5 predictions from this tree:
2026-02-03 21:38:49,816 - cmab.policy - INFO -     #1: arm=batch_size=100000,header_size=32,cut_condition_type=3,fast_path_timeout=0,k=3, pred=1.160892
2026-02-03 21:38:49,817 - cmab.policy - INFO -     #2: arm=batch_size=100000,header_size=64,cut_condition_type=3,fast_path_timeout=0,k=3, pred=1.160892
2026-02-03 21:38:49,817 - cmab.policy - INFO -     #3: arm=batch_size=100000,header_size=128,cut_condition_type=3,fast_path_timeout=0,k=3, pred=1.160892
2026-02-03 21:38:49,817 - cmab.policy - INFO -     #4: arm=batch_size=100000,header_size=64,cut_condition_type=3,fast_path_timeout=0,k=1, pred=1.041186
2026-02-03 21:38:49,817 - cmab.policy - INFO -     #5: arm=batch_size=100000,header_size=128,cut_condition_type=3,fast_path_timeout=0,k=1, pred=1.041186
2026-02-03 21:38:49,817 - cmab.policy - INFO - 
2026-02-03 21:38:49,817 - cmab.policy - INFO -   Found 3 arms with same max prediction (1.160892), randomly selecting one...
2026-02-03 21:38:49,817 - cmab.policy - INFO - 
2026-02-03 21:38:49,817 - cmab.policy - INFO - ✓ SELECTED ARM: batch_size=100000,header_size=32,cut_condition_type=3,fast_path_timeout=0,k=3 (prediction=1.160892)
2026-02-03 21:38:49,817 - cmab.policy - INFO - ================================================================================
2026-02-03 21:38:49,820 - cmab.trainer - INFO - Updated parameters file: /home/ccclr0302/autobahn-test/benchmark/.parameters-0.json
2026-02-03 21:38:49,821 - cmab.trainer - INFO - 🚩 Created RL parameter update signal file (epoch 52): /tmp/autobahn_rl_param_update_52.signal
2026-02-03 21:38:49,821 - cmab.trainer - INFO - Applied params: {'batch_size': 100000, 'header_size': 32, 'cut_condition_type': 3, 'fast_path_timeout': 0, 'k': 3}
2026-02-03 21:38:49,821 - cmab.trainer - INFO - Waiting for next metrics file...
2026-02-03 21:39:07,275 - cmab.trainer - INFO - Iteration 53 : context=[ 0.68616205  0.68616205  0.         10.352702    0.        ] arm=batch_size=100000,header_size=32,cut_condition_type=3,fast_path_timeout=0,k=3 params={'batch_size': 100000, 'header_size': 32, 'cut_condition_type': 3, 'fast_path_timeout': 0, 'k': 3}
2026-02-03 21:39:07,275 - cmab.trainer - INFO - Iteration 53 reward=1.060419 avg_reward(20)=0.975609 last_metrics=epoch_53_slot_1596.json top_arm=batch_size=100000,header_size=32,cut_condition_type=3,fast_path_timeout=0,k=1 top_ratio=0.11
2026-02-03 21:39:07,278 - cmab.policy - INFO - ================================================================================
2026-02-03 21:39:07,278 - cmab.policy - INFO - SELECT ARM - Detailed Prediction Analysis
2026-02-03 21:39:07,278 - cmab.policy - INFO - Context: [ 0.        20.         1.6548496  1.6548496  0.       ]
2026-02-03 21:39:07,278 - cmab.policy - INFO - Number of trees in forest: 10
2026-02-03 21:39:07,278 - cmab.policy - INFO - 
2026-02-03 21:39:07,278 - cmab.policy - INFO - Prediction statistics across all trees:
2026-02-03 21:39:07,278 - cmab.policy - INFO -   Mean predictions (top 5 arms): [1.184930, 1.178811, 1.178811, 1.170892, 1.164773]
2026-02-03 21:39:07,278 - cmab.policy - INFO -   Std predictions (top 5 arms): [0.061788, 0.065355, 0.065355, 0.060805, 0.063080]
2026-02-03 21:39:07,278 - cmab.policy - INFO - 
2026-02-03 21:39:07,278 - cmab.policy - INFO - Top 5 arms by mean prediction:
2026-02-03 21:39:07,278 - cmab.policy - INFO -   #1: arm=batch_size=100000,header_size=128,cut_condition_type=3,fast_path_timeout=0,k=3, mean=1.184930, std=0.061788
2026-02-03 21:39:07,278 - cmab.policy - INFO -   #2: arm=batch_size=100000,header_size=32,cut_condition_type=3,fast_path_timeout=0,k=3, mean=1.178811, std=0.065355
2026-02-03 21:39:07,278 - cmab.policy - INFO -   #3: arm=batch_size=100000,header_size=64,cut_condition_type=3,fast_path_timeout=0,k=3, mean=1.178811, std=0.065355
2026-02-03 21:39:07,278 - cmab.policy - INFO -   #4: arm=batch_size=100000,header_size=128,cut_condition_type=3,fast_path_timeout=0,k=1, mean=1.170892, std=0.060805
2026-02-03 21:39:07,278 - cmab.policy - INFO -   #5: arm=batch_size=100000,header_size=64,cut_condition_type=3,fast_path_timeout=0,k=1, mean=1.164773, std=0.063080
2026-02-03 21:39:07,278 - cmab.policy - INFO - 
2026-02-03 21:39:07,278 - cmab.policy - INFO - Selected tree #8 for Thompson Sampling:
2026-02-03 21:39:07,278 - cmab.policy - INFO -   Tree depth: 6
2026-02-03 21:39:07,278 - cmab.policy - INFO -   Tree nodes: 23
2026-02-03 21:39:07,279 - cmab.policy - INFO -   Tree leaves: 12
2026-02-03 21:39:07,279 - cmab.policy - INFO -   Tree shape: (nodes=23, leaves=12, depth=6)
2026-02-03 21:39:07,279 - cmab.policy - INFO -   Tree feature importances: [1.20099576e-02 1.54697842e-01 3.73128567e-03 7.24696875e-02
 0.00000000e+00 9.37796545e-02 5.70329138e-04 5.18562450e-02
 6.10884999e-01 0.00000000e+00]
2026-02-03 21:39:07,280 - cmab.policy - INFO -   Forest feature importances: [0.02982085 0.06856657 0.01725441 0.05012024 0.         0.29751616
 0.00876323 0.0438815  0.47878911 0.00528792]
2026-02-03 21:39:07,281 - cmab.policy - INFO -   Top 5 predictions from this tree:
2026-02-03 21:39:07,281 - cmab.policy - INFO -     #1: arm=batch_size=100000,header_size=64,cut_condition_type=3,fast_path_timeout=0,k=3, pred=1.232636
2026-02-03 21:39:07,281 - cmab.policy - INFO -     #2: arm=batch_size=100000,header_size=32,cut_condition_type=3,fast_path_timeout=0,k=1, pred=1.232636
2026-02-03 21:39:07,281 - cmab.policy - INFO -     #3: arm=batch_size=100000,header_size=128,cut_condition_type=3,fast_path_timeout=0,k=3, pred=1.232636
2026-02-03 21:39:07,281 - cmab.policy - INFO -     #4: arm=batch_size=100000,header_size=32,cut_condition_type=3,fast_path_timeout=0,k=3, pred=1.232636
2026-02-03 21:39:07,281 - cmab.policy - INFO -     #5: arm=batch_size=100000,header_size=64,cut_condition_type=3,fast_path_timeout=0,k=1, pred=1.232636
2026-02-03 21:39:07,281 - cmab.policy - INFO - 
2026-02-03 21:39:07,281 - cmab.policy - INFO -   Found 6 arms with same max prediction (1.232636), randomly selecting one...
2026-02-03 21:39:07,281 - cmab.policy - INFO - 
2026-02-03 21:39:07,281 - cmab.policy - INFO - ✓ SELECTED ARM: batch_size=100000,header_size=32,cut_condition_type=3,fast_path_timeout=0,k=1 (prediction=1.232636)
2026-02-03 21:39:07,281 - cmab.policy - INFO - ================================================================================
2026-02-03 21:39:07,285 - cmab.trainer - INFO - Updated parameters file: /home/ccclr0302/autobahn-test/benchmark/.parameters-0.json
2026-02-03 21:39:07,285 - cmab.trainer - INFO - 🚩 Created RL parameter update signal file (epoch 53): /tmp/autobahn_rl_param_update_53.signal
2026-02-03 21:39:07,285 - cmab.trainer - INFO - Applied params: {'batch_size': 100000, 'header_size': 32, 'cut_condition_type': 3, 'fast_path_timeout': 0, 'k': 1}
2026-02-03 21:39:07,285 - cmab.trainer - INFO - Waiting for next metrics file...
2026-02-03 21:39:25,844 - cmab.trainer - INFO - Iteration 54 : context=[ 0.        20.         1.6548496  1.6548496  0.       ] arm=batch_size=100000,header_size=32,cut_condition_type=3,fast_path_timeout=0,k=1 params={'batch_size': 100000, 'header_size': 32, 'cut_condition_type': 3, 'fast_path_timeout': 0, 'k': 1}
2026-02-03 21:39:25,844 - cmab.trainer - INFO - Iteration 54 reward=1.213569 avg_reward(20)=0.982543 last_metrics=epoch_54_slot_1626.json top_arm=batch_size=100000,header_size=32,cut_condition_type=3,fast_path_timeout=0,k=1 top_ratio=0.13
2026-02-03 21:39:25,847 - cmab.policy - INFO - ================================================================================
2026-02-03 21:39:25,847 - cmab.policy - INFO - SELECT ARM - Detailed Prediction Analysis
2026-02-03 21:39:25,847 - cmab.policy - INFO - Context: [ 1.7531774  1.6731278  0.        20.         0.       ]
2026-02-03 21:39:25,847 - cmab.policy - INFO - Number of trees in forest: 10
2026-02-03 21:39:25,847 - cmab.policy - INFO - 
2026-02-03 21:39:25,847 - cmab.policy - INFO - Prediction statistics across all trees:
2026-02-03 21:39:25,847 - cmab.policy - INFO -   Mean predictions (top 5 arms): [1.053854, 1.048721, 1.041883, 1.037305, 1.036750]
2026-02-03 21:39:25,847 - cmab.policy - INFO -   Std predictions (top 5 arms): [0.040260, 0.042074, 0.018652, 0.047935, 0.019348]
2026-02-03 21:39:25,847 - cmab.policy - INFO - 
2026-02-03 21:39:25,847 - cmab.policy - INFO - Top 5 arms by mean prediction:
2026-02-03 21:39:25,847 - cmab.policy - INFO -   #1: arm=batch_size=100000,header_size=32,cut_condition_type=3,fast_path_timeout=0,k=3, mean=1.053854, std=0.040260
2026-02-03 21:39:25,847 - cmab.policy - INFO -   #2: arm=batch_size=100000,header_size=64,cut_condition_type=3,fast_path_timeout=0,k=3, mean=1.048721, std=0.042074
2026-02-03 21:39:25,847 - cmab.policy - INFO -   #3: arm=batch_size=100000,header_size=32,cut_condition_type=3,fast_path_timeout=0,k=1, mean=1.041883, std=0.018652
2026-02-03 21:39:25,847 - cmab.policy - INFO -   #4: arm=batch_size=100000,header_size=128,cut_condition_type=3,fast_path_timeout=0,k=3, mean=1.037305, std=0.047935
2026-02-03 21:39:25,847 - cmab.policy - INFO -   #5: arm=batch_size=100000,header_size=64,cut_condition_type=3,fast_path_timeout=0,k=1, mean=1.036750, std=0.019348
2026-02-03 21:39:25,848 - cmab.policy - INFO - 
2026-02-03 21:39:25,848 - cmab.policy - INFO - Selected tree #10 for Thompson Sampling:
2026-02-03 21:39:25,848 - cmab.policy - INFO -   Tree depth: 7
2026-02-03 21:39:25,848 - cmab.policy - INFO -   Tree nodes: 29
2026-02-03 21:39:25,848 - cmab.policy - INFO -   Tree leaves: 15
2026-02-03 21:39:25,848 - cmab.policy - INFO -   Tree shape: (nodes=29, leaves=15, depth=7)
2026-02-03 21:39:25,848 - cmab.policy - INFO -   Tree feature importances: [5.29992613e-04 2.59148716e-02 0.00000000e+00 7.35796656e-02
 0.00000000e+00 2.36904416e-01 1.51651123e-02 6.20733984e-02
 5.61282896e-01 2.45496465e-02]
2026-02-03 21:39:25,850 - cmab.policy - INFO -   Forest feature importances: [0.02982085 0.06856657 0.01725441 0.05012024 0.         0.29751616
 0.00876323 0.0438815  0.47878911 0.00528792]
2026-02-03 21:39:25,850 - cmab.policy - INFO -   Top 5 predictions from this tree:
2026-02-03 21:39:25,850 - cmab.policy - INFO -     #1: arm=batch_size=100000,header_size=32,cut_condition_type=3,fast_path_timeout=0,k=3, pred=1.034734
2026-02-03 21:39:25,850 - cmab.policy - INFO -     #2: arm=batch_size=100000,header_size=128,cut_condition_type=3,fast_path_timeout=0,k=3, pred=1.034734
2026-02-03 21:39:25,850 - cmab.policy - INFO -     #3: arm=batch_size=100000,header_size=64,cut_condition_type=3,fast_path_timeout=0,k=1, pred=1.034734
2026-02-03 21:39:25,850 - cmab.policy - INFO -     #4: arm=batch_size=100000,header_size=64,cut_condition_type=3,fast_path_timeout=0,k=3, pred=1.034734
2026-02-03 21:39:25,850 - cmab.policy - INFO -     #5: arm=batch_size=100000,header_size=128,cut_condition_type=3,fast_path_timeout=0,k=1, pred=1.034734
2026-02-03 21:39:25,850 - cmab.policy - INFO - 
2026-02-03 21:39:25,850 - cmab.policy - INFO -   Found 6 arms with same max prediction (1.034734), randomly selecting one...
2026-02-03 21:39:25,850 - cmab.policy - INFO - 
2026-02-03 21:39:25,850 - cmab.policy - INFO - ✓ SELECTED ARM: batch_size=100000,header_size=64,cut_condition_type=3,fast_path_timeout=0,k=3 (prediction=1.034734)
2026-02-03 21:39:25,850 - cmab.policy - INFO - ================================================================================
2026-02-03 21:39:25,888 - cmab.trainer - INFO - Updated parameters file: /home/ccclr0302/autobahn-test/benchmark/.parameters-0.json
2026-02-03 21:39:25,905 - cmab.trainer - INFO - 🚩 Created RL parameter update signal file (epoch 54): /tmp/autobahn_rl_param_update_54.signal
2026-02-03 21:39:25,905 - cmab.trainer - INFO - Applied params: {'batch_size': 100000, 'header_size': 64, 'cut_condition_type': 3, 'fast_path_timeout': 0, 'k': 3}
2026-02-03 21:39:25,905 - cmab.trainer - INFO - Waiting for next metrics file...
