2026-02-03 19:36:16,080 - __main__ - INFO - Starting Autobahn Continuous CMAB Training
2026-02-03 19:36:16,080 - __main__ - INFO - metrics_dir=/home/ccclr0302/autobahn/metrics-0 parameters_file=/home/ccclr0302/autobahn-test/benchmark/.parameters-0.json
2026-02-03 19:36:16,080 - cmab.trainer - INFO - Initializing CMAB training loop...
2026-02-03 19:36:16,080 - cmab.trainer - INFO - Policy: rf_ts
2026-02-03 19:36:16,081 - cmab.trainer - INFO - Iterations: 200
2026-02-03 19:36:16,081 - cmab.trainer - INFO - No existing metrics file, waiting for epoch 0...
2026-02-03 19:36:42,251 - cmab.policy - INFO - Model not ready: selecting random arm.
2026-02-03 19:36:42,255 - cmab.trainer - INFO - Updated parameters file: /home/ccclr0302/autobahn-test/benchmark/.parameters-0.json
2026-02-03 19:36:42,255 - cmab.trainer - INFO - 🚩 Created RL parameter update signal file (epoch 0): /tmp/autobahn_rl_param_update_0.signal
2026-02-03 19:36:42,255 - cmab.trainer - INFO - Applied params: {'batch_size': 500000, 'header_size': 32, 'cut_condition_type': 3, 'fast_path_timeout': 0, 'k': 3}
2026-02-03 19:36:42,255 - cmab.trainer - INFO - Waiting for next metrics file...
2026-02-03 19:36:48,772 - cmab.trainer - INFO - Iteration 1 : context=[1.2796117  2.2748652  0.42653722 2.4170442  0.        ] arm=batch_size=500000,header_size=32,cut_condition_type=3,fast_path_timeout=0,k=3 params={'batch_size': 500000, 'header_size': 32, 'cut_condition_type': 3, 'fast_path_timeout': 0, 'k': 3}
2026-02-03 19:36:48,773 - cmab.trainer - INFO - Iteration 1 reward=0.764686 avg_reward(50)=0.764686 last_metrics=epoch_1_slot_140.json top_arm=batch_size=500000,header_size=32,cut_condition_type=3,fast_path_timeout=0,k=3 top_ratio=1.00
2026-02-03 19:36:48,773 - cmab.policy - INFO - Model not ready: selecting random arm.
2026-02-03 19:36:48,776 - cmab.trainer - INFO - Updated parameters file: /home/ccclr0302/autobahn-test/benchmark/.parameters-0.json
2026-02-03 19:36:48,776 - cmab.trainer - INFO - 🚩 Created RL parameter update signal file (epoch 1): /tmp/autobahn_rl_param_update_1.signal
2026-02-03 19:36:48,776 - cmab.trainer - INFO - Applied params: {'batch_size': 750000, 'header_size': 32, 'cut_condition_type': 3, 'fast_path_timeout': 0, 'k': 1}
2026-02-03 19:36:48,776 - cmab.trainer - INFO - Waiting for next metrics file...
2026-02-03 19:36:58,101 - cmab.trainer - INFO - Iteration 2 : context=[14.991904 14.991904 14.991904 14.991904  0.8     ] arm=batch_size=750000,header_size=32,cut_condition_type=3,fast_path_timeout=0,k=1 params={'batch_size': 750000, 'header_size': 32, 'cut_condition_type': 3, 'fast_path_timeout': 0, 'k': 1}
2026-02-03 19:36:58,101 - cmab.trainer - INFO - Iteration 2 reward=0.486450 avg_reward(50)=0.625568 last_metrics=epoch_2_slot_260.json top_arm=batch_size=500000,header_size=32,cut_condition_type=3,fast_path_timeout=0,k=3 top_ratio=0.50
2026-02-03 19:36:58,101 - cmab.policy - INFO - Model not ready: selecting random arm.
2026-02-03 19:36:58,104 - cmab.trainer - INFO - Updated parameters file: /home/ccclr0302/autobahn-test/benchmark/.parameters-0.json
2026-02-03 19:36:58,104 - cmab.trainer - INFO - 🚩 Created RL parameter update signal file (epoch 2): /tmp/autobahn_rl_param_update_2.signal
2026-02-03 19:36:58,104 - cmab.trainer - INFO - Applied params: {'batch_size': 100000, 'header_size': 128, 'cut_condition_type': 1, 'fast_path_timeout': 400, 'k': 3}
2026-02-03 19:36:58,104 - cmab.trainer - INFO - Waiting for next metrics file...
2026-02-03 19:37:03,118 - cmab.trainer - INFO - Iteration 3 : context=[ 9.755488 10.243263  9.755488 10.243263  0.6     ] arm=batch_size=100000,header_size=128,cut_condition_type=1,fast_path_timeout=400,k=3 params={'batch_size': 100000, 'header_size': 128, 'cut_condition_type': 1, 'fast_path_timeout': 400, 'k': 3}
2026-02-03 19:37:03,118 - cmab.trainer - INFO - Iteration 3 reward=1.090874 avg_reward(50)=0.780670 last_metrics=epoch_3_slot_380.json top_arm=batch_size=500000,header_size=32,cut_condition_type=3,fast_path_timeout=0,k=3 top_ratio=0.33
2026-02-03 19:37:03,118 - cmab.policy - INFO - Model not ready: selecting random arm.
2026-02-03 19:37:03,121 - cmab.trainer - INFO - Updated parameters file: /home/ccclr0302/autobahn-test/benchmark/.parameters-0.json
2026-02-03 19:37:03,121 - cmab.trainer - INFO - 🚩 Created RL parameter update signal file (epoch 3): /tmp/autobahn_rl_param_update_3.signal
2026-02-03 19:37:03,121 - cmab.trainer - INFO - Applied params: {'batch_size': 500000, 'header_size': 128, 'cut_condition_type': 3, 'fast_path_timeout': 400, 'k': 3}
2026-02-03 19:37:03,121 - cmab.trainer - INFO - Waiting for next metrics file...
2026-02-03 19:37:19,163 - cmab.trainer - INFO - Iteration 4 : context=[20.457254 20.457254 20.457254 20.457254  1.      ] arm=batch_size=500000,header_size=128,cut_condition_type=3,fast_path_timeout=400,k=3 params={'batch_size': 500000, 'header_size': 128, 'cut_condition_type': 3, 'fast_path_timeout': 400, 'k': 3}
2026-02-03 19:37:19,164 - cmab.trainer - INFO - Iteration 4 reward=0.221016 avg_reward(50)=0.640756 last_metrics=epoch_4_slot_500.json top_arm=batch_size=500000,header_size=32,cut_condition_type=3,fast_path_timeout=0,k=3 top_ratio=0.25
2026-02-03 19:37:19,164 - cmab.policy - INFO - Model not ready: selecting random arm.
2026-02-03 19:37:19,168 - cmab.trainer - INFO - Updated parameters file: /home/ccclr0302/autobahn-test/benchmark/.parameters-0.json
2026-02-03 19:37:19,168 - cmab.trainer - INFO - 🚩 Created RL parameter update signal file (epoch 4): /tmp/autobahn_rl_param_update_4.signal
2026-02-03 19:37:19,168 - cmab.trainer - INFO - Applied params: {'batch_size': 750000, 'header_size': 64, 'cut_condition_type': 1, 'fast_path_timeout': 100, 'k': 1}
2026-02-03 19:37:19,168 - cmab.trainer - INFO - Waiting for next metrics file...
[Parallel(n_jobs=1)]: Done  10 out of  10 | elapsed:    0.0s finished
[Parallel(n_jobs=1)]: Done  10 out of  10 | elapsed:    0.0s finished
2026-02-03 19:37:33,818 - cmab.policy - INFO - RF Updated: samples=5, MSE=0.050594
2026-02-03 19:37:33,819 - cmab.trainer - INFO - Iteration 5 : context=[3.8990195 3.8990195 3.8990195 3.8990195 1.       ] arm=batch_size=750000,header_size=64,cut_condition_type=1,fast_path_timeout=100,k=1 params={'batch_size': 750000, 'header_size': 64, 'cut_condition_type': 1, 'fast_path_timeout': 100, 'k': 1}
2026-02-03 19:37:33,819 - cmab.trainer - INFO - Iteration 5 reward=0.278581 avg_reward(50)=0.568321 last_metrics=epoch_5_slot_620.json top_arm=batch_size=500000,header_size=32,cut_condition_type=3,fast_path_timeout=0,k=3 top_ratio=0.20
2026-02-03 19:37:33,821 - cmab.policy - INFO - ================================================================================
2026-02-03 19:37:33,821 - cmab.policy - INFO - SELECT ARM - Detailed Prediction Analysis
2026-02-03 19:37:33,821 - cmab.policy - INFO - Context: [4.820178  5.355753  4.2846026 4.820178  1.       ]
2026-02-03 19:37:33,821 - cmab.policy - INFO - Number of trees in forest: 10
2026-02-03 19:37:33,821 - cmab.policy - INFO - 
2026-02-03 19:37:33,822 - cmab.policy - INFO - Prediction statistics across all trees:
2026-02-03 19:37:33,822 - cmab.policy - INFO -   Mean predictions (top 5 arms): [0.472700, 0.472700, 0.472700, 0.472700, 0.472700]
2026-02-03 19:37:33,822 - cmab.policy - INFO -   Std predictions (top 5 arms): [0.230391, 0.230391, 0.230391, 0.230391, 0.230391]
2026-02-03 19:37:33,822 - cmab.policy - INFO - 
2026-02-03 19:37:33,822 - cmab.policy - INFO - Top 5 arms by mean prediction:
2026-02-03 19:37:33,822 - cmab.policy - INFO -   #1: arm=batch_size=750000,header_size=128,cut_condition_type=3,fast_path_timeout=400,k=3, mean=0.472700, std=0.230391
2026-02-03 19:37:33,822 - cmab.policy - INFO -   #2: arm=batch_size=500000,header_size=128,cut_condition_type=3,fast_path_timeout=400,k=3, mean=0.472700, std=0.230391
2026-02-03 19:37:33,822 - cmab.policy - INFO -   #3: arm=batch_size=500000,header_size=32,cut_condition_type=1,fast_path_timeout=0,k=3, mean=0.472700, std=0.230391
2026-02-03 19:37:33,822 - cmab.policy - INFO -   #4: arm=batch_size=500000,header_size=32,cut_condition_type=1,fast_path_timeout=100,k=3, mean=0.472700, std=0.230391
2026-02-03 19:37:33,822 - cmab.policy - INFO -   #5: arm=batch_size=500000,header_size=32,cut_condition_type=1,fast_path_timeout=400,k=3, mean=0.472700, std=0.230391
2026-02-03 19:37:33,822 - cmab.policy - INFO - 
2026-02-03 19:37:33,822 - cmab.policy - INFO - Selected tree #3 for Thompson Sampling:
2026-02-03 19:37:33,822 - cmab.policy - INFO -   Tree depth: 0
2026-02-03 19:37:33,822 - cmab.policy - INFO -   Tree nodes: 1
2026-02-03 19:37:33,822 - cmab.policy - INFO -   Tree leaves: 1
2026-02-03 19:37:33,822 - cmab.policy - INFO -   Tree shape: (nodes=1, leaves=1, depth=0)
2026-02-03 19:37:33,822 - cmab.policy - INFO -   Tree feature importances: [0. 0. 0. 0. 0. 0. 0. 0. 0. 0.]
2026-02-03 19:37:33,823 - cmab.policy - INFO -   Forest feature importances: [0.  0.  0.  0.  0.8 0.  0.  0.  0.  0.2]
2026-02-03 19:37:33,824 - cmab.policy - INFO -   Top 5 predictions from this tree:
2026-02-03 19:37:33,824 - cmab.policy - INFO -     #1: arm=batch_size=750000,header_size=128,cut_condition_type=3,fast_path_timeout=400,k=3, pred=0.491571
2026-02-03 19:37:33,824 - cmab.policy - INFO -     #2: arm=batch_size=500000,header_size=32,cut_condition_type=1,fast_path_timeout=100,k=3, pred=0.491571
2026-02-03 19:37:33,824 - cmab.policy - INFO -     #3: arm=batch_size=100000,header_size=128,cut_condition_type=1,fast_path_timeout=400,k=1, pred=0.491571
2026-02-03 19:37:33,824 - cmab.policy - INFO -     #4: arm=batch_size=100000,header_size=128,cut_condition_type=1,fast_path_timeout=400,k=3, pred=0.491571
2026-02-03 19:37:33,824 - cmab.policy - INFO -     #5: arm=batch_size=100000,header_size=128,cut_condition_type=3,fast_path_timeout=0,k=1, pred=0.491571
2026-02-03 19:37:33,824 - cmab.policy - INFO - 
2026-02-03 19:37:33,824 - cmab.policy - INFO -   Found 108 arms with same max prediction (0.491571), randomly selecting one...
2026-02-03 19:37:33,824 - cmab.policy - INFO - 
2026-02-03 19:37:33,824 - cmab.policy - INFO - ✓ SELECTED ARM: batch_size=750000,header_size=32,cut_condition_type=1,fast_path_timeout=400,k=1 (prediction=0.491571)
2026-02-03 19:37:33,824 - cmab.policy - INFO - ================================================================================
2026-02-03 19:37:33,829 - cmab.trainer - INFO - Updated parameters file: /home/ccclr0302/autobahn-test/benchmark/.parameters-0.json
2026-02-03 19:37:33,829 - cmab.trainer - INFO - 🚩 Created RL parameter update signal file (epoch 5): /tmp/autobahn_rl_param_update_5.signal
2026-02-03 19:37:33,829 - cmab.trainer - INFO - Applied params: {'batch_size': 750000, 'header_size': 32, 'cut_condition_type': 1, 'fast_path_timeout': 400, 'k': 1}
2026-02-03 19:37:33,829 - cmab.trainer - INFO - Waiting for next metrics file...
2026-02-03 19:37:41,049 - cmab.trainer - INFO - Iteration 6 : context=[4.820178  5.355753  4.2846026 4.820178  1.       ] arm=batch_size=750000,header_size=32,cut_condition_type=1,fast_path_timeout=400,k=1 params={'batch_size': 750000, 'header_size': 32, 'cut_condition_type': 1, 'fast_path_timeout': 400, 'k': 1}
2026-02-03 19:37:41,049 - cmab.trainer - INFO - Iteration 6 reward=0.364225 avg_reward(50)=0.534305 last_metrics=epoch_6_slot_740.json top_arm=batch_size=500000,header_size=32,cut_condition_type=3,fast_path_timeout=0,k=3 top_ratio=0.17
2026-02-03 19:37:41,051 - cmab.policy - INFO - ================================================================================
2026-02-03 19:37:41,052 - cmab.policy - INFO - SELECT ARM - Detailed Prediction Analysis
2026-02-03 19:37:41,052 - cmab.policy - INFO - Context: [8.341183 8.982812 9.624441 9.624441 1.      ]
2026-02-03 19:37:41,052 - cmab.policy - INFO - Number of trees in forest: 10
2026-02-03 19:37:41,052 - cmab.policy - INFO - 
2026-02-03 19:37:41,052 - cmab.policy - INFO - Prediction statistics across all trees:
2026-02-03 19:37:41,052 - cmab.policy - INFO -   Mean predictions (top 5 arms): [0.472700, 0.472700, 0.472700, 0.472700, 0.472700]
2026-02-03 19:37:41,052 - cmab.policy - INFO -   Std predictions (top 5 arms): [0.230391, 0.230391, 0.230391, 0.230391, 0.230391]
2026-02-03 19:37:41,052 - cmab.policy - INFO - 
2026-02-03 19:37:41,052 - cmab.policy - INFO - Top 5 arms by mean prediction:
2026-02-03 19:37:41,052 - cmab.policy - INFO -   #1: arm=batch_size=750000,header_size=128,cut_condition_type=3,fast_path_timeout=400,k=3, mean=0.472700, std=0.230391
2026-02-03 19:37:41,052 - cmab.policy - INFO -   #2: arm=batch_size=500000,header_size=128,cut_condition_type=3,fast_path_timeout=400,k=3, mean=0.472700, std=0.230391
2026-02-03 19:37:41,052 - cmab.policy - INFO -   #3: arm=batch_size=500000,header_size=32,cut_condition_type=1,fast_path_timeout=0,k=3, mean=0.472700, std=0.230391
2026-02-03 19:37:41,052 - cmab.policy - INFO -   #4: arm=batch_size=500000,header_size=32,cut_condition_type=1,fast_path_timeout=100,k=3, mean=0.472700, std=0.230391
2026-02-03 19:37:41,052 - cmab.policy - INFO -   #5: arm=batch_size=500000,header_size=32,cut_condition_type=1,fast_path_timeout=400,k=3, mean=0.472700, std=0.230391
2026-02-03 19:37:41,052 - cmab.policy - INFO - 
2026-02-03 19:37:41,052 - cmab.policy - INFO - Selected tree #6 for Thompson Sampling:
2026-02-03 19:37:41,052 - cmab.policy - INFO -   Tree depth: 1
2026-02-03 19:37:41,052 - cmab.policy - INFO -   Tree nodes: 3
2026-02-03 19:37:41,052 - cmab.policy - INFO -   Tree leaves: 2
2026-02-03 19:37:41,052 - cmab.policy - INFO -   Tree shape: (nodes=3, leaves=2, depth=1)
2026-02-03 19:37:41,053 - cmab.policy - INFO -   Tree feature importances: [0. 0. 0. 0. 1. 0. 0. 0. 0. 0.]
2026-02-03 19:37:41,054 - cmab.policy - INFO -   Forest feature importances: [0.  0.  0.  0.  0.8 0.  0.  0.  0.  0.2]
2026-02-03 19:37:41,054 - cmab.policy - INFO -   Top 5 predictions from this tree:
2026-02-03 19:37:41,054 - cmab.policy - INFO -     #1: arm=batch_size=750000,header_size=128,cut_condition_type=3,fast_path_timeout=400,k=3, pred=0.249799
2026-02-03 19:37:41,054 - cmab.policy - INFO -     #2: arm=batch_size=500000,header_size=32,cut_condition_type=1,fast_path_timeout=100,k=3, pred=0.249799
2026-02-03 19:37:41,054 - cmab.policy - INFO -     #3: arm=batch_size=100000,header_size=128,cut_condition_type=1,fast_path_timeout=400,k=1, pred=0.249799
2026-02-03 19:37:41,054 - cmab.policy - INFO -     #4: arm=batch_size=100000,header_size=128,cut_condition_type=1,fast_path_timeout=400,k=3, pred=0.249799
2026-02-03 19:37:41,054 - cmab.policy - INFO -     #5: arm=batch_size=100000,header_size=128,cut_condition_type=3,fast_path_timeout=0,k=1, pred=0.249799
2026-02-03 19:37:41,054 - cmab.policy - INFO - 
2026-02-03 19:37:41,054 - cmab.policy - INFO -   Found 108 arms with same max prediction (0.249799), randomly selecting one...
2026-02-03 19:37:41,054 - cmab.policy - INFO - 
2026-02-03 19:37:41,054 - cmab.policy - INFO - ✓ SELECTED ARM: batch_size=750000,header_size=128,cut_condition_type=3,fast_path_timeout=100,k=1 (prediction=0.249799)
2026-02-03 19:37:41,054 - cmab.policy - INFO - ================================================================================
2026-02-03 19:37:41,057 - cmab.trainer - INFO - Updated parameters file: /home/ccclr0302/autobahn-test/benchmark/.parameters-0.json
2026-02-03 19:37:41,057 - cmab.trainer - INFO - 🚩 Created RL parameter update signal file (epoch 6): /tmp/autobahn_rl_param_update_6.signal
2026-02-03 19:37:41,057 - cmab.trainer - INFO - Applied params: {'batch_size': 750000, 'header_size': 128, 'cut_condition_type': 3, 'fast_path_timeout': 100, 'k': 1}
2026-02-03 19:37:41,057 - cmab.trainer - INFO - Waiting for next metrics file...
2026-02-03 19:38:08,330 - cmab.trainer - INFO - Iteration 7 : context=[8.341183 8.982812 9.624441 9.624441 1.      ] arm=batch_size=750000,header_size=128,cut_condition_type=3,fast_path_timeout=100,k=1 params={'batch_size': 750000, 'header_size': 128, 'cut_condition_type': 3, 'fast_path_timeout': 100, 'k': 1}
2026-02-03 19:38:08,330 - cmab.trainer - INFO - Iteration 7 reward=0.149711 avg_reward(50)=0.479363 last_metrics=epoch_7_slot_860.json top_arm=batch_size=500000,header_size=32,cut_condition_type=3,fast_path_timeout=0,k=3 top_ratio=0.14
2026-02-03 19:38:08,333 - cmab.policy - INFO - ================================================================================
2026-02-03 19:38:08,333 - cmab.policy - INFO - SELECT ARM - Detailed Prediction Analysis
2026-02-03 19:38:08,333 - cmab.policy - INFO - Context: [2.8571517 2.7067754 2.8571517 2.7067754 1.       ]
2026-02-03 19:38:08,333 - cmab.policy - INFO - Number of trees in forest: 10
2026-02-03 19:38:08,333 - cmab.policy - INFO - 
2026-02-03 19:38:08,333 - cmab.policy - INFO - Prediction statistics across all trees:
2026-02-03 19:38:08,333 - cmab.policy - INFO -   Mean predictions (top 5 arms): [0.472700, 0.472700, 0.472700, 0.472700, 0.472700]
2026-02-03 19:38:08,333 - cmab.policy - INFO -   Std predictions (top 5 arms): [0.230391, 0.230391, 0.230391, 0.230391, 0.230391]
2026-02-03 19:38:08,333 - cmab.policy - INFO - 
2026-02-03 19:38:08,333 - cmab.policy - INFO - Top 5 arms by mean prediction:
2026-02-03 19:38:08,333 - cmab.policy - INFO -   #1: arm=batch_size=750000,header_size=128,cut_condition_type=3,fast_path_timeout=400,k=3, mean=0.472700, std=0.230391
2026-02-03 19:38:08,333 - cmab.policy - INFO -   #2: arm=batch_size=500000,header_size=128,cut_condition_type=3,fast_path_timeout=400,k=3, mean=0.472700, std=0.230391
2026-02-03 19:38:08,333 - cmab.policy - INFO -   #3: arm=batch_size=500000,header_size=32,cut_condition_type=1,fast_path_timeout=0,k=3, mean=0.472700, std=0.230391
2026-02-03 19:38:08,333 - cmab.policy - INFO -   #4: arm=batch_size=500000,header_size=32,cut_condition_type=1,fast_path_timeout=100,k=3, mean=0.472700, std=0.230391
2026-02-03 19:38:08,333 - cmab.policy - INFO -   #5: arm=batch_size=500000,header_size=32,cut_condition_type=1,fast_path_timeout=400,k=3, mean=0.472700, std=0.230391
2026-02-03 19:38:08,333 - cmab.policy - INFO - 
2026-02-03 19:38:08,333 - cmab.policy - INFO - Selected tree #10 for Thompson Sampling:
2026-02-03 19:38:08,334 - cmab.policy - INFO -   Tree depth: 0
2026-02-03 19:38:08,334 - cmab.policy - INFO -   Tree nodes: 1
2026-02-03 19:38:08,334 - cmab.policy - INFO -   Tree leaves: 1
2026-02-03 19:38:08,334 - cmab.policy - INFO -   Tree shape: (nodes=1, leaves=1, depth=0)
2026-02-03 19:38:08,334 - cmab.policy - INFO -   Tree feature importances: [0. 0. 0. 0. 0. 0. 0. 0. 0. 0.]
2026-02-03 19:38:08,335 - cmab.policy - INFO -   Forest feature importances: [0.  0.  0.  0.  0.8 0.  0.  0.  0.  0.2]
2026-02-03 19:38:08,335 - cmab.policy - INFO -   Top 5 predictions from this tree:
2026-02-03 19:38:08,335 - cmab.policy - INFO -     #1: arm=batch_size=750000,header_size=128,cut_condition_type=3,fast_path_timeout=400,k=3, pred=0.403302
2026-02-03 19:38:08,335 - cmab.policy - INFO -     #2: arm=batch_size=500000,header_size=32,cut_condition_type=1,fast_path_timeout=100,k=3, pred=0.403302
2026-02-03 19:38:08,335 - cmab.policy - INFO -     #3: arm=batch_size=100000,header_size=128,cut_condition_type=1,fast_path_timeout=400,k=1, pred=0.403302
2026-02-03 19:38:08,335 - cmab.policy - INFO -     #4: arm=batch_size=100000,header_size=128,cut_condition_type=1,fast_path_timeout=400,k=3, pred=0.403302
2026-02-03 19:38:08,335 - cmab.policy - INFO -     #5: arm=batch_size=100000,header_size=128,cut_condition_type=3,fast_path_timeout=0,k=1, pred=0.403302
2026-02-03 19:38:08,335 - cmab.policy - INFO - 
2026-02-03 19:38:08,335 - cmab.policy - INFO -   Found 108 arms with same max prediction (0.403302), randomly selecting one...
2026-02-03 19:38:08,335 - cmab.policy - INFO - 
2026-02-03 19:38:08,336 - cmab.policy - INFO - ✓ SELECTED ARM: batch_size=750000,header_size=128,cut_condition_type=3,fast_path_timeout=400,k=3 (prediction=0.403302)
2026-02-03 19:38:08,336 - cmab.policy - INFO - ================================================================================
2026-02-03 19:38:08,342 - cmab.trainer - INFO - Updated parameters file: /home/ccclr0302/autobahn-test/benchmark/.parameters-0.json
2026-02-03 19:38:08,342 - cmab.trainer - INFO - 🚩 Created RL parameter update signal file (epoch 7): /tmp/autobahn_rl_param_update_7.signal
2026-02-03 19:38:08,342 - cmab.trainer - INFO - Applied params: {'batch_size': 750000, 'header_size': 128, 'cut_condition_type': 3, 'fast_path_timeout': 400, 'k': 3}
2026-02-03 19:38:08,342 - cmab.trainer - INFO - Waiting for next metrics file...
2026-02-03 19:38:47,047 - cmab.trainer - INFO - Iteration 8 : context=[2.8571517 2.7067754 2.8571517 2.7067754 1.       ] arm=batch_size=750000,header_size=128,cut_condition_type=3,fast_path_timeout=400,k=3 params={'batch_size': 750000, 'header_size': 128, 'cut_condition_type': 3, 'fast_path_timeout': 400, 'k': 3}
2026-02-03 19:38:47,048 - cmab.trainer - INFO - Iteration 8 reward=0.145203 avg_reward(50)=0.437593 last_metrics=epoch_8_slot_980.json top_arm=batch_size=500000,header_size=32,cut_condition_type=3,fast_path_timeout=0,k=3 top_ratio=0.12
2026-02-03 19:38:47,050 - cmab.policy - INFO - ================================================================================
2026-02-03 19:38:47,050 - cmab.policy - INFO - SELECT ARM - Detailed Prediction Analysis
2026-02-03 19:38:47,050 - cmab.policy - INFO - Context: [2.6277764 2.773764  2.9197514 2.773764  1.       ]
2026-02-03 19:38:47,050 - cmab.policy - INFO - Number of trees in forest: 10
2026-02-03 19:38:47,050 - cmab.policy - INFO - 
2026-02-03 19:38:47,050 - cmab.policy - INFO - Prediction statistics across all trees:
2026-02-03 19:38:47,050 - cmab.policy - INFO -   Mean predictions (top 5 arms): [0.472700, 0.472700, 0.472700, 0.472700, 0.472700]
2026-02-03 19:38:47,050 - cmab.policy - INFO -   Std predictions (top 5 arms): [0.230391, 0.230391, 0.230391, 0.230391, 0.230391]
2026-02-03 19:38:47,050 - cmab.policy - INFO - 
2026-02-03 19:38:47,051 - cmab.policy - INFO - Top 5 arms by mean prediction:
2026-02-03 19:38:47,051 - cmab.policy - INFO -   #1: arm=batch_size=750000,header_size=128,cut_condition_type=3,fast_path_timeout=400,k=3, mean=0.472700, std=0.230391
2026-02-03 19:38:47,051 - cmab.policy - INFO -   #2: arm=batch_size=500000,header_size=128,cut_condition_type=3,fast_path_timeout=400,k=3, mean=0.472700, std=0.230391
2026-02-03 19:38:47,051 - cmab.policy - INFO -   #3: arm=batch_size=500000,header_size=32,cut_condition_type=1,fast_path_timeout=0,k=3, mean=0.472700, std=0.230391
2026-02-03 19:38:47,051 - cmab.policy - INFO -   #4: arm=batch_size=500000,header_size=32,cut_condition_type=1,fast_path_timeout=100,k=3, mean=0.472700, std=0.230391
2026-02-03 19:38:47,051 - cmab.policy - INFO -   #5: arm=batch_size=500000,header_size=32,cut_condition_type=1,fast_path_timeout=400,k=3, mean=0.472700, std=0.230391
2026-02-03 19:38:47,051 - cmab.policy - INFO - 
2026-02-03 19:38:47,051 - cmab.policy - INFO - Selected tree #3 for Thompson Sampling:
2026-02-03 19:38:47,051 - cmab.policy - INFO -   Tree depth: 0
2026-02-03 19:38:47,051 - cmab.policy - INFO -   Tree nodes: 1
2026-02-03 19:38:47,051 - cmab.policy - INFO -   Tree leaves: 1
2026-02-03 19:38:47,051 - cmab.policy - INFO -   Tree shape: (nodes=1, leaves=1, depth=0)
2026-02-03 19:38:47,051 - cmab.policy - INFO -   Tree feature importances: [0. 0. 0. 0. 0. 0. 0. 0. 0. 0.]
2026-02-03 19:38:47,052 - cmab.policy - INFO -   Forest feature importances: [0.  0.  0.  0.  0.8 0.  0.  0.  0.  0.2]
2026-02-03 19:38:47,052 - cmab.policy - INFO -   Top 5 predictions from this tree:
2026-02-03 19:38:47,052 - cmab.policy - INFO -     #1: arm=batch_size=750000,header_size=128,cut_condition_type=3,fast_path_timeout=400,k=3, pred=0.491571
2026-02-03 19:38:47,052 - cmab.policy - INFO -     #2: arm=batch_size=500000,header_size=32,cut_condition_type=1,fast_path_timeout=100,k=3, pred=0.491571
2026-02-03 19:38:47,053 - cmab.policy - INFO -     #3: arm=batch_size=100000,header_size=128,cut_condition_type=1,fast_path_timeout=400,k=1, pred=0.491571
2026-02-03 19:38:47,053 - cmab.policy - INFO -     #4: arm=batch_size=100000,header_size=128,cut_condition_type=1,fast_path_timeout=400,k=3, pred=0.491571
2026-02-03 19:38:47,053 - cmab.policy - INFO -     #5: arm=batch_size=100000,header_size=128,cut_condition_type=3,fast_path_timeout=0,k=1, pred=0.491571
2026-02-03 19:38:47,053 - cmab.policy - INFO - 
2026-02-03 19:38:47,053 - cmab.policy - INFO -   Found 108 arms with same max prediction (0.491571), randomly selecting one...
2026-02-03 19:38:47,053 - cmab.policy - INFO - 
2026-02-03 19:38:47,053 - cmab.policy - INFO - ✓ SELECTED ARM: batch_size=750000,header_size=128,cut_condition_type=3,fast_path_timeout=0,k=1 (prediction=0.491571)
2026-02-03 19:38:47,053 - cmab.policy - INFO - ================================================================================
2026-02-03 19:38:47,553 - cmab.trainer - INFO - Updated parameters file: /home/ccclr0302/autobahn-test/benchmark/.parameters-0.json
2026-02-03 19:38:47,553 - cmab.trainer - INFO - 🚩 Created RL parameter update signal file (epoch 8): /tmp/autobahn_rl_param_update_8.signal
2026-02-03 19:38:47,553 - cmab.trainer - INFO - Applied params: {'batch_size': 750000, 'header_size': 128, 'cut_condition_type': 3, 'fast_path_timeout': 0, 'k': 1}
2026-02-03 19:38:47,553 - cmab.trainer - INFO - Waiting for next metrics file...
2026-02-03 19:39:22,950 - cmab.trainer - INFO - Iteration 9 : context=[2.6277764 2.773764  2.9197514 2.773764  1.       ] arm=batch_size=750000,header_size=128,cut_condition_type=3,fast_path_timeout=0,k=1 params={'batch_size': 750000, 'header_size': 128, 'cut_condition_type': 3, 'fast_path_timeout': 0, 'k': 1}
2026-02-03 19:39:22,950 - cmab.trainer - INFO - Iteration 9 reward=0.164151 avg_reward(50)=0.407211 last_metrics=epoch_9_slot_1100.json top_arm=batch_size=500000,header_size=32,cut_condition_type=3,fast_path_timeout=0,k=3 top_ratio=0.11
2026-02-03 19:39:22,953 - cmab.policy - INFO - ================================================================================
2026-02-03 19:39:22,953 - cmab.policy - INFO - SELECT ARM - Detailed Prediction Analysis
2026-02-03 19:39:22,953 - cmab.policy - INFO - Context: [2.7280054 2.7280054 2.7280054 2.5461383 0.       ]
2026-02-03 19:39:22,953 - cmab.policy - INFO - Number of trees in forest: 10
2026-02-03 19:39:22,953 - cmab.policy - INFO - 
2026-02-03 19:39:22,953 - cmab.policy - INFO - Prediction statistics across all trees:
2026-02-03 19:39:22,953 - cmab.policy - INFO -   Mean predictions (top 5 arms): [0.716069, 0.716069, 0.716069, 0.716069, 0.716069]
2026-02-03 19:39:22,953 - cmab.policy - INFO -   Std predictions (top 5 arms): [0.189569, 0.189569, 0.189569, 0.189569, 0.189569]
2026-02-03 19:39:22,953 - cmab.policy - INFO - 
2026-02-03 19:39:22,953 - cmab.policy - INFO - Top 5 arms by mean prediction:
2026-02-03 19:39:22,953 - cmab.policy - INFO -   #1: arm=batch_size=750000,header_size=128,cut_condition_type=3,fast_path_timeout=400,k=3, mean=0.716069, std=0.189569
2026-02-03 19:39:22,953 - cmab.policy - INFO -   #2: arm=batch_size=500000,header_size=128,cut_condition_type=3,fast_path_timeout=400,k=3, mean=0.716069, std=0.189569
2026-02-03 19:39:22,953 - cmab.policy - INFO -   #3: arm=batch_size=500000,header_size=32,cut_condition_type=1,fast_path_timeout=0,k=3, mean=0.716069, std=0.189569
2026-02-03 19:39:22,953 - cmab.policy - INFO -   #4: arm=batch_size=500000,header_size=32,cut_condition_type=1,fast_path_timeout=100,k=3, mean=0.716069, std=0.189569
2026-02-03 19:39:22,953 - cmab.policy - INFO -   #5: arm=batch_size=500000,header_size=32,cut_condition_type=1,fast_path_timeout=400,k=3, mean=0.716069, std=0.189569
2026-02-03 19:39:22,953 - cmab.policy - INFO - 
2026-02-03 19:39:22,953 - cmab.policy - INFO - Selected tree #9 for Thompson Sampling:
2026-02-03 19:39:22,953 - cmab.policy - INFO -   Tree depth: 1
2026-02-03 19:39:22,953 - cmab.policy - INFO -   Tree nodes: 3
2026-02-03 19:39:22,953 - cmab.policy - INFO -   Tree leaves: 2
2026-02-03 19:39:22,954 - cmab.policy - INFO -   Tree shape: (nodes=3, leaves=2, depth=1)
2026-02-03 19:39:22,954 - cmab.policy - INFO -   Tree feature importances: [0. 0. 0. 0. 1. 0. 0. 0. 0. 0.]
2026-02-03 19:39:22,955 - cmab.policy - INFO -   Forest feature importances: [0.  0.  0.  0.  0.8 0.  0.  0.  0.  0.2]
2026-02-03 19:39:22,955 - cmab.policy - INFO -   Top 5 predictions from this tree:
2026-02-03 19:39:22,955 - cmab.policy - INFO -     #1: arm=batch_size=750000,header_size=128,cut_condition_type=3,fast_path_timeout=400,k=3, pred=0.788662
2026-02-03 19:39:22,955 - cmab.policy - INFO -     #2: arm=batch_size=500000,header_size=32,cut_condition_type=1,fast_path_timeout=100,k=3, pred=0.788662
2026-02-03 19:39:22,955 - cmab.policy - INFO -     #3: arm=batch_size=100000,header_size=128,cut_condition_type=1,fast_path_timeout=400,k=1, pred=0.788662
2026-02-03 19:39:22,955 - cmab.policy - INFO -     #4: arm=batch_size=100000,header_size=128,cut_condition_type=1,fast_path_timeout=400,k=3, pred=0.788662
2026-02-03 19:39:22,955 - cmab.policy - INFO -     #5: arm=batch_size=100000,header_size=128,cut_condition_type=3,fast_path_timeout=0,k=1, pred=0.788662
2026-02-03 19:39:22,955 - cmab.policy - INFO - 
2026-02-03 19:39:22,955 - cmab.policy - INFO -   Found 108 arms with same max prediction (0.788662), randomly selecting one...
2026-02-03 19:39:22,955 - cmab.policy - INFO - 
2026-02-03 19:39:22,955 - cmab.policy - INFO - ✓ SELECTED ARM: batch_size=100000,header_size=64,cut_condition_type=3,fast_path_timeout=0,k=3 (prediction=0.788662)
2026-02-03 19:39:22,955 - cmab.policy - INFO - ================================================================================
2026-02-03 19:39:22,959 - cmab.trainer - INFO - Updated parameters file: /home/ccclr0302/autobahn-test/benchmark/.parameters-0.json
2026-02-03 19:39:22,960 - cmab.trainer - INFO - 🚩 Created RL parameter update signal file (epoch 9): /tmp/autobahn_rl_param_update_9.signal
2026-02-03 19:39:22,960 - cmab.trainer - INFO - Applied params: {'batch_size': 100000, 'header_size': 64, 'cut_condition_type': 3, 'fast_path_timeout': 0, 'k': 3}
2026-02-03 19:39:22,960 - cmab.trainer - INFO - Waiting for next metrics file...
[Parallel(n_jobs=1)]: Done  10 out of  10 | elapsed:    0.0s finished
[Parallel(n_jobs=1)]: Done  10 out of  10 | elapsed:    0.0s finished
2026-02-03 19:39:36,507 - cmab.policy - INFO - RF Updated: samples=10, MSE=0.008088
2026-02-03 19:39:36,507 - cmab.trainer - INFO - Iteration 10 : context=[2.7280054 2.7280054 2.7280054 2.5461383 0.       ] arm=batch_size=100000,header_size=64,cut_condition_type=3,fast_path_timeout=0,k=3 params={'batch_size': 100000, 'header_size': 64, 'cut_condition_type': 3, 'fast_path_timeout': 0, 'k': 3}
2026-02-03 19:39:36,507 - cmab.trainer - INFO - Iteration 10 reward=0.841294 avg_reward(50)=0.450619 last_metrics=epoch_10_slot_1220.json top_arm=batch_size=500000,header_size=32,cut_condition_type=3,fast_path_timeout=0,k=3 top_ratio=0.10
2026-02-03 19:39:36,615 - cmab.trainer - INFO - Saved checkpoint: /tmp/cmab_continuous_checkpoints/cmab_checkpoint_10.pkl
2026-02-03 19:39:36,618 - cmab.policy - INFO - ================================================================================
2026-02-03 19:39:36,618 - cmab.policy - INFO - SELECT ARM - Detailed Prediction Analysis
2026-02-03 19:39:36,618 - cmab.policy - INFO - Context: [36.980988 36.980988 34.136295 35.558643  0.      ]
2026-02-03 19:39:36,618 - cmab.policy - INFO - Number of trees in forest: 10
2026-02-03 19:39:36,618 - cmab.policy - INFO - 
2026-02-03 19:39:36,619 - cmab.policy - INFO - Prediction statistics across all trees:
2026-02-03 19:39:36,619 - cmab.policy - INFO -   Mean predictions (top 5 arms): [0.853908, 0.853908, 0.853908, 0.853908, 0.853908]
2026-02-03 19:39:36,619 - cmab.policy - INFO -   Std predictions (top 5 arms): [0.158131, 0.158131, 0.158131, 0.158131, 0.158131]
2026-02-03 19:39:36,619 - cmab.policy - INFO - 
2026-02-03 19:39:36,619 - cmab.policy - INFO - Top 5 arms by mean prediction:
2026-02-03 19:39:36,619 - cmab.policy - INFO -   #1: arm=batch_size=100000,header_size=32,cut_condition_type=1,fast_path_timeout=0,k=1, mean=0.853908, std=0.158131
2026-02-03 19:39:36,619 - cmab.policy - INFO -   #2: arm=batch_size=100000,header_size=32,cut_condition_type=3,fast_path_timeout=0,k=1, mean=0.853908, std=0.158131
2026-02-03 19:39:36,619 - cmab.policy - INFO -   #3: arm=batch_size=100000,header_size=32,cut_condition_type=3,fast_path_timeout=400,k=3, mean=0.853908, std=0.158131
2026-02-03 19:39:36,619 - cmab.policy - INFO -   #4: arm=batch_size=100000,header_size=32,cut_condition_type=3,fast_path_timeout=100,k=3, mean=0.853908, std=0.158131
2026-02-03 19:39:36,619 - cmab.policy - INFO -   #5: arm=batch_size=100000,header_size=32,cut_condition_type=3,fast_path_timeout=100,k=1, mean=0.853908, std=0.158131
2026-02-03 19:39:36,619 - cmab.policy - INFO - 
2026-02-03 19:39:36,619 - cmab.policy - INFO - Selected tree #5 for Thompson Sampling:
2026-02-03 19:39:36,619 - cmab.policy - INFO -   Tree depth: 2
2026-02-03 19:39:36,619 - cmab.policy - INFO -   Tree nodes: 5
2026-02-03 19:39:36,619 - cmab.policy - INFO -   Tree leaves: 3
2026-02-03 19:39:36,619 - cmab.policy - INFO -   Tree shape: (nodes=5, leaves=3, depth=2)
2026-02-03 19:39:36,619 - cmab.policy - INFO -   Tree feature importances: [0.04258959 0.         0.         0.         0.         0.
 0.95741041 0.         0.         0.        ]
2026-02-03 19:39:36,621 - cmab.policy - INFO -   Forest feature importances: [5.43386567e-03 9.59336851e-05 0.00000000e+00 8.09547934e-03
 7.47018941e-01 9.38790877e-02 1.39184895e-01 6.12091232e-03
 1.70885331e-04 0.00000000e+00]
2026-02-03 19:39:36,621 - cmab.policy - INFO -   Top 5 predictions from this tree:
2026-02-03 19:39:36,621 - cmab.policy - INFO -     #1: arm=batch_size=100000,header_size=32,cut_condition_type=1,fast_path_timeout=0,k=1, pred=0.445708
2026-02-03 19:39:36,621 - cmab.policy - INFO -     #2: arm=batch_size=750000,header_size=32,cut_condition_type=1,fast_path_timeout=0,k=1, pred=0.445708
2026-02-03 19:39:36,621 - cmab.policy - INFO -     #3: arm=batch_size=750000,header_size=32,cut_condition_type=3,fast_path_timeout=100,k=3, pred=0.445708
2026-02-03 19:39:36,621 - cmab.policy - INFO -     #4: arm=batch_size=750000,header_size=32,cut_condition_type=3,fast_path_timeout=100,k=1, pred=0.445708
2026-02-03 19:39:36,621 - cmab.policy - INFO -     #5: arm=batch_size=750000,header_size=32,cut_condition_type=3,fast_path_timeout=0,k=3, pred=0.445708
2026-02-03 19:39:36,621 - cmab.policy - INFO - 
2026-02-03 19:39:36,621 - cmab.policy - INFO -   Found 36 arms with same max prediction (0.445708), randomly selecting one...
2026-02-03 19:39:36,621 - cmab.policy - INFO - 
2026-02-03 19:39:36,621 - cmab.policy - INFO - ✓ SELECTED ARM: batch_size=750000,header_size=32,cut_condition_type=3,fast_path_timeout=400,k=3 (prediction=0.445708)
2026-02-03 19:39:36,621 - cmab.policy - INFO - ================================================================================
2026-02-03 19:39:37,057 - cmab.trainer - INFO - Updated parameters file: /home/ccclr0302/autobahn-test/benchmark/.parameters-0.json
2026-02-03 19:39:37,057 - cmab.trainer - INFO - 🚩 Created RL parameter update signal file (epoch 10): /tmp/autobahn_rl_param_update_10.signal
2026-02-03 19:39:37,057 - cmab.trainer - INFO - Applied params: {'batch_size': 750000, 'header_size': 32, 'cut_condition_type': 3, 'fast_path_timeout': 400, 'k': 3}
2026-02-03 19:39:37,057 - cmab.trainer - INFO - Waiting for next metrics file...
2026-02-03 19:39:44,478 - cmab.trainer - INFO - Iteration 11 : context=[36.980988 36.980988 34.136295 35.558643  0.      ] arm=batch_size=750000,header_size=32,cut_condition_type=3,fast_path_timeout=400,k=3 params={'batch_size': 750000, 'header_size': 32, 'cut_condition_type': 3, 'fast_path_timeout': 400, 'k': 3}
2026-02-03 19:39:44,478 - cmab.trainer - INFO - Iteration 11 reward=0.501157 avg_reward(50)=0.455213 last_metrics=epoch_11_slot_1340.json top_arm=batch_size=500000,header_size=32,cut_condition_type=3,fast_path_timeout=0,k=3 top_ratio=0.09
2026-02-03 19:39:44,481 - cmab.policy - INFO - ================================================================================
2026-02-03 19:39:44,481 - cmab.policy - INFO - SELECT ARM - Detailed Prediction Analysis
2026-02-03 19:39:44,481 - cmab.policy - INFO - Context: [10.00489 10.00489 10.00489 10.00489  1.     ]
2026-02-03 19:39:44,481 - cmab.policy - INFO - Number of trees in forest: 10
2026-02-03 19:39:44,481 - cmab.policy - INFO - 
2026-02-03 19:39:44,481 - cmab.policy - INFO - Prediction statistics across all trees:
2026-02-03 19:39:44,481 - cmab.policy - INFO -   Mean predictions (top 5 arms): [0.406961, 0.406961, 0.406961, 0.406961, 0.406961]
2026-02-03 19:39:44,481 - cmab.policy - INFO -   Std predictions (top 5 arms): [0.207233, 0.207233, 0.207233, 0.207233, 0.207233]
2026-02-03 19:39:44,481 - cmab.policy - INFO - 
2026-02-03 19:39:44,481 - cmab.policy - INFO - Top 5 arms by mean prediction:
2026-02-03 19:39:44,481 - cmab.policy - INFO -   #1: arm=batch_size=100000,header_size=32,cut_condition_type=1,fast_path_timeout=0,k=1, mean=0.406961, std=0.207233
2026-02-03 19:39:44,481 - cmab.policy - INFO -   #2: arm=batch_size=100000,header_size=32,cut_condition_type=3,fast_path_timeout=0,k=1, mean=0.406961, std=0.207233
2026-02-03 19:39:44,481 - cmab.policy - INFO -   #3: arm=batch_size=100000,header_size=32,cut_condition_type=3,fast_path_timeout=100,k=1, mean=0.406961, std=0.207233
2026-02-03 19:39:44,481 - cmab.policy - INFO -   #4: arm=batch_size=100000,header_size=32,cut_condition_type=3,fast_path_timeout=0,k=3, mean=0.406961, std=0.207233
2026-02-03 19:39:44,481 - cmab.policy - INFO -   #5: arm=batch_size=100000,header_size=32,cut_condition_type=3,fast_path_timeout=100,k=3, mean=0.406961, std=0.207233
2026-02-03 19:39:44,481 - cmab.policy - INFO - 
2026-02-03 19:39:44,481 - cmab.policy - INFO - Selected tree #2 for Thompson Sampling:
2026-02-03 19:39:44,481 - cmab.policy - INFO -   Tree depth: 2
2026-02-03 19:39:44,481 - cmab.policy - INFO -   Tree nodes: 5
2026-02-03 19:39:44,481 - cmab.policy - INFO -   Tree leaves: 3
2026-02-03 19:39:44,482 - cmab.policy - INFO -   Tree shape: (nodes=5, leaves=3, depth=2)
2026-02-03 19:39:44,482 - cmab.policy - INFO -   Tree feature importances: [0.         0.         0.         0.         0.93135322 0.
 0.06864678 0.         0.         0.        ]
2026-02-03 19:39:44,483 - cmab.policy - INFO -   Forest feature importances: [5.43386567e-03 9.59336851e-05 0.00000000e+00 8.09547934e-03
 7.47018941e-01 9.38790877e-02 1.39184895e-01 6.12091232e-03
 1.70885331e-04 0.00000000e+00]
2026-02-03 19:39:44,484 - cmab.policy - INFO -   Top 5 predictions from this tree:
2026-02-03 19:39:44,484 - cmab.policy - INFO -     #1: arm=batch_size=500000,header_size=64,cut_condition_type=1,fast_path_timeout=400,k=3, pred=0.425337
2026-02-03 19:39:44,484 - cmab.policy - INFO -     #2: arm=batch_size=500000,header_size=32,cut_condition_type=3,fast_path_timeout=400,k=1, pred=0.425337
2026-02-03 19:39:44,484 - cmab.policy - INFO -     #3: arm=batch_size=500000,header_size=32,cut_condition_type=1,fast_path_timeout=0,k=3, pred=0.425337
2026-02-03 19:39:44,484 - cmab.policy - INFO -     #4: arm=batch_size=500000,header_size=32,cut_condition_type=1,fast_path_timeout=100,k=1, pred=0.425337
2026-02-03 19:39:44,484 - cmab.policy - INFO -     #5: arm=batch_size=500000,header_size=32,cut_condition_type=1,fast_path_timeout=100,k=3, pred=0.425337
2026-02-03 19:39:44,484 - cmab.policy - INFO - 
2026-02-03 19:39:44,484 - cmab.policy - INFO -   Found 72 arms with same max prediction (0.425337), randomly selecting one...
2026-02-03 19:39:44,484 - cmab.policy - INFO - 
2026-02-03 19:39:44,484 - cmab.policy - INFO - ✓ SELECTED ARM: batch_size=750000,header_size=32,cut_condition_type=1,fast_path_timeout=100,k=3 (prediction=0.425337)
2026-02-03 19:39:44,484 - cmab.policy - INFO - ================================================================================
2026-02-03 19:39:44,488 - cmab.trainer - INFO - Updated parameters file: /home/ccclr0302/autobahn-test/benchmark/.parameters-0.json
2026-02-03 19:39:44,488 - cmab.trainer - INFO - 🚩 Created RL parameter update signal file (epoch 11): /tmp/autobahn_rl_param_update_11.signal
2026-02-03 19:39:44,488 - cmab.trainer - INFO - Applied params: {'batch_size': 750000, 'header_size': 32, 'cut_condition_type': 1, 'fast_path_timeout': 100, 'k': 3}
2026-02-03 19:39:44,488 - cmab.trainer - INFO - Waiting for next metrics file...
2026-02-03 19:39:49,001 - cmab.trainer - INFO - Iteration 12 : context=[10.00489 10.00489 10.00489 10.00489  1.     ] arm=batch_size=750000,header_size=32,cut_condition_type=1,fast_path_timeout=100,k=3 params={'batch_size': 750000, 'header_size': 32, 'cut_condition_type': 1, 'fast_path_timeout': 100, 'k': 3}
2026-02-03 19:39:49,001 - cmab.trainer - INFO - Iteration 12 reward=0.706153 avg_reward(50)=0.476125 last_metrics=epoch_12_slot_1460.json top_arm=batch_size=500000,header_size=32,cut_condition_type=3,fast_path_timeout=0,k=3 top_ratio=0.08
2026-02-03 19:39:49,004 - cmab.policy - INFO - ================================================================================
2026-02-03 19:39:49,004 - cmab.policy - INFO - SELECT ARM - Detailed Prediction Analysis
2026-02-03 19:39:49,004 - cmab.policy - INFO - Context: [10.607716  13.2596445 13.2596445 13.2596445  1.       ]
2026-02-03 19:39:49,004 - cmab.policy - INFO - Number of trees in forest: 10
2026-02-03 19:39:49,004 - cmab.policy - INFO - 
2026-02-03 19:39:49,004 - cmab.policy - INFO - Prediction statistics across all trees:
2026-02-03 19:39:49,004 - cmab.policy - INFO -   Mean predictions (top 5 arms): [0.406961, 0.406961, 0.406961, 0.406961, 0.406961]
2026-02-03 19:39:49,004 - cmab.policy - INFO -   Std predictions (top 5 arms): [0.207233, 0.207233, 0.207233, 0.207233, 0.207233]
2026-02-03 19:39:49,004 - cmab.policy - INFO - 
2026-02-03 19:39:49,004 - cmab.policy - INFO - Top 5 arms by mean prediction:
2026-02-03 19:39:49,004 - cmab.policy - INFO -   #1: arm=batch_size=100000,header_size=32,cut_condition_type=1,fast_path_timeout=0,k=1, mean=0.406961, std=0.207233
2026-02-03 19:39:49,004 - cmab.policy - INFO -   #2: arm=batch_size=100000,header_size=32,cut_condition_type=3,fast_path_timeout=0,k=1, mean=0.406961, std=0.207233
2026-02-03 19:39:49,004 - cmab.policy - INFO -   #3: arm=batch_size=100000,header_size=32,cut_condition_type=3,fast_path_timeout=100,k=1, mean=0.406961, std=0.207233
2026-02-03 19:39:49,004 - cmab.policy - INFO -   #4: arm=batch_size=100000,header_size=32,cut_condition_type=3,fast_path_timeout=0,k=3, mean=0.406961, std=0.207233
2026-02-03 19:39:49,005 - cmab.policy - INFO -   #5: arm=batch_size=100000,header_size=32,cut_condition_type=3,fast_path_timeout=100,k=3, mean=0.406961, std=0.207233
2026-02-03 19:39:49,005 - cmab.policy - INFO - 
2026-02-03 19:39:49,005 - cmab.policy - INFO - Selected tree #5 for Thompson Sampling:
2026-02-03 19:39:49,005 - cmab.policy - INFO -   Tree depth: 2
2026-02-03 19:39:49,005 - cmab.policy - INFO -   Tree nodes: 5
2026-02-03 19:39:49,005 - cmab.policy - INFO -   Tree leaves: 3
2026-02-03 19:39:49,005 - cmab.policy - INFO -   Tree shape: (nodes=5, leaves=3, depth=2)
2026-02-03 19:39:49,005 - cmab.policy - INFO -   Tree feature importances: [0.04258959 0.         0.         0.         0.         0.
 0.95741041 0.         0.         0.        ]
2026-02-03 19:39:49,007 - cmab.policy - INFO -   Forest feature importances: [5.43386567e-03 9.59336851e-05 0.00000000e+00 8.09547934e-03
 7.47018941e-01 9.38790877e-02 1.39184895e-01 6.12091232e-03
 1.70885331e-04 0.00000000e+00]
2026-02-03 19:39:49,007 - cmab.policy - INFO -   Top 5 predictions from this tree:
2026-02-03 19:39:49,007 - cmab.policy - INFO -     #1: arm=batch_size=100000,header_size=32,cut_condition_type=1,fast_path_timeout=0,k=1, pred=0.445708
2026-02-03 19:39:49,007 - cmab.policy - INFO -     #2: arm=batch_size=750000,header_size=32,cut_condition_type=1,fast_path_timeout=0,k=1, pred=0.445708
2026-02-03 19:39:49,007 - cmab.policy - INFO -     #3: arm=batch_size=750000,header_size=32,cut_condition_type=3,fast_path_timeout=100,k=3, pred=0.445708
2026-02-03 19:39:49,007 - cmab.policy - INFO -     #4: arm=batch_size=750000,header_size=32,cut_condition_type=3,fast_path_timeout=100,k=1, pred=0.445708
2026-02-03 19:39:49,007 - cmab.policy - INFO -     #5: arm=batch_size=750000,header_size=32,cut_condition_type=3,fast_path_timeout=0,k=3, pred=0.445708
2026-02-03 19:39:49,007 - cmab.policy - INFO - 
2026-02-03 19:39:49,007 - cmab.policy - INFO -   Found 36 arms with same max prediction (0.445708), randomly selecting one...
2026-02-03 19:39:49,007 - cmab.policy - INFO - 
2026-02-03 19:39:49,007 - cmab.policy - INFO - ✓ SELECTED ARM: batch_size=750000,header_size=32,cut_condition_type=3,fast_path_timeout=0,k=1 (prediction=0.445708)
2026-02-03 19:39:49,007 - cmab.policy - INFO - ================================================================================
2026-02-03 19:39:49,011 - cmab.trainer - INFO - Updated parameters file: /home/ccclr0302/autobahn-test/benchmark/.parameters-0.json
2026-02-03 19:39:49,012 - cmab.trainer - INFO - 🚩 Created RL parameter update signal file (epoch 12): /tmp/autobahn_rl_param_update_12.signal
2026-02-03 19:39:49,012 - cmab.trainer - INFO - Applied params: {'batch_size': 750000, 'header_size': 32, 'cut_condition_type': 3, 'fast_path_timeout': 0, 'k': 1}
2026-02-03 19:39:49,012 - cmab.trainer - INFO - Waiting for next metrics file...
2026-02-03 19:39:51,519 - cmab.trainer - WARNING - Detected abandon signal for epoch 12, using action from epoch 12 for update
2026-02-03 19:39:51,519 - cmab.trainer - INFO - Iteration 13 : context=[10.607716  13.2596445 13.2596445 13.2596445  1.       ] arm=batch_size=750000,header_size=32,cut_condition_type=1,fast_path_timeout=100,k=3 params={'batch_size': 750000, 'header_size': 32, 'cut_condition_type': 1, 'fast_path_timeout': 100, 'k': 3}
2026-02-03 19:39:51,519 - cmab.trainer - INFO - Iteration 13 reward=0.781848 avg_reward(50)=0.499642 last_metrics=epoch_13_slot_1581.json top_arm=batch_size=750000,header_size=32,cut_condition_type=3,fast_path_timeout=0,k=1 top_ratio=0.15
2026-02-03 19:39:51,522 - cmab.policy - INFO - ================================================================================
2026-02-03 19:39:51,522 - cmab.policy - INFO - SELECT ARM - Detailed Prediction Analysis
2026-02-03 19:39:51,522 - cmab.policy - INFO - Context: [10.602037   7.9515285  7.9515285  7.9515285  1.       ]
2026-02-03 19:39:51,522 - cmab.policy - INFO - Number of trees in forest: 10
2026-02-03 19:39:51,522 - cmab.policy - INFO - 
2026-02-03 19:39:51,522 - cmab.policy - INFO - Prediction statistics across all trees:
2026-02-03 19:39:51,522 - cmab.policy - INFO -   Mean predictions (top 5 arms): [0.406961, 0.406961, 0.406961, 0.406961, 0.406961]
2026-02-03 19:39:51,522 - cmab.policy - INFO -   Std predictions (top 5 arms): [0.207233, 0.207233, 0.207233, 0.207233, 0.207233]
2026-02-03 19:39:51,522 - cmab.policy - INFO - 
2026-02-03 19:39:51,522 - cmab.policy - INFO - Top 5 arms by mean prediction:
2026-02-03 19:39:51,522 - cmab.policy - INFO -   #1: arm=batch_size=100000,header_size=32,cut_condition_type=1,fast_path_timeout=0,k=1, mean=0.406961, std=0.207233
2026-02-03 19:39:51,522 - cmab.policy - INFO -   #2: arm=batch_size=100000,header_size=32,cut_condition_type=3,fast_path_timeout=0,k=1, mean=0.406961, std=0.207233
2026-02-03 19:39:51,522 - cmab.policy - INFO -   #3: arm=batch_size=100000,header_size=32,cut_condition_type=3,fast_path_timeout=100,k=1, mean=0.406961, std=0.207233
2026-02-03 19:39:51,522 - cmab.policy - INFO -   #4: arm=batch_size=100000,header_size=32,cut_condition_type=3,fast_path_timeout=0,k=3, mean=0.406961, std=0.207233
2026-02-03 19:39:51,522 - cmab.policy - INFO -   #5: arm=batch_size=100000,header_size=32,cut_condition_type=3,fast_path_timeout=100,k=3, mean=0.406961, std=0.207233
2026-02-03 19:39:51,523 - cmab.policy - INFO - 
2026-02-03 19:39:51,523 - cmab.policy - INFO - Selected tree #6 for Thompson Sampling:
2026-02-03 19:39:51,523 - cmab.policy - INFO -   Tree depth: 2
2026-02-03 19:39:51,523 - cmab.policy - INFO -   Tree nodes: 5
2026-02-03 19:39:51,523 - cmab.policy - INFO -   Tree leaves: 3
2026-02-03 19:39:51,523 - cmab.policy - INFO -   Tree shape: (nodes=5, leaves=3, depth=2)
2026-02-03 19:39:51,523 - cmab.policy - INFO -   Tree feature importances: [0.         0.         0.         0.08095479 0.91904521 0.
 0.         0.         0.         0.        ]
2026-02-03 19:39:51,525 - cmab.policy - INFO -   Forest feature importances: [5.43386567e-03 9.59336851e-05 0.00000000e+00 8.09547934e-03
 7.47018941e-01 9.38790877e-02 1.39184895e-01 6.12091232e-03
 1.70885331e-04 0.00000000e+00]
2026-02-03 19:39:51,525 - cmab.policy - INFO -   Top 5 predictions from this tree:
2026-02-03 19:39:51,525 - cmab.policy - INFO -     #1: arm=batch_size=750000,header_size=128,cut_condition_type=3,fast_path_timeout=400,k=3, pred=0.342814
2026-02-03 19:39:51,525 - cmab.policy - INFO -     #2: arm=batch_size=500000,header_size=32,cut_condition_type=1,fast_path_timeout=100,k=3, pred=0.342814
2026-02-03 19:39:51,525 - cmab.policy - INFO -     #3: arm=batch_size=100000,header_size=128,cut_condition_type=1,fast_path_timeout=400,k=1, pred=0.342814
2026-02-03 19:39:51,525 - cmab.policy - INFO -     #4: arm=batch_size=100000,header_size=128,cut_condition_type=1,fast_path_timeout=400,k=3, pred=0.342814
2026-02-03 19:39:51,525 - cmab.policy - INFO -     #5: arm=batch_size=100000,header_size=128,cut_condition_type=3,fast_path_timeout=0,k=1, pred=0.342814
2026-02-03 19:39:51,525 - cmab.policy - INFO - 
2026-02-03 19:39:51,525 - cmab.policy - INFO -   Found 108 arms with same max prediction (0.342814), randomly selecting one...
2026-02-03 19:39:51,525 - cmab.policy - INFO - 
2026-02-03 19:39:51,525 - cmab.policy - INFO - ✓ SELECTED ARM: batch_size=100000,header_size=32,cut_condition_type=1,fast_path_timeout=400,k=3 (prediction=0.342814)
2026-02-03 19:39:51,525 - cmab.policy - INFO - ================================================================================
2026-02-03 19:39:51,528 - cmab.trainer - INFO - Updated parameters file: /home/ccclr0302/autobahn-test/benchmark/.parameters-0.json
2026-02-03 19:39:51,528 - cmab.trainer - INFO - 🚩 Created RL parameter update signal file (epoch 13): /tmp/autobahn_rl_param_update_13.signal
2026-02-03 19:39:51,528 - cmab.trainer - INFO - Applied params: {'batch_size': 100000, 'header_size': 32, 'cut_condition_type': 1, 'fast_path_timeout': 400, 'k': 3}
2026-02-03 19:39:51,528 - cmab.trainer - INFO - Waiting for next metrics file...
2026-02-03 19:39:53,835 - cmab.trainer - WARNING - Detected abandon signal for epoch 13, using action from epoch 13 for update
2026-02-03 19:39:53,835 - cmab.trainer - INFO - Iteration 14 : context=[10.602037   7.9515285  7.9515285  7.9515285  1.       ] arm=batch_size=750000,header_size=32,cut_condition_type=3,fast_path_timeout=0,k=1 params={'batch_size': 750000, 'header_size': 32, 'cut_condition_type': 3, 'fast_path_timeout': 0, 'k': 1}
2026-02-03 19:39:53,835 - cmab.trainer - INFO - Iteration 14 reward=0.669458 avg_reward(50)=0.511772 last_metrics=epoch_14_slot_1700.json top_arm=batch_size=750000,header_size=32,cut_condition_type=3,fast_path_timeout=0,k=1 top_ratio=0.14
2026-02-03 19:39:53,838 - cmab.policy - INFO - ================================================================================
2026-02-03 19:39:53,838 - cmab.policy - INFO - SELECT ARM - Detailed Prediction Analysis
2026-02-03 19:39:53,838 - cmab.policy - INFO - Context: [10.614044 10.614044 10.614044 10.614044  1.      ]
2026-02-03 19:39:53,838 - cmab.policy - INFO - Number of trees in forest: 10
2026-02-03 19:39:53,838 - cmab.policy - INFO - 
2026-02-03 19:39:53,838 - cmab.policy - INFO - Prediction statistics across all trees:
2026-02-03 19:39:53,838 - cmab.policy - INFO -   Mean predictions (top 5 arms): [0.406961, 0.406961, 0.406961, 0.406961, 0.406961]
2026-02-03 19:39:53,838 - cmab.policy - INFO -   Std predictions (top 5 arms): [0.207233, 0.207233, 0.207233, 0.207233, 0.207233]
2026-02-03 19:39:53,838 - cmab.policy - INFO - 
2026-02-03 19:39:53,838 - cmab.policy - INFO - Top 5 arms by mean prediction:
2026-02-03 19:39:53,838 - cmab.policy - INFO -   #1: arm=batch_size=100000,header_size=32,cut_condition_type=1,fast_path_timeout=0,k=1, mean=0.406961, std=0.207233
2026-02-03 19:39:53,838 - cmab.policy - INFO -   #2: arm=batch_size=100000,header_size=32,cut_condition_type=3,fast_path_timeout=0,k=1, mean=0.406961, std=0.207233
2026-02-03 19:39:53,838 - cmab.policy - INFO -   #3: arm=batch_size=100000,header_size=32,cut_condition_type=3,fast_path_timeout=100,k=1, mean=0.406961, std=0.207233
2026-02-03 19:39:53,838 - cmab.policy - INFO -   #4: arm=batch_size=100000,header_size=32,cut_condition_type=3,fast_path_timeout=0,k=3, mean=0.406961, std=0.207233
2026-02-03 19:39:53,838 - cmab.policy - INFO -   #5: arm=batch_size=100000,header_size=32,cut_condition_type=3,fast_path_timeout=100,k=3, mean=0.406961, std=0.207233
2026-02-03 19:39:53,838 - cmab.policy - INFO - 
2026-02-03 19:39:53,838 - cmab.policy - INFO - Selected tree #10 for Thompson Sampling:
2026-02-03 19:39:53,838 - cmab.policy - INFO -   Tree depth: 2
2026-02-03 19:39:53,838 - cmab.policy - INFO -   Tree nodes: 5
2026-02-03 19:39:53,838 - cmab.policy - INFO -   Tree leaves: 3
2026-02-03 19:39:53,839 - cmab.policy - INFO -   Tree shape: (nodes=5, leaves=3, depth=2)
2026-02-03 19:39:53,839 - cmab.policy - INFO -   Tree feature importances: [0.        0.        0.        0.        0.8688507 0.        0.1311493
 0.        0.        0.       ]
2026-02-03 19:39:53,840 - cmab.policy - INFO -   Forest feature importances: [5.43386567e-03 9.59336851e-05 0.00000000e+00 8.09547934e-03
 7.47018941e-01 9.38790877e-02 1.39184895e-01 6.12091232e-03
 1.70885331e-04 0.00000000e+00]
2026-02-03 19:39:53,840 - cmab.policy - INFO -   Top 5 predictions from this tree:
2026-02-03 19:39:53,841 - cmab.policy - INFO -     #1: arm=batch_size=500000,header_size=64,cut_condition_type=1,fast_path_timeout=400,k=3, pred=0.404967
2026-02-03 19:39:53,841 - cmab.policy - INFO -     #2: arm=batch_size=500000,header_size=32,cut_condition_type=3,fast_path_timeout=400,k=1, pred=0.404967
2026-02-03 19:39:53,841 - cmab.policy - INFO -     #3: arm=batch_size=500000,header_size=32,cut_condition_type=1,fast_path_timeout=0,k=3, pred=0.404967
2026-02-03 19:39:53,841 - cmab.policy - INFO -     #4: arm=batch_size=500000,header_size=32,cut_condition_type=1,fast_path_timeout=100,k=1, pred=0.404967
2026-02-03 19:39:53,841 - cmab.policy - INFO -     #5: arm=batch_size=500000,header_size=32,cut_condition_type=1,fast_path_timeout=100,k=3, pred=0.404967
2026-02-03 19:39:53,841 - cmab.policy - INFO - 
2026-02-03 19:39:53,841 - cmab.policy - INFO -   Found 72 arms with same max prediction (0.404967), randomly selecting one...
2026-02-03 19:39:53,841 - cmab.policy - INFO - 
2026-02-03 19:39:53,841 - cmab.policy - INFO - ✓ SELECTED ARM: batch_size=750000,header_size=64,cut_condition_type=1,fast_path_timeout=100,k=3 (prediction=0.404967)
2026-02-03 19:39:53,841 - cmab.policy - INFO - ================================================================================
2026-02-03 19:39:53,844 - cmab.trainer - INFO - Updated parameters file: /home/ccclr0302/autobahn-test/benchmark/.parameters-0.json
2026-02-03 19:39:53,844 - cmab.trainer - INFO - 🚩 Created RL parameter update signal file (epoch 14): /tmp/autobahn_rl_param_update_14.signal
2026-02-03 19:39:53,844 - cmab.trainer - INFO - Applied params: {'batch_size': 750000, 'header_size': 64, 'cut_condition_type': 1, 'fast_path_timeout': 100, 'k': 3}
2026-02-03 19:39:53,844 - cmab.trainer - INFO - Waiting for next metrics file...
2026-02-03 19:39:56,051 - cmab.trainer - WARNING - Detected abandon signal for epoch 14, using action from epoch 14 for update
[Parallel(n_jobs=1)]: Done  10 out of  10 | elapsed:    0.0s finished
[Parallel(n_jobs=1)]: Done  10 out of  10 | elapsed:    0.0s finished
2026-02-03 19:39:56,061 - cmab.policy - INFO - RF Updated: samples=15, MSE=0.025611
2026-02-03 19:39:56,061 - cmab.trainer - INFO - Iteration 15 : context=[10.614044 10.614044 10.614044 10.614044  1.      ] arm=batch_size=100000,header_size=32,cut_condition_type=1,fast_path_timeout=400,k=3 params={'batch_size': 100000, 'header_size': 32, 'cut_condition_type': 1, 'fast_path_timeout': 400, 'k': 3}
2026-02-03 19:39:56,061 - cmab.trainer - INFO - Iteration 15 reward=0.653561 avg_reward(50)=0.521225 last_metrics=epoch_15_slot_1821.json top_arm=batch_size=750000,header_size=32,cut_condition_type=3,fast_path_timeout=0,k=1 top_ratio=0.13
2026-02-03 19:39:56,064 - cmab.policy - INFO - ================================================================================
2026-02-03 19:39:56,064 - cmab.policy - INFO - SELECT ARM - Detailed Prediction Analysis
2026-02-03 19:39:56,064 - cmab.policy - INFO - Context: [10.55356 10.55356 10.55356 10.55356  1.     ]
2026-02-03 19:39:56,064 - cmab.policy - INFO - Number of trees in forest: 10
2026-02-03 19:39:56,064 - cmab.policy - INFO - 
2026-02-03 19:39:56,064 - cmab.policy - INFO - Prediction statistics across all trees:
2026-02-03 19:39:56,064 - cmab.policy - INFO -   Mean predictions (top 5 arms): [0.740902, 0.740902, 0.729108, 0.729108, 0.729108]
2026-02-03 19:39:56,064 - cmab.policy - INFO -   Std predictions (top 5 arms): [0.078987, 0.078987, 0.062812, 0.062812, 0.062812]
2026-02-03 19:39:56,064 - cmab.policy - INFO - 
2026-02-03 19:39:56,064 - cmab.policy - INFO - Top 5 arms by mean prediction:
2026-02-03 19:39:56,064 - cmab.policy - INFO -   #1: arm=batch_size=100000,header_size=32,cut_condition_type=1,fast_path_timeout=0,k=3, mean=0.740902, std=0.078987
2026-02-03 19:39:56,064 - cmab.policy - INFO -   #2: arm=batch_size=100000,header_size=32,cut_condition_type=1,fast_path_timeout=100,k=3, mean=0.740902, std=0.078987
2026-02-03 19:39:56,064 - cmab.policy - INFO -   #3: arm=batch_size=750000,header_size=32,cut_condition_type=1,fast_path_timeout=100,k=3, mean=0.729108, std=0.062812
2026-02-03 19:39:56,064 - cmab.policy - INFO -   #4: arm=batch_size=500000,header_size=32,cut_condition_type=1,fast_path_timeout=0,k=3, mean=0.729108, std=0.062812
2026-02-03 19:39:56,064 - cmab.policy - INFO -   #5: arm=batch_size=750000,header_size=32,cut_condition_type=1,fast_path_timeout=0,k=3, mean=0.729108, std=0.062812
2026-02-03 19:39:56,064 - cmab.policy - INFO - 
2026-02-03 19:39:56,064 - cmab.policy - INFO - Selected tree #2 for Thompson Sampling:
2026-02-03 19:39:56,064 - cmab.policy - INFO -   Tree depth: 3
2026-02-03 19:39:56,064 - cmab.policy - INFO -   Tree nodes: 9
2026-02-03 19:39:56,064 - cmab.policy - INFO -   Tree leaves: 5
2026-02-03 19:39:56,065 - cmab.policy - INFO -   Tree shape: (nodes=9, leaves=5, depth=3)
2026-02-03 19:39:56,065 - cmab.policy - INFO -   Tree feature importances: [0.0091186  0.         0.         0.         0.61656333 0.
 0.35474175 0.         0.         0.01957632]
2026-02-03 19:39:56,066 - cmab.policy - INFO -   Forest feature importances: [0.18085073 0.09608151 0.00385189 0.01015519 0.06165633 0.00175248
 0.37757604 0.10738238 0.02775171 0.13294174]
2026-02-03 19:39:56,067 - cmab.policy - INFO -   Top 5 predictions from this tree:
2026-02-03 19:39:56,067 - cmab.policy - INFO -     #1: arm=batch_size=750000,header_size=32,cut_condition_type=1,fast_path_timeout=400,k=3, pred=0.731385
2026-02-03 19:39:56,067 - cmab.policy - INFO -     #2: arm=batch_size=500000,header_size=32,cut_condition_type=1,fast_path_timeout=400,k=3, pred=0.731385
2026-02-03 19:39:56,067 - cmab.policy - INFO -     #3: arm=batch_size=750000,header_size=32,cut_condition_type=3,fast_path_timeout=400,k=3, pred=0.731385
2026-02-03 19:39:56,067 - cmab.policy - INFO -     #4: arm=batch_size=500000,header_size=32,cut_condition_type=3,fast_path_timeout=400,k=3, pred=0.731385
2026-02-03 19:39:56,067 - cmab.policy - INFO -     #5: arm=batch_size=750000,header_size=32,cut_condition_type=1,fast_path_timeout=100,k=3, pred=0.731385
2026-02-03 19:39:56,067 - cmab.policy - INFO - 
2026-02-03 19:39:56,067 - cmab.policy - INFO -   Found 18 arms with same max prediction (0.731385), randomly selecting one...
2026-02-03 19:39:56,067 - cmab.policy - INFO - 
2026-02-03 19:39:56,067 - cmab.policy - INFO - ✓ SELECTED ARM: batch_size=100000,header_size=32,cut_condition_type=1,fast_path_timeout=400,k=3 (prediction=0.731385)
2026-02-03 19:39:56,067 - cmab.policy - INFO - ================================================================================
2026-02-03 19:39:56,089 - cmab.trainer - INFO - Updated parameters file: /home/ccclr0302/autobahn-test/benchmark/.parameters-0.json
2026-02-03 19:39:56,090 - cmab.trainer - INFO - 🚩 Created RL parameter update signal file (epoch 15): /tmp/autobahn_rl_param_update_15.signal
2026-02-03 19:39:56,090 - cmab.trainer - INFO - Applied params: {'batch_size': 100000, 'header_size': 32, 'cut_condition_type': 1, 'fast_path_timeout': 400, 'k': 3}
2026-02-03 19:39:56,090 - cmab.trainer - INFO - Waiting for next metrics file...
2026-02-03 19:39:58,396 - cmab.trainer - WARNING - Detected abandon signal for epoch 15, using action from epoch 15 for update
2026-02-03 19:39:58,397 - cmab.trainer - INFO - Iteration 16 : context=[10.55356 10.55356 10.55356 10.55356  1.     ] arm=batch_size=750000,header_size=64,cut_condition_type=1,fast_path_timeout=100,k=3 params={'batch_size': 750000, 'header_size': 64, 'cut_condition_type': 1, 'fast_path_timeout': 100, 'k': 3}
2026-02-03 19:39:58,397 - cmab.trainer - INFO - Iteration 16 reward=0.737255 avg_reward(50)=0.534726 last_metrics=epoch_16_slot_1940.json top_arm=batch_size=750000,header_size=32,cut_condition_type=3,fast_path_timeout=0,k=1 top_ratio=0.12
2026-02-03 19:39:58,399 - cmab.policy - INFO - ================================================================================
2026-02-03 19:39:58,399 - cmab.policy - INFO - SELECT ARM - Detailed Prediction Analysis
2026-02-03 19:39:58,399 - cmab.policy - INFO - Context: [10.509524 10.509524 10.509524 10.509524  1.      ]
2026-02-03 19:39:58,400 - cmab.policy - INFO - Number of trees in forest: 10
2026-02-03 19:39:58,400 - cmab.policy - INFO - 
2026-02-03 19:39:58,400 - cmab.policy - INFO - Prediction statistics across all trees:
2026-02-03 19:39:58,400 - cmab.policy - INFO -   Mean predictions (top 5 arms): [0.740902, 0.740902, 0.729108, 0.729108, 0.729108]
2026-02-03 19:39:58,400 - cmab.policy - INFO -   Std predictions (top 5 arms): [0.078987, 0.078987, 0.062812, 0.062812, 0.062812]
2026-02-03 19:39:58,400 - cmab.policy - INFO - 
2026-02-03 19:39:58,400 - cmab.policy - INFO - Top 5 arms by mean prediction:
2026-02-03 19:39:58,400 - cmab.policy - INFO -   #1: arm=batch_size=100000,header_size=32,cut_condition_type=1,fast_path_timeout=0,k=3, mean=0.740902, std=0.078987
2026-02-03 19:39:58,400 - cmab.policy - INFO -   #2: arm=batch_size=100000,header_size=32,cut_condition_type=1,fast_path_timeout=100,k=3, mean=0.740902, std=0.078987
2026-02-03 19:39:58,400 - cmab.policy - INFO -   #3: arm=batch_size=750000,header_size=32,cut_condition_type=1,fast_path_timeout=100,k=3, mean=0.729108, std=0.062812
2026-02-03 19:39:58,400 - cmab.policy - INFO -   #4: arm=batch_size=500000,header_size=32,cut_condition_type=1,fast_path_timeout=0,k=3, mean=0.729108, std=0.062812
2026-02-03 19:39:58,400 - cmab.policy - INFO -   #5: arm=batch_size=750000,header_size=32,cut_condition_type=1,fast_path_timeout=0,k=3, mean=0.729108, std=0.062812
2026-02-03 19:39:58,400 - cmab.policy - INFO - 
2026-02-03 19:39:58,400 - cmab.policy - INFO - Selected tree #3 for Thompson Sampling:
2026-02-03 19:39:58,400 - cmab.policy - INFO -   Tree depth: 2
2026-02-03 19:39:58,400 - cmab.policy - INFO -   Tree nodes: 7
2026-02-03 19:39:58,400 - cmab.policy - INFO -   Tree leaves: 4
2026-02-03 19:39:58,400 - cmab.policy - INFO -   Tree shape: (nodes=7, leaves=4, depth=2)
2026-02-03 19:39:58,400 - cmab.policy - INFO -   Tree feature importances: [0.27967348 0.64339358 0.         0.         0.         0.
 0.07693294 0.         0.         0.        ]
2026-02-03 19:39:58,402 - cmab.policy - INFO -   Forest feature importances: [0.18085073 0.09608151 0.00385189 0.01015519 0.06165633 0.00175248
 0.37757604 0.10738238 0.02775171 0.13294174]
2026-02-03 19:39:58,402 - cmab.policy - INFO -   Top 5 predictions from this tree:
2026-02-03 19:39:58,402 - cmab.policy - INFO -     #1: arm=batch_size=750000,header_size=128,cut_condition_type=3,fast_path_timeout=400,k=3, pred=0.816863
2026-02-03 19:39:58,402 - cmab.policy - INFO -     #2: arm=batch_size=500000,header_size=32,cut_condition_type=1,fast_path_timeout=100,k=3, pred=0.816863
2026-02-03 19:39:58,402 - cmab.policy - INFO -     #3: arm=batch_size=100000,header_size=128,cut_condition_type=1,fast_path_timeout=400,k=1, pred=0.816863
2026-02-03 19:39:58,402 - cmab.policy - INFO -     #4: arm=batch_size=100000,header_size=128,cut_condition_type=1,fast_path_timeout=400,k=3, pred=0.816863
2026-02-03 19:39:58,402 - cmab.policy - INFO -     #5: arm=batch_size=100000,header_size=128,cut_condition_type=3,fast_path_timeout=0,k=1, pred=0.816863
2026-02-03 19:39:58,402 - cmab.policy - INFO - 
2026-02-03 19:39:58,402 - cmab.policy - INFO -   Found 108 arms with same max prediction (0.816863), randomly selecting one...
2026-02-03 19:39:58,402 - cmab.policy - INFO - 
2026-02-03 19:39:58,402 - cmab.policy - INFO - ✓ SELECTED ARM: batch_size=750000,header_size=128,cut_condition_type=1,fast_path_timeout=0,k=3 (prediction=0.816863)
2026-02-03 19:39:58,402 - cmab.policy - INFO - ================================================================================
2026-02-03 19:39:58,407 - cmab.trainer - INFO - Updated parameters file: /home/ccclr0302/autobahn-test/benchmark/.parameters-0.json
2026-02-03 19:39:58,407 - cmab.trainer - INFO - 🚩 Created RL parameter update signal file (epoch 16): /tmp/autobahn_rl_param_update_16.signal
2026-02-03 19:39:58,407 - cmab.trainer - INFO - Applied params: {'batch_size': 750000, 'header_size': 128, 'cut_condition_type': 1, 'fast_path_timeout': 0, 'k': 3}
2026-02-03 19:39:58,407 - cmab.trainer - INFO - Waiting for next metrics file...
2026-02-03 19:40:00,613 - cmab.trainer - WARNING - Detected abandon signal for epoch 16, using action from epoch 16 for update
2026-02-03 19:40:00,614 - cmab.trainer - INFO - Iteration 17 : context=[10.509524 10.509524 10.509524 10.509524  1.      ] arm=batch_size=100000,header_size=32,cut_condition_type=1,fast_path_timeout=400,k=3 params={'batch_size': 100000, 'header_size': 32, 'cut_condition_type': 1, 'fast_path_timeout': 400, 'k': 3}
2026-02-03 19:40:00,614 - cmab.trainer - INFO - Iteration 17 reward=0.711144 avg_reward(50)=0.545104 last_metrics=epoch_17_slot_2060.json top_arm=batch_size=750000,header_size=32,cut_condition_type=3,fast_path_timeout=0,k=1 top_ratio=0.12
2026-02-03 19:40:00,616 - cmab.policy - INFO - ================================================================================
2026-02-03 19:40:00,616 - cmab.policy - INFO - SELECT ARM - Detailed Prediction Analysis
2026-02-03 19:40:00,617 - cmab.policy - INFO - Context: [10.700397 10.700397 10.700397 10.700397  1.      ]
2026-02-03 19:40:00,617 - cmab.policy - INFO - Number of trees in forest: 10
2026-02-03 19:40:00,617 - cmab.policy - INFO - 
2026-02-03 19:40:00,617 - cmab.policy - INFO - Prediction statistics across all trees:
2026-02-03 19:40:00,617 - cmab.policy - INFO -   Mean predictions (top 5 arms): [0.692317, 0.692317, 0.680523, 0.680523, 0.680523]
2026-02-03 19:40:00,617 - cmab.policy - INFO -   Std predictions (top 5 arms): [0.130412, 0.130412, 0.116480, 0.116480, 0.116480]
2026-02-03 19:40:00,617 - cmab.policy - INFO - 
2026-02-03 19:40:00,617 - cmab.policy - INFO - Top 5 arms by mean prediction:
2026-02-03 19:40:00,617 - cmab.policy - INFO -   #1: arm=batch_size=100000,header_size=32,cut_condition_type=1,fast_path_timeout=0,k=3, mean=0.692317, std=0.130412
2026-02-03 19:40:00,617 - cmab.policy - INFO -   #2: arm=batch_size=100000,header_size=32,cut_condition_type=1,fast_path_timeout=100,k=3, mean=0.692317, std=0.130412
2026-02-03 19:40:00,617 - cmab.policy - INFO -   #3: arm=batch_size=750000,header_size=32,cut_condition_type=1,fast_path_timeout=0,k=3, mean=0.680523, std=0.116480
2026-02-03 19:40:00,617 - cmab.policy - INFO -   #4: arm=batch_size=750000,header_size=32,cut_condition_type=1,fast_path_timeout=100,k=3, mean=0.680523, std=0.116480
2026-02-03 19:40:00,617 - cmab.policy - INFO -   #5: arm=batch_size=500000,header_size=32,cut_condition_type=1,fast_path_timeout=100,k=3, mean=0.680523, std=0.116480
2026-02-03 19:40:00,617 - cmab.policy - INFO - 
2026-02-03 19:40:00,617 - cmab.policy - INFO - Selected tree #10 for Thompson Sampling:
2026-02-03 19:40:00,617 - cmab.policy - INFO -   Tree depth: 3
2026-02-03 19:40:00,617 - cmab.policy - INFO -   Tree nodes: 7
2026-02-03 19:40:00,617 - cmab.policy - INFO -   Tree leaves: 4
2026-02-03 19:40:00,617 - cmab.policy - INFO -   Tree shape: (nodes=7, leaves=4, depth=3)
2026-02-03 19:40:00,617 - cmab.policy - INFO -   Tree feature importances: [0.         0.         0.         0.10155194 0.         0.
 0.41695458 0.48149347 0.         0.        ]
2026-02-03 19:40:00,619 - cmab.policy - INFO -   Forest feature importances: [0.18085073 0.09608151 0.00385189 0.01015519 0.06165633 0.00175248
 0.37757604 0.10738238 0.02775171 0.13294174]
2026-02-03 19:40:00,619 - cmab.policy - INFO -   Top 5 predictions from this tree:
2026-02-03 19:40:00,619 - cmab.policy - INFO -     #1: arm=batch_size=500000,header_size=64,cut_condition_type=1,fast_path_timeout=400,k=3, pred=0.821257
2026-02-03 19:40:00,619 - cmab.policy - INFO -     #2: arm=batch_size=500000,header_size=64,cut_condition_type=1,fast_path_timeout=0,k=3, pred=0.821257
2026-02-03 19:40:00,619 - cmab.policy - INFO -     #3: arm=batch_size=500000,header_size=32,cut_condition_type=1,fast_path_timeout=0,k=3, pred=0.821257
2026-02-03 19:40:00,620 - cmab.policy - INFO -     #4: arm=batch_size=500000,header_size=32,cut_condition_type=1,fast_path_timeout=100,k=1, pred=0.821257
2026-02-03 19:40:00,620 - cmab.policy - INFO -     #5: arm=batch_size=500000,header_size=32,cut_condition_type=1,fast_path_timeout=100,k=3, pred=0.821257
2026-02-03 19:40:00,620 - cmab.policy - INFO - 
2026-02-03 19:40:00,620 - cmab.policy - INFO -   Found 54 arms with same max prediction (0.821257), randomly selecting one...
2026-02-03 19:40:00,620 - cmab.policy - INFO - 
2026-02-03 19:40:00,620 - cmab.policy - INFO - ✓ SELECTED ARM: batch_size=100000,header_size=128,cut_condition_type=1,fast_path_timeout=0,k=1 (prediction=0.821257)
2026-02-03 19:40:00,620 - cmab.policy - INFO - ================================================================================
2026-02-03 19:40:00,623 - cmab.trainer - INFO - Updated parameters file: /home/ccclr0302/autobahn-test/benchmark/.parameters-0.json
2026-02-03 19:40:00,623 - cmab.trainer - INFO - 🚩 Created RL parameter update signal file (epoch 17): /tmp/autobahn_rl_param_update_17.signal
2026-02-03 19:40:00,623 - cmab.trainer - INFO - Applied params: {'batch_size': 100000, 'header_size': 128, 'cut_condition_type': 1, 'fast_path_timeout': 0, 'k': 1}
2026-02-03 19:40:00,623 - cmab.trainer - INFO - Waiting for next metrics file...
2026-02-03 19:40:03,632 - cmab.trainer - WARNING - Detected abandon signal for epoch 17, using action from epoch 17 for update
2026-02-03 19:40:03,632 - cmab.trainer - INFO - Iteration 18 : context=[10.700397 10.700397 10.700397 10.700397  1.      ] arm=batch_size=750000,header_size=128,cut_condition_type=1,fast_path_timeout=0,k=3 params={'batch_size': 750000, 'header_size': 128, 'cut_condition_type': 1, 'fast_path_timeout': 0, 'k': 3}
2026-02-03 19:40:03,632 - cmab.trainer - INFO - Iteration 18 reward=0.399411 avg_reward(50)=0.537010 last_metrics=epoch_18_slot_2180.json top_arm=batch_size=750000,header_size=32,cut_condition_type=3,fast_path_timeout=0,k=1 top_ratio=0.11
2026-02-03 19:40:03,635 - cmab.policy - INFO - ================================================================================
2026-02-03 19:40:03,796 - cmab.policy - INFO - SELECT ARM - Detailed Prediction Analysis
2026-02-03 19:40:03,796 - cmab.policy - INFO - Context: [4.783853  3.5878897 4.783853  3.5878897 1.       ]
2026-02-03 19:40:03,796 - cmab.policy - INFO - Number of trees in forest: 10
2026-02-03 19:40:03,796 - cmab.policy - INFO - 
2026-02-03 19:40:03,796 - cmab.policy - INFO - Prediction statistics across all trees:
2026-02-03 19:40:03,796 - cmab.policy - INFO -   Mean predictions (top 5 arms): [0.685379, 0.685379, 0.673584, 0.673584, 0.673584]
2026-02-03 19:40:03,796 - cmab.policy - INFO -   Std predictions (top 5 arms): [0.240955, 0.240955, 0.233358, 0.233358, 0.233358]
2026-02-03 19:40:03,796 - cmab.policy - INFO - 
2026-02-03 19:40:03,796 - cmab.policy - INFO - Top 5 arms by mean prediction:
2026-02-03 19:40:03,796 - cmab.policy - INFO -   #1: arm=batch_size=100000,header_size=32,cut_condition_type=1,fast_path_timeout=0,k=3, mean=0.685379, std=0.240955
2026-02-03 19:40:03,796 - cmab.policy - INFO -   #2: arm=batch_size=100000,header_size=32,cut_condition_type=1,fast_path_timeout=100,k=3, mean=0.685379, std=0.240955
2026-02-03 19:40:03,797 - cmab.policy - INFO -   #3: arm=batch_size=750000,header_size=32,cut_condition_type=1,fast_path_timeout=100,k=3, mean=0.673584, std=0.233358
2026-02-03 19:40:03,797 - cmab.policy - INFO -   #4: arm=batch_size=750000,header_size=32,cut_condition_type=1,fast_path_timeout=0,k=3, mean=0.673584, std=0.233358
2026-02-03 19:40:03,797 - cmab.policy - INFO -   #5: arm=batch_size=500000,header_size=32,cut_condition_type=1,fast_path_timeout=100,k=3, mean=0.673584, std=0.233358
2026-02-03 19:40:03,797 - cmab.policy - INFO - 
2026-02-03 19:40:03,797 - cmab.policy - INFO - Selected tree #1 for Thompson Sampling:
2026-02-03 19:40:03,797 - cmab.policy - INFO -   Tree depth: 3
2026-02-03 19:40:03,797 - cmab.policy - INFO -   Tree nodes: 7
2026-02-03 19:40:03,797 - cmab.policy - INFO -   Tree leaves: 4
2026-02-03 19:40:03,797 - cmab.policy - INFO -   Tree shape: (nodes=7, leaves=4, depth=3)
2026-02-03 19:40:03,797 - cmab.policy - INFO -   Tree feature importances: [0.         0.20199503 0.03545839 0.         0.         0.
 0.76254658 0.         0.         0.        ]
2026-02-03 19:40:03,799 - cmab.policy - INFO -   Forest feature importances: [0.18085073 0.09608151 0.00385189 0.01015519 0.06165633 0.00175248
 0.37757604 0.10738238 0.02775171 0.13294174]
2026-02-03 19:40:03,799 - cmab.policy - INFO -   Top 5 predictions from this tree:
2026-02-03 19:40:03,799 - cmab.policy - INFO -     #1: arm=batch_size=500000,header_size=64,cut_condition_type=1,fast_path_timeout=400,k=3, pred=0.606805
2026-02-03 19:40:03,799 - cmab.policy - INFO -     #2: arm=batch_size=500000,header_size=32,cut_condition_type=3,fast_path_timeout=400,k=1, pred=0.606805
2026-02-03 19:40:03,799 - cmab.policy - INFO -     #3: arm=batch_size=500000,header_size=32,cut_condition_type=1,fast_path_timeout=0,k=3, pred=0.606805
2026-02-03 19:40:03,799 - cmab.policy - INFO -     #4: arm=batch_size=500000,header_size=32,cut_condition_type=1,fast_path_timeout=100,k=1, pred=0.606805
2026-02-03 19:40:03,799 - cmab.policy - INFO -     #5: arm=batch_size=500000,header_size=32,cut_condition_type=1,fast_path_timeout=100,k=3, pred=0.606805
2026-02-03 19:40:03,799 - cmab.policy - INFO - 
2026-02-03 19:40:03,799 - cmab.policy - INFO -   Found 72 arms with same max prediction (0.606805), randomly selecting one...
2026-02-03 19:40:03,799 - cmab.policy - INFO - 
2026-02-03 19:40:03,799 - cmab.policy - INFO - ✓ SELECTED ARM: batch_size=100000,header_size=32,cut_condition_type=3,fast_path_timeout=0,k=3 (prediction=0.606805)
2026-02-03 19:40:03,800 - cmab.policy - INFO - ================================================================================
2026-02-03 19:40:03,943 - cmab.trainer - INFO - Updated parameters file: /home/ccclr0302/autobahn-test/benchmark/.parameters-0.json
2026-02-03 19:40:03,943 - cmab.trainer - INFO - 🚩 Created RL parameter update signal file (epoch 18): /tmp/autobahn_rl_param_update_18.signal
2026-02-03 19:40:03,944 - cmab.trainer - INFO - Applied params: {'batch_size': 100000, 'header_size': 32, 'cut_condition_type': 3, 'fast_path_timeout': 0, 'k': 3}
2026-02-03 19:40:03,944 - cmab.trainer - INFO - Waiting for next metrics file...
2026-02-03 19:40:06,551 - cmab.trainer - WARNING - Detected abandon signal for epoch 18, using action from epoch 18 for update
2026-02-03 19:40:06,551 - cmab.trainer - INFO - Iteration 19 : context=[4.783853  3.5878897 4.783853  3.5878897 1.       ] arm=batch_size=100000,header_size=128,cut_condition_type=1,fast_path_timeout=0,k=1 params={'batch_size': 100000, 'header_size': 128, 'cut_condition_type': 1, 'fast_path_timeout': 0, 'k': 1}
2026-02-03 19:40:06,552 - cmab.trainer - INFO - Iteration 19 reward=0.587357 avg_reward(50)=0.539660 last_metrics=epoch_19_slot_2300.json top_arm=batch_size=750000,header_size=32,cut_condition_type=3,fast_path_timeout=0,k=1 top_ratio=0.11
2026-02-03 19:40:06,555 - cmab.policy - INFO - ================================================================================
2026-02-03 19:40:06,555 - cmab.policy - INFO - SELECT ARM - Detailed Prediction Analysis
2026-02-03 19:40:06,555 - cmab.policy - INFO - Context: [10.877271 10.877271  8.701817 10.877271  1.      ]
2026-02-03 19:40:06,555 - cmab.policy - INFO - Number of trees in forest: 10
2026-02-03 19:40:06,555 - cmab.policy - INFO - 
2026-02-03 19:40:06,555 - cmab.policy - INFO - Prediction statistics across all trees:
2026-02-03 19:40:06,555 - cmab.policy - INFO -   Mean predictions (top 5 arms): [0.692317, 0.692317, 0.680523, 0.680523, 0.680523]
2026-02-03 19:40:06,555 - cmab.policy - INFO -   Std predictions (top 5 arms): [0.130412, 0.130412, 0.116480, 0.116480, 0.116480]
2026-02-03 19:40:06,555 - cmab.policy - INFO - 
2026-02-03 19:40:06,555 - cmab.policy - INFO - Top 5 arms by mean prediction:
2026-02-03 19:40:06,555 - cmab.policy - INFO -   #1: arm=batch_size=100000,header_size=32,cut_condition_type=1,fast_path_timeout=0,k=3, mean=0.692317, std=0.130412
2026-02-03 19:40:06,555 - cmab.policy - INFO -   #2: arm=batch_size=100000,header_size=32,cut_condition_type=1,fast_path_timeout=100,k=3, mean=0.692317, std=0.130412
2026-02-03 19:40:06,555 - cmab.policy - INFO -   #3: arm=batch_size=750000,header_size=32,cut_condition_type=1,fast_path_timeout=0,k=3, mean=0.680523, std=0.116480
2026-02-03 19:40:06,555 - cmab.policy - INFO -   #4: arm=batch_size=750000,header_size=32,cut_condition_type=1,fast_path_timeout=100,k=3, mean=0.680523, std=0.116480
2026-02-03 19:40:06,555 - cmab.policy - INFO -   #5: arm=batch_size=500000,header_size=32,cut_condition_type=1,fast_path_timeout=100,k=3, mean=0.680523, std=0.116480
2026-02-03 19:40:06,555 - cmab.policy - INFO - 
2026-02-03 19:40:06,555 - cmab.policy - INFO - Selected tree #4 for Thompson Sampling:
2026-02-03 19:40:06,556 - cmab.policy - INFO -   Tree depth: 3
2026-02-03 19:40:06,556 - cmab.policy - INFO -   Tree nodes: 7
2026-02-03 19:40:06,556 - cmab.policy - INFO -   Tree leaves: 4
2026-02-03 19:40:06,556 - cmab.policy - INFO -   Tree shape: (nodes=7, leaves=4, depth=3)
2026-02-03 19:40:06,556 - cmab.policy - INFO -   Tree feature importances: [0.08959084 0.         0.00181695 0.         0.         0.
 0.90859222 0.         0.         0.        ]
2026-02-03 19:40:06,558 - cmab.policy - INFO -   Forest feature importances: [0.18085073 0.09608151 0.00385189 0.01015519 0.06165633 0.00175248
 0.37757604 0.10738238 0.02775171 0.13294174]
2026-02-03 19:40:06,558 - cmab.policy - INFO -   Top 5 predictions from this tree:
2026-02-03 19:40:06,558 - cmab.policy - INFO -     #1: arm=batch_size=500000,header_size=64,cut_condition_type=1,fast_path_timeout=400,k=3, pred=0.542154
2026-02-03 19:40:06,558 - cmab.policy - INFO -     #2: arm=batch_size=500000,header_size=32,cut_condition_type=3,fast_path_timeout=400,k=1, pred=0.542154
2026-02-03 19:40:06,558 - cmab.policy - INFO -     #3: arm=batch_size=500000,header_size=32,cut_condition_type=1,fast_path_timeout=0,k=3, pred=0.542154
2026-02-03 19:40:06,558 - cmab.policy - INFO -     #4: arm=batch_size=500000,header_size=32,cut_condition_type=1,fast_path_timeout=100,k=1, pred=0.542154
2026-02-03 19:40:06,558 - cmab.policy - INFO -     #5: arm=batch_size=500000,header_size=32,cut_condition_type=1,fast_path_timeout=100,k=3, pred=0.542154
2026-02-03 19:40:06,558 - cmab.policy - INFO - 
2026-02-03 19:40:06,558 - cmab.policy - INFO -   Found 72 arms with same max prediction (0.542154), randomly selecting one...
2026-02-03 19:40:06,558 - cmab.policy - INFO - 
2026-02-03 19:40:06,558 - cmab.policy - INFO - ✓ SELECTED ARM: batch_size=100000,header_size=32,cut_condition_type=3,fast_path_timeout=0,k=1 (prediction=0.542154)
2026-02-03 19:40:06,558 - cmab.policy - INFO - ================================================================================
2026-02-03 19:40:06,561 - cmab.trainer - INFO - Updated parameters file: /home/ccclr0302/autobahn-test/benchmark/.parameters-0.json
2026-02-03 19:40:06,561 - cmab.trainer - INFO - 🚩 Created RL parameter update signal file (epoch 19): /tmp/autobahn_rl_param_update_19.signal
2026-02-03 19:40:06,561 - cmab.trainer - INFO - Applied params: {'batch_size': 100000, 'header_size': 32, 'cut_condition_type': 3, 'fast_path_timeout': 0, 'k': 1}
2026-02-03 19:40:06,561 - cmab.trainer - INFO - Waiting for next metrics file...
2026-02-03 19:40:08,066 - cmab.trainer - WARNING - Detected abandon signal for epoch 19, using action from epoch 19 for update
[Parallel(n_jobs=1)]: Done  10 out of  10 | elapsed:    0.0s finished
[Parallel(n_jobs=1)]: Done  10 out of  10 | elapsed:    0.0s finished
2026-02-03 19:40:08,076 - cmab.policy - INFO - RF Updated: samples=20, MSE=0.022958
2026-02-03 19:40:08,076 - cmab.trainer - INFO - Iteration 20 : context=[10.877271 10.877271  8.701817 10.877271  1.      ] arm=batch_size=100000,header_size=32,cut_condition_type=3,fast_path_timeout=0,k=3 params={'batch_size': 100000, 'header_size': 32, 'cut_condition_type': 3, 'fast_path_timeout': 0, 'k': 3}
2026-02-03 19:40:08,076 - cmab.trainer - INFO - Iteration 20 reward=0.725550 avg_reward(50)=0.548954 last_metrics=epoch_20_slot_2420.json top_arm=batch_size=750000,header_size=32,cut_condition_type=3,fast_path_timeout=0,k=1 top_ratio=0.10
2026-02-03 19:40:08,080 - cmab.trainer - INFO - Saved checkpoint: /tmp/cmab_continuous_checkpoints/cmab_checkpoint_20.pkl
2026-02-03 19:40:08,083 - cmab.policy - INFO - ================================================================================
2026-02-03 19:40:08,083 - cmab.policy - INFO - SELECT ARM - Detailed Prediction Analysis
2026-02-03 19:40:08,083 - cmab.policy - INFO - Context: [12.21531  12.21531   9.161483 12.21531   1.      ]
2026-02-03 19:40:08,083 - cmab.policy - INFO - Number of trees in forest: 10
2026-02-03 19:40:08,083 - cmab.policy - INFO - 
2026-02-03 19:40:08,083 - cmab.policy - INFO - Prediction statistics across all trees:
2026-02-03 19:40:08,083 - cmab.policy - INFO -   Mean predictions (top 5 arms): [0.667958, 0.667958, 0.667958, 0.667958, 0.646343]
2026-02-03 19:40:08,083 - cmab.policy - INFO -   Std predictions (top 5 arms): [0.121964, 0.121964, 0.121964, 0.121964, 0.132940]
2026-02-03 19:40:08,083 - cmab.policy - INFO - 
2026-02-03 19:40:08,083 - cmab.policy - INFO - Top 5 arms by mean prediction:
2026-02-03 19:40:08,083 - cmab.policy - INFO -   #1: arm=batch_size=100000,header_size=32,cut_condition_type=1,fast_path_timeout=0,k=3, mean=0.667958, std=0.121964
2026-02-03 19:40:08,083 - cmab.policy - INFO -   #2: arm=batch_size=100000,header_size=32,cut_condition_type=1,fast_path_timeout=100,k=3, mean=0.667958, std=0.121964
2026-02-03 19:40:08,083 - cmab.policy - INFO -   #3: arm=batch_size=100000,header_size=32,cut_condition_type=3,fast_path_timeout=0,k=3, mean=0.667958, std=0.121964
2026-02-03 19:40:08,083 - cmab.policy - INFO -   #4: arm=batch_size=100000,header_size=32,cut_condition_type=3,fast_path_timeout=100,k=3, mean=0.667958, std=0.121964
2026-02-03 19:40:08,083 - cmab.policy - INFO -   #5: arm=batch_size=500000,header_size=32,cut_condition_type=3,fast_path_timeout=0,k=3, mean=0.646343, std=0.132940
2026-02-03 19:40:08,083 - cmab.policy - INFO - 
2026-02-03 19:40:08,083 - cmab.policy - INFO - Selected tree #1 for Thompson Sampling:
2026-02-03 19:40:08,083 - cmab.policy - INFO -   Tree depth: 3
2026-02-03 19:40:08,083 - cmab.policy - INFO -   Tree nodes: 11
2026-02-03 19:40:08,083 - cmab.policy - INFO -   Tree leaves: 6
2026-02-03 19:40:08,084 - cmab.policy - INFO -   Tree shape: (nodes=11, leaves=6, depth=3)
2026-02-03 19:40:08,084 - cmab.policy - INFO -   Tree feature importances: [0.90818102 0.         0.00661881 0.         0.         0.
 0.03093005 0.05427012 0.         0.        ]
2026-02-03 19:40:08,085 - cmab.policy - INFO -   Forest feature importances: [0.23071289 0.08424511 0.00961197 0.07685415 0.01810112 0.13459711
 0.26139909 0.03840479 0.03111001 0.11496376]
2026-02-03 19:40:08,085 - cmab.policy - INFO -   Top 5 predictions from this tree:
2026-02-03 19:40:08,086 - cmab.policy - INFO -     #1: arm=batch_size=500000,header_size=64,cut_condition_type=1,fast_path_timeout=400,k=3, pred=0.493803
2026-02-03 19:40:08,086 - cmab.policy - INFO -     #2: arm=batch_size=500000,header_size=32,cut_condition_type=3,fast_path_timeout=400,k=1, pred=0.493803
2026-02-03 19:40:08,086 - cmab.policy - INFO -     #3: arm=batch_size=500000,header_size=32,cut_condition_type=1,fast_path_timeout=0,k=3, pred=0.493803
2026-02-03 19:40:08,086 - cmab.policy - INFO -     #4: arm=batch_size=500000,header_size=32,cut_condition_type=1,fast_path_timeout=100,k=1, pred=0.493803
2026-02-03 19:40:08,086 - cmab.policy - INFO -     #5: arm=batch_size=500000,header_size=32,cut_condition_type=1,fast_path_timeout=100,k=3, pred=0.493803
2026-02-03 19:40:08,086 - cmab.policy - INFO - 
2026-02-03 19:40:08,086 - cmab.policy - INFO -   Found 72 arms with same max prediction (0.493803), randomly selecting one...
2026-02-03 19:40:08,086 - cmab.policy - INFO - 
2026-02-03 19:40:08,086 - cmab.policy - INFO - ✓ SELECTED ARM: batch_size=100000,header_size=32,cut_condition_type=3,fast_path_timeout=0,k=1 (prediction=0.493803)
2026-02-03 19:40:08,086 - cmab.policy - INFO - ================================================================================
2026-02-03 19:40:08,089 - cmab.trainer - INFO - Updated parameters file: /home/ccclr0302/autobahn-test/benchmark/.parameters-0.json
2026-02-03 19:40:08,089 - cmab.trainer - INFO - 🚩 Created RL parameter update signal file (epoch 20): /tmp/autobahn_rl_param_update_20.signal
2026-02-03 19:40:08,089 - cmab.trainer - INFO - Applied params: {'batch_size': 100000, 'header_size': 32, 'cut_condition_type': 3, 'fast_path_timeout': 0, 'k': 1}
2026-02-03 19:40:08,089 - cmab.trainer - INFO - Waiting for next metrics file...
2026-02-03 19:40:14,206 - cmab.trainer - INFO - Iteration 21 : context=[12.21531  12.21531   9.161483 12.21531   1.      ] arm=batch_size=100000,header_size=32,cut_condition_type=3,fast_path_timeout=0,k=1 params={'batch_size': 100000, 'header_size': 32, 'cut_condition_type': 3, 'fast_path_timeout': 0, 'k': 1}
2026-02-03 19:40:14,206 - cmab.trainer - INFO - Iteration 21 reward=0.924388 avg_reward(50)=0.566832 last_metrics=epoch_21_slot_2540.json top_arm=batch_size=750000,header_size=32,cut_condition_type=3,fast_path_timeout=0,k=1 top_ratio=0.10
2026-02-03 19:40:14,209 - cmab.policy - INFO - ================================================================================
2026-02-03 19:40:14,209 - cmab.policy - INFO - SELECT ARM - Detailed Prediction Analysis
2026-02-03 19:40:14,209 - cmab.policy - INFO - Context: [51.184643 56.782963 57.582726 59.182243  0.      ]
2026-02-03 19:40:14,209 - cmab.policy - INFO - Number of trees in forest: 10
2026-02-03 19:40:14,209 - cmab.policy - INFO - 
2026-02-03 19:40:14,209 - cmab.policy - INFO - Prediction statistics across all trees:
2026-02-03 19:40:14,209 - cmab.policy - INFO -   Mean predictions (top 5 arms): [0.616747, 0.616747, 0.616747, 0.616747, 0.614664]
2026-02-03 19:40:14,209 - cmab.policy - INFO -   Std predictions (top 5 arms): [0.194607, 0.194607, 0.194607, 0.194607, 0.181478]
2026-02-03 19:40:14,209 - cmab.policy - INFO - 
2026-02-03 19:40:14,209 - cmab.policy - INFO - Top 5 arms by mean prediction:
2026-02-03 19:40:14,209 - cmab.policy - INFO -   #1: arm=batch_size=100000,header_size=32,cut_condition_type=1,fast_path_timeout=0,k=3, mean=0.616747, std=0.194607
2026-02-03 19:40:14,209 - cmab.policy - INFO -   #2: arm=batch_size=100000,header_size=32,cut_condition_type=1,fast_path_timeout=100,k=3, mean=0.616747, std=0.194607
2026-02-03 19:40:14,210 - cmab.policy - INFO -   #3: arm=batch_size=100000,header_size=32,cut_condition_type=3,fast_path_timeout=100,k=3, mean=0.616747, std=0.194607
2026-02-03 19:40:14,210 - cmab.policy - INFO -   #4: arm=batch_size=100000,header_size=32,cut_condition_type=3,fast_path_timeout=0,k=3, mean=0.616747, std=0.194607
2026-02-03 19:40:14,210 - cmab.policy - INFO -   #5: arm=batch_size=100000,header_size=32,cut_condition_type=1,fast_path_timeout=0,k=1, mean=0.614664, std=0.181478
2026-02-03 19:40:14,210 - cmab.policy - INFO - 
2026-02-03 19:40:14,210 - cmab.policy - INFO - Selected tree #10 for Thompson Sampling:
2026-02-03 19:40:14,210 - cmab.policy - INFO -   Tree depth: 3
2026-02-03 19:40:14,210 - cmab.policy - INFO -   Tree nodes: 13
2026-02-03 19:40:14,210 - cmab.policy - INFO -   Tree leaves: 7
2026-02-03 19:40:14,210 - cmab.policy - INFO -   Tree shape: (nodes=13, leaves=7, depth=3)
2026-02-03 19:40:14,210 - cmab.policy - INFO -   Tree feature importances: [0.2767464  0.         0.05727205 0.         0.         0.
 0.         0.06102289 0.         0.60495865]
2026-02-03 19:40:14,212 - cmab.policy - INFO -   Forest feature importances: [0.23071289 0.08424511 0.00961197 0.07685415 0.01810112 0.13459711
 0.26139909 0.03840479 0.03111001 0.11496376]
2026-02-03 19:40:14,212 - cmab.policy - INFO -   Top 5 predictions from this tree:
2026-02-03 19:40:14,212 - cmab.policy - INFO -     #1: arm=batch_size=100000,header_size=32,cut_condition_type=1,fast_path_timeout=0,k=1, pred=0.577954
2026-02-03 19:40:14,212 - cmab.policy - INFO -     #2: arm=batch_size=100000,header_size=128,cut_condition_type=1,fast_path_timeout=100,k=1, pred=0.577954
2026-02-03 19:40:14,212 - cmab.policy - INFO -     #3: arm=batch_size=750000,header_size=32,cut_condition_type=1,fast_path_timeout=100,k=1, pred=0.577954
2026-02-03 19:40:14,212 - cmab.policy - INFO -     #4: arm=batch_size=750000,header_size=32,cut_condition_type=1,fast_path_timeout=0,k=1, pred=0.577954
2026-02-03 19:40:14,212 - cmab.policy - INFO -     #5: arm=batch_size=500000,header_size=128,cut_condition_type=3,fast_path_timeout=400,k=1, pred=0.577954
2026-02-03 19:40:14,212 - cmab.policy - INFO - 
2026-02-03 19:40:14,212 - cmab.policy - INFO -   Found 54 arms with same max prediction (0.577954), randomly selecting one...
2026-02-03 19:40:14,212 - cmab.policy - INFO - 
2026-02-03 19:40:14,212 - cmab.policy - INFO - ✓ SELECTED ARM: batch_size=100000,header_size=64,cut_condition_type=3,fast_path_timeout=400,k=1 (prediction=0.577954)
2026-02-03 19:40:14,212 - cmab.policy - INFO - ================================================================================
2026-02-03 19:40:14,216 - cmab.trainer - INFO - Updated parameters file: /home/ccclr0302/autobahn-test/benchmark/.parameters-0.json
2026-02-03 19:40:14,216 - cmab.trainer - INFO - 🚩 Created RL parameter update signal file (epoch 21): /tmp/autobahn_rl_param_update_21.signal
2026-02-03 19:40:14,216 - cmab.trainer - INFO - Applied params: {'batch_size': 100000, 'header_size': 64, 'cut_condition_type': 3, 'fast_path_timeout': 400, 'k': 1}
2026-02-03 19:40:14,216 - cmab.trainer - INFO - Waiting for next metrics file...
2026-02-03 19:40:22,474 - cmab.trainer - INFO - Iteration 22 : context=[51.184643 56.782963 57.582726 59.182243  0.      ] arm=batch_size=100000,header_size=64,cut_condition_type=3,fast_path_timeout=400,k=1 params={'batch_size': 100000, 'header_size': 64, 'cut_condition_type': 3, 'fast_path_timeout': 400, 'k': 1}
2026-02-03 19:40:22,475 - cmab.trainer - INFO - Iteration 22 reward=0.990283 avg_reward(50)=0.586080 last_metrics=epoch_22_slot_2660.json top_arm=batch_size=750000,header_size=32,cut_condition_type=3,fast_path_timeout=0,k=1 top_ratio=0.09
2026-02-03 19:40:22,478 - cmab.policy - INFO - ================================================================================
2026-02-03 19:40:22,478 - cmab.policy - INFO - SELECT ARM - Detailed Prediction Analysis
2026-02-03 19:40:22,478 - cmab.policy - INFO - Context: [36.95068  37.874447 38.798214 36.95068   1.      ]
2026-02-03 19:40:22,478 - cmab.policy - INFO - Number of trees in forest: 10
2026-02-03 19:40:22,478 - cmab.policy - INFO - 
2026-02-03 19:40:22,479 - cmab.policy - INFO - Prediction statistics across all trees:
2026-02-03 19:40:22,479 - cmab.policy - INFO -   Mean predictions (top 5 arms): [0.586134, 0.586134, 0.586134, 0.586134, 0.584051]
2026-02-03 19:40:22,479 - cmab.policy - INFO -   Std predictions (top 5 arms): [0.149569, 0.149569, 0.149569, 0.149569, 0.131552]
2026-02-03 19:40:22,479 - cmab.policy - INFO - 
2026-02-03 19:40:22,479 - cmab.policy - INFO - Top 5 arms by mean prediction:
2026-02-03 19:40:22,479 - cmab.policy - INFO -   #1: arm=batch_size=100000,header_size=32,cut_condition_type=1,fast_path_timeout=0,k=3, mean=0.586134, std=0.149569
2026-02-03 19:40:22,479 - cmab.policy - INFO -   #2: arm=batch_size=100000,header_size=32,cut_condition_type=1,fast_path_timeout=100,k=3, mean=0.586134, std=0.149569
2026-02-03 19:40:22,479 - cmab.policy - INFO -   #3: arm=batch_size=100000,header_size=32,cut_condition_type=3,fast_path_timeout=0,k=3, mean=0.586134, std=0.149569
2026-02-03 19:40:22,479 - cmab.policy - INFO -   #4: arm=batch_size=100000,header_size=32,cut_condition_type=3,fast_path_timeout=100,k=3, mean=0.586134, std=0.149569
2026-02-03 19:40:22,479 - cmab.policy - INFO -   #5: arm=batch_size=100000,header_size=32,cut_condition_type=1,fast_path_timeout=0,k=1, mean=0.584051, std=0.131552
2026-02-03 19:40:22,479 - cmab.policy - INFO - 
2026-02-03 19:40:22,479 - cmab.policy - INFO - Selected tree #8 for Thompson Sampling:
2026-02-03 19:40:22,479 - cmab.policy - INFO -   Tree depth: 4
2026-02-03 19:40:22,479 - cmab.policy - INFO -   Tree nodes: 11
2026-02-03 19:40:22,479 - cmab.policy - INFO -   Tree leaves: 6
2026-02-03 19:40:22,480 - cmab.policy - INFO -   Tree shape: (nodes=11, leaves=6, depth=4)
2026-02-03 19:40:22,480 - cmab.policy - INFO -   Tree feature importances: [0.         0.0028386  0.         0.         0.         0.
 0.80755943 0.         0.14132575 0.04827622]
2026-02-03 19:40:22,482 - cmab.policy - INFO -   Forest feature importances: [0.23071289 0.08424511 0.00961197 0.07685415 0.01810112 0.13459711
 0.26139909 0.03840479 0.03111001 0.11496376]
2026-02-03 19:40:22,482 - cmab.policy - INFO -   Top 5 predictions from this tree:
2026-02-03 19:40:22,482 - cmab.policy - INFO -     #1: arm=batch_size=500000,header_size=32,cut_condition_type=3,fast_path_timeout=0,k=3, pred=0.744316
2026-02-03 19:40:22,482 - cmab.policy - INFO -     #2: arm=batch_size=750000,header_size=32,cut_condition_type=3,fast_path_timeout=100,k=3, pred=0.744316
2026-02-03 19:40:22,482 - cmab.policy - INFO -     #3: arm=batch_size=100000,header_size=64,cut_condition_type=1,fast_path_timeout=100,k=3, pred=0.744316
2026-02-03 19:40:22,482 - cmab.policy - INFO -     #4: arm=batch_size=750000,header_size=64,cut_condition_type=1,fast_path_timeout=0,k=3, pred=0.744316
2026-02-03 19:40:22,482 - cmab.policy - INFO -     #5: arm=batch_size=500000,header_size=32,cut_condition_type=1,fast_path_timeout=100,k=3, pred=0.744316
2026-02-03 19:40:22,482 - cmab.policy - INFO - 
2026-02-03 19:40:22,482 - cmab.policy - INFO -   Found 24 arms with same max prediction (0.744316), randomly selecting one...
2026-02-03 19:40:22,482 - cmab.policy - INFO - 
2026-02-03 19:40:22,482 - cmab.policy - INFO - ✓ SELECTED ARM: batch_size=100000,header_size=32,cut_condition_type=3,fast_path_timeout=0,k=3 (prediction=0.744316)
2026-02-03 19:40:22,482 - cmab.policy - INFO - ================================================================================
2026-02-03 19:40:22,484 - cmab.trainer - INFO - Updated parameters file: /home/ccclr0302/autobahn-test/benchmark/.parameters-0.json
2026-02-03 19:40:22,485 - cmab.trainer - INFO - 🚩 Created RL parameter update signal file (epoch 22): /tmp/autobahn_rl_param_update_22.signal
2026-02-03 19:40:22,485 - cmab.trainer - INFO - Applied params: {'batch_size': 100000, 'header_size': 32, 'cut_condition_type': 3, 'fast_path_timeout': 0, 'k': 3}
2026-02-03 19:40:22,485 - cmab.trainer - INFO - Waiting for next metrics file...
2026-02-03 19:40:28,489 - cmab.trainer - INFO - Iteration 23 : context=[36.95068  37.874447 38.798214 36.95068   1.      ] arm=batch_size=100000,header_size=32,cut_condition_type=3,fast_path_timeout=0,k=3 params={'batch_size': 100000, 'header_size': 32, 'cut_condition_type': 3, 'fast_path_timeout': 0, 'k': 3}
2026-02-03 19:40:28,491 - cmab.trainer - INFO - Iteration 23 reward=1.191353 avg_reward(50)=0.612396 last_metrics=epoch_23_slot_2780.json top_arm=batch_size=750000,header_size=32,cut_condition_type=3,fast_path_timeout=0,k=1 top_ratio=0.09
2026-02-03 19:40:28,493 - cmab.policy - INFO - ================================================================================
2026-02-03 19:40:28,493 - cmab.policy - INFO - SELECT ARM - Detailed Prediction Analysis
2026-02-03 19:40:28,493 - cmab.policy - INFO - Context: [56.353477 59.399612 57.876545 56.353477  0.      ]
2026-02-03 19:40:28,494 - cmab.policy - INFO - Number of trees in forest: 10
2026-02-03 19:40:28,494 - cmab.policy - INFO - 
2026-02-03 19:40:28,494 - cmab.policy - INFO - Prediction statistics across all trees:
2026-02-03 19:40:28,494 - cmab.policy - INFO -   Mean predictions (top 5 arms): [0.616747, 0.616747, 0.616747, 0.616747, 0.614664]
2026-02-03 19:40:28,494 - cmab.policy - INFO -   Std predictions (top 5 arms): [0.194607, 0.194607, 0.194607, 0.194607, 0.181478]
2026-02-03 19:40:28,494 - cmab.policy - INFO - 
2026-02-03 19:40:28,494 - cmab.policy - INFO - Top 5 arms by mean prediction:
2026-02-03 19:40:28,494 - cmab.policy - INFO -   #1: arm=batch_size=100000,header_size=32,cut_condition_type=1,fast_path_timeout=0,k=3, mean=0.616747, std=0.194607
2026-02-03 19:40:28,494 - cmab.policy - INFO -   #2: arm=batch_size=100000,header_size=32,cut_condition_type=1,fast_path_timeout=100,k=3, mean=0.616747, std=0.194607
2026-02-03 19:40:28,494 - cmab.policy - INFO -   #3: arm=batch_size=100000,header_size=32,cut_condition_type=3,fast_path_timeout=100,k=3, mean=0.616747, std=0.194607
2026-02-03 19:40:28,494 - cmab.policy - INFO -   #4: arm=batch_size=100000,header_size=32,cut_condition_type=3,fast_path_timeout=0,k=3, mean=0.616747, std=0.194607
2026-02-03 19:40:28,494 - cmab.policy - INFO -   #5: arm=batch_size=100000,header_size=32,cut_condition_type=1,fast_path_timeout=0,k=1, mean=0.614664, std=0.181478
2026-02-03 19:40:28,494 - cmab.policy - INFO - 
2026-02-03 19:40:28,494 - cmab.policy - INFO - Selected tree #10 for Thompson Sampling:
2026-02-03 19:40:28,494 - cmab.policy - INFO -   Tree depth: 3
2026-02-03 19:40:28,494 - cmab.policy - INFO -   Tree nodes: 13
2026-02-03 19:40:28,494 - cmab.policy - INFO -   Tree leaves: 7
2026-02-03 19:40:28,494 - cmab.policy - INFO -   Tree shape: (nodes=13, leaves=7, depth=3)
2026-02-03 19:40:28,494 - cmab.policy - INFO -   Tree feature importances: [0.2767464  0.         0.05727205 0.         0.         0.
 0.         0.06102289 0.         0.60495865]
2026-02-03 19:40:28,496 - cmab.policy - INFO -   Forest feature importances: [0.23071289 0.08424511 0.00961197 0.07685415 0.01810112 0.13459711
 0.26139909 0.03840479 0.03111001 0.11496376]
2026-02-03 19:40:28,496 - cmab.policy - INFO -   Top 5 predictions from this tree:
2026-02-03 19:40:28,496 - cmab.policy - INFO -     #1: arm=batch_size=100000,header_size=32,cut_condition_type=1,fast_path_timeout=0,k=1, pred=0.577954
2026-02-03 19:40:28,496 - cmab.policy - INFO -     #2: arm=batch_size=100000,header_size=128,cut_condition_type=1,fast_path_timeout=100,k=1, pred=0.577954
2026-02-03 19:40:28,496 - cmab.policy - INFO -     #3: arm=batch_size=750000,header_size=32,cut_condition_type=1,fast_path_timeout=100,k=1, pred=0.577954
2026-02-03 19:40:28,496 - cmab.policy - INFO -     #4: arm=batch_size=750000,header_size=32,cut_condition_type=1,fast_path_timeout=0,k=1, pred=0.577954
2026-02-03 19:40:28,496 - cmab.policy - INFO -     #5: arm=batch_size=500000,header_size=128,cut_condition_type=3,fast_path_timeout=400,k=1, pred=0.577954
2026-02-03 19:40:28,497 - cmab.policy - INFO - 
2026-02-03 19:40:28,497 - cmab.policy - INFO -   Found 54 arms with same max prediction (0.577954), randomly selecting one...
2026-02-03 19:40:28,497 - cmab.policy - INFO - 
2026-02-03 19:40:28,497 - cmab.policy - INFO - ✓ SELECTED ARM: batch_size=750000,header_size=128,cut_condition_type=3,fast_path_timeout=100,k=1 (prediction=0.577954)
2026-02-03 19:40:28,497 - cmab.policy - INFO - ================================================================================
2026-02-03 19:40:28,903 - cmab.trainer - INFO - Updated parameters file: /home/ccclr0302/autobahn-test/benchmark/.parameters-0.json
2026-02-03 19:40:28,903 - cmab.trainer - INFO - 🚩 Created RL parameter update signal file (epoch 23): /tmp/autobahn_rl_param_update_23.signal
2026-02-03 19:40:28,903 - cmab.trainer - INFO - Applied params: {'batch_size': 750000, 'header_size': 128, 'cut_condition_type': 3, 'fast_path_timeout': 100, 'k': 1}
2026-02-03 19:40:28,903 - cmab.trainer - INFO - Waiting for next metrics file...
2026-02-03 19:40:53,675 - cmab.trainer - INFO - Iteration 24 : context=[56.353477 59.399612 57.876545 56.353477  0.      ] arm=batch_size=750000,header_size=128,cut_condition_type=3,fast_path_timeout=100,k=1 params={'batch_size': 750000, 'header_size': 128, 'cut_condition_type': 3, 'fast_path_timeout': 100, 'k': 1}
2026-02-03 19:40:53,675 - cmab.trainer - INFO - Iteration 24 reward=0.157958 avg_reward(50)=0.593461 last_metrics=epoch_24_slot_2900.json top_arm=batch_size=750000,header_size=32,cut_condition_type=3,fast_path_timeout=0,k=1 top_ratio=0.08
2026-02-03 19:40:53,678 - cmab.policy - INFO - ================================================================================
2026-02-03 19:40:53,678 - cmab.policy - INFO - SELECT ARM - Detailed Prediction Analysis
2026-02-03 19:40:53,678 - cmab.policy - INFO - Context: [2.7644522 2.7644522 2.6018374 2.6018374 1.       ]
2026-02-03 19:40:53,678 - cmab.policy - INFO - Number of trees in forest: 10
2026-02-03 19:40:53,678 - cmab.policy - INFO - 
2026-02-03 19:40:53,678 - cmab.policy - INFO - Prediction statistics across all trees:
2026-02-03 19:40:53,678 - cmab.policy - INFO -   Mean predictions (top 5 arms): [0.667990, 0.667990, 0.649416, 0.649416, 0.602590]
2026-02-03 19:40:53,678 - cmab.policy - INFO -   Std predictions (top 5 arms): [0.272884, 0.272884, 0.299859, 0.299859, 0.269137]
2026-02-03 19:40:53,678 - cmab.policy - INFO - 
2026-02-03 19:40:53,678 - cmab.policy - INFO - Top 5 arms by mean prediction:
2026-02-03 19:40:53,678 - cmab.policy - INFO -   #1: arm=batch_size=100000,header_size=32,cut_condition_type=1,fast_path_timeout=0,k=3, mean=0.667990, std=0.272884
2026-02-03 19:40:53,678 - cmab.policy - INFO -   #2: arm=batch_size=100000,header_size=32,cut_condition_type=1,fast_path_timeout=100,k=3, mean=0.667990, std=0.272884
2026-02-03 19:40:53,678 - cmab.policy - INFO -   #3: arm=batch_size=100000,header_size=32,cut_condition_type=3,fast_path_timeout=0,k=3, mean=0.649416, std=0.299859
2026-02-03 19:40:53,679 - cmab.policy - INFO -   #4: arm=batch_size=100000,header_size=32,cut_condition_type=3,fast_path_timeout=100,k=3, mean=0.649416, std=0.299859
2026-02-03 19:40:53,679 - cmab.policy - INFO -   #5: arm=batch_size=100000,header_size=32,cut_condition_type=1,fast_path_timeout=400,k=3, mean=0.602590, std=0.269137
2026-02-03 19:40:53,679 - cmab.policy - INFO - 
2026-02-03 19:40:53,679 - cmab.policy - INFO - Selected tree #5 for Thompson Sampling:
2026-02-03 19:40:53,679 - cmab.policy - INFO -   Tree depth: 2
2026-02-03 19:40:53,679 - cmab.policy - INFO -   Tree nodes: 7
2026-02-03 19:40:53,679 - cmab.policy - INFO -   Tree leaves: 4
2026-02-03 19:40:53,679 - cmab.policy - INFO -   Tree shape: (nodes=7, leaves=4, depth=2)
2026-02-03 19:40:53,679 - cmab.policy - INFO -   Tree feature importances: [0.00398661 0.         0.         0.         0.         0.
 0.87435393 0.         0.12165946 0.        ]
2026-02-03 19:40:53,681 - cmab.policy - INFO -   Forest feature importances: [0.23071289 0.08424511 0.00961197 0.07685415 0.01810112 0.13459711
 0.26139909 0.03840479 0.03111001 0.11496376]
2026-02-03 19:40:53,681 - cmab.policy - INFO -   Top 5 predictions from this tree:
2026-02-03 19:40:53,681 - cmab.policy - INFO -     #1: arm=batch_size=100000,header_size=32,cut_condition_type=1,fast_path_timeout=0,k=1, pred=0.754949
2026-02-03 19:40:53,681 - cmab.policy - INFO -     #2: arm=batch_size=750000,header_size=32,cut_condition_type=3,fast_path_timeout=0,k=3, pred=0.754949
2026-02-03 19:40:53,681 - cmab.policy - INFO -     #3: arm=batch_size=750000,header_size=32,cut_condition_type=3,fast_path_timeout=100,k=3, pred=0.754949
2026-02-03 19:40:53,681 - cmab.policy - INFO -     #4: arm=batch_size=750000,header_size=32,cut_condition_type=3,fast_path_timeout=0,k=1, pred=0.754949
2026-02-03 19:40:53,681 - cmab.policy - INFO -     #5: arm=batch_size=750000,header_size=32,cut_condition_type=1,fast_path_timeout=100,k=3, pred=0.754949
2026-02-03 19:40:53,681 - cmab.policy - INFO - 
2026-02-03 19:40:53,681 - cmab.policy - INFO -   Found 24 arms with same max prediction (0.754949), randomly selecting one...
2026-02-03 19:40:53,681 - cmab.policy - INFO - 
2026-02-03 19:40:53,681 - cmab.policy - INFO - ✓ SELECTED ARM: batch_size=500000,header_size=32,cut_condition_type=3,fast_path_timeout=100,k=1 (prediction=0.754949)
2026-02-03 19:40:53,681 - cmab.policy - INFO - ================================================================================
2026-02-03 19:40:54,117 - cmab.trainer - INFO - Updated parameters file: /home/ccclr0302/autobahn-test/benchmark/.parameters-0.json
2026-02-03 19:40:54,117 - cmab.trainer - INFO - 🚩 Created RL parameter update signal file (epoch 24): /tmp/autobahn_rl_param_update_24.signal
2026-02-03 19:40:54,117 - cmab.trainer - INFO - Applied params: {'batch_size': 500000, 'header_size': 32, 'cut_condition_type': 3, 'fast_path_timeout': 100, 'k': 1}
2026-02-03 19:40:54,118 - cmab.trainer - INFO - Waiting for next metrics file...
[Parallel(n_jobs=1)]: Done  10 out of  10 | elapsed:    0.0s finished
[Parallel(n_jobs=1)]: Done  10 out of  10 | elapsed:    0.0s finished
2026-02-03 19:41:11,779 - cmab.policy - INFO - RF Updated: samples=25, MSE=0.011003
2026-02-03 19:41:11,780 - cmab.trainer - INFO - Iteration 25 : context=[2.7644522 2.7644522 2.6018374 2.6018374 1.       ] arm=batch_size=500000,header_size=32,cut_condition_type=3,fast_path_timeout=100,k=1 params={'batch_size': 500000, 'header_size': 32, 'cut_condition_type': 3, 'fast_path_timeout': 100, 'k': 1}
2026-02-03 19:41:11,780 - cmab.trainer - INFO - Iteration 25 reward=0.703548 avg_reward(50)=0.597865 last_metrics=epoch_25_slot_3020.json top_arm=batch_size=750000,header_size=32,cut_condition_type=3,fast_path_timeout=0,k=1 top_ratio=0.08
2026-02-03 19:41:11,782 - cmab.policy - INFO - ================================================================================
2026-02-03 19:41:11,782 - cmab.policy - INFO - SELECT ARM - Detailed Prediction Analysis
2026-02-03 19:41:11,782 - cmab.policy - INFO - Context: [15.879621 15.879621 15.879621 15.879621  1.      ]
2026-02-03 19:41:11,782 - cmab.policy - INFO - Number of trees in forest: 10
2026-02-03 19:41:11,782 - cmab.policy - INFO - 
2026-02-03 19:41:11,782 - cmab.policy - INFO - Prediction statistics across all trees:
2026-02-03 19:41:11,782 - cmab.policy - INFO -   Mean predictions (top 5 arms): [0.842977, 0.842977, 0.842977, 0.842977, 0.836459]
2026-02-03 19:41:11,782 - cmab.policy - INFO -   Std predictions (top 5 arms): [0.191908, 0.191908, 0.191908, 0.191908, 0.195772]
2026-02-03 19:41:11,782 - cmab.policy - INFO - 
2026-02-03 19:41:11,782 - cmab.policy - INFO - Top 5 arms by mean prediction:
2026-02-03 19:41:11,782 - cmab.policy - INFO -   #1: arm=batch_size=100000,header_size=32,cut_condition_type=1,fast_path_timeout=0,k=3, mean=0.842977, std=0.191908
2026-02-03 19:41:11,782 - cmab.policy - INFO -   #2: arm=batch_size=100000,header_size=32,cut_condition_type=1,fast_path_timeout=100,k=3, mean=0.842977, std=0.191908
2026-02-03 19:41:11,783 - cmab.policy - INFO -   #3: arm=batch_size=100000,header_size=32,cut_condition_type=3,fast_path_timeout=0,k=3, mean=0.842977, std=0.191908
2026-02-03 19:41:11,783 - cmab.policy - INFO -   #4: arm=batch_size=100000,header_size=32,cut_condition_type=3,fast_path_timeout=100,k=3, mean=0.842977, std=0.191908
2026-02-03 19:41:11,783 - cmab.policy - INFO -   #5: arm=batch_size=100000,header_size=32,cut_condition_type=1,fast_path_timeout=0,k=1, mean=0.836459, std=0.195772
2026-02-03 19:41:11,783 - cmab.policy - INFO - 
2026-02-03 19:41:11,783 - cmab.policy - INFO - Selected tree #1 for Thompson Sampling:
2026-02-03 19:41:11,783 - cmab.policy - INFO -   Tree depth: 3
2026-02-03 19:41:11,783 - cmab.policy - INFO -   Tree nodes: 11
2026-02-03 19:41:11,783 - cmab.policy - INFO -   Tree leaves: 6
2026-02-03 19:41:11,783 - cmab.policy - INFO -   Tree shape: (nodes=11, leaves=6, depth=3)
2026-02-03 19:41:11,783 - cmab.policy - INFO -   Tree feature importances: [0.         0.08303121 0.         0.         0.03869398 0.69168518
 0.14315287 0.04343675 0.         0.        ]
2026-02-03 19:41:11,785 - cmab.policy - INFO -   Forest feature importances: [0.04970972 0.01350043 0.07655938 0.02189326 0.02245618 0.45010161
 0.31238508 0.01672221 0.01970465 0.01696748]
2026-02-03 19:41:11,785 - cmab.policy - INFO -   Top 5 predictions from this tree:
2026-02-03 19:41:11,785 - cmab.policy - INFO -     #1: arm=batch_size=500000,header_size=64,cut_condition_type=1,fast_path_timeout=400,k=3, pred=1.007603
2026-02-03 19:41:11,785 - cmab.policy - INFO -     #2: arm=batch_size=100000,header_size=128,cut_condition_type=1,fast_path_timeout=100,k=1, pred=1.007603
2026-02-03 19:41:11,785 - cmab.policy - INFO -     #3: arm=batch_size=100000,header_size=128,cut_condition_type=1,fast_path_timeout=400,k=1, pred=1.007603
2026-02-03 19:41:11,785 - cmab.policy - INFO -     #4: arm=batch_size=100000,header_size=128,cut_condition_type=1,fast_path_timeout=400,k=3, pred=1.007603
2026-02-03 19:41:11,785 - cmab.policy - INFO -     #5: arm=batch_size=100000,header_size=128,cut_condition_type=3,fast_path_timeout=0,k=1, pred=1.007603
2026-02-03 19:41:11,785 - cmab.policy - INFO - 
2026-02-03 19:41:11,785 - cmab.policy - INFO -   Found 72 arms with same max prediction (1.007603), randomly selecting one...
2026-02-03 19:41:11,785 - cmab.policy - INFO - 
2026-02-03 19:41:11,785 - cmab.policy - INFO - ✓ SELECTED ARM: batch_size=500000,header_size=32,cut_condition_type=3,fast_path_timeout=100,k=3 (prediction=1.007603)
2026-02-03 19:41:11,785 - cmab.policy - INFO - ================================================================================
2026-02-03 19:41:12,173 - cmab.trainer - INFO - Updated parameters file: /home/ccclr0302/autobahn-test/benchmark/.parameters-0.json
2026-02-03 19:41:12,271 - cmab.trainer - INFO - 🚩 Created RL parameter update signal file (epoch 25): /tmp/autobahn_rl_param_update_25.signal
2026-02-03 19:41:12,271 - cmab.trainer - INFO - Applied params: {'batch_size': 500000, 'header_size': 32, 'cut_condition_type': 3, 'fast_path_timeout': 100, 'k': 3}
2026-02-03 19:41:12,271 - cmab.trainer - INFO - Waiting for next metrics file...
2026-02-03 19:41:20,695 - cmab.trainer - INFO - Iteration 26 : context=[15.879621 15.879621 15.879621 15.879621  1.      ] arm=batch_size=500000,header_size=32,cut_condition_type=3,fast_path_timeout=100,k=3 params={'batch_size': 500000, 'header_size': 32, 'cut_condition_type': 3, 'fast_path_timeout': 100, 'k': 3}
2026-02-03 19:41:20,695 - cmab.trainer - INFO - Iteration 26 reward=0.660016 avg_reward(50)=0.600255 last_metrics=epoch_26_slot_3140.json top_arm=batch_size=750000,header_size=32,cut_condition_type=3,fast_path_timeout=0,k=1 top_ratio=0.08

