2026-02-03 19:36:16,080 - __main__ - INFO - Starting Autobahn Continuous CMAB Training
2026-02-03 19:36:16,080 - __main__ - INFO - metrics_dir=/home/ccclr0302/autobahn/metrics-0 parameters_file=/home/ccclr0302/autobahn-test/benchmark/.parameters-0.json
2026-02-03 19:36:16,080 - cmab.trainer - INFO - Initializing CMAB training loop...
2026-02-03 19:36:16,080 - cmab.trainer - INFO - Policy: rf_ts
2026-02-03 19:36:16,081 - cmab.trainer - INFO - Iterations: 200
2026-02-03 19:36:16,081 - cmab.trainer - INFO - No existing metrics file, waiting for epoch 0...
2026-02-03 19:36:42,251 - cmab.policy - INFO - Model not ready: selecting random arm.
2026-02-03 19:36:42,255 - cmab.trainer - INFO - Updated parameters file: /home/ccclr0302/autobahn-test/benchmark/.parameters-0.json
2026-02-03 19:36:42,255 - cmab.trainer - INFO - 🚩 Created RL parameter update signal file (epoch 0): /tmp/autobahn_rl_param_update_0.signal
2026-02-03 19:36:42,255 - cmab.trainer - INFO - Applied params: {'batch_size': 500000, 'header_size': 32, 'cut_condition_type': 3, 'fast_path_timeout': 0, 'k': 3}
2026-02-03 19:36:42,255 - cmab.trainer - INFO - Waiting for next metrics file...
2026-02-03 19:36:48,772 - cmab.trainer - INFO - Iteration 1 : context=[1.2796117  2.2748652  0.42653722 2.4170442  0.        ] arm=batch_size=500000,header_size=32,cut_condition_type=3,fast_path_timeout=0,k=3 params={'batch_size': 500000, 'header_size': 32, 'cut_condition_type': 3, 'fast_path_timeout': 0, 'k': 3}
2026-02-03 19:36:48,773 - cmab.trainer - INFO - Iteration 1 reward=0.764686 avg_reward(20)=0.764686 last_metrics=epoch_1_slot_140.json top_arm=batch_size=500000,header_size=32,cut_condition_type=3,fast_path_timeout=0,k=3 top_ratio=1.00
2026-02-03 19:36:48,773 - cmab.policy - INFO - Model not ready: selecting random arm.
2026-02-03 19:36:48,776 - cmab.trainer - INFO - Updated parameters file: /home/ccclr0302/autobahn-test/benchmark/.parameters-0.json
2026-02-03 19:36:48,776 - cmab.trainer - INFO - 🚩 Created RL parameter update signal file (epoch 1): /tmp/autobahn_rl_param_update_1.signal
2026-02-03 19:36:48,776 - cmab.trainer - INFO - Applied params: {'batch_size': 750000, 'header_size': 32, 'cut_condition_type': 3, 'fast_path_timeout': 0, 'k': 1}
2026-02-03 19:36:48,776 - cmab.trainer - INFO - Waiting for next metrics file...
2026-02-03 19:36:58,101 - cmab.trainer - INFO - Iteration 2 : context=[14.991904 14.991904 14.991904 14.991904  0.8     ] arm=batch_size=750000,header_size=32,cut_condition_type=3,fast_path_timeout=0,k=1 params={'batch_size': 750000, 'header_size': 32, 'cut_condition_type': 3, 'fast_path_timeout': 0, 'k': 1}
2026-02-03 19:36:58,101 - cmab.trainer - INFO - Iteration 2 reward=0.486450 avg_reward(20)=0.625568 last_metrics=epoch_2_slot_260.json top_arm=batch_size=500000,header_size=32,cut_condition_type=3,fast_path_timeout=0,k=3 top_ratio=0.50
2026-02-03 19:36:58,101 - cmab.policy - INFO - Model not ready: selecting random arm.
2026-02-03 19:36:58,104 - cmab.trainer - INFO - Updated parameters file: /home/ccclr0302/autobahn-test/benchmark/.parameters-0.json
2026-02-03 19:36:58,104 - cmab.trainer - INFO - 🚩 Created RL parameter update signal file (epoch 2): /tmp/autobahn_rl_param_update_2.signal
2026-02-03 19:36:58,104 - cmab.trainer - INFO - Applied params: {'batch_size': 100000, 'header_size': 128, 'cut_condition_type': 1, 'fast_path_timeout': 400, 'k': 3}
2026-02-03 19:36:58,104 - cmab.trainer - INFO - Waiting for next metrics file...
2026-02-03 19:37:03,118 - cmab.trainer - INFO - Iteration 3 : context=[ 9.755488 10.243263  9.755488 10.243263  0.6     ] arm=batch_size=100000,header_size=128,cut_condition_type=1,fast_path_timeout=400,k=3 params={'batch_size': 100000, 'header_size': 128, 'cut_condition_type': 1, 'fast_path_timeout': 400, 'k': 3}
2026-02-03 19:37:03,118 - cmab.trainer - INFO - Iteration 3 reward=1.090874 avg_reward(20)=0.780670 last_metrics=epoch_3_slot_380.json top_arm=batch_size=500000,header_size=32,cut_condition_type=3,fast_path_timeout=0,k=3 top_ratio=0.33
2026-02-03 19:37:03,118 - cmab.policy - INFO - Model not ready: selecting random arm.
2026-02-03 19:37:03,121 - cmab.trainer - INFO - Updated parameters file: /home/ccclr0302/autobahn-test/benchmark/.parameters-0.json
2026-02-03 19:37:03,121 - cmab.trainer - INFO - 🚩 Created RL parameter update signal file (epoch 3): /tmp/autobahn_rl_param_update_3.signal
2026-02-03 19:37:03,121 - cmab.trainer - INFO - Applied params: {'batch_size': 500000, 'header_size': 128, 'cut_condition_type': 3, 'fast_path_timeout': 400, 'k': 3}
2026-02-03 19:37:03,121 - cmab.trainer - INFO - Waiting for next metrics file...
2026-02-03 19:37:19,163 - cmab.trainer - INFO - Iteration 4 : context=[20.457254 20.457254 20.457254 20.457254  1.      ] arm=batch_size=500000,header_size=128,cut_condition_type=3,fast_path_timeout=400,k=3 params={'batch_size': 500000, 'header_size': 128, 'cut_condition_type': 3, 'fast_path_timeout': 400, 'k': 3}
2026-02-03 19:37:19,164 - cmab.trainer - INFO - Iteration 4 reward=0.221016 avg_reward(20)=0.640757 last_metrics=epoch_4_slot_500.json top_arm=batch_size=500000,header_size=32,cut_condition_type=3,fast_path_timeout=0,k=3 top_ratio=0.25
2026-02-03 19:37:19,164 - cmab.policy - INFO - Model not ready: selecting random arm.
2026-02-03 19:37:19,168 - cmab.trainer - INFO - Updated parameters file: /home/ccclr0302/autobahn-test/benchmark/.parameters-0.json
2026-02-03 19:37:19,168 - cmab.trainer - INFO - 🚩 Created RL parameter update signal file (epoch 4): /tmp/autobahn_rl_param_update_4.signal
2026-02-03 19:37:19,168 - cmab.trainer - INFO - Applied params: {'batch_size': 750000, 'header_size': 64, 'cut_condition_type': 1, 'fast_path_timeout': 100, 'k': 1}
2026-02-03 19:37:19,168 - cmab.trainer - INFO - Waiting for next metrics file...
[Parallel(n_jobs=1)]: Done  10 out of  10 | elapsed:    0.0s finished
[Parallel(n_jobs=1)]: Done  10 out of  10 | elapsed:    0.0s finished
2026-02-03 19:37:33,818 - cmab.policy - INFO - RF Updated: samples=5, MSE=0.050594
2026-02-03 19:37:33,819 - cmab.trainer - INFO - Iteration 5 : context=[3.8990195 3.8990195 3.8990195 3.8990195 1.       ] arm=batch_size=750000,header_size=64,cut_condition_type=1,fast_path_timeout=100,k=1 params={'batch_size': 750000, 'header_size': 64, 'cut_condition_type': 1, 'fast_path_timeout': 100, 'k': 1}
2026-02-03 19:37:33,819 - cmab.trainer - INFO - Iteration 5 reward=0.278581 avg_reward(20)=0.568321 last_metrics=epoch_5_slot_620.json top_arm=batch_size=500000,header_size=32,cut_condition_type=3,fast_path_timeout=0,k=3 top_ratio=0.20
2026-02-03 19:37:33,821 - cmab.policy - INFO - ================================================================================
2026-02-03 19:37:33,821 - cmab.policy - INFO - SELECT ARM - Detailed Prediction Analysis
2026-02-03 19:37:33,821 - cmab.policy - INFO - Context: [4.820178  5.355753  4.2846026 4.820178  1.       ]
2026-02-03 19:37:33,821 - cmab.policy - INFO - Number of trees in forest: 10
2026-02-03 19:37:33,821 - cmab.policy - INFO - 
2026-02-03 19:37:33,822 - cmab.policy - INFO - Prediction statistics across all trees:
2026-02-03 19:37:33,822 - cmab.policy - INFO -   Mean predictions (top 5 arms): [0.472700, 0.472700, 0.472700, 0.472700, 0.472700]
2026-02-03 19:37:33,822 - cmab.policy - INFO -   Std predictions (top 5 arms): [0.230391, 0.230391, 0.230391, 0.230391, 0.230391]
2026-02-03 19:37:33,822 - cmab.policy - INFO - 
2026-02-03 19:37:33,822 - cmab.policy - INFO - Top 5 arms by mean prediction:
2026-02-03 19:37:33,822 - cmab.policy - INFO -   #1: arm=batch_size=750000,header_size=128,cut_condition_type=3,fast_path_timeout=400,k=3, mean=0.472700, std=0.230391
2026-02-03 19:37:33,822 - cmab.policy - INFO -   #2: arm=batch_size=500000,header_size=128,cut_condition_type=3,fast_path_timeout=400,k=3, mean=0.472700, std=0.230391
2026-02-03 19:37:33,822 - cmab.policy - INFO -   #3: arm=batch_size=500000,header_size=32,cut_condition_type=1,fast_path_timeout=0,k=3, mean=0.472700, std=0.230391
2026-02-03 19:37:33,822 - cmab.policy - INFO -   #4: arm=batch_size=500000,header_size=32,cut_condition_type=1,fast_path_timeout=100,k=3, mean=0.472700, std=0.230391
2026-02-03 19:37:33,822 - cmab.policy - INFO -   #5: arm=batch_size=500000,header_size=32,cut_condition_type=1,fast_path_timeout=400,k=3, mean=0.472700, std=0.230391
2026-02-03 19:37:33,822 - cmab.policy - INFO - 
2026-02-03 19:37:33,822 - cmab.policy - INFO - Selected tree #3 for Thompson Sampling:
2026-02-03 19:37:33,822 - cmab.policy - INFO -   Tree depth: 0
2026-02-03 19:37:33,822 - cmab.policy - INFO -   Tree nodes: 1
2026-02-03 19:37:33,822 - cmab.policy - INFO -   Tree leaves: 1
2026-02-03 19:37:33,822 - cmab.policy - INFO -   Tree shape: (nodes=1, leaves=1, depth=0)
2026-02-03 19:37:33,822 - cmab.policy - INFO -   Tree feature importances: [0. 0. 0. 0. 0. 0. 0. 0. 0. 0.]
2026-02-03 19:37:33,823 - cmab.policy - INFO -   Forest feature importances: [0.  0.  0.  0.  0.8 0.  0.  0.  0.  0.2]
2026-02-03 19:37:33,824 - cmab.policy - INFO -   Top 5 predictions from this tree:
2026-02-03 19:37:33,824 - cmab.policy - INFO -     #1: arm=batch_size=750000,header_size=128,cut_condition_type=3,fast_path_timeout=400,k=3, pred=0.491571
2026-02-03 19:37:33,824 - cmab.policy - INFO -     #2: arm=batch_size=500000,header_size=32,cut_condition_type=1,fast_path_timeout=100,k=3, pred=0.491571
2026-02-03 19:37:33,824 - cmab.policy - INFO -     #3: arm=batch_size=100000,header_size=128,cut_condition_type=1,fast_path_timeout=400,k=1, pred=0.491571
2026-02-03 19:37:33,824 - cmab.policy - INFO -     #4: arm=batch_size=100000,header_size=128,cut_condition_type=1,fast_path_timeout=400,k=3, pred=0.491571
2026-02-03 19:37:33,824 - cmab.policy - INFO -     #5: arm=batch_size=100000,header_size=128,cut_condition_type=3,fast_path_timeout=0,k=1, pred=0.491571
2026-02-03 19:37:33,824 - cmab.policy - INFO - 
2026-02-03 19:37:33,824 - cmab.policy - INFO -   Found 108 arms with same max prediction (0.491571), randomly selecting one...
2026-02-03 19:37:33,824 - cmab.policy - INFO - 
2026-02-03 19:37:33,824 - cmab.policy - INFO - ✓ SELECTED ARM: batch_size=750000,header_size=32,cut_condition_type=1,fast_path_timeout=400,k=1 (prediction=0.491571)
2026-02-03 19:37:33,824 - cmab.policy - INFO - ================================================================================
2026-02-03 19:37:33,829 - cmab.trainer - INFO - Updated parameters file: /home/ccclr0302/autobahn-test/benchmark/.parameters-0.json
2026-02-03 19:37:33,829 - cmab.trainer - INFO - 🚩 Created RL parameter update signal file (epoch 5): /tmp/autobahn_rl_param_update_5.signal
2026-02-03 19:37:33,829 - cmab.trainer - INFO - Applied params: {'batch_size': 750000, 'header_size': 32, 'cut_condition_type': 1, 'fast_path_timeout': 400, 'k': 1}
2026-02-03 19:37:33,829 - cmab.trainer - INFO - Waiting for next metrics file...
2026-02-03 19:37:41,049 - cmab.trainer - INFO - Iteration 6 : context=[4.820178  5.355753  4.2846026 4.820178  1.       ] arm=batch_size=750000,header_size=32,cut_condition_type=1,fast_path_timeout=400,k=1 params={'batch_size': 750000, 'header_size': 32, 'cut_condition_type': 1, 'fast_path_timeout': 400, 'k': 1}
2026-02-03 19:37:41,049 - cmab.trainer - INFO - Iteration 6 reward=0.364225 avg_reward(20)=0.534305 last_metrics=epoch_6_slot_740.json top_arm=batch_size=500000,header_size=32,cut_condition_type=3,fast_path_timeout=0,k=3 top_ratio=0.17
2026-02-03 19:37:41,051 - cmab.policy - INFO - ================================================================================
2026-02-03 19:37:41,052 - cmab.policy - INFO - SELECT ARM - Detailed Prediction Analysis
2026-02-03 19:37:41,052 - cmab.policy - INFO - Context: [8.341183 8.982812 9.624441 9.624441 1.      ]
2026-02-03 19:37:41,052 - cmab.policy - INFO - Number of trees in forest: 10
2026-02-03 19:37:41,052 - cmab.policy - INFO - 
2026-02-03 19:37:41,052 - cmab.policy - INFO - Prediction statistics across all trees:
2026-02-03 19:37:41,052 - cmab.policy - INFO -   Mean predictions (top 5 arms): [0.472700, 0.472700, 0.472700, 0.472700, 0.472700]
2026-02-03 19:37:41,052 - cmab.policy - INFO -   Std predictions (top 5 arms): [0.230391, 0.230391, 0.230391, 0.230391, 0.230391]
2026-02-03 19:37:41,052 - cmab.policy - INFO - 
2026-02-03 19:37:41,052 - cmab.policy - INFO - Top 5 arms by mean prediction:
2026-02-03 19:37:41,052 - cmab.policy - INFO -   #1: arm=batch_size=750000,header_size=128,cut_condition_type=3,fast_path_timeout=400,k=3, mean=0.472700, std=0.230391
2026-02-03 19:37:41,052 - cmab.policy - INFO -   #2: arm=batch_size=500000,header_size=128,cut_condition_type=3,fast_path_timeout=400,k=3, mean=0.472700, std=0.230391
2026-02-03 19:37:41,052 - cmab.policy - INFO -   #3: arm=batch_size=500000,header_size=32,cut_condition_type=1,fast_path_timeout=0,k=3, mean=0.472700, std=0.230391
2026-02-03 19:37:41,052 - cmab.policy - INFO -   #4: arm=batch_size=500000,header_size=32,cut_condition_type=1,fast_path_timeout=100,k=3, mean=0.472700, std=0.230391
2026-02-03 19:37:41,052 - cmab.policy - INFO -   #5: arm=batch_size=500000,header_size=32,cut_condition_type=1,fast_path_timeout=400,k=3, mean=0.472700, std=0.230391
2026-02-03 19:37:41,052 - cmab.policy - INFO - 
2026-02-03 19:37:41,052 - cmab.policy - INFO - Selected tree #6 for Thompson Sampling:
2026-02-03 19:37:41,052 - cmab.policy - INFO -   Tree depth: 1
2026-02-03 19:37:41,052 - cmab.policy - INFO -   Tree nodes: 3
2026-02-03 19:37:41,052 - cmab.policy - INFO -   Tree leaves: 2
2026-02-03 19:37:41,052 - cmab.policy - INFO -   Tree shape: (nodes=3, leaves=2, depth=1)
2026-02-03 19:37:41,053 - cmab.policy - INFO -   Tree feature importances: [0. 0. 0. 0. 1. 0. 0. 0. 0. 0.]
2026-02-03 19:37:41,054 - cmab.policy - INFO -   Forest feature importances: [0.  0.  0.  0.  0.8 0.  0.  0.  0.  0.2]
2026-02-03 19:37:41,054 - cmab.policy - INFO -   Top 5 predictions from this tree:
2026-02-03 19:37:41,054 - cmab.policy - INFO -     #1: arm=batch_size=750000,header_size=128,cut_condition_type=3,fast_path_timeout=400,k=3, pred=0.249799
2026-02-03 19:37:41,054 - cmab.policy - INFO -     #2: arm=batch_size=500000,header_size=32,cut_condition_type=1,fast_path_timeout=100,k=3, pred=0.249799
2026-02-03 19:37:41,054 - cmab.policy - INFO -     #3: arm=batch_size=100000,header_size=128,cut_condition_type=1,fast_path_timeout=400,k=1, pred=0.249799
2026-02-03 19:37:41,054 - cmab.policy - INFO -     #4: arm=batch_size=100000,header_size=128,cut_condition_type=1,fast_path_timeout=400,k=3, pred=0.249799
2026-02-03 19:37:41,054 - cmab.policy - INFO -     #5: arm=batch_size=100000,header_size=128,cut_condition_type=3,fast_path_timeout=0,k=1, pred=0.249799
2026-02-03 19:37:41,054 - cmab.policy - INFO - 
2026-02-03 19:37:41,054 - cmab.policy - INFO -   Found 108 arms with same max prediction (0.249799), randomly selecting one...
2026-02-03 19:37:41,054 - cmab.policy - INFO - 
2026-02-03 19:37:41,054 - cmab.policy - INFO - ✓ SELECTED ARM: batch_size=750000,header_size=128,cut_condition_type=3,fast_path_timeout=100,k=1 (prediction=0.249799)
2026-02-03 19:37:41,054 - cmab.policy - INFO - ================================================================================
2026-02-03 19:37:41,057 - cmab.trainer - INFO - Updated parameters file: /home/ccclr0302/autobahn-test/benchmark/.parameters-0.json
2026-02-03 19:37:41,057 - cmab.trainer - INFO - 🚩 Created RL parameter update signal file (epoch 6): /tmp/autobahn_rl_param_update_6.signal
2026-02-03 19:37:41,057 - cmab.trainer - INFO - Applied params: {'batch_size': 750000, 'header_size': 128, 'cut_condition_type': 3, 'fast_path_timeout': 100, 'k': 1}
2026-02-03 19:37:41,057 - cmab.trainer - INFO - Waiting for next metrics file...
2026-02-03 19:38:08,330 - cmab.trainer - INFO - Iteration 7 : context=[8.341183 8.982812 9.624441 9.624441 1.      ] arm=batch_size=750000,header_size=128,cut_condition_type=3,fast_path_timeout=100,k=1 params={'batch_size': 750000, 'header_size': 128, 'cut_condition_type': 3, 'fast_path_timeout': 100, 'k': 1}
2026-02-03 19:38:08,330 - cmab.trainer - INFO - Iteration 7 reward=0.149711 avg_reward(20)=0.479363 last_metrics=epoch_7_slot_860.json top_arm=batch_size=500000,header_size=32,cut_condition_type=3,fast_path_timeout=0,k=3 top_ratio=0.14
2026-02-03 19:38:08,333 - cmab.policy - INFO - ================================================================================
2026-02-03 19:38:08,333 - cmab.policy - INFO - SELECT ARM - Detailed Prediction Analysis
2026-02-03 19:38:08,333 - cmab.policy - INFO - Context: [2.8571517 2.7067754 2.8571517 2.7067754 1.       ]
2026-02-03 19:38:08,333 - cmab.policy - INFO - Number of trees in forest: 10
2026-02-03 19:38:08,333 - cmab.policy - INFO - 
2026-02-03 19:38:08,333 - cmab.policy - INFO - Prediction statistics across all trees:
2026-02-03 19:38:08,333 - cmab.policy - INFO -   Mean predictions (top 5 arms): [0.472700, 0.472700, 0.472700, 0.472700, 0.472700]
2026-02-03 19:38:08,333 - cmab.policy - INFO -   Std predictions (top 5 arms): [0.230391, 0.230391, 0.230391, 0.230391, 0.230391]
2026-02-03 19:38:08,333 - cmab.policy - INFO - 
2026-02-03 19:38:08,333 - cmab.policy - INFO - Top 5 arms by mean prediction:
2026-02-03 19:38:08,333 - cmab.policy - INFO -   #1: arm=batch_size=750000,header_size=128,cut_condition_type=3,fast_path_timeout=400,k=3, mean=0.472700, std=0.230391
2026-02-03 19:38:08,333 - cmab.policy - INFO -   #2: arm=batch_size=500000,header_size=128,cut_condition_type=3,fast_path_timeout=400,k=3, mean=0.472700, std=0.230391
2026-02-03 19:38:08,333 - cmab.policy - INFO -   #3: arm=batch_size=500000,header_size=32,cut_condition_type=1,fast_path_timeout=0,k=3, mean=0.472700, std=0.230391
2026-02-03 19:38:08,333 - cmab.policy - INFO -   #4: arm=batch_size=500000,header_size=32,cut_condition_type=1,fast_path_timeout=100,k=3, mean=0.472700, std=0.230391
2026-02-03 19:38:08,333 - cmab.policy - INFO -   #5: arm=batch_size=500000,header_size=32,cut_condition_type=1,fast_path_timeout=400,k=3, mean=0.472700, std=0.230391
2026-02-03 19:38:08,333 - cmab.policy - INFO - 
2026-02-03 19:38:08,333 - cmab.policy - INFO - Selected tree #10 for Thompson Sampling:
2026-02-03 19:38:08,334 - cmab.policy - INFO -   Tree depth: 0
2026-02-03 19:38:08,334 - cmab.policy - INFO -   Tree nodes: 1
2026-02-03 19:38:08,334 - cmab.policy - INFO -   Tree leaves: 1
2026-02-03 19:38:08,334 - cmab.policy - INFO -   Tree shape: (nodes=1, leaves=1, depth=0)
2026-02-03 19:38:08,334 - cmab.policy - INFO -   Tree feature importances: [0. 0. 0. 0. 0. 0. 0. 0. 0. 0.]
2026-02-03 19:38:08,335 - cmab.policy - INFO -   Forest feature importances: [0.  0.  0.  0.  0.8 0.  0.  0.  0.  0.2]
2026-02-03 19:38:08,335 - cmab.policy - INFO -   Top 5 predictions from this tree:
2026-02-03 19:38:08,335 - cmab.policy - INFO -     #1: arm=batch_size=750000,header_size=128,cut_condition_type=3,fast_path_timeout=400,k=3, pred=0.403302
2026-02-03 19:38:08,335 - cmab.policy - INFO -     #2: arm=batch_size=500000,header_size=32,cut_condition_type=1,fast_path_timeout=100,k=3, pred=0.403302
2026-02-03 19:38:08,335 - cmab.policy - INFO -     #3: arm=batch_size=100000,header_size=128,cut_condition_type=1,fast_path_timeout=400,k=1, pred=0.403302
2026-02-03 19:38:08,335 - cmab.policy - INFO -     #4: arm=batch_size=100000,header_size=128,cut_condition_type=1,fast_path_timeout=400,k=3, pred=0.403302
2026-02-03 19:38:08,335 - cmab.policy - INFO -     #5: arm=batch_size=100000,header_size=128,cut_condition_type=3,fast_path_timeout=0,k=1, pred=0.403302
2026-02-03 19:38:08,335 - cmab.policy - INFO - 
2026-02-03 19:38:08,335 - cmab.policy - INFO -   Found 108 arms with same max prediction (0.403302), randomly selecting one...
2026-02-03 19:38:08,335 - cmab.policy - INFO - 
2026-02-03 19:38:08,336 - cmab.policy - INFO - ✓ SELECTED ARM: batch_size=750000,header_size=128,cut_condition_type=3,fast_path_timeout=400,k=3 (prediction=0.403302)
2026-02-03 19:38:08,336 - cmab.policy - INFO - ================================================================================
2026-02-03 19:38:08,342 - cmab.trainer - INFO - Updated parameters file: /home/ccclr0302/autobahn-test/benchmark/.parameters-0.json
2026-02-03 19:38:08,342 - cmab.trainer - INFO - 🚩 Created RL parameter update signal file (epoch 7): /tmp/autobahn_rl_param_update_7.signal
2026-02-03 19:38:08,342 - cmab.trainer - INFO - Applied params: {'batch_size': 750000, 'header_size': 128, 'cut_condition_type': 3, 'fast_path_timeout': 400, 'k': 3}
2026-02-03 19:38:08,342 - cmab.trainer - INFO - Waiting for next metrics file...
2026-02-03 19:38:47,047 - cmab.trainer - INFO - Iteration 8 : context=[2.8571517 2.7067754 2.8571517 2.7067754 1.       ] arm=batch_size=750000,header_size=128,cut_condition_type=3,fast_path_timeout=400,k=3 params={'batch_size': 750000, 'header_size': 128, 'cut_condition_type': 3, 'fast_path_timeout': 400, 'k': 3}
2026-02-03 19:38:47,048 - cmab.trainer - INFO - Iteration 8 reward=0.145203 avg_reward(20)=0.437593 last_metrics=epoch_8_slot_980.json top_arm=batch_size=500000,header_size=32,cut_condition_type=3,fast_path_timeout=0,k=3 top_ratio=0.12
2026-02-03 19:38:47,050 - cmab.policy - INFO - ================================================================================
2026-02-03 19:38:47,050 - cmab.policy - INFO - SELECT ARM - Detailed Prediction Analysis
2026-02-03 19:38:47,050 - cmab.policy - INFO - Context: [2.6277764 2.773764  2.9197514 2.773764  1.       ]
2026-02-03 19:38:47,050 - cmab.policy - INFO - Number of trees in forest: 10
2026-02-03 19:38:47,050 - cmab.policy - INFO - 
2026-02-03 19:38:47,050 - cmab.policy - INFO - Prediction statistics across all trees:
2026-02-03 19:38:47,050 - cmab.policy - INFO -   Mean predictions (top 5 arms): [0.472700, 0.472700, 0.472700, 0.472700, 0.472700]
2026-02-03 19:38:47,050 - cmab.policy - INFO -   Std predictions (top 5 arms): [0.230391, 0.230391, 0.230391, 0.230391, 0.230391]
2026-02-03 19:38:47,050 - cmab.policy - INFO - 
2026-02-03 19:38:47,051 - cmab.policy - INFO - Top 5 arms by mean prediction:
2026-02-03 19:38:47,051 - cmab.policy - INFO -   #1: arm=batch_size=750000,header_size=128,cut_condition_type=3,fast_path_timeout=400,k=3, mean=0.472700, std=0.230391
2026-02-03 19:38:47,051 - cmab.policy - INFO -   #2: arm=batch_size=500000,header_size=128,cut_condition_type=3,fast_path_timeout=400,k=3, mean=0.472700, std=0.230391
2026-02-03 19:38:47,051 - cmab.policy - INFO -   #3: arm=batch_size=500000,header_size=32,cut_condition_type=1,fast_path_timeout=0,k=3, mean=0.472700, std=0.230391
2026-02-03 19:38:47,051 - cmab.policy - INFO -   #4: arm=batch_size=500000,header_size=32,cut_condition_type=1,fast_path_timeout=100,k=3, mean=0.472700, std=0.230391
2026-02-03 19:38:47,051 - cmab.policy - INFO -   #5: arm=batch_size=500000,header_size=32,cut_condition_type=1,fast_path_timeout=400,k=3, mean=0.472700, std=0.230391
2026-02-03 19:38:47,051 - cmab.policy - INFO - 
2026-02-03 19:38:47,051 - cmab.policy - INFO - Selected tree #3 for Thompson Sampling:
2026-02-03 19:38:47,051 - cmab.policy - INFO -   Tree depth: 0
2026-02-03 19:38:47,051 - cmab.policy - INFO -   Tree nodes: 1
2026-02-03 19:38:47,051 - cmab.policy - INFO -   Tree leaves: 1
2026-02-03 19:38:47,051 - cmab.policy - INFO -   Tree shape: (nodes=1, leaves=1, depth=0)
2026-02-03 19:38:47,051 - cmab.policy - INFO -   Tree feature importances: [0. 0. 0. 0. 0. 0. 0. 0. 0. 0.]
2026-02-03 19:38:47,052 - cmab.policy - INFO -   Forest feature importances: [0.  0.  0.  0.  0.8 0.  0.  0.  0.  0.2]
2026-02-03 19:38:47,052 - cmab.policy - INFO -   Top 5 predictions from this tree:
2026-02-03 19:38:47,052 - cmab.policy - INFO -     #1: arm=batch_size=750000,header_size=128,cut_condition_type=3,fast_path_timeout=400,k=3, pred=0.491571
2026-02-03 19:38:47,052 - cmab.policy - INFO -     #2: arm=batch_size=500000,header_size=32,cut_condition_type=1,fast_path_timeout=100,k=3, pred=0.491571
2026-02-03 19:38:47,053 - cmab.policy - INFO -     #3: arm=batch_size=100000,header_size=128,cut_condition_type=1,fast_path_timeout=400,k=1, pred=0.491571
2026-02-03 19:38:47,053 - cmab.policy - INFO -     #4: arm=batch_size=100000,header_size=128,cut_condition_type=1,fast_path_timeout=400,k=3, pred=0.491571
2026-02-03 19:38:47,053 - cmab.policy - INFO -     #5: arm=batch_size=100000,header_size=128,cut_condition_type=3,fast_path_timeout=0,k=1, pred=0.491571
2026-02-03 19:38:47,053 - cmab.policy - INFO - 
2026-02-03 19:38:47,053 - cmab.policy - INFO -   Found 108 arms with same max prediction (0.491571), randomly selecting one...
2026-02-03 19:38:47,053 - cmab.policy - INFO - 
2026-02-03 19:38:47,053 - cmab.policy - INFO - ✓ SELECTED ARM: batch_size=750000,header_size=128,cut_condition_type=3,fast_path_timeout=0,k=1 (prediction=0.491571)
2026-02-03 19:38:47,053 - cmab.policy - INFO - ================================================================================
2026-02-03 19:38:47,553 - cmab.trainer - INFO - Updated parameters file: /home/ccclr0302/autobahn-test/benchmark/.parameters-0.json
2026-02-03 19:38:47,553 - cmab.trainer - INFO - 🚩 Created RL parameter update signal file (epoch 8): /tmp/autobahn_rl_param_update_8.signal
2026-02-03 19:38:47,553 - cmab.trainer - INFO - Applied params: {'batch_size': 750000, 'header_size': 128, 'cut_condition_type': 3, 'fast_path_timeout': 0, 'k': 1}
2026-02-03 19:38:47,553 - cmab.trainer - INFO - Waiting for next metrics file...
2026-02-03 19:39:22,950 - cmab.trainer - INFO - Iteration 9 : context=[2.6277764 2.773764  2.9197514 2.773764  1.       ] arm=batch_size=750000,header_size=128,cut_condition_type=3,fast_path_timeout=0,k=1 params={'batch_size': 750000, 'header_size': 128, 'cut_condition_type': 3, 'fast_path_timeout': 0, 'k': 1}
2026-02-03 19:39:22,950 - cmab.trainer - INFO - Iteration 9 reward=0.164151 avg_reward(20)=0.407211 last_metrics=epoch_9_slot_1100.json top_arm=batch_size=500000,header_size=32,cut_condition_type=3,fast_path_timeout=0,k=3 top_ratio=0.11
2026-02-03 19:39:22,953 - cmab.policy - INFO - ================================================================================
2026-02-03 19:39:22,953 - cmab.policy - INFO - SELECT ARM - Detailed Prediction Analysis
2026-02-03 19:39:22,953 - cmab.policy - INFO - Context: [2.7280054 2.7280054 2.7280054 2.5461383 0.       ]
2026-02-03 19:39:22,953 - cmab.policy - INFO - Number of trees in forest: 10
2026-02-03 19:39:22,953 - cmab.policy - INFO - 
2026-02-03 19:39:22,953 - cmab.policy - INFO - Prediction statistics across all trees:
2026-02-03 19:39:22,953 - cmab.policy - INFO -   Mean predictions (top 5 arms): [0.716069, 0.716069, 0.716069, 0.716069, 0.716069]
2026-02-03 19:39:22,953 - cmab.policy - INFO -   Std predictions (top 5 arms): [0.189569, 0.189569, 0.189569, 0.189569, 0.189569]
2026-02-03 19:39:22,953 - cmab.policy - INFO - 
2026-02-03 19:39:22,953 - cmab.policy - INFO - Top 5 arms by mean prediction:
2026-02-03 19:39:22,953 - cmab.policy - INFO -   #1: arm=batch_size=750000,header_size=128,cut_condition_type=3,fast_path_timeout=400,k=3, mean=0.716069, std=0.189569
2026-02-03 19:39:22,953 - cmab.policy - INFO -   #2: arm=batch_size=500000,header_size=128,cut_condition_type=3,fast_path_timeout=400,k=3, mean=0.716069, std=0.189569
2026-02-03 19:39:22,953 - cmab.policy - INFO -   #3: arm=batch_size=500000,header_size=32,cut_condition_type=1,fast_path_timeout=0,k=3, mean=0.716069, std=0.189569
2026-02-03 19:39:22,953 - cmab.policy - INFO -   #4: arm=batch_size=500000,header_size=32,cut_condition_type=1,fast_path_timeout=100,k=3, mean=0.716069, std=0.189569
2026-02-03 19:39:22,953 - cmab.policy - INFO -   #5: arm=batch_size=500000,header_size=32,cut_condition_type=1,fast_path_timeout=400,k=3, mean=0.716069, std=0.189569
2026-02-03 19:39:22,953 - cmab.policy - INFO - 
2026-02-03 19:39:22,953 - cmab.policy - INFO - Selected tree #9 for Thompson Sampling:
2026-02-03 19:39:22,953 - cmab.policy - INFO -   Tree depth: 1
2026-02-03 19:39:22,953 - cmab.policy - INFO -   Tree nodes: 3
2026-02-03 19:39:22,953 - cmab.policy - INFO -   Tree leaves: 2
2026-02-03 19:39:22,954 - cmab.policy - INFO -   Tree shape: (nodes=3, leaves=2, depth=1)
2026-02-03 19:39:22,954 - cmab.policy - INFO -   Tree feature importances: [0. 0. 0. 0. 1. 0. 0. 0. 0. 0.]
2026-02-03 19:39:22,955 - cmab.policy - INFO -   Forest feature importances: [0.  0.  0.  0.  0.8 0.  0.  0.  0.  0.2]
2026-02-03 19:39:22,955 - cmab.policy - INFO -   Top 5 predictions from this tree:
2026-02-03 19:39:22,955 - cmab.policy - INFO -     #1: arm=batch_size=750000,header_size=128,cut_condition_type=3,fast_path_timeout=400,k=3, pred=0.788662
2026-02-03 19:39:22,955 - cmab.policy - INFO -     #2: arm=batch_size=500000,header_size=32,cut_condition_type=1,fast_path_timeout=100,k=3, pred=0.788662
2026-02-03 19:39:22,955 - cmab.policy - INFO -     #3: arm=batch_size=100000,header_size=128,cut_condition_type=1,fast_path_timeout=400,k=1, pred=0.788662
2026-02-03 19:39:22,955 - cmab.policy - INFO -     #4: arm=batch_size=100000,header_size=128,cut_condition_type=1,fast_path_timeout=400,k=3, pred=0.788662
2026-02-03 19:39:22,955 - cmab.policy - INFO -     #5: arm=batch_size=100000,header_size=128,cut_condition_type=3,fast_path_timeout=0,k=1, pred=0.788662
2026-02-03 19:39:22,955 - cmab.policy - INFO - 
2026-02-03 19:39:22,955 - cmab.policy - INFO -   Found 108 arms with same max prediction (0.788662), randomly selecting one...
2026-02-03 19:39:22,955 - cmab.policy - INFO - 
2026-02-03 19:39:22,955 - cmab.policy - INFO - ✓ SELECTED ARM: batch_size=100000,header_size=64,cut_condition_type=3,fast_path_timeout=0,k=3 (prediction=0.788662)
2026-02-03 19:39:22,955 - cmab.policy - INFO - ================================================================================
2026-02-03 19:39:22,959 - cmab.trainer - INFO - Updated parameters file: /home/ccclr0302/autobahn-test/benchmark/.parameters-0.json
2026-02-03 19:39:22,960 - cmab.trainer - INFO - 🚩 Created RL parameter update signal file (epoch 9): /tmp/autobahn_rl_param_update_9.signal
2026-02-03 19:39:22,960 - cmab.trainer - INFO - Applied params: {'batch_size': 100000, 'header_size': 64, 'cut_condition_type': 3, 'fast_path_timeout': 0, 'k': 3}
2026-02-03 19:39:22,960 - cmab.trainer - INFO - Waiting for next metrics file...
[Parallel(n_jobs=1)]: Done  10 out of  10 | elapsed:    0.0s finished
[Parallel(n_jobs=1)]: Done  10 out of  10 | elapsed:    0.0s finished
2026-02-03 19:39:36,507 - cmab.policy - INFO - RF Updated: samples=10, MSE=0.008088
2026-02-03 19:39:36,507 - cmab.trainer - INFO - Iteration 10 : context=[2.7280054 2.7280054 2.7280054 2.5461383 0.       ] arm=batch_size=100000,header_size=64,cut_condition_type=3,fast_path_timeout=0,k=3 params={'batch_size': 100000, 'header_size': 64, 'cut_condition_type': 3, 'fast_path_timeout': 0, 'k': 3}
2026-02-03 19:39:36,507 - cmab.trainer - INFO - Iteration 10 reward=0.841294 avg_reward(20)=0.450619 last_metrics=epoch_10_slot_1220.json top_arm=batch_size=500000,header_size=32,cut_condition_type=3,fast_path_timeout=0,k=3 top_ratio=0.10
2026-02-03 19:39:36,615 - cmab.trainer - INFO - Saved checkpoint: /tmp/cmab_continuous_checkpoints/cmab_checkpoint_10.pkl
2026-02-03 19:39:36,618 - cmab.policy - INFO - ================================================================================
2026-02-03 19:39:36,618 - cmab.policy - INFO - SELECT ARM - Detailed Prediction Analysis
2026-02-03 19:39:36,618 - cmab.policy - INFO - Context: [36.980988 36.980988 34.136295 35.558643  0.      ]
2026-02-03 19:39:36,618 - cmab.policy - INFO - Number of trees in forest: 10
2026-02-03 19:39:36,618 - cmab.policy - INFO - 
2026-02-03 19:39:36,619 - cmab.policy - INFO - Prediction statistics across all trees:
2026-02-03 19:39:36,619 - cmab.policy - INFO -   Mean predictions (top 5 arms): [0.853908, 0.853908, 0.853908, 0.853908, 0.853908]
2026-02-03 19:39:36,619 - cmab.policy - INFO -   Std predictions (top 5 arms): [0.158131, 0.158131, 0.158131, 0.158131, 0.158131]
2026-02-03 19:39:36,619 - cmab.policy - INFO - 
2026-02-03 19:39:36,619 - cmab.policy - INFO - Top 5 arms by mean prediction:
2026-02-03 19:39:36,619 - cmab.policy - INFO -   #1: arm=batch_size=100000,header_size=32,cut_condition_type=1,fast_path_timeout=0,k=1, mean=0.853908, std=0.158131
2026-02-03 19:39:36,619 - cmab.policy - INFO -   #2: arm=batch_size=100000,header_size=32,cut_condition_type=3,fast_path_timeout=0,k=1, mean=0.853908, std=0.158131
2026-02-03 19:39:36,619 - cmab.policy - INFO -   #3: arm=batch_size=100000,header_size=32,cut_condition_type=3,fast_path_timeout=400,k=3, mean=0.853908, std=0.158131
2026-02-03 19:39:36,619 - cmab.policy - INFO -   #4: arm=batch_size=100000,header_size=32,cut_condition_type=3,fast_path_timeout=100,k=3, mean=0.853908, std=0.158131
2026-02-03 19:39:36,619 - cmab.policy - INFO -   #5: arm=batch_size=100000,header_size=32,cut_condition_type=3,fast_path_timeout=100,k=1, mean=0.853908, std=0.158131
2026-02-03 19:39:36,619 - cmab.policy - INFO - 
2026-02-03 19:39:36,619 - cmab.policy - INFO - Selected tree #5 for Thompson Sampling:
2026-02-03 19:39:36,619 - cmab.policy - INFO -   Tree depth: 2
2026-02-03 19:39:36,619 - cmab.policy - INFO -   Tree nodes: 5
2026-02-03 19:39:36,619 - cmab.policy - INFO -   Tree leaves: 3
2026-02-03 19:39:36,619 - cmab.policy - INFO -   Tree shape: (nodes=5, leaves=3, depth=2)
2026-02-03 19:39:36,619 - cmab.policy - INFO -   Tree feature importances: [0.04258959 0.         0.         0.         0.         0.
 0.95741041 0.         0.         0.        ]
2026-02-03 19:39:36,621 - cmab.policy - INFO -   Forest feature importances: [5.43386567e-03 9.59336851e-05 0.00000000e+00 8.09547934e-03
 7.47018941e-01 9.38790877e-02 1.39184895e-01 6.12091232e-03
 1.70885331e-04 0.00000000e+00]
2026-02-03 19:39:36,621 - cmab.policy - INFO -   Top 5 predictions from this tree:
2026-02-03 19:39:36,621 - cmab.policy - INFO -     #1: arm=batch_size=100000,header_size=32,cut_condition_type=1,fast_path_timeout=0,k=1, pred=0.445708
2026-02-03 19:39:36,621 - cmab.policy - INFO -     #2: arm=batch_size=750000,header_size=32,cut_condition_type=1,fast_path_timeout=0,k=1, pred=0.445708
2026-02-03 19:39:36,621 - cmab.policy - INFO -     #3: arm=batch_size=750000,header_size=32,cut_condition_type=3,fast_path_timeout=100,k=3, pred=0.445708
2026-02-03 19:39:36,621 - cmab.policy - INFO -     #4: arm=batch_size=750000,header_size=32,cut_condition_type=3,fast_path_timeout=100,k=1, pred=0.445708
2026-02-03 19:39:36,621 - cmab.policy - INFO -     #5: arm=batch_size=750000,header_size=32,cut_condition_type=3,fast_path_timeout=0,k=3, pred=0.445708
2026-02-03 19:39:36,621 - cmab.policy - INFO - 
2026-02-03 19:39:36,621 - cmab.policy - INFO -   Found 36 arms with same max prediction (0.445708), randomly selecting one...
2026-02-03 19:39:36,621 - cmab.policy - INFO - 
2026-02-03 19:39:36,621 - cmab.policy - INFO - ✓ SELECTED ARM: batch_size=750000,header_size=32,cut_condition_type=3,fast_path_timeout=400,k=3 (prediction=0.445708)
2026-02-03 19:39:36,621 - cmab.policy - INFO - ================================================================================
2026-02-03 19:39:37,057 - cmab.trainer - INFO - Updated parameters file: /home/ccclr0302/autobahn-test/benchmark/.parameters-0.json
2026-02-03 19:39:37,057 - cmab.trainer - INFO - 🚩 Created RL parameter update signal file (epoch 10): /tmp/autobahn_rl_param_update_10.signal
2026-02-03 19:39:37,057 - cmab.trainer - INFO - Applied params: {'batch_size': 750000, 'header_size': 32, 'cut_condition_type': 3, 'fast_path_timeout': 400, 'k': 3}
2026-02-03 19:39:37,057 - cmab.trainer - INFO - Waiting for next metrics file...
2026-02-03 19:39:44,478 - cmab.trainer - INFO - Iteration 11 : context=[36.980988 36.980988 34.136295 35.558643  0.      ] arm=batch_size=750000,header_size=32,cut_condition_type=3,fast_path_timeout=400,k=3 params={'batch_size': 750000, 'header_size': 32, 'cut_condition_type': 3, 'fast_path_timeout': 400, 'k': 3}
2026-02-03 19:39:44,478 - cmab.trainer - INFO - Iteration 11 reward=0.501157 avg_reward(20)=0.455213 last_metrics=epoch_11_slot_1340.json top_arm=batch_size=500000,header_size=32,cut_condition_type=3,fast_path_timeout=0,k=3 top_ratio=0.09
2026-02-03 19:39:44,481 - cmab.policy - INFO - ================================================================================
2026-02-03 19:39:44,481 - cmab.policy - INFO - SELECT ARM - Detailed Prediction Analysis
2026-02-03 19:39:44,481 - cmab.policy - INFO - Context: [10.00489 10.00489 10.00489 10.00489  1.     ]
2026-02-03 19:39:44,481 - cmab.policy - INFO - Number of trees in forest: 10
2026-02-03 19:39:44,481 - cmab.policy - INFO - 
2026-02-03 19:39:44,481 - cmab.policy - INFO - Prediction statistics across all trees:
2026-02-03 19:39:44,481 - cmab.policy - INFO -   Mean predictions (top 5 arms): [0.406961, 0.406961, 0.406961, 0.406961, 0.406961]
2026-02-03 19:39:44,481 - cmab.policy - INFO -   Std predictions (top 5 arms): [0.207233, 0.207233, 0.207233, 0.207233, 0.207233]
2026-02-03 19:39:44,481 - cmab.policy - INFO - 
2026-02-03 19:39:44,481 - cmab.policy - INFO - Top 5 arms by mean prediction:
2026-02-03 19:39:44,481 - cmab.policy - INFO -   #1: arm=batch_size=100000,header_size=32,cut_condition_type=1,fast_path_timeout=0,k=1, mean=0.406961, std=0.207233
2026-02-03 19:39:44,481 - cmab.policy - INFO -   #2: arm=batch_size=100000,header_size=32,cut_condition_type=3,fast_path_timeout=0,k=1, mean=0.406961, std=0.207233
2026-02-03 19:39:44,481 - cmab.policy - INFO -   #3: arm=batch_size=100000,header_size=32,cut_condition_type=3,fast_path_timeout=100,k=1, mean=0.406961, std=0.207233
2026-02-03 19:39:44,481 - cmab.policy - INFO -   #4: arm=batch_size=100000,header_size=32,cut_condition_type=3,fast_path_timeout=0,k=3, mean=0.406961, std=0.207233
2026-02-03 19:39:44,481 - cmab.policy - INFO -   #5: arm=batch_size=100000,header_size=32,cut_condition_type=3,fast_path_timeout=100,k=3, mean=0.406961, std=0.207233
2026-02-03 19:39:44,481 - cmab.policy - INFO - 
2026-02-03 19:39:44,481 - cmab.policy - INFO - Selected tree #2 for Thompson Sampling:
2026-02-03 19:39:44,481 - cmab.policy - INFO -   Tree depth: 2
2026-02-03 19:39:44,481 - cmab.policy - INFO -   Tree nodes: 5
2026-02-03 19:39:44,481 - cmab.policy - INFO -   Tree leaves: 3
2026-02-03 19:39:44,482 - cmab.policy - INFO -   Tree shape: (nodes=5, leaves=3, depth=2)
2026-02-03 19:39:44,482 - cmab.policy - INFO -   Tree feature importances: [0.         0.         0.         0.         0.93135322 0.
 0.06864678 0.         0.         0.        ]
2026-02-03 19:39:44,483 - cmab.policy - INFO -   Forest feature importances: [5.43386567e-03 9.59336851e-05 0.00000000e+00 8.09547934e-03
 7.47018941e-01 9.38790877e-02 1.39184895e-01 6.12091232e-03
 1.70885331e-04 0.00000000e+00]
2026-02-03 19:39:44,484 - cmab.policy - INFO -   Top 5 predictions from this tree:
2026-02-03 19:39:44,484 - cmab.policy - INFO -     #1: arm=batch_size=500000,header_size=64,cut_condition_type=1,fast_path_timeout=400,k=3, pred=0.425337
2026-02-03 19:39:44,484 - cmab.policy - INFO -     #2: arm=batch_size=500000,header_size=32,cut_condition_type=3,fast_path_timeout=400,k=1, pred=0.425337
2026-02-03 19:39:44,484 - cmab.policy - INFO -     #3: arm=batch_size=500000,header_size=32,cut_condition_type=1,fast_path_timeout=0,k=3, pred=0.425337
2026-02-03 19:39:44,484 - cmab.policy - INFO -     #4: arm=batch_size=500000,header_size=32,cut_condition_type=1,fast_path_timeout=100,k=1, pred=0.425337
2026-02-03 19:39:44,484 - cmab.policy - INFO -     #5: arm=batch_size=500000,header_size=32,cut_condition_type=1,fast_path_timeout=100,k=3, pred=0.425337
2026-02-03 19:39:44,484 - cmab.policy - INFO - 
2026-02-03 19:39:44,484 - cmab.policy - INFO -   Found 72 arms with same max prediction (0.425337), randomly selecting one...
2026-02-03 19:39:44,484 - cmab.policy - INFO - 
2026-02-03 19:39:44,484 - cmab.policy - INFO - ✓ SELECTED ARM: batch_size=750000,header_size=32,cut_condition_type=1,fast_path_timeout=100,k=3 (prediction=0.425337)
2026-02-03 19:39:44,484 - cmab.policy - INFO - ================================================================================
2026-02-03 19:39:44,488 - cmab.trainer - INFO - Updated parameters file: /home/ccclr0302/autobahn-test/benchmark/.parameters-0.json
2026-02-03 19:39:44,488 - cmab.trainer - INFO - 🚩 Created RL parameter update signal file (epoch 11): /tmp/autobahn_rl_param_update_11.signal
2026-02-03 19:39:44,488 - cmab.trainer - INFO - Applied params: {'batch_size': 750000, 'header_size': 32, 'cut_condition_type': 1, 'fast_path_timeout': 100, 'k': 3}
2026-02-03 19:39:44,488 - cmab.trainer - INFO - Waiting for next metrics file...
2026-02-03 19:39:49,001 - cmab.trainer - INFO - Iteration 12 : context=[10.00489 10.00489 10.00489 10.00489  1.     ] arm=batch_size=750000,header_size=32,cut_condition_type=1,fast_path_timeout=100,k=3 params={'batch_size': 750000, 'header_size': 32, 'cut_condition_type': 1, 'fast_path_timeout': 100, 'k': 3}
2026-02-03 19:39:49,001 - cmab.trainer - INFO - Iteration 12 reward=0.706153 avg_reward(20)=0.476125 last_metrics=epoch_12_slot_1460.json top_arm=batch_size=500000,header_size=32,cut_condition_type=3,fast_path_timeout=0,k=3 top_ratio=0.08
2026-02-03 19:39:49,004 - cmab.policy - INFO - ================================================================================
2026-02-03 19:39:49,004 - cmab.policy - INFO - SELECT ARM - Detailed Prediction Analysis
2026-02-03 19:39:49,004 - cmab.policy - INFO - Context: [10.607716  13.2596445 13.2596445 13.2596445  1.       ]
2026-02-03 19:39:49,004 - cmab.policy - INFO - Number of trees in forest: 10
2026-02-03 19:39:49,004 - cmab.policy - INFO - 
2026-02-03 19:39:49,004 - cmab.policy - INFO - Prediction statistics across all trees:
2026-02-03 19:39:49,004 - cmab.policy - INFO -   Mean predictions (top 5 arms): [0.406961, 0.406961, 0.406961, 0.406961, 0.406961]
2026-02-03 19:39:49,004 - cmab.policy - INFO -   Std predictions (top 5 arms): [0.207233, 0.207233, 0.207233, 0.207233, 0.207233]
2026-02-03 19:39:49,004 - cmab.policy - INFO - 
2026-02-03 19:39:49,004 - cmab.policy - INFO - Top 5 arms by mean prediction:
2026-02-03 19:39:49,004 - cmab.policy - INFO -   #1: arm=batch_size=100000,header_size=32,cut_condition_type=1,fast_path_timeout=0,k=1, mean=0.406961, std=0.207233
2026-02-03 19:39:49,004 - cmab.policy - INFO -   #2: arm=batch_size=100000,header_size=32,cut_condition_type=3,fast_path_timeout=0,k=1, mean=0.406961, std=0.207233
2026-02-03 19:39:49,004 - cmab.policy - INFO -   #3: arm=batch_size=100000,header_size=32,cut_condition_type=3,fast_path_timeout=100,k=1, mean=0.406961, std=0.207233
2026-02-03 19:39:49,004 - cmab.policy - INFO -   #4: arm=batch_size=100000,header_size=32,cut_condition_type=3,fast_path_timeout=0,k=3, mean=0.406961, std=0.207233
2026-02-03 19:39:49,005 - cmab.policy - INFO -   #5: arm=batch_size=100000,header_size=32,cut_condition_type=3,fast_path_timeout=100,k=3, mean=0.406961, std=0.207233
2026-02-03 19:39:49,005 - cmab.policy - INFO - 
2026-02-03 19:39:49,005 - cmab.policy - INFO - Selected tree #5 for Thompson Sampling:
2026-02-03 19:39:49,005 - cmab.policy - INFO -   Tree depth: 2
2026-02-03 19:39:49,005 - cmab.policy - INFO -   Tree nodes: 5
2026-02-03 19:39:49,005 - cmab.policy - INFO -   Tree leaves: 3
2026-02-03 19:39:49,005 - cmab.policy - INFO -   Tree shape: (nodes=5, leaves=3, depth=2)
2026-02-03 19:39:49,005 - cmab.policy - INFO -   Tree feature importances: [0.04258959 0.         0.         0.         0.         0.
 0.95741041 0.         0.         0.        ]
2026-02-03 19:39:49,007 - cmab.policy - INFO -   Forest feature importances: [5.43386567e-03 9.59336851e-05 0.00000000e+00 8.09547934e-03
 7.47018941e-01 9.38790877e-02 1.39184895e-01 6.12091232e-03
 1.70885331e-04 0.00000000e+00]
2026-02-03 19:39:49,007 - cmab.policy - INFO -   Top 5 predictions from this tree:
2026-02-03 19:39:49,007 - cmab.policy - INFO -     #1: arm=batch_size=100000,header_size=32,cut_condition_type=1,fast_path_timeout=0,k=1, pred=0.445708
2026-02-03 19:39:49,007 - cmab.policy - INFO -     #2: arm=batch_size=750000,header_size=32,cut_condition_type=1,fast_path_timeout=0,k=1, pred=0.445708
2026-02-03 19:39:49,007 - cmab.policy - INFO -     #3: arm=batch_size=750000,header_size=32,cut_condition_type=3,fast_path_timeout=100,k=3, pred=0.445708
2026-02-03 19:39:49,007 - cmab.policy - INFO -     #4: arm=batch_size=750000,header_size=32,cut_condition_type=3,fast_path_timeout=100,k=1, pred=0.445708
2026-02-03 19:39:49,007 - cmab.policy - INFO -     #5: arm=batch_size=750000,header_size=32,cut_condition_type=3,fast_path_timeout=0,k=3, pred=0.445708
2026-02-03 19:39:49,007 - cmab.policy - INFO - 
2026-02-03 19:39:49,007 - cmab.policy - INFO -   Found 36 arms with same max prediction (0.445708), randomly selecting one...
2026-02-03 19:39:49,007 - cmab.policy - INFO - 
2026-02-03 19:39:49,007 - cmab.policy - INFO - ✓ SELECTED ARM: batch_size=750000,header_size=32,cut_condition_type=3,fast_path_timeout=0,k=1 (prediction=0.445708)
2026-02-03 19:39:49,007 - cmab.policy - INFO - ================================================================================
2026-02-03 19:39:49,011 - cmab.trainer - INFO - Updated parameters file: /home/ccclr0302/autobahn-test/benchmark/.parameters-0.json
2026-02-03 19:39:49,012 - cmab.trainer - INFO - 🚩 Created RL parameter update signal file (epoch 12): /tmp/autobahn_rl_param_update_12.signal
2026-02-03 19:39:49,012 - cmab.trainer - INFO - Applied params: {'batch_size': 750000, 'header_size': 32, 'cut_condition_type': 3, 'fast_path_timeout': 0, 'k': 1}
2026-02-03 19:39:49,012 - cmab.trainer - INFO - Waiting for next metrics file...
2026-02-03 19:39:51,519 - cmab.trainer - WARNING - Detected abandon signal for epoch 12, using action from epoch 12 for update
2026-02-03 19:39:51,519 - cmab.trainer - INFO - Iteration 13 : context=[10.607716  13.2596445 13.2596445 13.2596445  1.       ] arm=batch_size=750000,header_size=32,cut_condition_type=1,fast_path_timeout=100,k=3 params={'batch_size': 750000, 'header_size': 32, 'cut_condition_type': 1, 'fast_path_timeout': 100, 'k': 3}
2026-02-03 19:39:51,519 - cmab.trainer - INFO - Iteration 13 reward=0.781848 avg_reward(20)=0.499642 last_metrics=epoch_13_slot_1581.json top_arm=batch_size=750000,header_size=32,cut_condition_type=3,fast_path_timeout=0,k=1 top_ratio=0.15
2026-02-03 19:39:51,522 - cmab.policy - INFO - ================================================================================
2026-02-03 19:39:51,522 - cmab.policy - INFO - SELECT ARM - Detailed Prediction Analysis
2026-02-03 19:39:51,522 - cmab.policy - INFO - Context: [10.602037   7.9515285  7.9515285  7.9515285  1.       ]
2026-02-03 19:39:51,522 - cmab.policy - INFO - Number of trees in forest: 10
2026-02-03 19:39:51,522 - cmab.policy - INFO - 
2026-02-03 19:39:51,522 - cmab.policy - INFO - Prediction statistics across all trees:
2026-02-03 19:39:51,522 - cmab.policy - INFO -   Mean predictions (top 5 arms): [0.406961, 0.406961, 0.406961, 0.406961, 0.406961]
2026-02-03 19:39:51,522 - cmab.policy - INFO -   Std predictions (top 5 arms): [0.207233, 0.207233, 0.207233, 0.207233, 0.207233]
2026-02-03 19:39:51,522 - cmab.policy - INFO - 
2026-02-03 19:39:51,522 - cmab.policy - INFO - Top 5 arms by mean prediction:
2026-02-03 19:39:51,522 - cmab.policy - INFO -   #1: arm=batch_size=100000,header_size=32,cut_condition_type=1,fast_path_timeout=0,k=1, mean=0.406961, std=0.207233
2026-02-03 19:39:51,522 - cmab.policy - INFO -   #2: arm=batch_size=100000,header_size=32,cut_condition_type=3,fast_path_timeout=0,k=1, mean=0.406961, std=0.207233
2026-02-03 19:39:51,522 - cmab.policy - INFO -   #3: arm=batch_size=100000,header_size=32,cut_condition_type=3,fast_path_timeout=100,k=1, mean=0.406961, std=0.207233
2026-02-03 19:39:51,522 - cmab.policy - INFO -   #4: arm=batch_size=100000,header_size=32,cut_condition_type=3,fast_path_timeout=0,k=3, mean=0.406961, std=0.207233
2026-02-03 19:39:51,522 - cmab.policy - INFO -   #5: arm=batch_size=100000,header_size=32,cut_condition_type=3,fast_path_timeout=100,k=3, mean=0.406961, std=0.207233
2026-02-03 19:39:51,523 - cmab.policy - INFO - 
2026-02-03 19:39:51,523 - cmab.policy - INFO - Selected tree #6 for Thompson Sampling:
2026-02-03 19:39:51,523 - cmab.policy - INFO -   Tree depth: 2
2026-02-03 19:39:51,523 - cmab.policy - INFO -   Tree nodes: 5
2026-02-03 19:39:51,523 - cmab.policy - INFO -   Tree leaves: 3
2026-02-03 19:39:51,523 - cmab.policy - INFO -   Tree shape: (nodes=5, leaves=3, depth=2)
2026-02-03 19:39:51,523 - cmab.policy - INFO -   Tree feature importances: [0.         0.         0.         0.08095479 0.91904521 0.
 0.         0.         0.         0.        ]
2026-02-03 19:39:51,525 - cmab.policy - INFO -   Forest feature importances: [5.43386567e-03 9.59336851e-05 0.00000000e+00 8.09547934e-03
 7.47018941e-01 9.38790877e-02 1.39184895e-01 6.12091232e-03
 1.70885331e-04 0.00000000e+00]
2026-02-03 19:39:51,525 - cmab.policy - INFO -   Top 5 predictions from this tree:
2026-02-03 19:39:51,525 - cmab.policy - INFO -     #1: arm=batch_size=750000,header_size=128,cut_condition_type=3,fast_path_timeout=400,k=3, pred=0.342814
2026-02-03 19:39:51,525 - cmab.policy - INFO -     #2: arm=batch_size=500000,header_size=32,cut_condition_type=1,fast_path_timeout=100,k=3, pred=0.342814
2026-02-03 19:39:51,525 - cmab.policy - INFO -     #3: arm=batch_size=100000,header_size=128,cut_condition_type=1,fast_path_timeout=400,k=1, pred=0.342814
2026-02-03 19:39:51,525 - cmab.policy - INFO -     #4: arm=batch_size=100000,header_size=128,cut_condition_type=1,fast_path_timeout=400,k=3, pred=0.342814
2026-02-03 19:39:51,525 - cmab.policy - INFO -     #5: arm=batch_size=100000,header_size=128,cut_condition_type=3,fast_path_timeout=0,k=1, pred=0.342814
2026-02-03 19:39:51,525 - cmab.policy - INFO - 
2026-02-03 19:39:51,525 - cmab.policy - INFO -   Found 108 arms with same max prediction (0.342814), randomly selecting one...
2026-02-03 19:39:51,525 - cmab.policy - INFO - 
2026-02-03 19:39:51,525 - cmab.policy - INFO - ✓ SELECTED ARM: batch_size=100000,header_size=32,cut_condition_type=1,fast_path_timeout=400,k=3 (prediction=0.342814)
2026-02-03 19:39:51,525 - cmab.policy - INFO - ================================================================================
2026-02-03 19:39:51,528 - cmab.trainer - INFO - Updated parameters file: /home/ccclr0302/autobahn-test/benchmark/.parameters-0.json
2026-02-03 19:39:51,528 - cmab.trainer - INFO - 🚩 Created RL parameter update signal file (epoch 13): /tmp/autobahn_rl_param_update_13.signal
2026-02-03 19:39:51,528 - cmab.trainer - INFO - Applied params: {'batch_size': 100000, 'header_size': 32, 'cut_condition_type': 1, 'fast_path_timeout': 400, 'k': 3}
2026-02-03 19:39:51,528 - cmab.trainer - INFO - Waiting for next metrics file...
2026-02-03 19:39:53,835 - cmab.trainer - WARNING - Detected abandon signal for epoch 13, using action from epoch 13 for update
2026-02-03 19:39:53,835 - cmab.trainer - INFO - Iteration 14 : context=[10.602037   7.9515285  7.9515285  7.9515285  1.       ] arm=batch_size=750000,header_size=32,cut_condition_type=3,fast_path_timeout=0,k=1 params={'batch_size': 750000, 'header_size': 32, 'cut_condition_type': 3, 'fast_path_timeout': 0, 'k': 1}
2026-02-03 19:39:53,835 - cmab.trainer - INFO - Iteration 14 reward=0.669458 avg_reward(20)=0.511772 last_metrics=epoch_14_slot_1700.json top_arm=batch_size=750000,header_size=32,cut_condition_type=3,fast_path_timeout=0,k=1 top_ratio=0.14
2026-02-03 19:39:53,838 - cmab.policy - INFO - ================================================================================
2026-02-03 19:39:53,838 - cmab.policy - INFO - SELECT ARM - Detailed Prediction Analysis
2026-02-03 19:39:53,838 - cmab.policy - INFO - Context: [10.614044 10.614044 10.614044 10.614044  1.      ]
2026-02-03 19:39:53,838 - cmab.policy - INFO - Number of trees in forest: 10
2026-02-03 19:39:53,838 - cmab.policy - INFO - 
2026-02-03 19:39:53,838 - cmab.policy - INFO - Prediction statistics across all trees:
2026-02-03 19:39:53,838 - cmab.policy - INFO -   Mean predictions (top 5 arms): [0.406961, 0.406961, 0.406961, 0.406961, 0.406961]
2026-02-03 19:39:53,838 - cmab.policy - INFO -   Std predictions (top 5 arms): [0.207233, 0.207233, 0.207233, 0.207233, 0.207233]
2026-02-03 19:39:53,838 - cmab.policy - INFO - 
2026-02-03 19:39:53,838 - cmab.policy - INFO - Top 5 arms by mean prediction:
2026-02-03 19:39:53,838 - cmab.policy - INFO -   #1: arm=batch_size=100000,header_size=32,cut_condition_type=1,fast_path_timeout=0,k=1, mean=0.406961, std=0.207233
2026-02-03 19:39:53,838 - cmab.policy - INFO -   #2: arm=batch_size=100000,header_size=32,cut_condition_type=3,fast_path_timeout=0,k=1, mean=0.406961, std=0.207233
2026-02-03 19:39:53,838 - cmab.policy - INFO -   #3: arm=batch_size=100000,header_size=32,cut_condition_type=3,fast_path_timeout=100,k=1, mean=0.406961, std=0.207233
2026-02-03 19:39:53,838 - cmab.policy - INFO -   #4: arm=batch_size=100000,header_size=32,cut_condition_type=3,fast_path_timeout=0,k=3, mean=0.406961, std=0.207233
2026-02-03 19:39:53,838 - cmab.policy - INFO -   #5: arm=batch_size=100000,header_size=32,cut_condition_type=3,fast_path_timeout=100,k=3, mean=0.406961, std=0.207233
2026-02-03 19:39:53,838 - cmab.policy - INFO - 
2026-02-03 19:39:53,838 - cmab.policy - INFO - Selected tree #10 for Thompson Sampling:
2026-02-03 19:39:53,838 - cmab.policy - INFO -   Tree depth: 2
2026-02-03 19:39:53,838 - cmab.policy - INFO -   Tree nodes: 5
2026-02-03 19:39:53,838 - cmab.policy - INFO -   Tree leaves: 3
2026-02-03 19:39:53,839 - cmab.policy - INFO -   Tree shape: (nodes=5, leaves=3, depth=2)
2026-02-03 19:39:53,839 - cmab.policy - INFO -   Tree feature importances: [0.        0.        0.        0.        0.8688507 0.        0.1311493
 0.        0.        0.       ]
2026-02-03 19:39:53,840 - cmab.policy - INFO -   Forest feature importances: [5.43386567e-03 9.59336851e-05 0.00000000e+00 8.09547934e-03
 7.47018941e-01 9.38790877e-02 1.39184895e-01 6.12091232e-03
 1.70885331e-04 0.00000000e+00]
2026-02-03 19:39:53,840 - cmab.policy - INFO -   Top 5 predictions from this tree:
2026-02-03 19:39:53,841 - cmab.policy - INFO -     #1: arm=batch_size=500000,header_size=64,cut_condition_type=1,fast_path_timeout=400,k=3, pred=0.404967
2026-02-03 19:39:53,841 - cmab.policy - INFO -     #2: arm=batch_size=500000,header_size=32,cut_condition_type=3,fast_path_timeout=400,k=1, pred=0.404967
2026-02-03 19:39:53,841 - cmab.policy - INFO -     #3: arm=batch_size=500000,header_size=32,cut_condition_type=1,fast_path_timeout=0,k=3, pred=0.404967
2026-02-03 19:39:53,841 - cmab.policy - INFO -     #4: arm=batch_size=500000,header_size=32,cut_condition_type=1,fast_path_timeout=100,k=1, pred=0.404967
2026-02-03 19:39:53,841 - cmab.policy - INFO -     #5: arm=batch_size=500000,header_size=32,cut_condition_type=1,fast_path_timeout=100,k=3, pred=0.404967
2026-02-03 19:39:53,841 - cmab.policy - INFO - 
2026-02-03 19:39:53,841 - cmab.policy - INFO -   Found 72 arms with same max prediction (0.404967), randomly selecting one...
2026-02-03 19:39:53,841 - cmab.policy - INFO - 
2026-02-03 19:39:53,841 - cmab.policy - INFO - ✓ SELECTED ARM: batch_size=750000,header_size=64,cut_condition_type=1,fast_path_timeout=100,k=3 (prediction=0.404967)
2026-02-03 19:39:53,841 - cmab.policy - INFO - ================================================================================
2026-02-03 19:39:53,844 - cmab.trainer - INFO - Updated parameters file: /home/ccclr0302/autobahn-test/benchmark/.parameters-0.json
2026-02-03 19:39:53,844 - cmab.trainer - INFO - 🚩 Created RL parameter update signal file (epoch 14): /tmp/autobahn_rl_param_update_14.signal
2026-02-03 19:39:53,844 - cmab.trainer - INFO - Applied params: {'batch_size': 750000, 'header_size': 64, 'cut_condition_type': 1, 'fast_path_timeout': 100, 'k': 3}
2026-02-03 19:39:53,844 - cmab.trainer - INFO - Waiting for next metrics file...
2026-02-03 19:39:56,051 - cmab.trainer - WARNING - Detected abandon signal for epoch 14, using action from epoch 14 for update
[Parallel(n_jobs=1)]: Done  10 out of  10 | elapsed:    0.0s finished
[Parallel(n_jobs=1)]: Done  10 out of  10 | elapsed:    0.0s finished
2026-02-03 19:39:56,061 - cmab.policy - INFO - RF Updated: samples=15, MSE=0.025611
2026-02-03 19:39:56,061 - cmab.trainer - INFO - Iteration 15 : context=[10.614044 10.614044 10.614044 10.614044  1.      ] arm=batch_size=100000,header_size=32,cut_condition_type=1,fast_path_timeout=400,k=3 params={'batch_size': 100000, 'header_size': 32, 'cut_condition_type': 1, 'fast_path_timeout': 400, 'k': 3}
2026-02-03 19:39:56,061 - cmab.trainer - INFO - Iteration 15 reward=0.653561 avg_reward(20)=0.521225 last_metrics=epoch_15_slot_1821.json top_arm=batch_size=750000,header_size=32,cut_condition_type=3,fast_path_timeout=0,k=1 top_ratio=0.13
2026-02-03 19:39:56,064 - cmab.policy - INFO - ================================================================================
2026-02-03 19:39:56,064 - cmab.policy - INFO - SELECT ARM - Detailed Prediction Analysis
2026-02-03 19:39:56,064 - cmab.policy - INFO - Context: [10.55356 10.55356 10.55356 10.55356  1.     ]
2026-02-03 19:39:56,064 - cmab.policy - INFO - Number of trees in forest: 10
2026-02-03 19:39:56,064 - cmab.policy - INFO - 
2026-02-03 19:39:56,064 - cmab.policy - INFO - Prediction statistics across all trees:
2026-02-03 19:39:56,064 - cmab.policy - INFO -   Mean predictions (top 5 arms): [0.740902, 0.740902, 0.729108, 0.729108, 0.729108]
2026-02-03 19:39:56,064 - cmab.policy - INFO -   Std predictions (top 5 arms): [0.078987, 0.078987, 0.062812, 0.062812, 0.062812]
2026-02-03 19:39:56,064 - cmab.policy - INFO - 
2026-02-03 19:39:56,064 - cmab.policy - INFO - Top 5 arms by mean prediction:
2026-02-03 19:39:56,064 - cmab.policy - INFO -   #1: arm=batch_size=100000,header_size=32,cut_condition_type=1,fast_path_timeout=0,k=3, mean=0.740902, std=0.078987
2026-02-03 19:39:56,064 - cmab.policy - INFO -   #2: arm=batch_size=100000,header_size=32,cut_condition_type=1,fast_path_timeout=100,k=3, mean=0.740902, std=0.078987
2026-02-03 19:39:56,064 - cmab.policy - INFO -   #3: arm=batch_size=750000,header_size=32,cut_condition_type=1,fast_path_timeout=100,k=3, mean=0.729108, std=0.062812
2026-02-03 19:39:56,064 - cmab.policy - INFO -   #4: arm=batch_size=500000,header_size=32,cut_condition_type=1,fast_path_timeout=0,k=3, mean=0.729108, std=0.062812
2026-02-03 19:39:56,064 - cmab.policy - INFO -   #5: arm=batch_size=750000,header_size=32,cut_condition_type=1,fast_path_timeout=0,k=3, mean=0.729108, std=0.062812
2026-02-03 19:39:56,064 - cmab.policy - INFO - 
2026-02-03 19:39:56,064 - cmab.policy - INFO - Selected tree #2 for Thompson Sampling:
2026-02-03 19:39:56,064 - cmab.policy - INFO -   Tree depth: 3
2026-02-03 19:39:56,064 - cmab.policy - INFO -   Tree nodes: 9
2026-02-03 19:39:56,064 - cmab.policy - INFO -   Tree leaves: 5
2026-02-03 19:39:56,065 - cmab.policy - INFO -   Tree shape: (nodes=9, leaves=5, depth=3)
2026-02-03 19:39:56,065 - cmab.policy - INFO -   Tree feature importances: [0.0091186  0.         0.         0.         0.61656333 0.
 0.35474175 0.         0.         0.01957632]
2026-02-03 19:39:56,066 - cmab.policy - INFO -   Forest feature importances: [0.18085073 0.09608151 0.00385189 0.01015519 0.06165633 0.00175248
 0.37757604 0.10738238 0.02775171 0.13294174]
2026-02-03 19:39:56,067 - cmab.policy - INFO -   Top 5 predictions from this tree:
2026-02-03 19:39:56,067 - cmab.policy - INFO -     #1: arm=batch_size=750000,header_size=32,cut_condition_type=1,fast_path_timeout=400,k=3, pred=0.731385
2026-02-03 19:39:56,067 - cmab.policy - INFO -     #2: arm=batch_size=500000,header_size=32,cut_condition_type=1,fast_path_timeout=400,k=3, pred=0.731385
2026-02-03 19:39:56,067 - cmab.policy - INFO -     #3: arm=batch_size=750000,header_size=32,cut_condition_type=3,fast_path_timeout=400,k=3, pred=0.731385
2026-02-03 19:39:56,067 - cmab.policy - INFO -     #4: arm=batch_size=500000,header_size=32,cut_condition_type=3,fast_path_timeout=400,k=3, pred=0.731385
2026-02-03 19:39:56,067 - cmab.policy - INFO -     #5: arm=batch_size=750000,header_size=32,cut_condition_type=1,fast_path_timeout=100,k=3, pred=0.731385
2026-02-03 19:39:56,067 - cmab.policy - INFO - 
2026-02-03 19:39:56,067 - cmab.policy - INFO -   Found 18 arms with same max prediction (0.731385), randomly selecting one...
2026-02-03 19:39:56,067 - cmab.policy - INFO - 
2026-02-03 19:39:56,067 - cmab.policy - INFO - ✓ SELECTED ARM: batch_size=100000,header_size=32,cut_condition_type=1,fast_path_timeout=400,k=3 (prediction=0.731385)
2026-02-03 19:39:56,067 - cmab.policy - INFO - ================================================================================
2026-02-03 19:39:56,089 - cmab.trainer - INFO - Updated parameters file: /home/ccclr0302/autobahn-test/benchmark/.parameters-0.json
2026-02-03 19:39:56,090 - cmab.trainer - INFO - 🚩 Created RL parameter update signal file (epoch 15): /tmp/autobahn_rl_param_update_15.signal
2026-02-03 19:39:56,090 - cmab.trainer - INFO - Applied params: {'batch_size': 100000, 'header_size': 32, 'cut_condition_type': 1, 'fast_path_timeout': 400, 'k': 3}
2026-02-03 19:39:56,090 - cmab.trainer - INFO - Waiting for next metrics file...
2026-02-03 19:39:58,396 - cmab.trainer - WARNING - Detected abandon signal for epoch 15, using action from epoch 15 for update
2026-02-03 19:39:58,397 - cmab.trainer - INFO - Iteration 16 : context=[10.55356 10.55356 10.55356 10.55356  1.     ] arm=batch_size=750000,header_size=64,cut_condition_type=1,fast_path_timeout=100,k=3 params={'batch_size': 750000, 'header_size': 64, 'cut_condition_type': 1, 'fast_path_timeout': 100, 'k': 3}
2026-02-03 19:39:58,397 - cmab.trainer - INFO - Iteration 16 reward=0.737255 avg_reward(20)=0.534726 last_metrics=epoch_16_slot_1940.json top_arm=batch_size=750000,header_size=32,cut_condition_type=3,fast_path_timeout=0,k=1 top_ratio=0.12
2026-02-03 19:39:58,399 - cmab.policy - INFO - ================================================================================
2026-02-03 19:39:58,399 - cmab.policy - INFO - SELECT ARM - Detailed Prediction Analysis
2026-02-03 19:39:58,399 - cmab.policy - INFO - Context: [10.509524 10.509524 10.509524 10.509524  1.      ]
2026-02-03 19:39:58,400 - cmab.policy - INFO - Number of trees in forest: 10
2026-02-03 19:39:58,400 - cmab.policy - INFO - 
2026-02-03 19:39:58,400 - cmab.policy - INFO - Prediction statistics across all trees:
2026-02-03 19:39:58,400 - cmab.policy - INFO -   Mean predictions (top 5 arms): [0.740902, 0.740902, 0.729108, 0.729108, 0.729108]
2026-02-03 19:39:58,400 - cmab.policy - INFO -   Std predictions (top 5 arms): [0.078987, 0.078987, 0.062812, 0.062812, 0.062812]
2026-02-03 19:39:58,400 - cmab.policy - INFO - 
2026-02-03 19:39:58,400 - cmab.policy - INFO - Top 5 arms by mean prediction:
2026-02-03 19:39:58,400 - cmab.policy - INFO -   #1: arm=batch_size=100000,header_size=32,cut_condition_type=1,fast_path_timeout=0,k=3, mean=0.740902, std=0.078987
2026-02-03 19:39:58,400 - cmab.policy - INFO -   #2: arm=batch_size=100000,header_size=32,cut_condition_type=1,fast_path_timeout=100,k=3, mean=0.740902, std=0.078987
2026-02-03 19:39:58,400 - cmab.policy - INFO -   #3: arm=batch_size=750000,header_size=32,cut_condition_type=1,fast_path_timeout=100,k=3, mean=0.729108, std=0.062812
2026-02-03 19:39:58,400 - cmab.policy - INFO -   #4: arm=batch_size=500000,header_size=32,cut_condition_type=1,fast_path_timeout=0,k=3, mean=0.729108, std=0.062812
2026-02-03 19:39:58,400 - cmab.policy - INFO -   #5: arm=batch_size=750000,header_size=32,cut_condition_type=1,fast_path_timeout=0,k=3, mean=0.729108, std=0.062812
2026-02-03 19:39:58,400 - cmab.policy - INFO - 
2026-02-03 19:39:58,400 - cmab.policy - INFO - Selected tree #3 for Thompson Sampling:
2026-02-03 19:39:58,400 - cmab.policy - INFO -   Tree depth: 2
2026-02-03 19:39:58,400 - cmab.policy - INFO -   Tree nodes: 7
2026-02-03 19:39:58,400 - cmab.policy - INFO -   Tree leaves: 4
2026-02-03 19:39:58,400 - cmab.policy - INFO -   Tree shape: (nodes=7, leaves=4, depth=2)
2026-02-03 19:39:58,400 - cmab.policy - INFO -   Tree feature importances: [0.27967348 0.64339358 0.         0.         0.         0.
 0.07693294 0.         0.         0.        ]
2026-02-03 19:39:58,402 - cmab.policy - INFO -   Forest feature importances: [0.18085073 0.09608151 0.00385189 0.01015519 0.06165633 0.00175248
 0.37757604 0.10738238 0.02775171 0.13294174]
2026-02-03 19:39:58,402 - cmab.policy - INFO -   Top 5 predictions from this tree:
2026-02-03 19:39:58,402 - cmab.policy - INFO -     #1: arm=batch_size=750000,header_size=128,cut_condition_type=3,fast_path_timeout=400,k=3, pred=0.816863
2026-02-03 19:39:58,402 - cmab.policy - INFO -     #2: arm=batch_size=500000,header_size=32,cut_condition_type=1,fast_path_timeout=100,k=3, pred=0.816863
2026-02-03 19:39:58,402 - cmab.policy - INFO -     #3: arm=batch_size=100000,header_size=128,cut_condition_type=1,fast_path_timeout=400,k=1, pred=0.816863
2026-02-03 19:39:58,402 - cmab.policy - INFO -     #4: arm=batch_size=100000,header_size=128,cut_condition_type=1,fast_path_timeout=400,k=3, pred=0.816863
2026-02-03 19:39:58,402 - cmab.policy - INFO -     #5: arm=batch_size=100000,header_size=128,cut_condition_type=3,fast_path_timeout=0,k=1, pred=0.816863
2026-02-03 19:39:58,402 - cmab.policy - INFO - 
2026-02-03 19:39:58,402 - cmab.policy - INFO -   Found 108 arms with same max prediction (0.816863), randomly selecting one...
2026-02-03 19:39:58,402 - cmab.policy - INFO - 
2026-02-03 19:39:58,402 - cmab.policy - INFO - ✓ SELECTED ARM: batch_size=750000,header_size=128,cut_condition_type=1,fast_path_timeout=0,k=3 (prediction=0.816863)
2026-02-03 19:39:58,402 - cmab.policy - INFO - ================================================================================
2026-02-03 19:39:58,407 - cmab.trainer - INFO - Updated parameters file: /home/ccclr0302/autobahn-test/benchmark/.parameters-0.json
2026-02-03 19:39:58,407 - cmab.trainer - INFO - 🚩 Created RL parameter update signal file (epoch 16): /tmp/autobahn_rl_param_update_16.signal
2026-02-03 19:39:58,407 - cmab.trainer - INFO - Applied params: {'batch_size': 750000, 'header_size': 128, 'cut_condition_type': 1, 'fast_path_timeout': 0, 'k': 3}
2026-02-03 19:39:58,407 - cmab.trainer - INFO - Waiting for next metrics file...
2026-02-03 19:40:00,613 - cmab.trainer - WARNING - Detected abandon signal for epoch 16, using action from epoch 16 for update
2026-02-03 19:40:00,614 - cmab.trainer - INFO - Iteration 17 : context=[10.509524 10.509524 10.509524 10.509524  1.      ] arm=batch_size=100000,header_size=32,cut_condition_type=1,fast_path_timeout=400,k=3 params={'batch_size': 100000, 'header_size': 32, 'cut_condition_type': 1, 'fast_path_timeout': 400, 'k': 3}
2026-02-03 19:40:00,614 - cmab.trainer - INFO - Iteration 17 reward=0.711144 avg_reward(20)=0.545104 last_metrics=epoch_17_slot_2060.json top_arm=batch_size=750000,header_size=32,cut_condition_type=3,fast_path_timeout=0,k=1 top_ratio=0.12
2026-02-03 19:40:00,616 - cmab.policy - INFO - ================================================================================
2026-02-03 19:40:00,616 - cmab.policy - INFO - SELECT ARM - Detailed Prediction Analysis
2026-02-03 19:40:00,617 - cmab.policy - INFO - Context: [10.700397 10.700397 10.700397 10.700397  1.      ]
2026-02-03 19:40:00,617 - cmab.policy - INFO - Number of trees in forest: 10
2026-02-03 19:40:00,617 - cmab.policy - INFO - 
2026-02-03 19:40:00,617 - cmab.policy - INFO - Prediction statistics across all trees:
2026-02-03 19:40:00,617 - cmab.policy - INFO -   Mean predictions (top 5 arms): [0.692317, 0.692317, 0.680523, 0.680523, 0.680523]
2026-02-03 19:40:00,617 - cmab.policy - INFO -   Std predictions (top 5 arms): [0.130412, 0.130412, 0.116480, 0.116480, 0.116480]
2026-02-03 19:40:00,617 - cmab.policy - INFO - 
2026-02-03 19:40:00,617 - cmab.policy - INFO - Top 5 arms by mean prediction:
2026-02-03 19:40:00,617 - cmab.policy - INFO -   #1: arm=batch_size=100000,header_size=32,cut_condition_type=1,fast_path_timeout=0,k=3, mean=0.692317, std=0.130412
2026-02-03 19:40:00,617 - cmab.policy - INFO -   #2: arm=batch_size=100000,header_size=32,cut_condition_type=1,fast_path_timeout=100,k=3, mean=0.692317, std=0.130412
2026-02-03 19:40:00,617 - cmab.policy - INFO -   #3: arm=batch_size=750000,header_size=32,cut_condition_type=1,fast_path_timeout=0,k=3, mean=0.680523, std=0.116480
2026-02-03 19:40:00,617 - cmab.policy - INFO -   #4: arm=batch_size=750000,header_size=32,cut_condition_type=1,fast_path_timeout=100,k=3, mean=0.680523, std=0.116480
2026-02-03 19:40:00,617 - cmab.policy - INFO -   #5: arm=batch_size=500000,header_size=32,cut_condition_type=1,fast_path_timeout=100,k=3, mean=0.680523, std=0.116480
2026-02-03 19:40:00,617 - cmab.policy - INFO - 
2026-02-03 19:40:00,617 - cmab.policy - INFO - Selected tree #10 for Thompson Sampling:
2026-02-03 19:40:00,617 - cmab.policy - INFO -   Tree depth: 3
2026-02-03 19:40:00,617 - cmab.policy - INFO -   Tree nodes: 7
2026-02-03 19:40:00,617 - cmab.policy - INFO -   Tree leaves: 4
2026-02-03 19:40:00,617 - cmab.policy - INFO -   Tree shape: (nodes=7, leaves=4, depth=3)
2026-02-03 19:40:00,617 - cmab.policy - INFO -   Tree feature importances: [0.         0.         0.         0.10155194 0.         0.
 0.41695458 0.48149347 0.         0.        ]
2026-02-03 19:40:00,619 - cmab.policy - INFO -   Forest feature importances: [0.18085073 0.09608151 0.00385189 0.01015519 0.06165633 0.00175248
 0.37757604 0.10738238 0.02775171 0.13294174]
2026-02-03 19:40:00,619 - cmab.policy - INFO -   Top 5 predictions from this tree:
2026-02-03 19:40:00,619 - cmab.policy - INFO -     #1: arm=batch_size=500000,header_size=64,cut_condition_type=1,fast_path_timeout=400,k=3, pred=0.821257
2026-02-03 19:40:00,619 - cmab.policy - INFO -     #2: arm=batch_size=500000,header_size=64,cut_condition_type=1,fast_path_timeout=0,k=3, pred=0.821257
2026-02-03 19:40:00,619 - cmab.policy - INFO -     #3: arm=batch_size=500000,header_size=32,cut_condition_type=1,fast_path_timeout=0,k=3, pred=0.821257
2026-02-03 19:40:00,620 - cmab.policy - INFO -     #4: arm=batch_size=500000,header_size=32,cut_condition_type=1,fast_path_timeout=100,k=1, pred=0.821257
2026-02-03 19:40:00,620 - cmab.policy - INFO -     #5: arm=batch_size=500000,header_size=32,cut_condition_type=1,fast_path_timeout=100,k=3, pred=0.821257
2026-02-03 19:40:00,620 - cmab.policy - INFO - 
2026-02-03 19:40:00,620 - cmab.policy - INFO -   Found 54 arms with same max prediction (0.821257), randomly selecting one...
2026-02-03 19:40:00,620 - cmab.policy - INFO - 
2026-02-03 19:40:00,620 - cmab.policy - INFO - ✓ SELECTED ARM: batch_size=100000,header_size=128,cut_condition_type=1,fast_path_timeout=0,k=1 (prediction=0.821257)
2026-02-03 19:40:00,620 - cmab.policy - INFO - ================================================================================
2026-02-03 19:40:00,623 - cmab.trainer - INFO - Updated parameters file: /home/ccclr0302/autobahn-test/benchmark/.parameters-0.json
2026-02-03 19:40:00,623 - cmab.trainer - INFO - 🚩 Created RL parameter update signal file (epoch 17): /tmp/autobahn_rl_param_update_17.signal
2026-02-03 19:40:00,623 - cmab.trainer - INFO - Applied params: {'batch_size': 100000, 'header_size': 128, 'cut_condition_type': 1, 'fast_path_timeout': 0, 'k': 1}
2026-02-03 19:40:00,623 - cmab.trainer - INFO - Waiting for next metrics file...
2026-02-03 19:40:03,632 - cmab.trainer - WARNING - Detected abandon signal for epoch 17, using action from epoch 17 for update
2026-02-03 19:40:03,632 - cmab.trainer - INFO - Iteration 18 : context=[10.700397 10.700397 10.700397 10.700397  1.      ] arm=batch_size=750000,header_size=128,cut_condition_type=1,fast_path_timeout=0,k=3 params={'batch_size': 750000, 'header_size': 128, 'cut_condition_type': 1, 'fast_path_timeout': 0, 'k': 3}
2026-02-03 19:40:03,632 - cmab.trainer - INFO - Iteration 18 reward=0.399411 avg_reward(20)=0.537010 last_metrics=epoch_18_slot_2180.json top_arm=batch_size=750000,header_size=32,cut_condition_type=3,fast_path_timeout=0,k=1 top_ratio=0.11
2026-02-03 19:40:03,635 - cmab.policy - INFO - ================================================================================
2026-02-03 19:40:03,796 - cmab.policy - INFO - SELECT ARM - Detailed Prediction Analysis
2026-02-03 19:40:03,796 - cmab.policy - INFO - Context: [4.783853  3.5878897 4.783853  3.5878897 1.       ]
2026-02-03 19:40:03,796 - cmab.policy - INFO - Number of trees in forest: 10
2026-02-03 19:40:03,796 - cmab.policy - INFO - 
2026-02-03 19:40:03,796 - cmab.policy - INFO - Prediction statistics across all trees:
2026-02-03 19:40:03,796 - cmab.policy - INFO -   Mean predictions (top 5 arms): [0.685379, 0.685379, 0.673584, 0.673584, 0.673584]
2026-02-03 19:40:03,796 - cmab.policy - INFO -   Std predictions (top 5 arms): [0.240955, 0.240955, 0.233358, 0.233358, 0.233358]
2026-02-03 19:40:03,796 - cmab.policy - INFO - 
2026-02-03 19:40:03,796 - cmab.policy - INFO - Top 5 arms by mean prediction:
2026-02-03 19:40:03,796 - cmab.policy - INFO -   #1: arm=batch_size=100000,header_size=32,cut_condition_type=1,fast_path_timeout=0,k=3, mean=0.685379, std=0.240955
2026-02-03 19:40:03,796 - cmab.policy - INFO -   #2: arm=batch_size=100000,header_size=32,cut_condition_type=1,fast_path_timeout=100,k=3, mean=0.685379, std=0.240955
2026-02-03 19:40:03,797 - cmab.policy - INFO -   #3: arm=batch_size=750000,header_size=32,cut_condition_type=1,fast_path_timeout=100,k=3, mean=0.673584, std=0.233358
2026-02-03 19:40:03,797 - cmab.policy - INFO -   #4: arm=batch_size=750000,header_size=32,cut_condition_type=1,fast_path_timeout=0,k=3, mean=0.673584, std=0.233358
2026-02-03 19:40:03,797 - cmab.policy - INFO -   #5: arm=batch_size=500000,header_size=32,cut_condition_type=1,fast_path_timeout=100,k=3, mean=0.673584, std=0.233358
2026-02-03 19:40:03,797 - cmab.policy - INFO - 
2026-02-03 19:40:03,797 - cmab.policy - INFO - Selected tree #1 for Thompson Sampling:
2026-02-03 19:40:03,797 - cmab.policy - INFO -   Tree depth: 3
2026-02-03 19:40:03,797 - cmab.policy - INFO -   Tree nodes: 7
2026-02-03 19:40:03,797 - cmab.policy - INFO -   Tree leaves: 4
2026-02-03 19:40:03,797 - cmab.policy - INFO -   Tree shape: (nodes=7, leaves=4, depth=3)
2026-02-03 19:40:03,797 - cmab.policy - INFO -   Tree feature importances: [0.         0.20199503 0.03545839 0.         0.         0.
 0.76254658 0.         0.         0.        ]
2026-02-03 19:40:03,799 - cmab.policy - INFO -   Forest feature importances: [0.18085073 0.09608151 0.00385189 0.01015519 0.06165633 0.00175248
 0.37757604 0.10738238 0.02775171 0.13294174]
2026-02-03 19:40:03,799 - cmab.policy - INFO -   Top 5 predictions from this tree:
2026-02-03 19:40:03,799 - cmab.policy - INFO -     #1: arm=batch_size=500000,header_size=64,cut_condition_type=1,fast_path_timeout=400,k=3, pred=0.606805
2026-02-03 19:40:03,799 - cmab.policy - INFO -     #2: arm=batch_size=500000,header_size=32,cut_condition_type=3,fast_path_timeout=400,k=1, pred=0.606805
2026-02-03 19:40:03,799 - cmab.policy - INFO -     #3: arm=batch_size=500000,header_size=32,cut_condition_type=1,fast_path_timeout=0,k=3, pred=0.606805
2026-02-03 19:40:03,799 - cmab.policy - INFO -     #4: arm=batch_size=500000,header_size=32,cut_condition_type=1,fast_path_timeout=100,k=1, pred=0.606805
2026-02-03 19:40:03,799 - cmab.policy - INFO -     #5: arm=batch_size=500000,header_size=32,cut_condition_type=1,fast_path_timeout=100,k=3, pred=0.606805
2026-02-03 19:40:03,799 - cmab.policy - INFO - 
2026-02-03 19:40:03,799 - cmab.policy - INFO -   Found 72 arms with same max prediction (0.606805), randomly selecting one...
2026-02-03 19:40:03,799 - cmab.policy - INFO - 
2026-02-03 19:40:03,799 - cmab.policy - INFO - ✓ SELECTED ARM: batch_size=100000,header_size=32,cut_condition_type=3,fast_path_timeout=0,k=3 (prediction=0.606805)
2026-02-03 19:40:03,800 - cmab.policy - INFO - ================================================================================
2026-02-03 19:40:03,943 - cmab.trainer - INFO - Updated parameters file: /home/ccclr0302/autobahn-test/benchmark/.parameters-0.json
2026-02-03 19:40:03,943 - cmab.trainer - INFO - 🚩 Created RL parameter update signal file (epoch 18): /tmp/autobahn_rl_param_update_18.signal
2026-02-03 19:40:03,944 - cmab.trainer - INFO - Applied params: {'batch_size': 100000, 'header_size': 32, 'cut_condition_type': 3, 'fast_path_timeout': 0, 'k': 3}
2026-02-03 19:40:03,944 - cmab.trainer - INFO - Waiting for next metrics file...
2026-02-03 19:40:06,551 - cmab.trainer - WARNING - Detected abandon signal for epoch 18, using action from epoch 18 for update
2026-02-03 19:40:06,551 - cmab.trainer - INFO - Iteration 19 : context=[4.783853  3.5878897 4.783853  3.5878897 1.       ] arm=batch_size=100000,header_size=128,cut_condition_type=1,fast_path_timeout=0,k=1 params={'batch_size': 100000, 'header_size': 128, 'cut_condition_type': 1, 'fast_path_timeout': 0, 'k': 1}
2026-02-03 19:40:06,552 - cmab.trainer - INFO - Iteration 19 reward=0.587357 avg_reward(20)=0.539660 last_metrics=epoch_19_slot_2300.json top_arm=batch_size=750000,header_size=32,cut_condition_type=3,fast_path_timeout=0,k=1 top_ratio=0.11
2026-02-03 19:40:06,555 - cmab.policy - INFO - ================================================================================
2026-02-03 19:40:06,555 - cmab.policy - INFO - SELECT ARM - Detailed Prediction Analysis
2026-02-03 19:40:06,555 - cmab.policy - INFO - Context: [10.877271 10.877271  8.701817 10.877271  1.      ]
2026-02-03 19:40:06,555 - cmab.policy - INFO - Number of trees in forest: 10
2026-02-03 19:40:06,555 - cmab.policy - INFO - 
2026-02-03 19:40:06,555 - cmab.policy - INFO - Prediction statistics across all trees:
2026-02-03 19:40:06,555 - cmab.policy - INFO -   Mean predictions (top 5 arms): [0.692317, 0.692317, 0.680523, 0.680523, 0.680523]
2026-02-03 19:40:06,555 - cmab.policy - INFO -   Std predictions (top 5 arms): [0.130412, 0.130412, 0.116480, 0.116480, 0.116480]
2026-02-03 19:40:06,555 - cmab.policy - INFO - 
2026-02-03 19:40:06,555 - cmab.policy - INFO - Top 5 arms by mean prediction:
2026-02-03 19:40:06,555 - cmab.policy - INFO -   #1: arm=batch_size=100000,header_size=32,cut_condition_type=1,fast_path_timeout=0,k=3, mean=0.692317, std=0.130412
2026-02-03 19:40:06,555 - cmab.policy - INFO -   #2: arm=batch_size=100000,header_size=32,cut_condition_type=1,fast_path_timeout=100,k=3, mean=0.692317, std=0.130412
2026-02-03 19:40:06,555 - cmab.policy - INFO -   #3: arm=batch_size=750000,header_size=32,cut_condition_type=1,fast_path_timeout=0,k=3, mean=0.680523, std=0.116480
2026-02-03 19:40:06,555 - cmab.policy - INFO -   #4: arm=batch_size=750000,header_size=32,cut_condition_type=1,fast_path_timeout=100,k=3, mean=0.680523, std=0.116480
2026-02-03 19:40:06,555 - cmab.policy - INFO -   #5: arm=batch_size=500000,header_size=32,cut_condition_type=1,fast_path_timeout=100,k=3, mean=0.680523, std=0.116480
2026-02-03 19:40:06,555 - cmab.policy - INFO - 
2026-02-03 19:40:06,555 - cmab.policy - INFO - Selected tree #4 for Thompson Sampling:
2026-02-03 19:40:06,556 - cmab.policy - INFO -   Tree depth: 3
2026-02-03 19:40:06,556 - cmab.policy - INFO -   Tree nodes: 7
2026-02-03 19:40:06,556 - cmab.policy - INFO -   Tree leaves: 4
2026-02-03 19:40:06,556 - cmab.policy - INFO -   Tree shape: (nodes=7, leaves=4, depth=3)
2026-02-03 19:40:06,556 - cmab.policy - INFO -   Tree feature importances: [0.08959084 0.         0.00181695 0.         0.         0.
 0.90859222 0.         0.         0.        ]
2026-02-03 19:40:06,558 - cmab.policy - INFO -   Forest feature importances: [0.18085073 0.09608151 0.00385189 0.01015519 0.06165633 0.00175248
 0.37757604 0.10738238 0.02775171 0.13294174]
2026-02-03 19:40:06,558 - cmab.policy - INFO -   Top 5 predictions from this tree:
2026-02-03 19:40:06,558 - cmab.policy - INFO -     #1: arm=batch_size=500000,header_size=64,cut_condition_type=1,fast_path_timeout=400,k=3, pred=0.542154
2026-02-03 19:40:06,558 - cmab.policy - INFO -     #2: arm=batch_size=500000,header_size=32,cut_condition_type=3,fast_path_timeout=400,k=1, pred=0.542154
2026-02-03 19:40:06,558 - cmab.policy - INFO -     #3: arm=batch_size=500000,header_size=32,cut_condition_type=1,fast_path_timeout=0,k=3, pred=0.542154
2026-02-03 19:40:06,558 - cmab.policy - INFO -     #4: arm=batch_size=500000,header_size=32,cut_condition_type=1,fast_path_timeout=100,k=1, pred=0.542154
2026-02-03 19:40:06,558 - cmab.policy - INFO -     #5: arm=batch_size=500000,header_size=32,cut_condition_type=1,fast_path_timeout=100,k=3, pred=0.542154
2026-02-03 19:40:06,558 - cmab.policy - INFO - 
2026-02-03 19:40:06,558 - cmab.policy - INFO -   Found 72 arms with same max prediction (0.542154), randomly selecting one...
2026-02-03 19:40:06,558 - cmab.policy - INFO - 
2026-02-03 19:40:06,558 - cmab.policy - INFO - ✓ SELECTED ARM: batch_size=100000,header_size=32,cut_condition_type=3,fast_path_timeout=0,k=1 (prediction=0.542154)
2026-02-03 19:40:06,558 - cmab.policy - INFO - ================================================================================
2026-02-03 19:40:06,561 - cmab.trainer - INFO - Updated parameters file: /home/ccclr0302/autobahn-test/benchmark/.parameters-0.json
2026-02-03 19:40:06,561 - cmab.trainer - INFO - 🚩 Created RL parameter update signal file (epoch 19): /tmp/autobahn_rl_param_update_19.signal
2026-02-03 19:40:06,561 - cmab.trainer - INFO - Applied params: {'batch_size': 100000, 'header_size': 32, 'cut_condition_type': 3, 'fast_path_timeout': 0, 'k': 1}
2026-02-03 19:40:06,561 - cmab.trainer - INFO - Waiting for next metrics file...
2026-02-03 19:40:08,066 - cmab.trainer - WARNING - Detected abandon signal for epoch 19, using action from epoch 19 for update
[Parallel(n_jobs=1)]: Done  10 out of  10 | elapsed:    0.0s finished
[Parallel(n_jobs=1)]: Done  10 out of  10 | elapsed:    0.0s finished
2026-02-03 19:40:08,076 - cmab.policy - INFO - RF Updated: samples=20, MSE=0.022958
2026-02-03 19:40:08,076 - cmab.trainer - INFO - Iteration 20 : context=[10.877271 10.877271  8.701817 10.877271  1.      ] arm=batch_size=100000,header_size=32,cut_condition_type=3,fast_path_timeout=0,k=3 params={'batch_size': 100000, 'header_size': 32, 'cut_condition_type': 3, 'fast_path_timeout': 0, 'k': 3}
2026-02-03 19:40:08,076 - cmab.trainer - INFO - Iteration 20 reward=0.725550 avg_reward(20)=0.548954 last_metrics=epoch_20_slot_2420.json top_arm=batch_size=750000,header_size=32,cut_condition_type=3,fast_path_timeout=0,k=1 top_ratio=0.10
2026-02-03 19:40:08,080 - cmab.trainer - INFO - Saved checkpoint: /tmp/cmab_continuous_checkpoints/cmab_checkpoint_20.pkl
2026-02-03 19:40:08,083 - cmab.policy - INFO - ================================================================================
2026-02-03 19:40:08,083 - cmab.policy - INFO - SELECT ARM - Detailed Prediction Analysis
2026-02-03 19:40:08,083 - cmab.policy - INFO - Context: [12.21531  12.21531   9.161483 12.21531   1.      ]
2026-02-03 19:40:08,083 - cmab.policy - INFO - Number of trees in forest: 10
2026-02-03 19:40:08,083 - cmab.policy - INFO - 
2026-02-03 19:40:08,083 - cmab.policy - INFO - Prediction statistics across all trees:
2026-02-03 19:40:08,083 - cmab.policy - INFO -   Mean predictions (top 5 arms): [0.667958, 0.667958, 0.667958, 0.667958, 0.646343]
2026-02-03 19:40:08,083 - cmab.policy - INFO -   Std predictions (top 5 arms): [0.121964, 0.121964, 0.121964, 0.121964, 0.132940]
2026-02-03 19:40:08,083 - cmab.policy - INFO - 
2026-02-03 19:40:08,083 - cmab.policy - INFO - Top 5 arms by mean prediction:
2026-02-03 19:40:08,083 - cmab.policy - INFO -   #1: arm=batch_size=100000,header_size=32,cut_condition_type=1,fast_path_timeout=0,k=3, mean=0.667958, std=0.121964
2026-02-03 19:40:08,083 - cmab.policy - INFO -   #2: arm=batch_size=100000,header_size=32,cut_condition_type=1,fast_path_timeout=100,k=3, mean=0.667958, std=0.121964
2026-02-03 19:40:08,083 - cmab.policy - INFO -   #3: arm=batch_size=100000,header_size=32,cut_condition_type=3,fast_path_timeout=0,k=3, mean=0.667958, std=0.121964
2026-02-03 19:40:08,083 - cmab.policy - INFO -   #4: arm=batch_size=100000,header_size=32,cut_condition_type=3,fast_path_timeout=100,k=3, mean=0.667958, std=0.121964
2026-02-03 19:40:08,083 - cmab.policy - INFO -   #5: arm=batch_size=500000,header_size=32,cut_condition_type=3,fast_path_timeout=0,k=3, mean=0.646343, std=0.132940
2026-02-03 19:40:08,083 - cmab.policy - INFO - 
2026-02-03 19:40:08,083 - cmab.policy - INFO - Selected tree #1 for Thompson Sampling:
2026-02-03 19:40:08,083 - cmab.policy - INFO -   Tree depth: 3
2026-02-03 19:40:08,083 - cmab.policy - INFO -   Tree nodes: 11
2026-02-03 19:40:08,083 - cmab.policy - INFO -   Tree leaves: 6
2026-02-03 19:40:08,084 - cmab.policy - INFO -   Tree shape: (nodes=11, leaves=6, depth=3)
2026-02-03 19:40:08,084 - cmab.policy - INFO -   Tree feature importances: [0.90818102 0.         0.00661881 0.         0.         0.
 0.03093005 0.05427012 0.         0.        ]
2026-02-03 19:40:08,085 - cmab.policy - INFO -   Forest feature importances: [0.23071289 0.08424511 0.00961197 0.07685415 0.01810112 0.13459711
 0.26139909 0.03840479 0.03111001 0.11496376]
2026-02-03 19:40:08,085 - cmab.policy - INFO -   Top 5 predictions from this tree:
2026-02-03 19:40:08,086 - cmab.policy - INFO -     #1: arm=batch_size=500000,header_size=64,cut_condition_type=1,fast_path_timeout=400,k=3, pred=0.493803
2026-02-03 19:40:08,086 - cmab.policy - INFO -     #2: arm=batch_size=500000,header_size=32,cut_condition_type=3,fast_path_timeout=400,k=1, pred=0.493803
2026-02-03 19:40:08,086 - cmab.policy - INFO -     #3: arm=batch_size=500000,header_size=32,cut_condition_type=1,fast_path_timeout=0,k=3, pred=0.493803
2026-02-03 19:40:08,086 - cmab.policy - INFO -     #4: arm=batch_size=500000,header_size=32,cut_condition_type=1,fast_path_timeout=100,k=1, pred=0.493803
2026-02-03 19:40:08,086 - cmab.policy - INFO -     #5: arm=batch_size=500000,header_size=32,cut_condition_type=1,fast_path_timeout=100,k=3, pred=0.493803
2026-02-03 19:40:08,086 - cmab.policy - INFO - 
2026-02-03 19:40:08,086 - cmab.policy - INFO -   Found 72 arms with same max prediction (0.493803), randomly selecting one...
2026-02-03 19:40:08,086 - cmab.policy - INFO - 
2026-02-03 19:40:08,086 - cmab.policy - INFO - ✓ SELECTED ARM: batch_size=100000,header_size=32,cut_condition_type=3,fast_path_timeout=0,k=1 (prediction=0.493803)
2026-02-03 19:40:08,086 - cmab.policy - INFO - ================================================================================
2026-02-03 19:40:08,089 - cmab.trainer - INFO - Updated parameters file: /home/ccclr0302/autobahn-test/benchmark/.parameters-0.json
2026-02-03 19:40:08,089 - cmab.trainer - INFO - 🚩 Created RL parameter update signal file (epoch 20): /tmp/autobahn_rl_param_update_20.signal
2026-02-03 19:40:08,089 - cmab.trainer - INFO - Applied params: {'batch_size': 100000, 'header_size': 32, 'cut_condition_type': 3, 'fast_path_timeout': 0, 'k': 1}
2026-02-03 19:40:08,089 - cmab.trainer - INFO - Waiting for next metrics file...
2026-02-03 19:40:14,206 - cmab.trainer - INFO - Iteration 21 : context=[12.21531  12.21531   9.161483 12.21531   1.      ] arm=batch_size=100000,header_size=32,cut_condition_type=3,fast_path_timeout=0,k=1 params={'batch_size': 100000, 'header_size': 32, 'cut_condition_type': 3, 'fast_path_timeout': 0, 'k': 1}
2026-02-03 19:40:14,206 - cmab.trainer - INFO - Iteration 21 reward=0.924388 avg_reward(20)=0.556939 last_metrics=epoch_21_slot_2540.json top_arm=batch_size=750000,header_size=32,cut_condition_type=3,fast_path_timeout=0,k=1 top_ratio=0.10
2026-02-03 19:40:14,209 - cmab.policy - INFO - ================================================================================
2026-02-03 19:40:14,209 - cmab.policy - INFO - SELECT ARM - Detailed Prediction Analysis
2026-02-03 19:40:14,209 - cmab.policy - INFO - Context: [51.184643 56.782963 57.582726 59.182243  0.      ]
2026-02-03 19:40:14,209 - cmab.policy - INFO - Number of trees in forest: 10
2026-02-03 19:40:14,209 - cmab.policy - INFO - 
2026-02-03 19:40:14,209 - cmab.policy - INFO - Prediction statistics across all trees:
2026-02-03 19:40:14,209 - cmab.policy - INFO -   Mean predictions (top 5 arms): [0.616747, 0.616747, 0.616747, 0.616747, 0.614664]
2026-02-03 19:40:14,209 - cmab.policy - INFO -   Std predictions (top 5 arms): [0.194607, 0.194607, 0.194607, 0.194607, 0.181478]
2026-02-03 19:40:14,209 - cmab.policy - INFO - 
2026-02-03 19:40:14,209 - cmab.policy - INFO - Top 5 arms by mean prediction:
2026-02-03 19:40:14,209 - cmab.policy - INFO -   #1: arm=batch_size=100000,header_size=32,cut_condition_type=1,fast_path_timeout=0,k=3, mean=0.616747, std=0.194607
2026-02-03 19:40:14,209 - cmab.policy - INFO -   #2: arm=batch_size=100000,header_size=32,cut_condition_type=1,fast_path_timeout=100,k=3, mean=0.616747, std=0.194607
2026-02-03 19:40:14,210 - cmab.policy - INFO -   #3: arm=batch_size=100000,header_size=32,cut_condition_type=3,fast_path_timeout=100,k=3, mean=0.616747, std=0.194607
2026-02-03 19:40:14,210 - cmab.policy - INFO -   #4: arm=batch_size=100000,header_size=32,cut_condition_type=3,fast_path_timeout=0,k=3, mean=0.616747, std=0.194607
2026-02-03 19:40:14,210 - cmab.policy - INFO -   #5: arm=batch_size=100000,header_size=32,cut_condition_type=1,fast_path_timeout=0,k=1, mean=0.614664, std=0.181478
2026-02-03 19:40:14,210 - cmab.policy - INFO - 
2026-02-03 19:40:14,210 - cmab.policy - INFO - Selected tree #10 for Thompson Sampling:
2026-02-03 19:40:14,210 - cmab.policy - INFO -   Tree depth: 3
2026-02-03 19:40:14,210 - cmab.policy - INFO -   Tree nodes: 13
2026-02-03 19:40:14,210 - cmab.policy - INFO -   Tree leaves: 7
2026-02-03 19:40:14,210 - cmab.policy - INFO -   Tree shape: (nodes=13, leaves=7, depth=3)
2026-02-03 19:40:14,210 - cmab.policy - INFO -   Tree feature importances: [0.2767464  0.         0.05727205 0.         0.         0.
 0.         0.06102289 0.         0.60495865]
2026-02-03 19:40:14,212 - cmab.policy - INFO -   Forest feature importances: [0.23071289 0.08424511 0.00961197 0.07685415 0.01810112 0.13459711
 0.26139909 0.03840479 0.03111001 0.11496376]
2026-02-03 19:40:14,212 - cmab.policy - INFO -   Top 5 predictions from this tree:
2026-02-03 19:40:14,212 - cmab.policy - INFO -     #1: arm=batch_size=100000,header_size=32,cut_condition_type=1,fast_path_timeout=0,k=1, pred=0.577954
2026-02-03 19:40:14,212 - cmab.policy - INFO -     #2: arm=batch_size=100000,header_size=128,cut_condition_type=1,fast_path_timeout=100,k=1, pred=0.577954
2026-02-03 19:40:14,212 - cmab.policy - INFO -     #3: arm=batch_size=750000,header_size=32,cut_condition_type=1,fast_path_timeout=100,k=1, pred=0.577954
2026-02-03 19:40:14,212 - cmab.policy - INFO -     #4: arm=batch_size=750000,header_size=32,cut_condition_type=1,fast_path_timeout=0,k=1, pred=0.577954
2026-02-03 19:40:14,212 - cmab.policy - INFO -     #5: arm=batch_size=500000,header_size=128,cut_condition_type=3,fast_path_timeout=400,k=1, pred=0.577954
2026-02-03 19:40:14,212 - cmab.policy - INFO - 
2026-02-03 19:40:14,212 - cmab.policy - INFO -   Found 54 arms with same max prediction (0.577954), randomly selecting one...
2026-02-03 19:40:14,212 - cmab.policy - INFO - 
2026-02-03 19:40:14,212 - cmab.policy - INFO - ✓ SELECTED ARM: batch_size=100000,header_size=64,cut_condition_type=3,fast_path_timeout=400,k=1 (prediction=0.577954)
2026-02-03 19:40:14,212 - cmab.policy - INFO - ================================================================================
2026-02-03 19:40:14,216 - cmab.trainer - INFO - Updated parameters file: /home/ccclr0302/autobahn-test/benchmark/.parameters-0.json
2026-02-03 19:40:14,216 - cmab.trainer - INFO - 🚩 Created RL parameter update signal file (epoch 21): /tmp/autobahn_rl_param_update_21.signal
2026-02-03 19:40:14,216 - cmab.trainer - INFO - Applied params: {'batch_size': 100000, 'header_size': 64, 'cut_condition_type': 3, 'fast_path_timeout': 400, 'k': 1}
2026-02-03 19:40:14,216 - cmab.trainer - INFO - Waiting for next metrics file...
2026-02-03 19:40:22,474 - cmab.trainer - INFO - Iteration 22 : context=[51.184643 56.782963 57.582726 59.182243  0.      ] arm=batch_size=100000,header_size=64,cut_condition_type=3,fast_path_timeout=400,k=1 params={'batch_size': 100000, 'header_size': 64, 'cut_condition_type': 3, 'fast_path_timeout': 400, 'k': 1}
2026-02-03 19:40:22,475 - cmab.trainer - INFO - Iteration 22 reward=0.990283 avg_reward(20)=0.582131 last_metrics=epoch_22_slot_2660.json top_arm=batch_size=750000,header_size=32,cut_condition_type=3,fast_path_timeout=0,k=1 top_ratio=0.09
2026-02-03 19:40:22,478 - cmab.policy - INFO - ================================================================================
2026-02-03 19:40:22,478 - cmab.policy - INFO - SELECT ARM - Detailed Prediction Analysis
2026-02-03 19:40:22,478 - cmab.policy - INFO - Context: [36.95068  37.874447 38.798214 36.95068   1.      ]
2026-02-03 19:40:22,478 - cmab.policy - INFO - Number of trees in forest: 10
2026-02-03 19:40:22,478 - cmab.policy - INFO - 
2026-02-03 19:40:22,479 - cmab.policy - INFO - Prediction statistics across all trees:
2026-02-03 19:40:22,479 - cmab.policy - INFO -   Mean predictions (top 5 arms): [0.586134, 0.586134, 0.586134, 0.586134, 0.584051]
2026-02-03 19:40:22,479 - cmab.policy - INFO -   Std predictions (top 5 arms): [0.149569, 0.149569, 0.149569, 0.149569, 0.131552]
2026-02-03 19:40:22,479 - cmab.policy - INFO - 
2026-02-03 19:40:22,479 - cmab.policy - INFO - Top 5 arms by mean prediction:
2026-02-03 19:40:22,479 - cmab.policy - INFO -   #1: arm=batch_size=100000,header_size=32,cut_condition_type=1,fast_path_timeout=0,k=3, mean=0.586134, std=0.149569
2026-02-03 19:40:22,479 - cmab.policy - INFO -   #2: arm=batch_size=100000,header_size=32,cut_condition_type=1,fast_path_timeout=100,k=3, mean=0.586134, std=0.149569
2026-02-03 19:40:22,479 - cmab.policy - INFO -   #3: arm=batch_size=100000,header_size=32,cut_condition_type=3,fast_path_timeout=0,k=3, mean=0.586134, std=0.149569
2026-02-03 19:40:22,479 - cmab.policy - INFO -   #4: arm=batch_size=100000,header_size=32,cut_condition_type=3,fast_path_timeout=100,k=3, mean=0.586134, std=0.149569
2026-02-03 19:40:22,479 - cmab.policy - INFO -   #5: arm=batch_size=100000,header_size=32,cut_condition_type=1,fast_path_timeout=0,k=1, mean=0.584051, std=0.131552
2026-02-03 19:40:22,479 - cmab.policy - INFO - 
2026-02-03 19:40:22,479 - cmab.policy - INFO - Selected tree #8 for Thompson Sampling:
2026-02-03 19:40:22,479 - cmab.policy - INFO -   Tree depth: 4
2026-02-03 19:40:22,479 - cmab.policy - INFO -   Tree nodes: 11
2026-02-03 19:40:22,479 - cmab.policy - INFO -   Tree leaves: 6
2026-02-03 19:40:22,480 - cmab.policy - INFO -   Tree shape: (nodes=11, leaves=6, depth=4)
2026-02-03 19:40:22,480 - cmab.policy - INFO -   Tree feature importances: [0.         0.0028386  0.         0.         0.         0.
 0.80755943 0.         0.14132575 0.04827622]
2026-02-03 19:40:22,482 - cmab.policy - INFO -   Forest feature importances: [0.23071289 0.08424511 0.00961197 0.07685415 0.01810112 0.13459711
 0.26139909 0.03840479 0.03111001 0.11496376]
2026-02-03 19:40:22,482 - cmab.policy - INFO -   Top 5 predictions from this tree:
2026-02-03 19:40:22,482 - cmab.policy - INFO -     #1: arm=batch_size=500000,header_size=32,cut_condition_type=3,fast_path_timeout=0,k=3, pred=0.744316
2026-02-03 19:40:22,482 - cmab.policy - INFO -     #2: arm=batch_size=750000,header_size=32,cut_condition_type=3,fast_path_timeout=100,k=3, pred=0.744316
2026-02-03 19:40:22,482 - cmab.policy - INFO -     #3: arm=batch_size=100000,header_size=64,cut_condition_type=1,fast_path_timeout=100,k=3, pred=0.744316
2026-02-03 19:40:22,482 - cmab.policy - INFO -     #4: arm=batch_size=750000,header_size=64,cut_condition_type=1,fast_path_timeout=0,k=3, pred=0.744316
2026-02-03 19:40:22,482 - cmab.policy - INFO -     #5: arm=batch_size=500000,header_size=32,cut_condition_type=1,fast_path_timeout=100,k=3, pred=0.744316
2026-02-03 19:40:22,482 - cmab.policy - INFO - 
2026-02-03 19:40:22,482 - cmab.policy - INFO -   Found 24 arms with same max prediction (0.744316), randomly selecting one...
2026-02-03 19:40:22,482 - cmab.policy - INFO - 
2026-02-03 19:40:22,482 - cmab.policy - INFO - ✓ SELECTED ARM: batch_size=100000,header_size=32,cut_condition_type=3,fast_path_timeout=0,k=3 (prediction=0.744316)
2026-02-03 19:40:22,482 - cmab.policy - INFO - ================================================================================
2026-02-03 19:40:22,484 - cmab.trainer - INFO - Updated parameters file: /home/ccclr0302/autobahn-test/benchmark/.parameters-0.json
2026-02-03 19:40:22,485 - cmab.trainer - INFO - 🚩 Created RL parameter update signal file (epoch 22): /tmp/autobahn_rl_param_update_22.signal
2026-02-03 19:40:22,485 - cmab.trainer - INFO - Applied params: {'batch_size': 100000, 'header_size': 32, 'cut_condition_type': 3, 'fast_path_timeout': 0, 'k': 3}
2026-02-03 19:40:22,485 - cmab.trainer - INFO - Waiting for next metrics file...
2026-02-03 19:40:28,489 - cmab.trainer - INFO - Iteration 23 : context=[36.95068  37.874447 38.798214 36.95068   1.      ] arm=batch_size=100000,header_size=32,cut_condition_type=3,fast_path_timeout=0,k=3 params={'batch_size': 100000, 'header_size': 32, 'cut_condition_type': 3, 'fast_path_timeout': 0, 'k': 3}
2026-02-03 19:40:28,491 - cmab.trainer - INFO - Iteration 23 reward=1.191353 avg_reward(20)=0.587155 last_metrics=epoch_23_slot_2780.json top_arm=batch_size=750000,header_size=32,cut_condition_type=3,fast_path_timeout=0,k=1 top_ratio=0.09
2026-02-03 19:40:28,493 - cmab.policy - INFO - ================================================================================
2026-02-03 19:40:28,493 - cmab.policy - INFO - SELECT ARM - Detailed Prediction Analysis
2026-02-03 19:40:28,493 - cmab.policy - INFO - Context: [56.353477 59.399612 57.876545 56.353477  0.      ]
2026-02-03 19:40:28,494 - cmab.policy - INFO - Number of trees in forest: 10
2026-02-03 19:40:28,494 - cmab.policy - INFO - 
2026-02-03 19:40:28,494 - cmab.policy - INFO - Prediction statistics across all trees:
2026-02-03 19:40:28,494 - cmab.policy - INFO -   Mean predictions (top 5 arms): [0.616747, 0.616747, 0.616747, 0.616747, 0.614664]
2026-02-03 19:40:28,494 - cmab.policy - INFO -   Std predictions (top 5 arms): [0.194607, 0.194607, 0.194607, 0.194607, 0.181478]
2026-02-03 19:40:28,494 - cmab.policy - INFO - 
2026-02-03 19:40:28,494 - cmab.policy - INFO - Top 5 arms by mean prediction:
2026-02-03 19:40:28,494 - cmab.policy - INFO -   #1: arm=batch_size=100000,header_size=32,cut_condition_type=1,fast_path_timeout=0,k=3, mean=0.616747, std=0.194607
2026-02-03 19:40:28,494 - cmab.policy - INFO -   #2: arm=batch_size=100000,header_size=32,cut_condition_type=1,fast_path_timeout=100,k=3, mean=0.616747, std=0.194607
2026-02-03 19:40:28,494 - cmab.policy - INFO -   #3: arm=batch_size=100000,header_size=32,cut_condition_type=3,fast_path_timeout=100,k=3, mean=0.616747, std=0.194607
2026-02-03 19:40:28,494 - cmab.policy - INFO -   #4: arm=batch_size=100000,header_size=32,cut_condition_type=3,fast_path_timeout=0,k=3, mean=0.616747, std=0.194607
2026-02-03 19:40:28,494 - cmab.policy - INFO -   #5: arm=batch_size=100000,header_size=32,cut_condition_type=1,fast_path_timeout=0,k=1, mean=0.614664, std=0.181478
2026-02-03 19:40:28,494 - cmab.policy - INFO - 
2026-02-03 19:40:28,494 - cmab.policy - INFO - Selected tree #10 for Thompson Sampling:
2026-02-03 19:40:28,494 - cmab.policy - INFO -   Tree depth: 3
2026-02-03 19:40:28,494 - cmab.policy - INFO -   Tree nodes: 13
2026-02-03 19:40:28,494 - cmab.policy - INFO -   Tree leaves: 7
2026-02-03 19:40:28,494 - cmab.policy - INFO -   Tree shape: (nodes=13, leaves=7, depth=3)
2026-02-03 19:40:28,494 - cmab.policy - INFO -   Tree feature importances: [0.2767464  0.         0.05727205 0.         0.         0.
 0.         0.06102289 0.         0.60495865]
2026-02-03 19:40:28,496 - cmab.policy - INFO -   Forest feature importances: [0.23071289 0.08424511 0.00961197 0.07685415 0.01810112 0.13459711
 0.26139909 0.03840479 0.03111001 0.11496376]
2026-02-03 19:40:28,496 - cmab.policy - INFO -   Top 5 predictions from this tree:
2026-02-03 19:40:28,496 - cmab.policy - INFO -     #1: arm=batch_size=100000,header_size=32,cut_condition_type=1,fast_path_timeout=0,k=1, pred=0.577954
2026-02-03 19:40:28,496 - cmab.policy - INFO -     #2: arm=batch_size=100000,header_size=128,cut_condition_type=1,fast_path_timeout=100,k=1, pred=0.577954
2026-02-03 19:40:28,496 - cmab.policy - INFO -     #3: arm=batch_size=750000,header_size=32,cut_condition_type=1,fast_path_timeout=100,k=1, pred=0.577954
2026-02-03 19:40:28,496 - cmab.policy - INFO -     #4: arm=batch_size=750000,header_size=32,cut_condition_type=1,fast_path_timeout=0,k=1, pred=0.577954
2026-02-03 19:40:28,496 - cmab.policy - INFO -     #5: arm=batch_size=500000,header_size=128,cut_condition_type=3,fast_path_timeout=400,k=1, pred=0.577954
2026-02-03 19:40:28,497 - cmab.policy - INFO - 
2026-02-03 19:40:28,497 - cmab.policy - INFO -   Found 54 arms with same max prediction (0.577954), randomly selecting one...
2026-02-03 19:40:28,497 - cmab.policy - INFO - 
2026-02-03 19:40:28,497 - cmab.policy - INFO - ✓ SELECTED ARM: batch_size=750000,header_size=128,cut_condition_type=3,fast_path_timeout=100,k=1 (prediction=0.577954)
2026-02-03 19:40:28,497 - cmab.policy - INFO - ================================================================================
2026-02-03 19:40:28,903 - cmab.trainer - INFO - Updated parameters file: /home/ccclr0302/autobahn-test/benchmark/.parameters-0.json
2026-02-03 19:40:28,903 - cmab.trainer - INFO - 🚩 Created RL parameter update signal file (epoch 23): /tmp/autobahn_rl_param_update_23.signal
2026-02-03 19:40:28,903 - cmab.trainer - INFO - Applied params: {'batch_size': 750000, 'header_size': 128, 'cut_condition_type': 3, 'fast_path_timeout': 100, 'k': 1}
2026-02-03 19:40:28,903 - cmab.trainer - INFO - Waiting for next metrics file...
2026-02-03 19:40:53,675 - cmab.trainer - INFO - Iteration 24 : context=[56.353477 59.399612 57.876545 56.353477  0.      ] arm=batch_size=750000,header_size=128,cut_condition_type=3,fast_path_timeout=100,k=1 params={'batch_size': 750000, 'header_size': 128, 'cut_condition_type': 3, 'fast_path_timeout': 100, 'k': 1}
2026-02-03 19:40:53,675 - cmab.trainer - INFO - Iteration 24 reward=0.157958 avg_reward(20)=0.584002 last_metrics=epoch_24_slot_2900.json top_arm=batch_size=750000,header_size=32,cut_condition_type=3,fast_path_timeout=0,k=1 top_ratio=0.08
2026-02-03 19:40:53,678 - cmab.policy - INFO - ================================================================================
2026-02-03 19:40:53,678 - cmab.policy - INFO - SELECT ARM - Detailed Prediction Analysis
2026-02-03 19:40:53,678 - cmab.policy - INFO - Context: [2.7644522 2.7644522 2.6018374 2.6018374 1.       ]
2026-02-03 19:40:53,678 - cmab.policy - INFO - Number of trees in forest: 10
2026-02-03 19:40:53,678 - cmab.policy - INFO - 
2026-02-03 19:40:53,678 - cmab.policy - INFO - Prediction statistics across all trees:
2026-02-03 19:40:53,678 - cmab.policy - INFO -   Mean predictions (top 5 arms): [0.667990, 0.667990, 0.649416, 0.649416, 0.602590]
2026-02-03 19:40:53,678 - cmab.policy - INFO -   Std predictions (top 5 arms): [0.272884, 0.272884, 0.299859, 0.299859, 0.269137]
2026-02-03 19:40:53,678 - cmab.policy - INFO - 
2026-02-03 19:40:53,678 - cmab.policy - INFO - Top 5 arms by mean prediction:
2026-02-03 19:40:53,678 - cmab.policy - INFO -   #1: arm=batch_size=100000,header_size=32,cut_condition_type=1,fast_path_timeout=0,k=3, mean=0.667990, std=0.272884
2026-02-03 19:40:53,678 - cmab.policy - INFO -   #2: arm=batch_size=100000,header_size=32,cut_condition_type=1,fast_path_timeout=100,k=3, mean=0.667990, std=0.272884
2026-02-03 19:40:53,678 - cmab.policy - INFO -   #3: arm=batch_size=100000,header_size=32,cut_condition_type=3,fast_path_timeout=0,k=3, mean=0.649416, std=0.299859
2026-02-03 19:40:53,679 - cmab.policy - INFO -   #4: arm=batch_size=100000,header_size=32,cut_condition_type=3,fast_path_timeout=100,k=3, mean=0.649416, std=0.299859
2026-02-03 19:40:53,679 - cmab.policy - INFO -   #5: arm=batch_size=100000,header_size=32,cut_condition_type=1,fast_path_timeout=400,k=3, mean=0.602590, std=0.269137
2026-02-03 19:40:53,679 - cmab.policy - INFO - 
2026-02-03 19:40:53,679 - cmab.policy - INFO - Selected tree #5 for Thompson Sampling:
2026-02-03 19:40:53,679 - cmab.policy - INFO -   Tree depth: 2
2026-02-03 19:40:53,679 - cmab.policy - INFO -   Tree nodes: 7
2026-02-03 19:40:53,679 - cmab.policy - INFO -   Tree leaves: 4
2026-02-03 19:40:53,679 - cmab.policy - INFO -   Tree shape: (nodes=7, leaves=4, depth=2)
2026-02-03 19:40:53,679 - cmab.policy - INFO -   Tree feature importances: [0.00398661 0.         0.         0.         0.         0.
 0.87435393 0.         0.12165946 0.        ]
2026-02-03 19:40:53,681 - cmab.policy - INFO -   Forest feature importances: [0.23071289 0.08424511 0.00961197 0.07685415 0.01810112 0.13459711
 0.26139909 0.03840479 0.03111001 0.11496376]
2026-02-03 19:40:53,681 - cmab.policy - INFO -   Top 5 predictions from this tree:
2026-02-03 19:40:53,681 - cmab.policy - INFO -     #1: arm=batch_size=100000,header_size=32,cut_condition_type=1,fast_path_timeout=0,k=1, pred=0.754949
2026-02-03 19:40:53,681 - cmab.policy - INFO -     #2: arm=batch_size=750000,header_size=32,cut_condition_type=3,fast_path_timeout=0,k=3, pred=0.754949
2026-02-03 19:40:53,681 - cmab.policy - INFO -     #3: arm=batch_size=750000,header_size=32,cut_condition_type=3,fast_path_timeout=100,k=3, pred=0.754949
2026-02-03 19:40:53,681 - cmab.policy - INFO -     #4: arm=batch_size=750000,header_size=32,cut_condition_type=3,fast_path_timeout=0,k=1, pred=0.754949
2026-02-03 19:40:53,681 - cmab.policy - INFO -     #5: arm=batch_size=750000,header_size=32,cut_condition_type=1,fast_path_timeout=100,k=3, pred=0.754949
2026-02-03 19:40:53,681 - cmab.policy - INFO - 
2026-02-03 19:40:53,681 - cmab.policy - INFO -   Found 24 arms with same max prediction (0.754949), randomly selecting one...
2026-02-03 19:40:53,681 - cmab.policy - INFO - 
2026-02-03 19:40:53,681 - cmab.policy - INFO - ✓ SELECTED ARM: batch_size=500000,header_size=32,cut_condition_type=3,fast_path_timeout=100,k=1 (prediction=0.754949)
2026-02-03 19:40:53,681 - cmab.policy - INFO - ================================================================================
2026-02-03 19:40:54,117 - cmab.trainer - INFO - Updated parameters file: /home/ccclr0302/autobahn-test/benchmark/.parameters-0.json
2026-02-03 19:40:54,117 - cmab.trainer - INFO - 🚩 Created RL parameter update signal file (epoch 24): /tmp/autobahn_rl_param_update_24.signal
2026-02-03 19:40:54,117 - cmab.trainer - INFO - Applied params: {'batch_size': 500000, 'header_size': 32, 'cut_condition_type': 3, 'fast_path_timeout': 100, 'k': 1}
2026-02-03 19:40:54,118 - cmab.trainer - INFO - Waiting for next metrics file...
[Parallel(n_jobs=1)]: Done  10 out of  10 | elapsed:    0.0s finished
[Parallel(n_jobs=1)]: Done  10 out of  10 | elapsed:    0.0s finished
2026-02-03 19:41:11,779 - cmab.policy - INFO - RF Updated: samples=25, MSE=0.011003
2026-02-03 19:41:11,780 - cmab.trainer - INFO - Iteration 25 : context=[2.7644522 2.7644522 2.6018374 2.6018374 1.       ] arm=batch_size=500000,header_size=32,cut_condition_type=3,fast_path_timeout=100,k=1 params={'batch_size': 500000, 'header_size': 32, 'cut_condition_type': 3, 'fast_path_timeout': 100, 'k': 1}
2026-02-03 19:41:11,780 - cmab.trainer - INFO - Iteration 25 reward=0.703548 avg_reward(20)=0.605250 last_metrics=epoch_25_slot_3020.json top_arm=batch_size=750000,header_size=32,cut_condition_type=3,fast_path_timeout=0,k=1 top_ratio=0.08
2026-02-03 19:41:11,782 - cmab.policy - INFO - ================================================================================
2026-02-03 19:41:11,782 - cmab.policy - INFO - SELECT ARM - Detailed Prediction Analysis
2026-02-03 19:41:11,782 - cmab.policy - INFO - Context: [15.879621 15.879621 15.879621 15.879621  1.      ]
2026-02-03 19:41:11,782 - cmab.policy - INFO - Number of trees in forest: 10
2026-02-03 19:41:11,782 - cmab.policy - INFO - 
2026-02-03 19:41:11,782 - cmab.policy - INFO - Prediction statistics across all trees:
2026-02-03 19:41:11,782 - cmab.policy - INFO -   Mean predictions (top 5 arms): [0.842977, 0.842977, 0.842977, 0.842977, 0.836459]
2026-02-03 19:41:11,782 - cmab.policy - INFO -   Std predictions (top 5 arms): [0.191908, 0.191908, 0.191908, 0.191908, 0.195772]
2026-02-03 19:41:11,782 - cmab.policy - INFO - 
2026-02-03 19:41:11,782 - cmab.policy - INFO - Top 5 arms by mean prediction:
2026-02-03 19:41:11,782 - cmab.policy - INFO -   #1: arm=batch_size=100000,header_size=32,cut_condition_type=1,fast_path_timeout=0,k=3, mean=0.842977, std=0.191908
2026-02-03 19:41:11,782 - cmab.policy - INFO -   #2: arm=batch_size=100000,header_size=32,cut_condition_type=1,fast_path_timeout=100,k=3, mean=0.842977, std=0.191908
2026-02-03 19:41:11,783 - cmab.policy - INFO -   #3: arm=batch_size=100000,header_size=32,cut_condition_type=3,fast_path_timeout=0,k=3, mean=0.842977, std=0.191908
2026-02-03 19:41:11,783 - cmab.policy - INFO -   #4: arm=batch_size=100000,header_size=32,cut_condition_type=3,fast_path_timeout=100,k=3, mean=0.842977, std=0.191908
2026-02-03 19:41:11,783 - cmab.policy - INFO -   #5: arm=batch_size=100000,header_size=32,cut_condition_type=1,fast_path_timeout=0,k=1, mean=0.836459, std=0.195772
2026-02-03 19:41:11,783 - cmab.policy - INFO - 
2026-02-03 19:41:11,783 - cmab.policy - INFO - Selected tree #1 for Thompson Sampling:
2026-02-03 19:41:11,783 - cmab.policy - INFO -   Tree depth: 3
2026-02-03 19:41:11,783 - cmab.policy - INFO -   Tree nodes: 11
2026-02-03 19:41:11,783 - cmab.policy - INFO -   Tree leaves: 6
2026-02-03 19:41:11,783 - cmab.policy - INFO -   Tree shape: (nodes=11, leaves=6, depth=3)
2026-02-03 19:41:11,783 - cmab.policy - INFO -   Tree feature importances: [0.         0.08303121 0.         0.         0.03869398 0.69168518
 0.14315287 0.04343675 0.         0.        ]
2026-02-03 19:41:11,785 - cmab.policy - INFO -   Forest feature importances: [0.04970972 0.01350043 0.07655938 0.02189326 0.02245618 0.45010161
 0.31238508 0.01672221 0.01970465 0.01696748]
2026-02-03 19:41:11,785 - cmab.policy - INFO -   Top 5 predictions from this tree:
2026-02-03 19:41:11,785 - cmab.policy - INFO -     #1: arm=batch_size=500000,header_size=64,cut_condition_type=1,fast_path_timeout=400,k=3, pred=1.007603
2026-02-03 19:41:11,785 - cmab.policy - INFO -     #2: arm=batch_size=100000,header_size=128,cut_condition_type=1,fast_path_timeout=100,k=1, pred=1.007603
2026-02-03 19:41:11,785 - cmab.policy - INFO -     #3: arm=batch_size=100000,header_size=128,cut_condition_type=1,fast_path_timeout=400,k=1, pred=1.007603
2026-02-03 19:41:11,785 - cmab.policy - INFO -     #4: arm=batch_size=100000,header_size=128,cut_condition_type=1,fast_path_timeout=400,k=3, pred=1.007603
2026-02-03 19:41:11,785 - cmab.policy - INFO -     #5: arm=batch_size=100000,header_size=128,cut_condition_type=3,fast_path_timeout=0,k=1, pred=1.007603
2026-02-03 19:41:11,785 - cmab.policy - INFO - 
2026-02-03 19:41:11,785 - cmab.policy - INFO -   Found 72 arms with same max prediction (1.007603), randomly selecting one...
2026-02-03 19:41:11,785 - cmab.policy - INFO - 
2026-02-03 19:41:11,785 - cmab.policy - INFO - ✓ SELECTED ARM: batch_size=500000,header_size=32,cut_condition_type=3,fast_path_timeout=100,k=3 (prediction=1.007603)
2026-02-03 19:41:11,785 - cmab.policy - INFO - ================================================================================
2026-02-03 19:41:12,173 - cmab.trainer - INFO - Updated parameters file: /home/ccclr0302/autobahn-test/benchmark/.parameters-0.json
2026-02-03 19:41:12,271 - cmab.trainer - INFO - 🚩 Created RL parameter update signal file (epoch 25): /tmp/autobahn_rl_param_update_25.signal
2026-02-03 19:41:12,271 - cmab.trainer - INFO - Applied params: {'batch_size': 500000, 'header_size': 32, 'cut_condition_type': 3, 'fast_path_timeout': 100, 'k': 3}
2026-02-03 19:41:12,271 - cmab.trainer - INFO - Waiting for next metrics file...
2026-02-03 19:41:20,695 - cmab.trainer - INFO - Iteration 26 : context=[15.879621 15.879621 15.879621 15.879621  1.      ] arm=batch_size=500000,header_size=32,cut_condition_type=3,fast_path_timeout=100,k=3 params={'batch_size': 500000, 'header_size': 32, 'cut_condition_type': 3, 'fast_path_timeout': 100, 'k': 3}
2026-02-03 19:41:20,695 - cmab.trainer - INFO - Iteration 26 reward=0.660016 avg_reward(20)=0.620040 last_metrics=epoch_26_slot_3140.json top_arm=batch_size=750000,header_size=32,cut_condition_type=3,fast_path_timeout=0,k=1 top_ratio=0.08

2026-02-03 20:02:59,942 - __main__ - INFO - Starting Autobahn Continuous CMAB Training
2026-02-03 20:02:59,942 - __main__ - INFO - metrics_dir=/home/ccclr0302/autobahn/metrics-0 parameters_file=/home/ccclr0302/autobahn-test/benchmark/.parameters-0.json
2026-02-03 20:02:59,946 - __main__ - INFO - Loaded CMAB policy from /home/ccclr0302/autobahn-test/experiment-log/cmab_checkpoint_20.pkl
2026-02-03 20:02:59,946 - cmab.trainer - INFO - Initializing CMAB training loop...
2026-02-03 20:02:59,946 - cmab.trainer - INFO - Policy: rf_ts
2026-02-03 20:02:59,946 - cmab.trainer - INFO - Iterations: 200
2026-02-03 20:02:59,946 - cmab.trainer - INFO - No existing metrics file, waiting for epoch 0...
2026-02-03 20:03:25,916 - cmab.policy - INFO - ================================================================================
2026-02-03 20:03:25,916 - cmab.policy - INFO - SELECT ARM - Detailed Prediction Analysis
2026-02-03 20:03:25,916 - cmab.policy - INFO - Context: [2.4570866  0.28906903 1.445345   2.4570866  0.        ]
2026-02-03 20:03:25,916 - cmab.policy - INFO - Number of trees in forest: 10
2026-02-03 20:03:25,916 - cmab.policy - INFO - 
2026-02-03 20:03:25,917 - cmab.policy - INFO - Prediction statistics across all trees:
2026-02-03 20:03:25,917 - cmab.policy - INFO -   Mean predictions (top 5 arms): [0.703833, 0.703833, 0.685259, 0.685259, 0.638433]
2026-02-03 20:03:25,917 - cmab.policy - INFO -   Std predictions (top 5 arms): [0.291007, 0.291007, 0.318537, 0.318537, 0.295537]
2026-02-03 20:03:25,917 - cmab.policy - INFO - 
2026-02-03 20:03:25,917 - cmab.policy - INFO - Top 5 arms by mean prediction:
2026-02-03 20:03:25,917 - cmab.policy - INFO -   #1: arm=batch_size=100000,header_size=32,cut_condition_type=1,fast_path_timeout=0,k=3, mean=0.703833, std=0.291007
2026-02-03 20:03:25,917 - cmab.policy - INFO -   #2: arm=batch_size=100000,header_size=32,cut_condition_type=1,fast_path_timeout=100,k=3, mean=0.703833, std=0.291007
2026-02-03 20:03:25,917 - cmab.policy - INFO -   #3: arm=batch_size=100000,header_size=32,cut_condition_type=3,fast_path_timeout=0,k=3, mean=0.685259, std=0.318537
2026-02-03 20:03:25,917 - cmab.policy - INFO -   #4: arm=batch_size=100000,header_size=32,cut_condition_type=3,fast_path_timeout=100,k=3, mean=0.685259, std=0.318537
2026-02-03 20:03:25,917 - cmab.policy - INFO -   #5: arm=batch_size=100000,header_size=32,cut_condition_type=1,fast_path_timeout=400,k=3, mean=0.638433, std=0.295537
2026-02-03 20:03:25,917 - cmab.policy - INFO - 
2026-02-03 20:03:25,917 - cmab.policy - INFO - Selected tree #8 for Thompson Sampling:
2026-02-03 20:03:25,917 - cmab.policy - INFO -   Tree depth: 4
2026-02-03 20:03:25,917 - cmab.policy - INFO -   Tree nodes: 11
2026-02-03 20:03:25,917 - cmab.policy - INFO -   Tree leaves: 6
2026-02-03 20:03:25,917 - cmab.policy - INFO -   Tree shape: (nodes=11, leaves=6, depth=4)
2026-02-03 20:03:25,917 - cmab.policy - INFO -   Tree feature importances: [0.         0.0028386  0.         0.         0.         0.
 0.80755943 0.         0.14132575 0.04827622]
2026-02-03 20:03:25,919 - cmab.policy - INFO -   Forest feature importances: [0.23071289 0.08424511 0.00961197 0.07685415 0.01810112 0.13459711
 0.26139909 0.03840479 0.03111001 0.11496376]
2026-02-03 20:03:25,919 - cmab.policy - INFO -   Top 5 predictions from this tree:
2026-02-03 20:03:25,919 - cmab.policy - INFO -     #1: arm=batch_size=500000,header_size=32,cut_condition_type=3,fast_path_timeout=0,k=3, pred=0.790222
2026-02-03 20:03:25,919 - cmab.policy - INFO -     #2: arm=batch_size=750000,header_size=32,cut_condition_type=3,fast_path_timeout=100,k=3, pred=0.790222
2026-02-03 20:03:25,919 - cmab.policy - INFO -     #3: arm=batch_size=100000,header_size=64,cut_condition_type=1,fast_path_timeout=100,k=3, pred=0.790222
2026-02-03 20:03:25,919 - cmab.policy - INFO -     #4: arm=batch_size=750000,header_size=64,cut_condition_type=1,fast_path_timeout=0,k=3, pred=0.790222
2026-02-03 20:03:25,919 - cmab.policy - INFO -     #5: arm=batch_size=500000,header_size=32,cut_condition_type=1,fast_path_timeout=100,k=3, pred=0.790222
2026-02-03 20:03:25,919 - cmab.policy - INFO - 
2026-02-03 20:03:25,920 - cmab.policy - INFO -   Found 24 arms with same max prediction (0.790222), randomly selecting one...
2026-02-03 20:03:25,920 - cmab.policy - INFO - 
2026-02-03 20:03:25,920 - cmab.policy - INFO - ✓ SELECTED ARM: batch_size=100000,header_size=64,cut_condition_type=3,fast_path_timeout=100,k=3 (prediction=0.790222)
2026-02-03 20:03:25,920 - cmab.policy - INFO - ================================================================================
2026-02-03 20:03:25,923 - cmab.trainer - INFO - Updated parameters file: /home/ccclr0302/autobahn-test/benchmark/.parameters-0.json
2026-02-03 20:03:25,923 - cmab.trainer - INFO - 🚩 Created RL parameter update signal file (epoch 0): /tmp/autobahn_rl_param_update_0.signal
2026-02-03 20:03:25,923 - cmab.trainer - INFO - Applied params: {'batch_size': 100000, 'header_size': 64, 'cut_condition_type': 3, 'fast_path_timeout': 100, 'k': 3}
2026-02-03 20:03:25,923 - cmab.trainer - INFO - Waiting for next metrics file...
2026-02-03 20:03:31,137 - cmab.trainer - INFO - Iteration 27 : context=[2.4570866  0.28906903 1.445345   2.4570866  0.        ] arm=batch_size=100000,header_size=64,cut_condition_type=3,fast_path_timeout=100,k=3 params={'batch_size': 100000, 'header_size': 64, 'cut_condition_type': 3, 'fast_path_timeout': 100, 'k': 3}
2026-02-03 20:03:31,137 - cmab.trainer - INFO - Iteration 27 reward=1.309784 avg_reward(20)=0.678044 last_metrics=epoch_1_slot_135.json top_arm=batch_size=100000,header_size=64,cut_condition_type=3,fast_path_timeout=100,k=3 top_ratio=1.00
2026-02-03 20:03:31,140 - cmab.policy - INFO - ================================================================================
2026-02-03 20:03:31,140 - cmab.policy - INFO - SELECT ARM - Detailed Prediction Analysis
2026-02-03 20:03:31,140 - cmab.policy - INFO - Context: [42.57384  36.89733  39.735588 39.735588  1.      ]
2026-02-03 20:03:31,140 - cmab.policy - INFO - Number of trees in forest: 10
2026-02-03 20:03:31,140 - cmab.policy - INFO - 
2026-02-03 20:03:31,140 - cmab.policy - INFO - Prediction statistics across all trees:
2026-02-03 20:03:31,140 - cmab.policy - INFO -   Mean predictions (top 5 arms): [0.586134, 0.586134, 0.586134, 0.586134, 0.584051]
2026-02-03 20:03:31,140 - cmab.policy - INFO -   Std predictions (top 5 arms): [0.149569, 0.149569, 0.149569, 0.149569, 0.131552]
2026-02-03 20:03:31,140 - cmab.policy - INFO - 
2026-02-03 20:03:31,140 - cmab.policy - INFO - Top 5 arms by mean prediction:
2026-02-03 20:03:31,140 - cmab.policy - INFO -   #1: arm=batch_size=100000,header_size=32,cut_condition_type=1,fast_path_timeout=0,k=3, mean=0.586134, std=0.149569
2026-02-03 20:03:31,140 - cmab.policy - INFO -   #2: arm=batch_size=100000,header_size=32,cut_condition_type=1,fast_path_timeout=100,k=3, mean=0.586134, std=0.149569
2026-02-03 20:03:31,140 - cmab.policy - INFO -   #3: arm=batch_size=100000,header_size=32,cut_condition_type=3,fast_path_timeout=0,k=3, mean=0.586134, std=0.149569
2026-02-03 20:03:31,140 - cmab.policy - INFO -   #4: arm=batch_size=100000,header_size=32,cut_condition_type=3,fast_path_timeout=100,k=3, mean=0.586134, std=0.149569
2026-02-03 20:03:31,140 - cmab.policy - INFO -   #5: arm=batch_size=100000,header_size=32,cut_condition_type=1,fast_path_timeout=0,k=1, mean=0.584051, std=0.131552
2026-02-03 20:03:31,140 - cmab.policy - INFO - 
2026-02-03 20:03:31,140 - cmab.policy - INFO - Selected tree #3 for Thompson Sampling:
2026-02-03 20:03:31,140 - cmab.policy - INFO -   Tree depth: 2
2026-02-03 20:03:31,140 - cmab.policy - INFO -   Tree nodes: 5
2026-02-03 20:03:31,141 - cmab.policy - INFO -   Tree leaves: 3
2026-02-03 20:03:31,141 - cmab.policy - INFO -   Tree shape: (nodes=5, leaves=3, depth=2)
2026-02-03 20:03:31,141 - cmab.policy - INFO -   Tree feature importances: [0.         0.34296004 0.         0.65703996 0.         0.
 0.         0.         0.         0.        ]
2026-02-03 20:03:31,142 - cmab.policy - INFO -   Forest feature importances: [0.23071289 0.08424511 0.00961197 0.07685415 0.01810112 0.13459711
 0.26139909 0.03840479 0.03111001 0.11496376]
2026-02-03 20:03:31,143 - cmab.policy - INFO -   Top 5 predictions from this tree:
2026-02-03 20:03:31,143 - cmab.policy - INFO -     #1: arm=batch_size=750000,header_size=128,cut_condition_type=3,fast_path_timeout=400,k=3, pred=0.449564
2026-02-03 20:03:31,143 - cmab.policy - INFO -     #2: arm=batch_size=500000,header_size=32,cut_condition_type=1,fast_path_timeout=100,k=3, pred=0.449564
2026-02-03 20:03:31,143 - cmab.policy - INFO -     #3: arm=batch_size=100000,header_size=128,cut_condition_type=1,fast_path_timeout=400,k=1, pred=0.449564
2026-02-03 20:03:31,143 - cmab.policy - INFO -     #4: arm=batch_size=100000,header_size=128,cut_condition_type=1,fast_path_timeout=400,k=3, pred=0.449564
2026-02-03 20:03:31,143 - cmab.policy - INFO -     #5: arm=batch_size=100000,header_size=128,cut_condition_type=3,fast_path_timeout=0,k=1, pred=0.449564
2026-02-03 20:03:31,143 - cmab.policy - INFO - 
2026-02-03 20:03:31,143 - cmab.policy - INFO -   Found 108 arms with same max prediction (0.449564), randomly selecting one...
2026-02-03 20:03:31,143 - cmab.policy - INFO - 
2026-02-03 20:03:31,143 - cmab.policy - INFO - ✓ SELECTED ARM: batch_size=100000,header_size=32,cut_condition_type=1,fast_path_timeout=0,k=3 (prediction=0.449564)
2026-02-03 20:03:31,143 - cmab.policy - INFO - ================================================================================
2026-02-03 20:03:31,146 - cmab.trainer - INFO - Updated parameters file: /home/ccclr0302/autobahn-test/benchmark/.parameters-0.json
2026-02-03 20:03:31,146 - cmab.trainer - INFO - 🚩 Created RL parameter update signal file (epoch 1): /tmp/autobahn_rl_param_update_1.signal
2026-02-03 20:03:31,146 - cmab.trainer - INFO - Applied params: {'batch_size': 100000, 'header_size': 32, 'cut_condition_type': 1, 'fast_path_timeout': 0, 'k': 3}
2026-02-03 20:03:31,146 - cmab.trainer - INFO - Waiting for next metrics file...
2026-02-03 20:03:34,355 - cmab.trainer - INFO - Iteration 28 : context=[42.57384  36.89733  39.735588 39.735588  1.      ] arm=batch_size=100000,header_size=32,cut_condition_type=1,fast_path_timeout=0,k=3 params={'batch_size': 100000, 'header_size': 32, 'cut_condition_type': 1, 'fast_path_timeout': 0, 'k': 3}
2026-02-03 20:03:34,355 - cmab.trainer - INFO - Iteration 28 reward=1.007387 avg_reward(20)=0.721153 last_metrics=epoch_2_slot_255.json top_arm=batch_size=100000,header_size=64,cut_condition_type=3,fast_path_timeout=100,k=3 top_ratio=0.50
2026-02-03 20:03:34,358 - cmab.policy - INFO - ================================================================================
2026-02-03 20:03:34,358 - cmab.policy - INFO - SELECT ARM - Detailed Prediction Analysis
2026-02-03 20:03:34,358 - cmab.policy - INFO - Context: [62.00329 56.6117  53.9159  56.6117   0.     ]
2026-02-03 20:03:34,358 - cmab.policy - INFO - Number of trees in forest: 10
2026-02-03 20:03:34,358 - cmab.policy - INFO - 
2026-02-03 20:03:34,358 - cmab.policy - INFO - Prediction statistics across all trees:
2026-02-03 20:03:34,358 - cmab.policy - INFO -   Mean predictions (top 5 arms): [0.616747, 0.616747, 0.616747, 0.616747, 0.614664]
2026-02-03 20:03:34,358 - cmab.policy - INFO -   Std predictions (top 5 arms): [0.194607, 0.194607, 0.194607, 0.194607, 0.181478]
2026-02-03 20:03:34,358 - cmab.policy - INFO - 
2026-02-03 20:03:34,358 - cmab.policy - INFO - Top 5 arms by mean prediction:
2026-02-03 20:03:34,358 - cmab.policy - INFO -   #1: arm=batch_size=100000,header_size=32,cut_condition_type=1,fast_path_timeout=0,k=3, mean=0.616747, std=0.194607
2026-02-03 20:03:34,358 - cmab.policy - INFO -   #2: arm=batch_size=100000,header_size=32,cut_condition_type=1,fast_path_timeout=100,k=3, mean=0.616747, std=0.194607
2026-02-03 20:03:34,358 - cmab.policy - INFO -   #3: arm=batch_size=100000,header_size=32,cut_condition_type=3,fast_path_timeout=100,k=3, mean=0.616747, std=0.194607
2026-02-03 20:03:34,358 - cmab.policy - INFO -   #4: arm=batch_size=100000,header_size=32,cut_condition_type=3,fast_path_timeout=0,k=3, mean=0.616747, std=0.194607
2026-02-03 20:03:34,358 - cmab.policy - INFO -   #5: arm=batch_size=100000,header_size=32,cut_condition_type=1,fast_path_timeout=0,k=1, mean=0.614664, std=0.181478
2026-02-03 20:03:34,358 - cmab.policy - INFO - 
2026-02-03 20:03:34,358 - cmab.policy - INFO - Selected tree #3 for Thompson Sampling:
2026-02-03 20:03:34,358 - cmab.policy - INFO -   Tree depth: 2
2026-02-03 20:03:34,358 - cmab.policy - INFO -   Tree nodes: 5
2026-02-03 20:03:34,358 - cmab.policy - INFO -   Tree leaves: 3
2026-02-03 20:03:34,359 - cmab.policy - INFO -   Tree shape: (nodes=5, leaves=3, depth=2)
2026-02-03 20:03:34,359 - cmab.policy - INFO -   Tree feature importances: [0.         0.34296004 0.         0.65703996 0.         0.
 0.         0.         0.         0.        ]
2026-02-03 20:03:34,360 - cmab.policy - INFO -   Forest feature importances: [0.23071289 0.08424511 0.00961197 0.07685415 0.01810112 0.13459711
 0.26139909 0.03840479 0.03111001 0.11496376]
2026-02-03 20:03:34,361 - cmab.policy - INFO -   Top 5 predictions from this tree:
2026-02-03 20:03:34,361 - cmab.policy - INFO -     #1: arm=batch_size=750000,header_size=128,cut_condition_type=3,fast_path_timeout=400,k=3, pred=0.449564
2026-02-03 20:03:34,361 - cmab.policy - INFO -     #2: arm=batch_size=500000,header_size=32,cut_condition_type=1,fast_path_timeout=100,k=3, pred=0.449564
2026-02-03 20:03:34,361 - cmab.policy - INFO -     #3: arm=batch_size=100000,header_size=128,cut_condition_type=1,fast_path_timeout=400,k=1, pred=0.449564
2026-02-03 20:03:34,361 - cmab.policy - INFO -     #4: arm=batch_size=100000,header_size=128,cut_condition_type=1,fast_path_timeout=400,k=3, pred=0.449564
2026-02-03 20:03:34,361 - cmab.policy - INFO -     #5: arm=batch_size=100000,header_size=128,cut_condition_type=3,fast_path_timeout=0,k=1, pred=0.449564
2026-02-03 20:03:34,361 - cmab.policy - INFO - 
2026-02-03 20:03:34,361 - cmab.policy - INFO -   Found 108 arms with same max prediction (0.449564), randomly selecting one...
2026-02-03 20:03:34,361 - cmab.policy - INFO - 
2026-02-03 20:03:34,361 - cmab.policy - INFO - ✓ SELECTED ARM: batch_size=500000,header_size=64,cut_condition_type=3,fast_path_timeout=0,k=3 (prediction=0.449564)
2026-02-03 20:03:34,361 - cmab.policy - INFO - ================================================================================
2026-02-03 20:03:34,365 - cmab.trainer - INFO - Updated parameters file: /home/ccclr0302/autobahn-test/benchmark/.parameters-0.json
2026-02-03 20:03:34,365 - cmab.trainer - INFO - 🚩 Created RL parameter update signal file (epoch 2): /tmp/autobahn_rl_param_update_2.signal
2026-02-03 20:03:34,365 - cmab.trainer - INFO - Applied params: {'batch_size': 500000, 'header_size': 64, 'cut_condition_type': 3, 'fast_path_timeout': 0, 'k': 3}
2026-02-03 20:03:34,365 - cmab.trainer - INFO - Waiting for next metrics file...
2026-02-03 20:03:42,688 - cmab.trainer - INFO - Iteration 29 : context=[62.00329 56.6117  53.9159  56.6117   0.     ] arm=batch_size=500000,header_size=64,cut_condition_type=3,fast_path_timeout=0,k=3 params={'batch_size': 500000, 'header_size': 64, 'cut_condition_type': 3, 'fast_path_timeout': 0, 'k': 3}
2026-02-03 20:03:42,688 - cmab.trainer - INFO - Iteration 29 reward=0.432513 avg_reward(20)=0.734571 last_metrics=epoch_3_slot_375.json top_arm=batch_size=100000,header_size=64,cut_condition_type=3,fast_path_timeout=100,k=3 top_ratio=0.33
2026-02-03 20:03:42,690 - cmab.policy - INFO - ================================================================================
2026-02-03 20:03:42,691 - cmab.policy - INFO - SELECT ARM - Detailed Prediction Analysis
2026-02-03 20:03:42,691 - cmab.policy - INFO - Context: [8.662781  7.3300457 7.3300457 7.996413  0.       ]
2026-02-03 20:03:42,691 - cmab.policy - INFO - Number of trees in forest: 10
2026-02-03 20:03:42,691 - cmab.policy - INFO - 
2026-02-03 20:03:42,691 - cmab.policy - INFO - Prediction statistics across all trees:
2026-02-03 20:03:42,691 - cmab.policy - INFO -   Mean predictions (top 5 arms): [0.843163, 0.843163, 0.843163, 0.843163, 0.782354]
2026-02-03 20:03:42,691 - cmab.policy - INFO -   Std predictions (top 5 arms): [0.124632, 0.124632, 0.124632, 0.124632, 0.190518]
2026-02-03 20:03:42,691 - cmab.policy - INFO - 
2026-02-03 20:03:42,691 - cmab.policy - INFO - Top 5 arms by mean prediction:
2026-02-03 20:03:42,691 - cmab.policy - INFO -   #1: arm=batch_size=100000,header_size=32,cut_condition_type=1,fast_path_timeout=0,k=3, mean=0.843163, std=0.124632
2026-02-03 20:03:42,691 - cmab.policy - INFO -   #2: arm=batch_size=100000,header_size=32,cut_condition_type=1,fast_path_timeout=100,k=3, mean=0.843163, std=0.124632
2026-02-03 20:03:42,691 - cmab.policy - INFO -   #3: arm=batch_size=100000,header_size=32,cut_condition_type=3,fast_path_timeout=0,k=3, mean=0.843163, std=0.124632
2026-02-03 20:03:42,691 - cmab.policy - INFO -   #4: arm=batch_size=100000,header_size=32,cut_condition_type=3,fast_path_timeout=100,k=3, mean=0.843163, std=0.124632
2026-02-03 20:03:42,691 - cmab.policy - INFO -   #5: arm=batch_size=100000,header_size=32,cut_condition_type=1,fast_path_timeout=400,k=3, mean=0.782354, std=0.190518
2026-02-03 20:03:42,691 - cmab.policy - INFO - 
2026-02-03 20:03:42,691 - cmab.policy - INFO - Selected tree #4 for Thompson Sampling:
2026-02-03 20:03:42,691 - cmab.policy - INFO -   Tree depth: 3
2026-02-03 20:03:42,691 - cmab.policy - INFO -   Tree nodes: 9
2026-02-03 20:03:42,691 - cmab.policy - INFO -   Tree leaves: 5
2026-02-03 20:03:42,691 - cmab.policy - INFO -   Tree shape: (nodes=9, leaves=5, depth=3)
2026-02-03 20:03:42,692 - cmab.policy - INFO -   Tree feature importances: [0.16135484 0.09372746 0.         0.         0.         0.73855295
 0.         0.         0.         0.00636476]
2026-02-03 20:03:42,693 - cmab.policy - INFO -   Forest feature importances: [0.23071289 0.08424511 0.00961197 0.07685415 0.01810112 0.13459711
 0.26139909 0.03840479 0.03111001 0.11496376]
2026-02-03 20:03:42,693 - cmab.policy - INFO -   Top 5 predictions from this tree:
2026-02-03 20:03:42,693 - cmab.policy - INFO -     #1: arm=batch_size=100000,header_size=32,cut_condition_type=1,fast_path_timeout=0,k=1, pred=1.007681
2026-02-03 20:03:42,693 - cmab.policy - INFO -     #2: arm=batch_size=100000,header_size=64,cut_condition_type=3,fast_path_timeout=0,k=1, pred=1.007681
2026-02-03 20:03:42,693 - cmab.policy - INFO -     #3: arm=batch_size=100000,header_size=64,cut_condition_type=3,fast_path_timeout=100,k=1, pred=1.007681
2026-02-03 20:03:42,693 - cmab.policy - INFO -     #4: arm=batch_size=100000,header_size=64,cut_condition_type=3,fast_path_timeout=100,k=3, pred=1.007681
2026-02-03 20:03:42,693 - cmab.policy - INFO -     #5: arm=batch_size=100000,header_size=64,cut_condition_type=3,fast_path_timeout=400,k=3, pred=1.007681
2026-02-03 20:03:42,694 - cmab.policy - INFO - 
2026-02-03 20:03:42,694 - cmab.policy - INFO -   Found 36 arms with same max prediction (1.007681), randomly selecting one...
2026-02-03 20:03:42,694 - cmab.policy - INFO - 
2026-02-03 20:03:42,694 - cmab.policy - INFO - ✓ SELECTED ARM: batch_size=100000,header_size=32,cut_condition_type=3,fast_path_timeout=400,k=3 (prediction=1.007681)
2026-02-03 20:03:42,694 - cmab.policy - INFO - ================================================================================
2026-02-03 20:03:42,698 - cmab.trainer - INFO - Updated parameters file: /home/ccclr0302/autobahn-test/benchmark/.parameters-0.json
2026-02-03 20:03:42,698 - cmab.trainer - INFO - 🚩 Created RL parameter update signal file (epoch 3): /tmp/autobahn_rl_param_update_3.signal
2026-02-03 20:03:42,698 - cmab.trainer - INFO - Applied params: {'batch_size': 100000, 'header_size': 32, 'cut_condition_type': 3, 'fast_path_timeout': 400, 'k': 3}
2026-02-03 20:03:42,698 - cmab.trainer - INFO - Waiting for next metrics file...
2026-02-03 20:03:49,516 - cmab.trainer - INFO - Iteration 30 : context=[8.662781  7.3300457 7.3300457 7.996413  0.       ] arm=batch_size=100000,header_size=32,cut_condition_type=3,fast_path_timeout=400,k=3 params={'batch_size': 100000, 'header_size': 32, 'cut_condition_type': 3, 'fast_path_timeout': 400, 'k': 3}
2026-02-03 20:03:49,516 - cmab.trainer - INFO - Iteration 30 reward=1.442563 avg_reward(20)=0.764634 last_metrics=epoch_4_slot_495.json top_arm=batch_size=100000,header_size=64,cut_condition_type=3,fast_path_timeout=100,k=3 top_ratio=0.25
2026-02-03 20:03:49,519 - cmab.policy - INFO - ================================================================================
2026-02-03 20:03:49,519 - cmab.policy - INFO - SELECT ARM - Detailed Prediction Analysis
2026-02-03 20:03:49,519 - cmab.policy - INFO - Context: [69.32319 59.41988 72.6243  75.9254   1.     ]
2026-02-03 20:03:49,519 - cmab.policy - INFO - Number of trees in forest: 10
2026-02-03 20:03:49,519 - cmab.policy - INFO - 
2026-02-03 20:03:49,519 - cmab.policy - INFO - Prediction statistics across all trees:
2026-02-03 20:03:49,519 - cmab.policy - INFO -   Mean predictions (top 5 arms): [0.586134, 0.586134, 0.586134, 0.586134, 0.584051]
2026-02-03 20:03:49,519 - cmab.policy - INFO -   Std predictions (top 5 arms): [0.149569, 0.149569, 0.149569, 0.149569, 0.131552]
2026-02-03 20:03:49,519 - cmab.policy - INFO - 
2026-02-03 20:03:49,519 - cmab.policy - INFO - Top 5 arms by mean prediction:
2026-02-03 20:03:49,519 - cmab.policy - INFO -   #1: arm=batch_size=100000,header_size=32,cut_condition_type=1,fast_path_timeout=0,k=3, mean=0.586134, std=0.149569
2026-02-03 20:03:49,519 - cmab.policy - INFO -   #2: arm=batch_size=100000,header_size=32,cut_condition_type=1,fast_path_timeout=100,k=3, mean=0.586134, std=0.149569
2026-02-03 20:03:49,519 - cmab.policy - INFO -   #3: arm=batch_size=100000,header_size=32,cut_condition_type=3,fast_path_timeout=0,k=3, mean=0.586134, std=0.149569
2026-02-03 20:03:49,519 - cmab.policy - INFO -   #4: arm=batch_size=100000,header_size=32,cut_condition_type=3,fast_path_timeout=100,k=3, mean=0.586134, std=0.149569
2026-02-03 20:03:49,520 - cmab.policy - INFO -   #5: arm=batch_size=100000,header_size=32,cut_condition_type=1,fast_path_timeout=0,k=1, mean=0.584051, std=0.131552
2026-02-03 20:03:49,520 - cmab.policy - INFO - 
2026-02-03 20:03:49,520 - cmab.policy - INFO - Selected tree #6 for Thompson Sampling:
2026-02-03 20:03:49,520 - cmab.policy - INFO -   Tree depth: 4
2026-02-03 20:03:49,520 - cmab.policy - INFO -   Tree nodes: 11
2026-02-03 20:03:49,520 - cmab.policy - INFO -   Tree leaves: 6
2026-02-03 20:03:49,520 - cmab.policy - INFO -   Tree shape: (nodes=11, leaves=6, depth=4)
2026-02-03 20:03:49,520 - cmab.policy - INFO -   Tree feature importances: [0.44369089 0.         0.         0.         0.         0.00945848
 0.         0.05767776 0.         0.48917287]
2026-02-03 20:03:49,522 - cmab.policy - INFO -   Forest feature importances: [0.23071289 0.08424511 0.00961197 0.07685415 0.01810112 0.13459711
 0.26139909 0.03840479 0.03111001 0.11496376]
2026-02-03 20:03:49,522 - cmab.policy - INFO -   Top 5 predictions from this tree:
2026-02-03 20:03:49,522 - cmab.policy - INFO -     #1: arm=batch_size=100000,header_size=32,cut_condition_type=1,fast_path_timeout=0,k=1, pred=0.391722
2026-02-03 20:03:49,522 - cmab.policy - INFO -     #2: arm=batch_size=750000,header_size=32,cut_condition_type=1,fast_path_timeout=0,k=1, pred=0.391722
2026-02-03 20:03:49,522 - cmab.policy - INFO -     #3: arm=batch_size=750000,header_size=32,cut_condition_type=1,fast_path_timeout=100,k=1, pred=0.391722
2026-02-03 20:03:49,522 - cmab.policy - INFO -     #4: arm=batch_size=500000,header_size=32,cut_condition_type=1,fast_path_timeout=0,k=1, pred=0.391722
2026-02-03 20:03:49,522 - cmab.policy - INFO -     #5: arm=batch_size=750000,header_size=32,cut_condition_type=1,fast_path_timeout=400,k=1, pred=0.391722
2026-02-03 20:03:49,522 - cmab.policy - INFO - 
2026-02-03 20:03:49,522 - cmab.policy - INFO -   Found 27 arms with same max prediction (0.391722), randomly selecting one...
2026-02-03 20:03:49,522 - cmab.policy - INFO - 
2026-02-03 20:03:49,522 - cmab.policy - INFO - ✓ SELECTED ARM: batch_size=750000,header_size=32,cut_condition_type=1,fast_path_timeout=0,k=1 (prediction=0.391722)
2026-02-03 20:03:49,522 - cmab.policy - INFO - ================================================================================
2026-02-03 20:03:49,525 - cmab.trainer - INFO - Updated parameters file: /home/ccclr0302/autobahn-test/benchmark/.parameters-0.json
2026-02-03 20:03:49,525 - cmab.trainer - INFO - 🚩 Created RL parameter update signal file (epoch 4): /tmp/autobahn_rl_param_update_4.signal
2026-02-03 20:03:49,525 - cmab.trainer - INFO - Applied params: {'batch_size': 750000, 'header_size': 32, 'cut_condition_type': 1, 'fast_path_timeout': 0, 'k': 1}
2026-02-03 20:03:49,525 - cmab.trainer - INFO - Waiting for next metrics file...
[Parallel(n_jobs=1)]: Done  10 out of  10 | elapsed:    0.0s finished
[Parallel(n_jobs=1)]: Done  10 out of  10 | elapsed:    0.0s finished
2026-02-03 20:03:54,649 - cmab.policy - INFO - RF Updated: samples=25, MSE=0.018941
2026-02-03 20:03:54,649 - cmab.trainer - INFO - Iteration 31 : context=[69.32319 59.41988 72.6243  75.9254   1.     ] arm=batch_size=750000,header_size=32,cut_condition_type=1,fast_path_timeout=0,k=1 params={'batch_size': 750000, 'header_size': 32, 'cut_condition_type': 1, 'fast_path_timeout': 0, 'k': 1}
2026-02-03 20:03:54,650 - cmab.trainer - INFO - Iteration 31 reward=0.554574 avg_reward(20)=0.767305 last_metrics=epoch_5_slot_615.json top_arm=batch_size=100000,header_size=64,cut_condition_type=3,fast_path_timeout=100,k=3 top_ratio=0.20
2026-02-03 20:03:54,652 - cmab.policy - INFO - ================================================================================
2026-02-03 20:03:54,652 - cmab.policy - INFO - SELECT ARM - Detailed Prediction Analysis
2026-02-03 20:03:54,652 - cmab.policy - INFO - Context: [11.597833 10.438049  8.118483  9.278266  0.      ]
2026-02-03 20:03:54,652 - cmab.policy - INFO - Number of trees in forest: 10
2026-02-03 20:03:54,652 - cmab.policy - INFO - 
2026-02-03 20:03:54,652 - cmab.policy - INFO - Prediction statistics across all trees:
2026-02-03 20:03:54,652 - cmab.policy - INFO -   Mean predictions (top 5 arms): [1.105297, 1.105297, 1.105297, 1.097271, 1.097271]
2026-02-03 20:03:54,652 - cmab.policy - INFO -   Std predictions (top 5 arms): [0.289742, 0.289742, 0.289742, 0.305496, 0.305496]
2026-02-03 20:03:54,652 - cmab.policy - INFO - 
2026-02-03 20:03:54,652 - cmab.policy - INFO - Top 5 arms by mean prediction:
2026-02-03 20:03:54,652 - cmab.policy - INFO -   #1: arm=batch_size=100000,header_size=128,cut_condition_type=3,fast_path_timeout=400,k=1, mean=1.105297, std=0.289742
2026-02-03 20:03:54,652 - cmab.policy - INFO -   #2: arm=batch_size=100000,header_size=32,cut_condition_type=3,fast_path_timeout=400,k=1, mean=1.105297, std=0.289742
2026-02-03 20:03:54,652 - cmab.policy - INFO -   #3: arm=batch_size=100000,header_size=64,cut_condition_type=3,fast_path_timeout=400,k=1, mean=1.105297, std=0.289742
2026-02-03 20:03:54,652 - cmab.policy - INFO -   #4: arm=batch_size=100000,header_size=128,cut_condition_type=1,fast_path_timeout=400,k=1, mean=1.097271, std=0.305496
2026-02-03 20:03:54,652 - cmab.policy - INFO -   #5: arm=batch_size=100000,header_size=32,cut_condition_type=1,fast_path_timeout=400,k=1, mean=1.097271, std=0.305496
2026-02-03 20:03:54,652 - cmab.policy - INFO - 
2026-02-03 20:03:54,653 - cmab.policy - INFO - Selected tree #2 for Thompson Sampling:
2026-02-03 20:03:54,653 - cmab.policy - INFO -   Tree depth: 4
2026-02-03 20:03:54,653 - cmab.policy - INFO -   Tree nodes: 13
2026-02-03 20:03:54,653 - cmab.policy - INFO -   Tree leaves: 7
2026-02-03 20:03:54,653 - cmab.policy - INFO -   Tree shape: (nodes=13, leaves=7, depth=4)
2026-02-03 20:03:54,653 - cmab.policy - INFO -   Tree feature importances: [0.         0.         0.05625358 0.00077082 0.         0.54123232
 0.21131872 0.         0.14489074 0.04553382]
2026-02-03 20:03:54,654 - cmab.policy - INFO -   Forest feature importances: [0.05988962 0.00980845 0.13802933 0.00664056 0.16595539 0.34056784
 0.13609905 0.03392406 0.06766965 0.04141605]
2026-02-03 20:03:54,655 - cmab.policy - INFO -   Top 5 predictions from this tree:
2026-02-03 20:03:54,655 - cmab.policy - INFO -     #1: arm=batch_size=100000,header_size=128,cut_condition_type=1,fast_path_timeout=100,k=3, pred=1.163844
2026-02-03 20:03:54,655 - cmab.policy - INFO -     #2: arm=batch_size=100000,header_size=64,cut_condition_type=3,fast_path_timeout=400,k=3, pred=1.163844
2026-02-03 20:03:54,655 - cmab.policy - INFO -     #3: arm=batch_size=100000,header_size=128,cut_condition_type=3,fast_path_timeout=100,k=3, pred=1.163844
2026-02-03 20:03:54,655 - cmab.policy - INFO -     #4: arm=batch_size=100000,header_size=128,cut_condition_type=3,fast_path_timeout=100,k=1, pred=1.163844
2026-02-03 20:03:54,655 - cmab.policy - INFO -     #5: arm=batch_size=100000,header_size=64,cut_condition_type=3,fast_path_timeout=400,k=1, pred=1.163844
2026-02-03 20:03:54,655 - cmab.policy - INFO - 
2026-02-03 20:03:54,655 - cmab.policy - INFO -   Found 24 arms with same max prediction (1.163844), randomly selecting one...
2026-02-03 20:03:54,655 - cmab.policy - INFO - 
2026-02-03 20:03:54,655 - cmab.policy - INFO - ✓ SELECTED ARM: batch_size=100000,header_size=64,cut_condition_type=1,fast_path_timeout=400,k=1 (prediction=1.163844)
2026-02-03 20:03:54,655 - cmab.policy - INFO - ================================================================================
2026-02-03 20:03:54,659 - cmab.trainer - INFO - Updated parameters file: /home/ccclr0302/autobahn-test/benchmark/.parameters-0.json
2026-02-03 20:03:54,659 - cmab.trainer - INFO - 🚩 Created RL parameter update signal file (epoch 5): /tmp/autobahn_rl_param_update_5.signal
2026-02-03 20:03:54,659 - cmab.trainer - INFO - Applied params: {'batch_size': 100000, 'header_size': 64, 'cut_condition_type': 1, 'fast_path_timeout': 400, 'k': 1}
2026-02-03 20:03:54,659 - cmab.trainer - INFO - Waiting for next metrics file...
2026-02-03 20:04:01,779 - cmab.trainer - INFO - Iteration 32 : context=[11.597833 10.438049  8.118483  9.278266  0.      ] arm=batch_size=100000,header_size=64,cut_condition_type=1,fast_path_timeout=400,k=1 params={'batch_size': 100000, 'header_size': 64, 'cut_condition_type': 1, 'fast_path_timeout': 400, 'k': 1}
2026-02-03 20:04:01,779 - cmab.trainer - INFO - Iteration 32 reward=1.004134 avg_reward(20)=0.782204 last_metrics=epoch_6_slot_735.json top_arm=batch_size=100000,header_size=64,cut_condition_type=3,fast_path_timeout=100,k=3 top_ratio=0.17
2026-02-03 20:04:01,782 - cmab.policy - INFO - ================================================================================
2026-02-03 20:04:01,782 - cmab.policy - INFO - SELECT ARM - Detailed Prediction Analysis
2026-02-03 20:04:01,782 - cmab.policy - INFO - Context: [37.16874  35.929783 34.690823 37.16874   1.      ]
2026-02-03 20:04:01,782 - cmab.policy - INFO - Number of trees in forest: 10
2026-02-03 20:04:01,782 - cmab.policy - INFO - 
2026-02-03 20:04:01,782 - cmab.policy - INFO - Prediction statistics across all trees:
2026-02-03 20:04:01,782 - cmab.policy - INFO -   Mean predictions (top 5 arms): [0.761528, 0.761528, 0.760519, 0.757597, 0.757597]
2026-02-03 20:04:01,782 - cmab.policy - INFO -   Std predictions (top 5 arms): [0.252834, 0.252834, 0.253881, 0.251244, 0.251244]
2026-02-03 20:04:01,782 - cmab.policy - INFO - 
2026-02-03 20:04:01,782 - cmab.policy - INFO - Top 5 arms by mean prediction:
2026-02-03 20:04:01,782 - cmab.policy - INFO -   #1: arm=batch_size=100000,header_size=32,cut_condition_type=1,fast_path_timeout=400,k=3, mean=0.761528, std=0.252834
2026-02-03 20:04:01,782 - cmab.policy - INFO -   #2: arm=batch_size=100000,header_size=64,cut_condition_type=1,fast_path_timeout=400,k=3, mean=0.761528, std=0.252834
2026-02-03 20:04:01,782 - cmab.policy - INFO -   #3: arm=batch_size=100000,header_size=128,cut_condition_type=1,fast_path_timeout=400,k=3, mean=0.760519, std=0.253881
2026-02-03 20:04:01,782 - cmab.policy - INFO -   #4: arm=batch_size=100000,header_size=64,cut_condition_type=1,fast_path_timeout=400,k=1, mean=0.757597, std=0.251244
2026-02-03 20:04:01,783 - cmab.policy - INFO -   #5: arm=batch_size=100000,header_size=32,cut_condition_type=1,fast_path_timeout=400,k=1, mean=0.757597, std=0.251244
2026-02-03 20:04:01,783 - cmab.policy - INFO - 
2026-02-03 20:04:01,783 - cmab.policy - INFO - Selected tree #3 for Thompson Sampling:
2026-02-03 20:04:01,783 - cmab.policy - INFO -   Tree depth: 5
2026-02-03 20:04:01,783 - cmab.policy - INFO -   Tree nodes: 13
2026-02-03 20:04:01,783 - cmab.policy - INFO -   Tree leaves: 7
2026-02-03 20:04:01,783 - cmab.policy - INFO -   Tree shape: (nodes=13, leaves=7, depth=5)
2026-02-03 20:04:01,783 - cmab.policy - INFO -   Tree feature importances: [0.         0.         0.05177134 0.         0.19920327 0.48813998
 0.26088541 0.         0.         0.        ]
2026-02-03 20:04:01,785 - cmab.policy - INFO -   Forest feature importances: [0.05988962 0.00980845 0.13802933 0.00664056 0.16595539 0.34056784
 0.13609905 0.03392406 0.06766965 0.04141605]
2026-02-03 20:04:01,785 - cmab.policy - INFO -   Top 5 predictions from this tree:
2026-02-03 20:04:01,785 - cmab.policy - INFO -     #1: arm=batch_size=100000,header_size=32,cut_condition_type=1,fast_path_timeout=0,k=1, pred=0.810646
2026-02-03 20:04:01,785 - cmab.policy - INFO -     #2: arm=batch_size=100000,header_size=64,cut_condition_type=1,fast_path_timeout=400,k=3, pred=0.810646
2026-02-03 20:04:01,785 - cmab.policy - INFO -     #3: arm=batch_size=100000,header_size=64,cut_condition_type=3,fast_path_timeout=0,k=3, pred=0.810646
2026-02-03 20:04:01,785 - cmab.policy - INFO -     #4: arm=batch_size=100000,header_size=64,cut_condition_type=3,fast_path_timeout=100,k=1, pred=0.810646
2026-02-03 20:04:01,785 - cmab.policy - INFO -     #5: arm=batch_size=100000,header_size=64,cut_condition_type=3,fast_path_timeout=100,k=3, pred=0.810646
2026-02-03 20:04:01,785 - cmab.policy - INFO - 
2026-02-03 20:04:01,785 - cmab.policy - INFO -   Found 36 arms with same max prediction (0.810646), randomly selecting one...
2026-02-03 20:04:01,785 - cmab.policy - INFO - 
2026-02-03 20:04:01,785 - cmab.policy - INFO - ✓ SELECTED ARM: batch_size=100000,header_size=128,cut_condition_type=3,fast_path_timeout=0,k=1 (prediction=0.810646)
2026-02-03 20:04:01,785 - cmab.policy - INFO - ================================================================================
2026-02-03 20:04:01,790 - cmab.trainer - INFO - Updated parameters file: /home/ccclr0302/autobahn-test/benchmark/.parameters-0.json
2026-02-03 20:04:01,790 - cmab.trainer - INFO - 🚩 Created RL parameter update signal file (epoch 6): /tmp/autobahn_rl_param_update_6.signal
2026-02-03 20:04:01,790 - cmab.trainer - INFO - Applied params: {'batch_size': 100000, 'header_size': 128, 'cut_condition_type': 3, 'fast_path_timeout': 0, 'k': 1}
2026-02-03 20:04:01,790 - cmab.trainer - INFO - Waiting for next metrics file...
2026-02-03 20:04:11,215 - cmab.trainer - INFO - Iteration 33 : context=[37.16874  35.929783 34.690823 37.16874   1.      ] arm=batch_size=100000,header_size=128,cut_condition_type=3,fast_path_timeout=0,k=1 params={'batch_size': 100000, 'header_size': 128, 'cut_condition_type': 3, 'fast_path_timeout': 0, 'k': 1}
2026-02-03 20:04:11,216 - cmab.trainer - INFO - Iteration 33 reward=0.777869 avg_reward(20)=0.782005 last_metrics=epoch_7_slot_855.json top_arm=batch_size=100000,header_size=64,cut_condition_type=3,fast_path_timeout=100,k=3 top_ratio=0.14
2026-02-03 20:04:11,218 - cmab.policy - INFO - ================================================================================
2026-02-03 20:04:11,218 - cmab.policy - INFO - SELECT ARM - Detailed Prediction Analysis
2026-02-03 20:04:11,218 - cmab.policy - INFO - Context: [20.451607 18.747305 17.895155 18.747305  0.      ]
2026-02-03 20:04:11,218 - cmab.policy - INFO - Number of trees in forest: 10
2026-02-03 20:04:11,219 - cmab.policy - INFO - 
2026-02-03 20:04:11,219 - cmab.policy - INFO - Prediction statistics across all trees:
2026-02-03 20:04:11,219 - cmab.policy - INFO -   Mean predictions (top 5 arms): [1.105297, 1.105297, 1.105297, 1.097271, 1.097271]
2026-02-03 20:04:11,219 - cmab.policy - INFO -   Std predictions (top 5 arms): [0.289742, 0.289742, 0.289742, 0.305496, 0.305496]
2026-02-03 20:04:11,219 - cmab.policy - INFO - 
2026-02-03 20:04:11,219 - cmab.policy - INFO - Top 5 arms by mean prediction:
2026-02-03 20:04:11,219 - cmab.policy - INFO -   #1: arm=batch_size=100000,header_size=128,cut_condition_type=3,fast_path_timeout=400,k=1, mean=1.105297, std=0.289742
2026-02-03 20:04:11,219 - cmab.policy - INFO -   #2: arm=batch_size=100000,header_size=32,cut_condition_type=3,fast_path_timeout=400,k=1, mean=1.105297, std=0.289742
2026-02-03 20:04:11,219 - cmab.policy - INFO -   #3: arm=batch_size=100000,header_size=64,cut_condition_type=3,fast_path_timeout=400,k=1, mean=1.105297, std=0.289742
2026-02-03 20:04:11,219 - cmab.policy - INFO -   #4: arm=batch_size=100000,header_size=128,cut_condition_type=1,fast_path_timeout=400,k=1, mean=1.097271, std=0.305496
2026-02-03 20:04:11,219 - cmab.policy - INFO -   #5: arm=batch_size=100000,header_size=32,cut_condition_type=1,fast_path_timeout=400,k=1, mean=1.097271, std=0.305496
2026-02-03 20:04:11,219 - cmab.policy - INFO - 
2026-02-03 20:04:11,219 - cmab.policy - INFO - Selected tree #10 for Thompson Sampling:
2026-02-03 20:04:11,219 - cmab.policy - INFO -   Tree depth: 4
2026-02-03 20:04:11,219 - cmab.policy - INFO -   Tree nodes: 11
2026-02-03 20:04:11,219 - cmab.policy - INFO -   Tree leaves: 6
2026-02-03 20:04:11,219 - cmab.policy - INFO -   Tree shape: (nodes=11, leaves=6, depth=4)
2026-02-03 20:04:11,219 - cmab.policy - INFO -   Tree feature importances: [0.37133244 0.         0.29910452 0.         0.         0.
 0.         0.         0.03957055 0.28999249]
2026-02-03 20:04:11,221 - cmab.policy - INFO -   Forest feature importances: [0.05988962 0.00980845 0.13802933 0.00664056 0.16595539 0.34056784
 0.13609905 0.03392406 0.06766965 0.04141605]
2026-02-03 20:04:11,221 - cmab.policy - INFO -   Top 5 predictions from this tree:
2026-02-03 20:04:11,221 - cmab.policy - INFO -     #1: arm=batch_size=100000,header_size=32,cut_condition_type=1,fast_path_timeout=0,k=1, pred=0.590664
2026-02-03 20:04:11,221 - cmab.policy - INFO -     #2: arm=batch_size=100000,header_size=128,cut_condition_type=1,fast_path_timeout=100,k=1, pred=0.590664
2026-02-03 20:04:11,221 - cmab.policy - INFO -     #3: arm=batch_size=750000,header_size=32,cut_condition_type=1,fast_path_timeout=100,k=1, pred=0.590664
2026-02-03 20:04:11,221 - cmab.policy - INFO -     #4: arm=batch_size=750000,header_size=32,cut_condition_type=1,fast_path_timeout=0,k=1, pred=0.590664
2026-02-03 20:04:11,221 - cmab.policy - INFO -     #5: arm=batch_size=500000,header_size=128,cut_condition_type=3,fast_path_timeout=400,k=1, pred=0.590664
2026-02-03 20:04:11,222 - cmab.policy - INFO - 
2026-02-03 20:04:11,222 - cmab.policy - INFO -   Found 54 arms with same max prediction (0.590664), randomly selecting one...
2026-02-03 20:04:11,222 - cmab.policy - INFO - 
2026-02-03 20:04:11,222 - cmab.policy - INFO - ✓ SELECTED ARM: batch_size=750000,header_size=128,cut_condition_type=3,fast_path_timeout=0,k=1 (prediction=0.590664)
2026-02-03 20:04:11,222 - cmab.policy - INFO - ================================================================================
2026-02-03 20:04:11,225 - cmab.trainer - INFO - Updated parameters file: /home/ccclr0302/autobahn-test/benchmark/.parameters-0.json
2026-02-03 20:04:11,225 - cmab.trainer - INFO - 🚩 Created RL parameter update signal file (epoch 7): /tmp/autobahn_rl_param_update_7.signal
2026-02-03 20:04:11,225 - cmab.trainer - INFO - Applied params: {'batch_size': 750000, 'header_size': 128, 'cut_condition_type': 3, 'fast_path_timeout': 0, 'k': 1}
2026-02-03 20:04:11,226 - cmab.trainer - INFO - Waiting for next metrics file...
2026-02-03 20:04:36,092 - cmab.trainer - INFO - Iteration 34 : context=[20.451607 18.747305 17.895155 18.747305  0.      ] arm=batch_size=750000,header_size=128,cut_condition_type=3,fast_path_timeout=0,k=1 params={'batch_size': 750000, 'header_size': 128, 'cut_condition_type': 3, 'fast_path_timeout': 0, 'k': 1}
2026-02-03 20:04:36,092 - cmab.trainer - INFO - Iteration 34 reward=0.170117 avg_reward(20)=0.757038 last_metrics=epoch_8_slot_975.json top_arm=batch_size=100000,header_size=64,cut_condition_type=3,fast_path_timeout=100,k=3 top_ratio=0.12
2026-02-03 20:04:36,095 - cmab.policy - INFO - ================================================================================
2026-02-03 20:04:36,095 - cmab.policy - INFO - SELECT ARM - Detailed Prediction Analysis
2026-02-03 20:04:36,095 - cmab.policy - INFO - Context: [2.9990366 2.749117  2.499197  2.749117  0.       ]
2026-02-03 20:04:36,095 - cmab.policy - INFO - Number of trees in forest: 10
2026-02-03 20:04:36,095 - cmab.policy - INFO - 
2026-02-03 20:04:36,095 - cmab.policy - INFO - Prediction statistics across all trees:
2026-02-03 20:04:36,095 - cmab.policy - INFO -   Mean predictions (top 5 arms): [1.132110, 1.132110, 1.132110, 1.132110, 1.132110]
2026-02-03 20:04:36,095 - cmab.policy - INFO -   Std predictions (top 5 arms): [0.214658, 0.214658, 0.214658, 0.214658, 0.214658]
2026-02-03 20:04:36,095 - cmab.policy - INFO - 
2026-02-03 20:04:36,095 - cmab.policy - INFO - Top 5 arms by mean prediction:
2026-02-03 20:04:36,095 - cmab.policy - INFO -   #1: arm=batch_size=100000,header_size=128,cut_condition_type=1,fast_path_timeout=400,k=3, mean=1.132110, std=0.214658
2026-02-03 20:04:36,095 - cmab.policy - INFO -   #2: arm=batch_size=100000,header_size=128,cut_condition_type=3,fast_path_timeout=400,k=3, mean=1.132110, std=0.214658
2026-02-03 20:04:36,095 - cmab.policy - INFO -   #3: arm=batch_size=100000,header_size=64,cut_condition_type=1,fast_path_timeout=400,k=3, mean=1.132110, std=0.214658
2026-02-03 20:04:36,095 - cmab.policy - INFO -   #4: arm=batch_size=100000,header_size=32,cut_condition_type=1,fast_path_timeout=400,k=3, mean=1.132110, std=0.214658
2026-02-03 20:04:36,095 - cmab.policy - INFO -   #5: arm=batch_size=100000,header_size=64,cut_condition_type=3,fast_path_timeout=400,k=3, mean=1.132110, std=0.214658
2026-02-03 20:04:36,095 - cmab.policy - INFO - 
2026-02-03 20:04:36,095 - cmab.policy - INFO - Selected tree #10 for Thompson Sampling:
2026-02-03 20:04:36,095 - cmab.policy - INFO -   Tree depth: 4
2026-02-03 20:04:36,095 - cmab.policy - INFO -   Tree nodes: 11
2026-02-03 20:04:36,096 - cmab.policy - INFO -   Tree leaves: 6
2026-02-03 20:04:36,096 - cmab.policy - INFO -   Tree shape: (nodes=11, leaves=6, depth=4)
2026-02-03 20:04:36,096 - cmab.policy - INFO -   Tree feature importances: [0.37133244 0.         0.29910452 0.         0.         0.
 0.         0.         0.03957055 0.28999249]
2026-02-03 20:04:36,097 - cmab.policy - INFO -   Forest feature importances: [0.05988962 0.00980845 0.13802933 0.00664056 0.16595539 0.34056784
 0.13609905 0.03392406 0.06766965 0.04141605]
2026-02-03 20:04:36,098 - cmab.policy - INFO -   Top 5 predictions from this tree:
2026-02-03 20:04:36,098 - cmab.policy - INFO -     #1: arm=batch_size=100000,header_size=64,cut_condition_type=1,fast_path_timeout=0,k=3, pred=0.790222
2026-02-03 20:04:36,098 - cmab.policy - INFO -     #2: arm=batch_size=500000,header_size=32,cut_condition_type=1,fast_path_timeout=0,k=3, pred=0.790222
2026-02-03 20:04:36,098 - cmab.policy - INFO -     #3: arm=batch_size=750000,header_size=64,cut_condition_type=1,fast_path_timeout=0,k=3, pred=0.790222
2026-02-03 20:04:36,098 - cmab.policy - INFO -     #4: arm=batch_size=100000,header_size=128,cut_condition_type=1,fast_path_timeout=0,k=3, pred=0.790222
2026-02-03 20:04:36,098 - cmab.policy - INFO -     #5: arm=batch_size=100000,header_size=128,cut_condition_type=3,fast_path_timeout=0,k=3, pred=0.790222
2026-02-03 20:04:36,098 - cmab.policy - INFO - 
2026-02-03 20:04:36,098 - cmab.policy - INFO -   Found 18 arms with same max prediction (0.790222), randomly selecting one...
2026-02-03 20:04:36,098 - cmab.policy - INFO - 
2026-02-03 20:04:36,098 - cmab.policy - INFO - ✓ SELECTED ARM: batch_size=500000,header_size=128,cut_condition_type=3,fast_path_timeout=0,k=3 (prediction=0.790222)
2026-02-03 20:04:36,098 - cmab.policy - INFO - ================================================================================
2026-02-03 20:04:36,231 - cmab.trainer - INFO - Updated parameters file: /home/ccclr0302/autobahn-test/benchmark/.parameters-0.json
2026-02-03 20:04:36,231 - cmab.trainer - INFO - 🚩 Created RL parameter update signal file (epoch 8): /tmp/autobahn_rl_param_update_8.signal
2026-02-03 20:04:36,231 - cmab.trainer - INFO - Applied params: {'batch_size': 500000, 'header_size': 128, 'cut_condition_type': 3, 'fast_path_timeout': 0, 'k': 3}
2026-02-03 20:04:36,231 - cmab.trainer - INFO - Waiting for next metrics file...
2026-02-03 20:05:06,113 - cmab.trainer - INFO - Iteration 35 : context=[2.9990366 2.749117  2.499197  2.749117  0.       ] arm=batch_size=500000,header_size=128,cut_condition_type=3,fast_path_timeout=0,k=3 params={'batch_size': 500000, 'header_size': 128, 'cut_condition_type': 3, 'fast_path_timeout': 0, 'k': 3}
2026-02-03 20:05:06,113 - cmab.trainer - INFO - Iteration 35 reward=0.231576 avg_reward(20)=0.735939 last_metrics=epoch_9_slot_1095.json top_arm=batch_size=100000,header_size=64,cut_condition_type=3,fast_path_timeout=100,k=3 top_ratio=0.11
2026-02-03 20:05:06,116 - cmab.policy - INFO - ================================================================================
2026-02-03 20:05:06,116 - cmab.policy - INFO - SELECT ARM - Detailed Prediction Analysis
2026-02-03 20:05:06,116 - cmab.policy - INFO - Context: [4.1907797 3.8684123 3.5460446 3.8684123 0.       ]
2026-02-03 20:05:06,116 - cmab.policy - INFO - Number of trees in forest: 10
2026-02-03 20:05:06,116 - cmab.policy - INFO - 
2026-02-03 20:05:06,116 - cmab.policy - INFO - Prediction statistics across all trees:
2026-02-03 20:05:06,116 - cmab.policy - INFO -   Mean predictions (top 5 arms): [1.071751, 1.071751, 1.071751, 1.071751, 1.071751]
2026-02-03 20:05:06,116 - cmab.policy - INFO -   Std predictions (top 5 arms): [0.319603, 0.319603, 0.319603, 0.319603, 0.319603]
2026-02-03 20:05:06,116 - cmab.policy - INFO - 
2026-02-03 20:05:06,116 - cmab.policy - INFO - Top 5 arms by mean prediction:
2026-02-03 20:05:06,116 - cmab.policy - INFO -   #1: arm=batch_size=100000,header_size=128,cut_condition_type=1,fast_path_timeout=400,k=3, mean=1.071751, std=0.319603
2026-02-03 20:05:06,116 - cmab.policy - INFO -   #2: arm=batch_size=100000,header_size=128,cut_condition_type=3,fast_path_timeout=400,k=3, mean=1.071751, std=0.319603
2026-02-03 20:05:06,116 - cmab.policy - INFO -   #3: arm=batch_size=100000,header_size=64,cut_condition_type=1,fast_path_timeout=400,k=3, mean=1.071751, std=0.319603
2026-02-03 20:05:06,116 - cmab.policy - INFO -   #4: arm=batch_size=100000,header_size=32,cut_condition_type=1,fast_path_timeout=400,k=3, mean=1.071751, std=0.319603
2026-02-03 20:05:06,116 - cmab.policy - INFO -   #5: arm=batch_size=100000,header_size=64,cut_condition_type=3,fast_path_timeout=400,k=3, mean=1.071751, std=0.319603
2026-02-03 20:05:06,116 - cmab.policy - INFO - 
2026-02-03 20:05:06,116 - cmab.policy - INFO - Selected tree #6 for Thompson Sampling:
2026-02-03 20:05:06,116 - cmab.policy - INFO -   Tree depth: 4
2026-02-03 20:05:06,116 - cmab.policy - INFO -   Tree nodes: 13
2026-02-03 20:05:06,116 - cmab.policy - INFO -   Tree leaves: 7
2026-02-03 20:05:06,117 - cmab.policy - INFO -   Tree shape: (nodes=13, leaves=7, depth=4)
2026-02-03 20:05:06,117 - cmab.policy - INFO -   Tree feature importances: [0.         0.         0.         0.         0.41956731 0.23512026
 0.         0.26006138 0.02251389 0.06273715]
2026-02-03 20:05:06,118 - cmab.policy - INFO -   Forest feature importances: [0.05988962 0.00980845 0.13802933 0.00664056 0.16595539 0.34056784
 0.13609905 0.03392406 0.06766965 0.04141605]
2026-02-03 20:05:06,119 - cmab.policy - INFO -   Top 5 predictions from this tree:
2026-02-03 20:05:06,119 - cmab.policy - INFO -     #1: arm=batch_size=100000,header_size=32,cut_condition_type=1,fast_path_timeout=0,k=1, pred=1.281074
2026-02-03 20:05:06,119 - cmab.policy - INFO -     #2: arm=batch_size=100000,header_size=64,cut_condition_type=3,fast_path_timeout=0,k=1, pred=1.281074
2026-02-03 20:05:06,119 - cmab.policy - INFO -     #3: arm=batch_size=100000,header_size=64,cut_condition_type=3,fast_path_timeout=100,k=1, pred=1.281074
2026-02-03 20:05:06,119 - cmab.policy - INFO -     #4: arm=batch_size=100000,header_size=64,cut_condition_type=3,fast_path_timeout=100,k=3, pred=1.281074
2026-02-03 20:05:06,119 - cmab.policy - INFO -     #5: arm=batch_size=100000,header_size=64,cut_condition_type=3,fast_path_timeout=400,k=1, pred=1.281074
2026-02-03 20:05:06,119 - cmab.policy - INFO - 
2026-02-03 20:05:06,119 - cmab.policy - INFO -   Found 36 arms with same max prediction (1.281074), randomly selecting one...
2026-02-03 20:05:06,119 - cmab.policy - INFO - 
2026-02-03 20:05:06,119 - cmab.policy - INFO - ✓ SELECTED ARM: batch_size=100000,header_size=64,cut_condition_type=3,fast_path_timeout=400,k=3 (prediction=1.281074)
2026-02-03 20:05:06,119 - cmab.policy - INFO - ================================================================================
2026-02-03 20:05:06,123 - cmab.trainer - INFO - Updated parameters file: /home/ccclr0302/autobahn-test/benchmark/.parameters-0.json
2026-02-03 20:05:06,123 - cmab.trainer - INFO - 🚩 Created RL parameter update signal file (epoch 9): /tmp/autobahn_rl_param_update_9.signal
2026-02-03 20:05:06,123 - cmab.trainer - INFO - Applied params: {'batch_size': 100000, 'header_size': 64, 'cut_condition_type': 3, 'fast_path_timeout': 400, 'k': 3}
2026-02-03 20:05:06,123 - cmab.trainer - INFO - Waiting for next metrics file...
[Parallel(n_jobs=1)]: Done  10 out of  10 | elapsed:    0.0s finished
[Parallel(n_jobs=1)]: Done  10 out of  10 | elapsed:    0.0s finished
2026-02-03 20:05:18,567 - cmab.policy - INFO - RF Updated: samples=30, MSE=0.011341
2026-02-03 20:05:18,568 - cmab.trainer - INFO - Iteration 36 : context=[4.1907797 3.8684123 3.5460446 3.8684123 0.       ] arm=batch_size=100000,header_size=64,cut_condition_type=3,fast_path_timeout=400,k=3 params={'batch_size': 100000, 'header_size': 64, 'cut_condition_type': 3, 'fast_path_timeout': 400, 'k': 3}
2026-02-03 20:05:18,568 - cmab.trainer - INFO - Iteration 36 reward=1.203059 avg_reward(20)=0.759229 last_metrics=epoch_10_slot_1215.json top_arm=batch_size=100000,header_size=64,cut_condition_type=3,fast_path_timeout=100,k=3 top_ratio=0.10
2026-02-03 20:05:18,724 - cmab.trainer - INFO - Saved checkpoint: /tmp/cmab_continuous_checkpoints/cmab_checkpoint_10.pkl
2026-02-03 20:13:29,497 - __main__ - INFO - Starting Autobahn Continuous CMAB Training
2026-02-03 20:13:29,497 - __main__ - INFO - metrics_dir=/home/ccclr0302/autobahn/metrics-0 parameters_file=/home/ccclr0302/autobahn-test/benchmark/.parameters-0.json
2026-02-03 20:13:29,500 - __main__ - INFO - Loaded CMAB policy from /home/ccclr0302/autobahn-test/experiment-log/cmab_checkpoint_30.pkl
2026-02-03 20:13:29,500 - cmab.trainer - INFO - Initializing CMAB training loop...
2026-02-03 20:13:29,500 - cmab.trainer - INFO - Policy: rf_ts
2026-02-03 20:13:29,500 - cmab.trainer - INFO - Iterations: 200
2026-02-03 20:13:29,501 - cmab.trainer - INFO - No existing metrics file, waiting for epoch 0...
2026-02-03 20:13:55,371 - cmab.policy - INFO - ================================================================================
2026-02-03 20:13:55,371 - cmab.policy - INFO - SELECT ARM - Detailed Prediction Analysis
2026-02-03 20:13:55,371 - cmab.policy - INFO - Context: [1.4402217  2.0803201  2.4003694  0.32004926 0.        ]
2026-02-03 20:13:55,371 - cmab.policy - INFO - Number of trees in forest: 10
2026-02-03 20:13:55,371 - cmab.policy - INFO - 
2026-02-03 20:13:55,371 - cmab.policy - INFO - Prediction statistics across all trees:
2026-02-03 20:13:55,372 - cmab.policy - INFO -   Mean predictions (top 5 arms): [1.163885, 1.163885, 1.163885, 1.163885, 1.163885]
2026-02-03 20:13:55,372 - cmab.policy - INFO -   Std predictions (top 5 arms): [0.145390, 0.145390, 0.145390, 0.145390, 0.145390]
2026-02-03 20:13:55,372 - cmab.policy - INFO - 
2026-02-03 20:13:55,372 - cmab.policy - INFO - Top 5 arms by mean prediction:
2026-02-03 20:13:55,372 - cmab.policy - INFO -   #1: arm=batch_size=100000,header_size=64,cut_condition_type=3,fast_path_timeout=100,k=1, mean=1.163885, std=0.145390
2026-02-03 20:13:55,372 - cmab.policy - INFO -   #2: arm=batch_size=100000,header_size=128,cut_condition_type=3,fast_path_timeout=100,k=3, mean=1.163885, std=0.145390
2026-02-03 20:13:55,372 - cmab.policy - INFO -   #3: arm=batch_size=100000,header_size=64,cut_condition_type=3,fast_path_timeout=100,k=3, mean=1.163885, std=0.145390
2026-02-03 20:13:55,372 - cmab.policy - INFO -   #4: arm=batch_size=100000,header_size=128,cut_condition_type=3,fast_path_timeout=400,k=1, mean=1.163885, std=0.145390
2026-02-03 20:13:55,372 - cmab.policy - INFO -   #5: arm=batch_size=100000,header_size=64,cut_condition_type=3,fast_path_timeout=400,k=1, mean=1.163885, std=0.145390
2026-02-03 20:13:55,372 - cmab.policy - INFO - 
2026-02-03 20:13:55,372 - cmab.policy - INFO - Selected tree #8 for Thompson Sampling:
2026-02-03 20:13:55,372 - cmab.policy - INFO -   Tree depth: 3
2026-02-03 20:13:55,372 - cmab.policy - INFO -   Tree nodes: 13
2026-02-03 20:13:55,372 - cmab.policy - INFO -   Tree leaves: 7
2026-02-03 20:13:55,372 - cmab.policy - INFO -   Tree shape: (nodes=13, leaves=7, depth=3)
2026-02-03 20:13:55,372 - cmab.policy - INFO -   Tree feature importances: [0.         0.         0.11325481 0.27717524 0.         0.5694748
 0.0173317  0.         0.02276345 0.        ]
2026-02-03 20:13:55,374 - cmab.policy - INFO -   Forest feature importances: [0.03065165 0.02912177 0.03487685 0.0324849  0.10956118 0.54794107
 0.15554927 0.02466009 0.02243214 0.01272108]
2026-02-03 20:13:55,374 - cmab.policy - INFO -   Top 5 predictions from this tree:
2026-02-03 20:13:55,374 - cmab.policy - INFO -     #1: arm=batch_size=100000,header_size=32,cut_condition_type=1,fast_path_timeout=0,k=1, pred=1.362728
2026-02-03 20:13:55,374 - cmab.policy - INFO -     #2: arm=batch_size=100000,header_size=64,cut_condition_type=3,fast_path_timeout=0,k=1, pred=1.362728
2026-02-03 20:13:55,374 - cmab.policy - INFO -     #3: arm=batch_size=100000,header_size=64,cut_condition_type=3,fast_path_timeout=100,k=1, pred=1.362728
2026-02-03 20:13:55,374 - cmab.policy - INFO -     #4: arm=batch_size=100000,header_size=64,cut_condition_type=3,fast_path_timeout=100,k=3, pred=1.362728
2026-02-03 20:13:55,374 - cmab.policy - INFO -     #5: arm=batch_size=100000,header_size=64,cut_condition_type=3,fast_path_timeout=400,k=1, pred=1.362728
2026-02-03 20:13:55,375 - cmab.policy - INFO - 
2026-02-03 20:13:55,375 - cmab.policy - INFO -   Found 36 arms with same max prediction (1.362728), randomly selecting one...
2026-02-03 20:13:55,375 - cmab.policy - INFO - 
2026-02-03 20:13:55,375 - cmab.policy - INFO - ✓ SELECTED ARM: batch_size=100000,header_size=128,cut_condition_type=1,fast_path_timeout=100,k=1 (prediction=1.362728)
2026-02-03 20:13:55,375 - cmab.policy - INFO - ================================================================================
2026-02-03 20:13:55,378 - cmab.trainer - INFO - Updated parameters file: /home/ccclr0302/autobahn-test/benchmark/.parameters-0.json
2026-02-03 20:13:55,378 - cmab.trainer - INFO - 🚩 Created RL parameter update signal file (epoch 0): /tmp/autobahn_rl_param_update_0.signal
2026-02-03 20:13:55,378 - cmab.trainer - INFO - Applied params: {'batch_size': 100000, 'header_size': 128, 'cut_condition_type': 1, 'fast_path_timeout': 100, 'k': 1}
2026-02-03 20:13:55,378 - cmab.trainer - INFO - Waiting for next metrics file...
2026-02-03 20:14:01,896 - cmab.trainer - INFO - Iteration 37 : context=[1.4402217  2.0803201  2.4003694  0.32004926 0.        ] arm=batch_size=100000,header_size=128,cut_condition_type=1,fast_path_timeout=100,k=1 params={'batch_size': 100000, 'header_size': 128, 'cut_condition_type': 1, 'fast_path_timeout': 100, 'k': 1}
2026-02-03 20:14:01,896 - cmab.trainer - INFO - Iteration 37 reward=0.782182 avg_reward(20)=0.762781 last_metrics=epoch_1_slot_135.json top_arm=batch_size=100000,header_size=128,cut_condition_type=1,fast_path_timeout=100,k=1 top_ratio=1.00
2026-02-03 20:14:01,899 - cmab.policy - INFO - ================================================================================
2026-02-03 20:14:01,899 - cmab.policy - INFO - SELECT ARM - Detailed Prediction Analysis
2026-02-03 20:14:01,899 - cmab.policy - INFO - Context: [19.967379 18.719418 18.719418 21.21534   1.      ]
2026-02-03 20:14:01,899 - cmab.policy - INFO - Number of trees in forest: 10
2026-02-03 20:14:01,899 - cmab.policy - INFO - 
2026-02-03 20:14:01,899 - cmab.policy - INFO - Prediction statistics across all trees:
2026-02-03 20:14:01,899 - cmab.policy - INFO -   Mean predictions (top 5 arms): [0.851686, 0.851686, 0.851686, 0.851686, 0.851686]
2026-02-03 20:14:01,899 - cmab.policy - INFO -   Std predictions (top 5 arms): [0.269353, 0.269353, 0.269353, 0.269353, 0.269353]
2026-02-03 20:14:01,899 - cmab.policy - INFO - 
2026-02-03 20:14:01,899 - cmab.policy - INFO - Top 5 arms by mean prediction:
2026-02-03 20:14:01,899 - cmab.policy - INFO -   #1: arm=batch_size=100000,header_size=64,cut_condition_type=3,fast_path_timeout=400,k=3, mean=0.851686, std=0.269353
2026-02-03 20:14:01,899 - cmab.policy - INFO -   #2: arm=batch_size=100000,header_size=128,cut_condition_type=3,fast_path_timeout=400,k=3, mean=0.851686, std=0.269353
2026-02-03 20:14:01,899 - cmab.policy - INFO -   #3: arm=batch_size=100000,header_size=64,cut_condition_type=3,fast_path_timeout=400,k=1, mean=0.851686, std=0.269353
2026-02-03 20:14:01,899 - cmab.policy - INFO -   #4: arm=batch_size=100000,header_size=128,cut_condition_type=3,fast_path_timeout=100,k=1, mean=0.851686, std=0.269353
2026-02-03 20:14:01,899 - cmab.policy - INFO -   #5: arm=batch_size=100000,header_size=128,cut_condition_type=3,fast_path_timeout=100,k=3, mean=0.851686, std=0.269353
2026-02-03 20:14:01,899 - cmab.policy - INFO - 
2026-02-03 20:14:01,900 - cmab.policy - INFO - Selected tree #2 for Thompson Sampling:
2026-02-03 20:14:01,900 - cmab.policy - INFO -   Tree depth: 4
2026-02-03 20:14:01,900 - cmab.policy - INFO -   Tree nodes: 17
2026-02-03 20:14:01,900 - cmab.policy - INFO -   Tree leaves: 9
2026-02-03 20:14:01,900 - cmab.policy - INFO -   Tree shape: (nodes=17, leaves=9, depth=4)
2026-02-03 20:14:01,900 - cmab.policy - INFO -   Tree feature importances: [0.         0.         0.033318   0.         0.         0.5913339
 0.14126096 0.17389588 0.04971784 0.01047342]
2026-02-03 20:14:01,902 - cmab.policy - INFO -   Forest feature importances: [0.03065165 0.02912177 0.03487685 0.0324849  0.10956118 0.54794107
 0.15554927 0.02466009 0.02243214 0.01272108]
2026-02-03 20:14:01,902 - cmab.policy - INFO -   Top 5 predictions from this tree:
2026-02-03 20:14:01,902 - cmab.policy - INFO -     #1: arm=batch_size=100000,header_size=64,cut_condition_type=3,fast_path_timeout=400,k=3, pred=1.362728
2026-02-03 20:14:01,902 - cmab.policy - INFO -     #2: arm=batch_size=100000,header_size=64,cut_condition_type=3,fast_path_timeout=100,k=3, pred=1.362728
2026-02-03 20:14:01,902 - cmab.policy - INFO -     #3: arm=batch_size=100000,header_size=64,cut_condition_type=3,fast_path_timeout=0,k=3, pred=1.362728
2026-02-03 20:14:01,902 - cmab.policy - INFO -     #4: arm=batch_size=100000,header_size=64,cut_condition_type=3,fast_path_timeout=0,k=1, pred=1.362728
2026-02-03 20:14:01,902 - cmab.policy - INFO -     #5: arm=batch_size=100000,header_size=128,cut_condition_type=3,fast_path_timeout=100,k=3, pred=1.362728
2026-02-03 20:14:01,902 - cmab.policy - INFO - 
2026-02-03 20:14:01,902 - cmab.policy - INFO -   Found 18 arms with same max prediction (1.362728), randomly selecting one...
2026-02-03 20:14:01,902 - cmab.policy - INFO - 
2026-02-03 20:14:01,902 - cmab.policy - INFO - ✓ SELECTED ARM: batch_size=100000,header_size=128,cut_condition_type=3,fast_path_timeout=0,k=1 (prediction=1.362728)
2026-02-03 20:14:01,902 - cmab.policy - INFO - ================================================================================
2026-02-03 20:14:01,906 - cmab.trainer - INFO - Updated parameters file: /home/ccclr0302/autobahn-test/benchmark/.parameters-0.json
2026-02-03 20:14:01,906 - cmab.trainer - INFO - 🚩 Created RL parameter update signal file (epoch 1): /tmp/autobahn_rl_param_update_1.signal
2026-02-03 20:14:01,906 - cmab.trainer - INFO - Applied params: {'batch_size': 100000, 'header_size': 128, 'cut_condition_type': 3, 'fast_path_timeout': 0, 'k': 1}
2026-02-03 20:14:01,906 - cmab.trainer - INFO - Waiting for next metrics file...
2026-02-03 20:14:10,128 - cmab.trainer - INFO - Iteration 38 : context=[19.967379 18.719418 18.719418 21.21534   1.      ] arm=batch_size=100000,header_size=128,cut_condition_type=3,fast_path_timeout=0,k=1 params={'batch_size': 100000, 'header_size': 128, 'cut_condition_type': 3, 'fast_path_timeout': 0, 'k': 1}
2026-02-03 20:14:10,128 - cmab.trainer - INFO - Iteration 38 reward=0.760497 avg_reward(20)=0.780835 last_metrics=epoch_2_slot_255.json top_arm=batch_size=100000,header_size=128,cut_condition_type=1,fast_path_timeout=100,k=1 top_ratio=0.50
2026-02-03 20:14:10,131 - cmab.policy - INFO - ================================================================================
2026-02-03 20:14:10,131 - cmab.policy - INFO - SELECT ARM - Detailed Prediction Analysis
2026-02-03 20:14:10,131 - cmab.policy - INFO - Context: [18.217855 19.085373 19.085373 19.95289   0.      ]
2026-02-03 20:14:10,131 - cmab.policy - INFO - Number of trees in forest: 10
2026-02-03 20:14:10,131 - cmab.policy - INFO - 
2026-02-03 20:14:10,131 - cmab.policy - INFO - Prediction statistics across all trees:
2026-02-03 20:14:10,131 - cmab.policy - INFO -   Mean predictions (top 5 arms): [1.112865, 1.112865, 1.112865, 1.112865, 1.112865]
2026-02-03 20:14:10,131 - cmab.policy - INFO -   Std predictions (top 5 arms): [0.218915, 0.218915, 0.218915, 0.218915, 0.218915]
2026-02-03 20:14:10,131 - cmab.policy - INFO - 
2026-02-03 20:14:10,131 - cmab.policy - INFO - Top 5 arms by mean prediction:
2026-02-03 20:14:10,131 - cmab.policy - INFO -   #1: arm=batch_size=100000,header_size=64,cut_condition_type=3,fast_path_timeout=400,k=3, mean=1.112865, std=0.218915
2026-02-03 20:14:10,131 - cmab.policy - INFO -   #2: arm=batch_size=100000,header_size=128,cut_condition_type=3,fast_path_timeout=400,k=3, mean=1.112865, std=0.218915
2026-02-03 20:14:10,131 - cmab.policy - INFO -   #3: arm=batch_size=100000,header_size=64,cut_condition_type=3,fast_path_timeout=400,k=1, mean=1.112865, std=0.218915
2026-02-03 20:14:10,131 - cmab.policy - INFO -   #4: arm=batch_size=100000,header_size=128,cut_condition_type=3,fast_path_timeout=100,k=1, mean=1.112865, std=0.218915
2026-02-03 20:14:10,131 - cmab.policy - INFO -   #5: arm=batch_size=100000,header_size=128,cut_condition_type=3,fast_path_timeout=100,k=3, mean=1.112865, std=0.218915
2026-02-03 20:14:10,131 - cmab.policy - INFO - 
2026-02-03 20:14:10,131 - cmab.policy - INFO - Selected tree #3 for Thompson Sampling:
2026-02-03 20:14:10,131 - cmab.policy - INFO -   Tree depth: 4
2026-02-03 20:14:10,131 - cmab.policy - INFO -   Tree nodes: 15
2026-02-03 20:14:10,132 - cmab.policy - INFO -   Tree leaves: 8
2026-02-03 20:14:10,132 - cmab.policy - INFO -   Tree shape: (nodes=15, leaves=8, depth=4)
2026-02-03 20:14:10,132 - cmab.policy - INFO -   Tree feature importances: [0.02447522 0.         0.04383881 0.         0.19118322 0.46507601
 0.22961114 0.         0.         0.0458156 ]
2026-02-03 20:14:10,133 - cmab.policy - INFO -   Forest feature importances: [0.03065165 0.02912177 0.03487685 0.0324849  0.10956118 0.54794107
 0.15554927 0.02466009 0.02243214 0.01272108]
2026-02-03 20:14:10,134 - cmab.policy - INFO -   Top 5 predictions from this tree:
2026-02-03 20:14:10,134 - cmab.policy - INFO -     #1: arm=batch_size=100000,header_size=32,cut_condition_type=1,fast_path_timeout=0,k=1, pred=1.091662
2026-02-03 20:14:10,134 - cmab.policy - INFO -     #2: arm=batch_size=100000,header_size=64,cut_condition_type=1,fast_path_timeout=400,k=3, pred=1.091662
2026-02-03 20:14:10,134 - cmab.policy - INFO -     #3: arm=batch_size=100000,header_size=64,cut_condition_type=3,fast_path_timeout=0,k=3, pred=1.091662
2026-02-03 20:14:10,134 - cmab.policy - INFO -     #4: arm=batch_size=100000,header_size=64,cut_condition_type=3,fast_path_timeout=100,k=1, pred=1.091662
2026-02-03 20:14:10,134 - cmab.policy - INFO -     #5: arm=batch_size=100000,header_size=64,cut_condition_type=3,fast_path_timeout=100,k=3, pred=1.091662
2026-02-03 20:14:10,134 - cmab.policy - INFO - 
2026-02-03 20:14:10,134 - cmab.policy - INFO -   Found 36 arms with same max prediction (1.091662), randomly selecting one...
2026-02-03 20:14:10,134 - cmab.policy - INFO - 
2026-02-03 20:14:10,134 - cmab.policy - INFO - ✓ SELECTED ARM: batch_size=100000,header_size=64,cut_condition_type=1,fast_path_timeout=100,k=3 (prediction=1.091662)
2026-02-03 20:14:10,134 - cmab.policy - INFO - ================================================================================
2026-02-03 20:14:10,138 - cmab.trainer - INFO - Updated parameters file: /home/ccclr0302/autobahn-test/benchmark/.parameters-0.json
2026-02-03 20:14:10,139 - cmab.trainer - INFO - 🚩 Created RL parameter update signal file (epoch 2): /tmp/autobahn_rl_param_update_2.signal
2026-02-03 20:14:10,139 - cmab.trainer - INFO - Applied params: {'batch_size': 100000, 'header_size': 64, 'cut_condition_type': 1, 'fast_path_timeout': 100, 'k': 3}
2026-02-03 20:14:10,139 - cmab.trainer - INFO - Waiting for next metrics file...
2026-02-03 20:14:15,754 - cmab.trainer - INFO - Iteration 39 : context=[18.217855 19.085373 19.085373 19.95289   0.      ] arm=batch_size=100000,header_size=64,cut_condition_type=1,fast_path_timeout=100,k=3 params={'batch_size': 100000, 'header_size': 64, 'cut_condition_type': 1, 'fast_path_timeout': 100, 'k': 3}
2026-02-03 20:14:15,754 - cmab.trainer - INFO - Iteration 39 reward=1.235446 avg_reward(20)=0.813240 last_metrics=epoch_3_slot_376.json top_arm=batch_size=100000,header_size=128,cut_condition_type=1,fast_path_timeout=100,k=1 top_ratio=0.33
2026-02-03 20:14:15,757 - cmab.policy - INFO - ================================================================================
2026-02-03 20:14:15,757 - cmab.policy - INFO - SELECT ARM - Detailed Prediction Analysis
2026-02-03 20:14:15,757 - cmab.policy - INFO - Context: [40.90299  33.46608  33.46608  37.184536  1.      ]
2026-02-03 20:14:15,757 - cmab.policy - INFO - Number of trees in forest: 10
2026-02-03 20:14:15,757 - cmab.policy - INFO - 
2026-02-03 20:14:15,757 - cmab.policy - INFO - Prediction statistics across all trees:
2026-02-03 20:14:15,757 - cmab.policy - INFO -   Mean predictions (top 5 arms): [0.920679, 0.920679, 0.920679, 0.920679, 0.920679]
2026-02-03 20:14:15,757 - cmab.policy - INFO -   Std predictions (top 5 arms): [0.242694, 0.242694, 0.242694, 0.242694, 0.242694]
2026-02-03 20:14:15,757 - cmab.policy - INFO - 
2026-02-03 20:14:15,757 - cmab.policy - INFO - Top 5 arms by mean prediction:
2026-02-03 20:14:15,757 - cmab.policy - INFO -   #1: arm=batch_size=100000,header_size=64,cut_condition_type=3,fast_path_timeout=400,k=3, mean=0.920679, std=0.242694
2026-02-03 20:14:15,757 - cmab.policy - INFO -   #2: arm=batch_size=100000,header_size=128,cut_condition_type=3,fast_path_timeout=400,k=3, mean=0.920679, std=0.242694
2026-02-03 20:14:15,757 - cmab.policy - INFO -   #3: arm=batch_size=100000,header_size=64,cut_condition_type=3,fast_path_timeout=400,k=1, mean=0.920679, std=0.242694
2026-02-03 20:14:15,758 - cmab.policy - INFO -   #4: arm=batch_size=100000,header_size=128,cut_condition_type=3,fast_path_timeout=100,k=1, mean=0.920679, std=0.242694
2026-02-03 20:14:15,758 - cmab.policy - INFO -   #5: arm=batch_size=100000,header_size=128,cut_condition_type=3,fast_path_timeout=100,k=3, mean=0.920679, std=0.242694
2026-02-03 20:14:15,758 - cmab.policy - INFO - 
2026-02-03 20:14:15,758 - cmab.policy - INFO - Selected tree #1 for Thompson Sampling:
2026-02-03 20:14:15,758 - cmab.policy - INFO -   Tree depth: 4
2026-02-03 20:14:15,758 - cmab.policy - INFO -   Tree nodes: 17
2026-02-03 20:14:15,758 - cmab.policy - INFO -   Tree leaves: 9
2026-02-03 20:14:15,758 - cmab.policy - INFO -   Tree shape: (nodes=17, leaves=9, depth=4)
2026-02-03 20:14:15,758 - cmab.policy - INFO -   Tree feature importances: [0.         0.016297   0.         0.         0.02802734 0.6649157
 0.25346773 0.03729223 0.         0.        ]
2026-02-03 20:14:15,760 - cmab.policy - INFO -   Forest feature importances: [0.03065165 0.02912177 0.03487685 0.0324849  0.10956118 0.54794107
 0.15554927 0.02466009 0.02243214 0.01272108]
2026-02-03 20:14:15,760 - cmab.policy - INFO -   Top 5 predictions from this tree:
2026-02-03 20:14:15,760 - cmab.policy - INFO -     #1: arm=batch_size=100000,header_size=32,cut_condition_type=1,fast_path_timeout=0,k=1, pred=0.930881
2026-02-03 20:14:15,760 - cmab.policy - INFO -     #2: arm=batch_size=100000,header_size=64,cut_condition_type=1,fast_path_timeout=400,k=3, pred=0.930881
2026-02-03 20:14:15,760 - cmab.policy - INFO -     #3: arm=batch_size=100000,header_size=64,cut_condition_type=3,fast_path_timeout=0,k=3, pred=0.930881
2026-02-03 20:14:15,760 - cmab.policy - INFO -     #4: arm=batch_size=100000,header_size=128,cut_condition_type=1,fast_path_timeout=400,k=3, pred=0.930881
2026-02-03 20:14:15,760 - cmab.policy - INFO -     #5: arm=batch_size=100000,header_size=64,cut_condition_type=3,fast_path_timeout=100,k=3, pred=0.930881
2026-02-03 20:14:15,760 - cmab.policy - INFO - 
2026-02-03 20:14:15,760 - cmab.policy - INFO -   Found 36 arms with same max prediction (0.930881), randomly selecting one...
2026-02-03 20:14:15,760 - cmab.policy - INFO - 
2026-02-03 20:14:15,760 - cmab.policy - INFO - ✓ SELECTED ARM: batch_size=100000,header_size=64,cut_condition_type=1,fast_path_timeout=100,k=1 (prediction=0.930881)
2026-02-03 20:14:15,760 - cmab.policy - INFO - ================================================================================
2026-02-03 20:14:15,953 - cmab.trainer - INFO - Updated parameters file: /home/ccclr0302/autobahn-test/benchmark/.parameters-0.json
2026-02-03 20:14:15,953 - cmab.trainer - INFO - 🚩 Created RL parameter update signal file (epoch 3): /tmp/autobahn_rl_param_update_3.signal
2026-02-03 20:14:15,954 - cmab.trainer - INFO - Applied params: {'batch_size': 100000, 'header_size': 64, 'cut_condition_type': 1, 'fast_path_timeout': 100, 'k': 1}
2026-02-03 20:14:15,954 - cmab.trainer - INFO - Waiting for next metrics file...
2026-02-03 20:14:22,672 - cmab.trainer - INFO - Iteration 40 : context=[40.90299  33.46608  33.46608  37.184536  1.      ] arm=batch_size=100000,header_size=64,cut_condition_type=1,fast_path_timeout=100,k=1 params={'batch_size': 100000, 'header_size': 64, 'cut_condition_type': 1, 'fast_path_timeout': 100, 'k': 1}
2026-02-03 20:14:22,673 - cmab.trainer - INFO - Iteration 40 reward=1.051715 avg_reward(20)=0.829548 last_metrics=epoch_4_slot_495.json top_arm=batch_size=100000,header_size=128,cut_condition_type=1,fast_path_timeout=100,k=1 top_ratio=0.25
2026-02-03 20:14:22,675 - cmab.policy - INFO - ================================================================================
2026-02-03 20:14:22,675 - cmab.policy - INFO - SELECT ARM - Detailed Prediction Analysis
2026-02-03 20:14:22,675 - cmab.policy - INFO - Context: [38.632748 37.38653  38.632748 36.140312  1.      ]
2026-02-03 20:14:22,675 - cmab.policy - INFO - Number of trees in forest: 10
2026-02-03 20:14:22,675 - cmab.policy - INFO - 
2026-02-03 20:14:22,675 - cmab.policy - INFO - Prediction statistics across all trees:
2026-02-03 20:14:22,676 - cmab.policy - INFO -   Mean predictions (top 5 arms): [0.920679, 0.920679, 0.920679, 0.920679, 0.920679]
2026-02-03 20:14:22,676 - cmab.policy - INFO -   Std predictions (top 5 arms): [0.242694, 0.242694, 0.242694, 0.242694, 0.242694]
2026-02-03 20:14:22,676 - cmab.policy - INFO - 
2026-02-03 20:14:22,676 - cmab.policy - INFO - Top 5 arms by mean prediction:
2026-02-03 20:14:22,676 - cmab.policy - INFO -   #1: arm=batch_size=100000,header_size=64,cut_condition_type=3,fast_path_timeout=400,k=3, mean=0.920679, std=0.242694
2026-02-03 20:14:22,676 - cmab.policy - INFO -   #2: arm=batch_size=100000,header_size=128,cut_condition_type=3,fast_path_timeout=400,k=3, mean=0.920679, std=0.242694
2026-02-03 20:14:22,676 - cmab.policy - INFO -   #3: arm=batch_size=100000,header_size=64,cut_condition_type=3,fast_path_timeout=400,k=1, mean=0.920679, std=0.242694
2026-02-03 20:14:22,676 - cmab.policy - INFO -   #4: arm=batch_size=100000,header_size=128,cut_condition_type=3,fast_path_timeout=100,k=1, mean=0.920679, std=0.242694
2026-02-03 20:14:22,676 - cmab.policy - INFO -   #5: arm=batch_size=100000,header_size=128,cut_condition_type=3,fast_path_timeout=100,k=3, mean=0.920679, std=0.242694
2026-02-03 20:14:22,676 - cmab.policy - INFO - 
2026-02-03 20:14:22,676 - cmab.policy - INFO - Selected tree #8 for Thompson Sampling:
2026-02-03 20:14:22,676 - cmab.policy - INFO -   Tree depth: 3
2026-02-03 20:14:22,676 - cmab.policy - INFO -   Tree nodes: 13
2026-02-03 20:14:22,676 - cmab.policy - INFO -   Tree leaves: 7
2026-02-03 20:14:22,676 - cmab.policy - INFO -   Tree shape: (nodes=13, leaves=7, depth=3)
2026-02-03 20:14:22,676 - cmab.policy - INFO -   Tree feature importances: [0.         0.         0.11325481 0.27717524 0.         0.5694748
 0.0173317  0.         0.02276345 0.        ]
2026-02-03 20:14:22,678 - cmab.policy - INFO -   Forest feature importances: [0.03065165 0.02912177 0.03487685 0.0324849  0.10956118 0.54794107
 0.15554927 0.02466009 0.02243214 0.01272108]
2026-02-03 20:14:22,678 - cmab.policy - INFO -   Top 5 predictions from this tree:
2026-02-03 20:14:22,678 - cmab.policy - INFO -     #1: arm=batch_size=100000,header_size=32,cut_condition_type=1,fast_path_timeout=0,k=1, pred=0.835404
2026-02-03 20:14:22,678 - cmab.policy - INFO -     #2: arm=batch_size=100000,header_size=64,cut_condition_type=3,fast_path_timeout=0,k=1, pred=0.835404
2026-02-03 20:14:22,678 - cmab.policy - INFO -     #3: arm=batch_size=100000,header_size=64,cut_condition_type=3,fast_path_timeout=100,k=1, pred=0.835404
2026-02-03 20:14:22,678 - cmab.policy - INFO -     #4: arm=batch_size=100000,header_size=64,cut_condition_type=3,fast_path_timeout=100,k=3, pred=0.835404
2026-02-03 20:14:22,678 - cmab.policy - INFO -     #5: arm=batch_size=100000,header_size=64,cut_condition_type=3,fast_path_timeout=400,k=1, pred=0.835404
2026-02-03 20:14:22,678 - cmab.policy - INFO - 
2026-02-03 20:14:22,678 - cmab.policy - INFO -   Found 36 arms with same max prediction (0.835404), randomly selecting one...
2026-02-03 20:14:22,678 - cmab.policy - INFO - 
2026-02-03 20:14:22,678 - cmab.policy - INFO - ✓ SELECTED ARM: batch_size=100000,header_size=128,cut_condition_type=3,fast_path_timeout=100,k=1 (prediction=0.835404)
2026-02-03 20:14:22,678 - cmab.policy - INFO - ================================================================================
2026-02-03 20:14:22,682 - cmab.trainer - INFO - Updated parameters file: /home/ccclr0302/autobahn-test/benchmark/.parameters-0.json
2026-02-03 20:14:22,682 - cmab.trainer - INFO - 🚩 Created RL parameter update signal file (epoch 4): /tmp/autobahn_rl_param_update_4.signal
2026-02-03 20:14:22,682 - cmab.trainer - INFO - Applied params: {'batch_size': 100000, 'header_size': 128, 'cut_condition_type': 3, 'fast_path_timeout': 100, 'k': 1}
2026-02-03 20:14:22,682 - cmab.trainer - INFO - Waiting for next metrics file...
[Parallel(n_jobs=1)]: Done  10 out of  10 | elapsed:    0.0s finished
[Parallel(n_jobs=1)]: Done  10 out of  10 | elapsed:    0.0s finished
2026-02-03 20:14:29,811 - cmab.policy - INFO - RF Updated: samples=35, MSE=0.013970
2026-02-03 20:14:29,811 - cmab.trainer - INFO - Iteration 41 : context=[38.632748 37.38653  38.632748 36.140312  1.      ] arm=batch_size=100000,header_size=128,cut_condition_type=3,fast_path_timeout=100,k=1 params={'batch_size': 100000, 'header_size': 128, 'cut_condition_type': 3, 'fast_path_timeout': 100, 'k': 1}
2026-02-03 20:14:29,812 - cmab.trainer - INFO - Iteration 41 reward=0.810202 avg_reward(20)=0.823839 last_metrics=epoch_5_slot_615.json top_arm=batch_size=100000,header_size=128,cut_condition_type=1,fast_path_timeout=100,k=1 top_ratio=0.20
2026-02-03 20:14:29,814 - cmab.policy - INFO - ================================================================================
2026-02-03 20:14:29,814 - cmab.policy - INFO - SELECT ARM - Detailed Prediction Analysis
2026-02-03 20:14:29,814 - cmab.policy - INFO - Context: [19.276966 18.072155 18.072155 20.481777  1.      ]
2026-02-03 20:14:29,814 - cmab.policy - INFO - Number of trees in forest: 10
2026-02-03 20:14:29,814 - cmab.policy - INFO - 
2026-02-03 20:14:29,814 - cmab.policy - INFO - Prediction statistics across all trees:
2026-02-03 20:14:29,814 - cmab.policy - INFO -   Mean predictions (top 5 arms): [0.945807, 0.945807, 0.930059, 0.930059, 0.925879]
2026-02-03 20:14:29,814 - cmab.policy - INFO -   Std predictions (top 5 arms): [0.232578, 0.232578, 0.201932, 0.201932, 0.233630]
2026-02-03 20:14:29,814 - cmab.policy - INFO - 
2026-02-03 20:14:29,814 - cmab.policy - INFO - Top 5 arms by mean prediction:
2026-02-03 20:14:29,814 - cmab.policy - INFO -   #1: arm=batch_size=100000,header_size=64,cut_condition_type=1,fast_path_timeout=400,k=3, mean=0.945807, std=0.232578
2026-02-03 20:14:29,814 - cmab.policy - INFO -   #2: arm=batch_size=100000,header_size=64,cut_condition_type=3,fast_path_timeout=400,k=3, mean=0.945807, std=0.232578
2026-02-03 20:14:29,814 - cmab.policy - INFO -   #3: arm=batch_size=100000,header_size=64,cut_condition_type=3,fast_path_timeout=400,k=1, mean=0.930059, std=0.201932
2026-02-03 20:14:29,814 - cmab.policy - INFO -   #4: arm=batch_size=100000,header_size=64,cut_condition_type=1,fast_path_timeout=400,k=1, mean=0.930059, std=0.201932
2026-02-03 20:14:29,814 - cmab.policy - INFO -   #5: arm=batch_size=100000,header_size=32,cut_condition_type=3,fast_path_timeout=400,k=3, mean=0.925879, std=0.233630
2026-02-03 20:14:29,814 - cmab.policy - INFO - 
2026-02-03 20:14:29,814 - cmab.policy - INFO - Selected tree #2 for Thompson Sampling:
2026-02-03 20:14:29,814 - cmab.policy - INFO -   Tree depth: 4
2026-02-03 20:14:29,815 - cmab.policy - INFO -   Tree nodes: 19
2026-02-03 20:14:29,815 - cmab.policy - INFO -   Tree leaves: 10
2026-02-03 20:14:29,815 - cmab.policy - INFO -   Tree shape: (nodes=19, leaves=10, depth=4)
2026-02-03 20:14:29,815 - cmab.policy - INFO -   Tree feature importances: [0.01305738 0.         0.00074593 0.00834593 0.13697852 0.4884144
 0.18615829 0.         0.         0.16629956]
2026-02-03 20:14:29,816 - cmab.policy - INFO -   Forest feature importances: [0.0241728  0.02514788 0.02434699 0.00907982 0.07478028 0.57433131
 0.15501259 0.00216677 0.04590895 0.06505262]
2026-02-03 20:14:29,817 - cmab.policy - INFO -   Top 5 predictions from this tree:
2026-02-03 20:14:29,817 - cmab.policy - INFO -     #1: arm=batch_size=100000,header_size=32,cut_condition_type=1,fast_path_timeout=0,k=1, pred=0.794035
2026-02-03 20:14:29,817 - cmab.policy - INFO -     #2: arm=batch_size=100000,header_size=64,cut_condition_type=1,fast_path_timeout=0,k=1, pred=0.794035
2026-02-03 20:14:29,817 - cmab.policy - INFO -     #3: arm=batch_size=100000,header_size=128,cut_condition_type=3,fast_path_timeout=400,k=1, pred=0.794035
2026-02-03 20:14:29,817 - cmab.policy - INFO -     #4: arm=batch_size=100000,header_size=128,cut_condition_type=3,fast_path_timeout=100,k=1, pred=0.794035
2026-02-03 20:14:29,817 - cmab.policy - INFO -     #5: arm=batch_size=100000,header_size=128,cut_condition_type=3,fast_path_timeout=0,k=1, pred=0.794035
2026-02-03 20:14:29,817 - cmab.policy - INFO - 
2026-02-03 20:14:29,817 - cmab.policy - INFO -   Found 18 arms with same max prediction (0.794035), randomly selecting one...
2026-02-03 20:14:29,817 - cmab.policy - INFO - 
2026-02-03 20:14:29,817 - cmab.policy - INFO - ✓ SELECTED ARM: batch_size=100000,header_size=128,cut_condition_type=3,fast_path_timeout=400,k=1 (prediction=0.794035)
2026-02-03 20:14:29,817 - cmab.policy - INFO - ================================================================================
2026-02-03 20:14:29,821 - cmab.trainer - INFO - Updated parameters file: /home/ccclr0302/autobahn-test/benchmark/.parameters-0.json
2026-02-03 20:14:29,821 - cmab.trainer - INFO - 🚩 Created RL parameter update signal file (epoch 5): /tmp/autobahn_rl_param_update_5.signal
2026-02-03 20:14:29,822 - cmab.trainer - INFO - Applied params: {'batch_size': 100000, 'header_size': 128, 'cut_condition_type': 3, 'fast_path_timeout': 400, 'k': 1}
2026-02-03 20:14:29,822 - cmab.trainer - INFO - Waiting for next metrics file...
2026-02-03 20:14:37,141 - cmab.trainer - INFO - Iteration 42 : context=[19.276966 18.072155 18.072155 20.481777  1.      ] arm=batch_size=100000,header_size=128,cut_condition_type=3,fast_path_timeout=400,k=1 params={'batch_size': 100000, 'header_size': 128, 'cut_condition_type': 3, 'fast_path_timeout': 400, 'k': 1}
2026-02-03 20:14:37,142 - cmab.trainer - INFO - Iteration 42 reward=0.448372 avg_reward(20)=0.796743 last_metrics=epoch_6_slot_735.json top_arm=batch_size=100000,header_size=128,cut_condition_type=1,fast_path_timeout=100,k=1 top_ratio=0.17
2026-02-03 20:14:37,144 - cmab.policy - INFO - ================================================================================
2026-02-03 20:14:37,144 - cmab.policy - INFO - SELECT ARM - Detailed Prediction Analysis
2026-02-03 20:14:37,144 - cmab.policy - INFO - Context: [15.919396 11.939548 12.735517 12.735517  1.      ]
2026-02-03 20:14:37,145 - cmab.policy - INFO - Number of trees in forest: 10
2026-02-03 20:14:37,145 - cmab.policy - INFO - 
2026-02-03 20:14:37,145 - cmab.policy - INFO - Prediction statistics across all trees:
2026-02-03 20:14:37,145 - cmab.policy - INFO -   Mean predictions (top 5 arms): [0.926032, 0.926032, 0.910284, 0.910284, 0.906104]
2026-02-03 20:14:37,145 - cmab.policy - INFO -   Std predictions (top 5 arms): [0.249591, 0.249591, 0.219903, 0.219903, 0.248995]
2026-02-03 20:14:37,145 - cmab.policy - INFO - 
2026-02-03 20:14:37,145 - cmab.policy - INFO - Top 5 arms by mean prediction:
2026-02-03 20:14:37,145 - cmab.policy - INFO -   #1: arm=batch_size=100000,header_size=64,cut_condition_type=1,fast_path_timeout=400,k=3, mean=0.926032, std=0.249591
2026-02-03 20:14:37,145 - cmab.policy - INFO -   #2: arm=batch_size=100000,header_size=64,cut_condition_type=3,fast_path_timeout=400,k=3, mean=0.926032, std=0.249591
2026-02-03 20:14:37,145 - cmab.policy - INFO -   #3: arm=batch_size=100000,header_size=64,cut_condition_type=3,fast_path_timeout=400,k=1, mean=0.910284, std=0.219903
2026-02-03 20:14:37,145 - cmab.policy - INFO -   #4: arm=batch_size=100000,header_size=64,cut_condition_type=1,fast_path_timeout=400,k=1, mean=0.910284, std=0.219903
2026-02-03 20:14:37,145 - cmab.policy - INFO -   #5: arm=batch_size=100000,header_size=32,cut_condition_type=3,fast_path_timeout=400,k=3, mean=0.906104, std=0.248995
2026-02-03 20:14:37,145 - cmab.policy - INFO - 
2026-02-03 20:14:37,145 - cmab.policy - INFO - Selected tree #10 for Thompson Sampling:
2026-02-03 20:14:37,145 - cmab.policy - INFO -   Tree depth: 4
2026-02-03 20:14:37,145 - cmab.policy - INFO -   Tree nodes: 21
2026-02-03 20:14:37,145 - cmab.policy - INFO -   Tree leaves: 11
2026-02-03 20:14:37,145 - cmab.policy - INFO -   Tree shape: (nodes=21, leaves=11, depth=4)
2026-02-03 20:14:37,145 - cmab.policy - INFO -   Tree feature importances: [0.01769638 0.0456628  0.04788607 0.         0.1134496  0.56948042
 0.19876461 0.00706012 0.         0.        ]
2026-02-03 20:14:37,147 - cmab.policy - INFO -   Forest feature importances: [0.0241728  0.02514788 0.02434699 0.00907982 0.07478028 0.57433131
 0.15501259 0.00216677 0.04590895 0.06505262]
2026-02-03 20:14:37,147 - cmab.policy - INFO -   Top 5 predictions from this tree:
2026-02-03 20:14:37,147 - cmab.policy - INFO -     #1: arm=batch_size=500000,header_size=64,cut_condition_type=1,fast_path_timeout=400,k=3, pred=0.697555
2026-02-03 20:14:37,147 - cmab.policy - INFO -     #2: arm=batch_size=500000,header_size=64,cut_condition_type=3,fast_path_timeout=0,k=1, pred=0.697555
2026-02-03 20:14:37,147 - cmab.policy - INFO -     #3: arm=batch_size=750000,header_size=32,cut_condition_type=3,fast_path_timeout=0,k=3, pred=0.697555
2026-02-03 20:14:37,147 - cmab.policy - INFO -     #4: arm=batch_size=750000,header_size=32,cut_condition_type=3,fast_path_timeout=0,k=1, pred=0.697555
2026-02-03 20:14:37,147 - cmab.policy - INFO -     #5: arm=batch_size=750000,header_size=32,cut_condition_type=1,fast_path_timeout=400,k=3, pred=0.697555
2026-02-03 20:14:37,148 - cmab.policy - INFO - 
2026-02-03 20:14:37,148 - cmab.policy - INFO -   Found 48 arms with same max prediction (0.697555), randomly selecting one...
2026-02-03 20:14:37,148 - cmab.policy - INFO - 
2026-02-03 20:14:37,148 - cmab.policy - INFO - ✓ SELECTED ARM: batch_size=500000,header_size=32,cut_condition_type=1,fast_path_timeout=400,k=1 (prediction=0.697555)
2026-02-03 20:14:37,148 - cmab.policy - INFO - ================================================================================
2026-02-03 20:14:37,152 - cmab.trainer - INFO - Updated parameters file: /home/ccclr0302/autobahn-test/benchmark/.parameters-0.json
2026-02-03 20:14:37,152 - cmab.trainer - INFO - 🚩 Created RL parameter update signal file (epoch 6): /tmp/autobahn_rl_param_update_6.signal
2026-02-03 20:14:37,152 - cmab.trainer - INFO - Applied params: {'batch_size': 500000, 'header_size': 32, 'cut_condition_type': 1, 'fast_path_timeout': 400, 'k': 1}
2026-02-03 20:14:37,152 - cmab.trainer - INFO - Waiting for next metrics file...
2026-02-03 20:14:44,271 - cmab.trainer - INFO - Iteration 43 : context=[15.919396 11.939548 12.735517 12.735517  1.      ] arm=batch_size=500000,header_size=32,cut_condition_type=1,fast_path_timeout=400,k=1 params={'batch_size': 500000, 'header_size': 32, 'cut_condition_type': 1, 'fast_path_timeout': 400, 'k': 1}
2026-02-03 20:14:44,272 - cmab.trainer - INFO - Iteration 43 reward=0.645457 avg_reward(20)=0.769448 last_metrics=epoch_7_slot_855.json top_arm=batch_size=100000,header_size=128,cut_condition_type=1,fast_path_timeout=100,k=1 top_ratio=0.14
2026-02-03 20:14:44,274 - cmab.policy - INFO - ================================================================================
2026-02-03 20:14:44,274 - cmab.policy - INFO - SELECT ARM - Detailed Prediction Analysis
2026-02-03 20:14:44,274 - cmab.policy - INFO - Context: [17.528158 18.780169 18.780169 20.032179  1.      ]
2026-02-03 20:14:44,274 - cmab.policy - INFO - Number of trees in forest: 10
2026-02-03 20:14:44,274 - cmab.policy - INFO - 
2026-02-03 20:14:44,274 - cmab.policy - INFO - Prediction statistics across all trees:
2026-02-03 20:14:44,274 - cmab.policy - INFO -   Mean predictions (top 5 arms): [0.945807, 0.945807, 0.930059, 0.930059, 0.925879]
2026-02-03 20:14:44,274 - cmab.policy - INFO -   Std predictions (top 5 arms): [0.232578, 0.232578, 0.201932, 0.201932, 0.233630]
2026-02-03 20:14:44,274 - cmab.policy - INFO - 
2026-02-03 20:14:44,274 - cmab.policy - INFO - Top 5 arms by mean prediction:
2026-02-03 20:14:44,274 - cmab.policy - INFO -   #1: arm=batch_size=100000,header_size=64,cut_condition_type=1,fast_path_timeout=400,k=3, mean=0.945807, std=0.232578
2026-02-03 20:14:44,275 - cmab.policy - INFO -   #2: arm=batch_size=100000,header_size=64,cut_condition_type=3,fast_path_timeout=400,k=3, mean=0.945807, std=0.232578
2026-02-03 20:14:44,275 - cmab.policy - INFO -   #3: arm=batch_size=100000,header_size=64,cut_condition_type=3,fast_path_timeout=400,k=1, mean=0.930059, std=0.201932
2026-02-03 20:14:44,275 - cmab.policy - INFO -   #4: arm=batch_size=100000,header_size=64,cut_condition_type=1,fast_path_timeout=400,k=1, mean=0.930059, std=0.201932
2026-02-03 20:14:44,275 - cmab.policy - INFO -   #5: arm=batch_size=100000,header_size=32,cut_condition_type=3,fast_path_timeout=400,k=3, mean=0.925879, std=0.233630
2026-02-03 20:14:44,275 - cmab.policy - INFO - 
2026-02-03 20:14:44,275 - cmab.policy - INFO - Selected tree #10 for Thompson Sampling:
2026-02-03 20:14:44,275 - cmab.policy - INFO -   Tree depth: 4
2026-02-03 20:14:44,275 - cmab.policy - INFO -   Tree nodes: 21
2026-02-03 20:14:44,275 - cmab.policy - INFO -   Tree leaves: 11
2026-02-03 20:14:44,275 - cmab.policy - INFO -   Tree shape: (nodes=21, leaves=11, depth=4)
2026-02-03 20:14:44,275 - cmab.policy - INFO -   Tree feature importances: [0.01769638 0.0456628  0.04788607 0.         0.1134496  0.56948042
 0.19876461 0.00706012 0.         0.        ]
2026-02-03 20:14:44,277 - cmab.policy - INFO -   Forest feature importances: [0.0241728  0.02514788 0.02434699 0.00907982 0.07478028 0.57433131
 0.15501259 0.00216677 0.04590895 0.06505262]
2026-02-03 20:14:44,277 - cmab.policy - INFO -   Top 5 predictions from this tree:
2026-02-03 20:14:44,277 - cmab.policy - INFO -     #1: arm=batch_size=100000,header_size=32,cut_condition_type=1,fast_path_timeout=0,k=1, pred=0.673004
2026-02-03 20:14:44,277 - cmab.policy - INFO -     #2: arm=batch_size=100000,header_size=64,cut_condition_type=3,fast_path_timeout=0,k=1, pred=0.673004
2026-02-03 20:14:44,277 - cmab.policy - INFO -     #3: arm=batch_size=100000,header_size=64,cut_condition_type=3,fast_path_timeout=100,k=1, pred=0.673004
2026-02-03 20:14:44,277 - cmab.policy - INFO -     #4: arm=batch_size=100000,header_size=64,cut_condition_type=3,fast_path_timeout=100,k=3, pred=0.673004
2026-02-03 20:14:44,277 - cmab.policy - INFO -     #5: arm=batch_size=100000,header_size=64,cut_condition_type=3,fast_path_timeout=400,k=1, pred=0.673004
2026-02-03 20:14:44,277 - cmab.policy - INFO - 
2026-02-03 20:14:44,277 - cmab.policy - INFO -   Found 36 arms with same max prediction (0.673004), randomly selecting one...
2026-02-03 20:14:44,277 - cmab.policy - INFO - 
2026-02-03 20:14:44,277 - cmab.policy - INFO - ✓ SELECTED ARM: batch_size=100000,header_size=128,cut_condition_type=3,fast_path_timeout=100,k=1 (prediction=0.673004)
2026-02-03 20:14:44,277 - cmab.policy - INFO - ================================================================================
2026-02-03 20:14:44,281 - cmab.trainer - INFO - Updated parameters file: /home/ccclr0302/autobahn-test/benchmark/.parameters-0.json
2026-02-03 20:14:44,281 - cmab.trainer - INFO - 🚩 Created RL parameter update signal file (epoch 7): /tmp/autobahn_rl_param_update_7.signal
2026-02-03 20:14:44,281 - cmab.trainer - INFO - Applied params: {'batch_size': 100000, 'header_size': 128, 'cut_condition_type': 3, 'fast_path_timeout': 100, 'k': 1}
2026-02-03 20:14:44,281 - cmab.trainer - INFO - Waiting for next metrics file...
2026-02-03 20:14:52,002 - cmab.trainer - INFO - Iteration 44 : context=[17.528158 18.780169 18.780169 20.032179  1.      ] arm=batch_size=100000,header_size=128,cut_condition_type=3,fast_path_timeout=100,k=1 params={'batch_size': 100000, 'header_size': 128, 'cut_condition_type': 3, 'fast_path_timeout': 100, 'k': 1}
2026-02-03 20:14:52,002 - cmab.trainer - INFO - Iteration 44 reward=0.786823 avg_reward(20)=0.800892 last_metrics=epoch_8_slot_975.json top_arm=batch_size=100000,header_size=128,cut_condition_type=3,fast_path_timeout=100,k=1 top_ratio=0.25
2026-02-03 20:14:52,004 - cmab.policy - INFO - ================================================================================
2026-02-03 20:14:52,004 - cmab.policy - INFO - SELECT ARM - Detailed Prediction Analysis
2026-02-03 20:14:52,005 - cmab.policy - INFO - Context: [21.244715 18.745337 19.995026 19.995026  1.      ]
2026-02-03 20:14:52,005 - cmab.policy - INFO - Number of trees in forest: 10
2026-02-03 20:14:52,005 - cmab.policy - INFO - 
2026-02-03 20:14:52,005 - cmab.policy - INFO - Prediction statistics across all trees:
2026-02-03 20:14:52,005 - cmab.policy - INFO -   Mean predictions (top 5 arms): [0.945807, 0.945807, 0.930059, 0.930059, 0.925879]
2026-02-03 20:14:52,005 - cmab.policy - INFO -   Std predictions (top 5 arms): [0.232578, 0.232578, 0.201932, 0.201932, 0.233630]
2026-02-03 20:14:52,005 - cmab.policy - INFO - 
2026-02-03 20:14:52,005 - cmab.policy - INFO - Top 5 arms by mean prediction:
2026-02-03 20:14:52,005 - cmab.policy - INFO -   #1: arm=batch_size=100000,header_size=64,cut_condition_type=1,fast_path_timeout=400,k=3, mean=0.945807, std=0.232578
2026-02-03 20:14:52,005 - cmab.policy - INFO -   #2: arm=batch_size=100000,header_size=64,cut_condition_type=3,fast_path_timeout=400,k=3, mean=0.945807, std=0.232578
2026-02-03 20:14:52,005 - cmab.policy - INFO -   #3: arm=batch_size=100000,header_size=64,cut_condition_type=3,fast_path_timeout=400,k=1, mean=0.930059, std=0.201932
2026-02-03 20:14:52,005 - cmab.policy - INFO -   #4: arm=batch_size=100000,header_size=64,cut_condition_type=1,fast_path_timeout=400,k=1, mean=0.930059, std=0.201932
2026-02-03 20:14:52,005 - cmab.policy - INFO -   #5: arm=batch_size=100000,header_size=32,cut_condition_type=3,fast_path_timeout=400,k=3, mean=0.925879, std=0.233630
2026-02-03 20:14:52,005 - cmab.policy - INFO - 
2026-02-03 20:14:52,005 - cmab.policy - INFO - Selected tree #5 for Thompson Sampling:
2026-02-03 20:14:52,005 - cmab.policy - INFO -   Tree depth: 4
2026-02-03 20:14:52,005 - cmab.policy - INFO -   Tree nodes: 19
2026-02-03 20:14:52,005 - cmab.policy - INFO -   Tree leaves: 10
2026-02-03 20:14:52,005 - cmab.policy - INFO -   Tree shape: (nodes=19, leaves=10, depth=4)
2026-02-03 20:14:52,006 - cmab.policy - INFO -   Tree feature importances: [0.19791593 0.01043953 0.04902998 0.         0.21229692 0.51259799
 0.0052819  0.00990614 0.00253161 0.        ]
2026-02-03 20:14:52,007 - cmab.policy - INFO -   Forest feature importances: [0.0241728  0.02514788 0.02434699 0.00907982 0.07478028 0.57433131
 0.15501259 0.00216677 0.04590895 0.06505262]
2026-02-03 20:14:52,007 - cmab.policy - INFO -   Top 5 predictions from this tree:
2026-02-03 20:14:52,007 - cmab.policy - INFO -     #1: arm=batch_size=100000,header_size=32,cut_condition_type=1,fast_path_timeout=0,k=1, pred=0.753100
2026-02-03 20:14:52,007 - cmab.policy - INFO -     #2: arm=batch_size=100000,header_size=64,cut_condition_type=1,fast_path_timeout=400,k=3, pred=0.753100
2026-02-03 20:14:52,008 - cmab.policy - INFO -     #3: arm=batch_size=100000,header_size=64,cut_condition_type=3,fast_path_timeout=0,k=3, pred=0.753100
2026-02-03 20:14:52,008 - cmab.policy - INFO -     #4: arm=batch_size=100000,header_size=64,cut_condition_type=3,fast_path_timeout=100,k=1, pred=0.753100
2026-02-03 20:14:52,008 - cmab.policy - INFO -     #5: arm=batch_size=100000,header_size=64,cut_condition_type=3,fast_path_timeout=100,k=3, pred=0.753100
2026-02-03 20:14:52,008 - cmab.policy - INFO - 
2026-02-03 20:14:52,008 - cmab.policy - INFO -   Found 36 arms with same max prediction (0.753100), randomly selecting one...
2026-02-03 20:14:52,008 - cmab.policy - INFO - 
2026-02-03 20:14:52,008 - cmab.policy - INFO - ✓ SELECTED ARM: batch_size=100000,header_size=64,cut_condition_type=3,fast_path_timeout=100,k=3 (prediction=0.753100)
2026-02-03 20:14:52,008 - cmab.policy - INFO - ================================================================================
2026-02-03 20:14:52,011 - cmab.trainer - INFO - Updated parameters file: /home/ccclr0302/autobahn-test/benchmark/.parameters-0.json
2026-02-03 20:14:52,011 - cmab.trainer - INFO - 🚩 Created RL parameter update signal file (epoch 8): /tmp/autobahn_rl_param_update_8.signal
2026-02-03 20:14:52,011 - cmab.trainer - INFO - Applied params: {'batch_size': 100000, 'header_size': 64, 'cut_condition_type': 3, 'fast_path_timeout': 100, 'k': 3}
2026-02-03 20:14:52,011 - cmab.trainer - INFO - Waiting for next metrics file...
2026-02-03 20:14:57,927 - cmab.trainer - INFO - Iteration 45 : context=[21.244715 18.745337 19.995026 19.995026  1.      ] arm=batch_size=100000,header_size=64,cut_condition_type=3,fast_path_timeout=100,k=3 params={'batch_size': 100000, 'header_size': 64, 'cut_condition_type': 3, 'fast_path_timeout': 100, 'k': 3}
2026-02-03 20:14:57,928 - cmab.trainer - INFO - Iteration 45 reward=1.331486 avg_reward(20)=0.832289 last_metrics=epoch_9_slot_1095.json top_arm=batch_size=100000,header_size=128,cut_condition_type=3,fast_path_timeout=100,k=1 top_ratio=0.22
2026-02-03 20:14:57,930 - cmab.policy - INFO - ================================================================================
2026-02-03 20:14:57,930 - cmab.policy - INFO - SELECT ARM - Detailed Prediction Analysis
2026-02-03 20:14:57,930 - cmab.policy - INFO - Context: [39.634415 34.349827 34.349827 39.634415  1.      ]
2026-02-03 20:14:57,930 - cmab.policy - INFO - Number of trees in forest: 10
2026-02-03 20:14:57,930 - cmab.policy - INFO - 
2026-02-03 20:14:57,930 - cmab.policy - INFO - Prediction statistics across all trees:
2026-02-03 20:14:57,930 - cmab.policy - INFO -   Mean predictions (top 5 arms): [1.004552, 1.004552, 0.984624, 0.984624, 0.981244]
2026-02-03 20:14:57,931 - cmab.policy - INFO -   Std predictions (top 5 arms): [0.204505, 0.204505, 0.211316, 0.211316, 0.214112]
2026-02-03 20:14:57,931 - cmab.policy - INFO - 
2026-02-03 20:14:57,931 - cmab.policy - INFO - Top 5 arms by mean prediction:
2026-02-03 20:14:57,931 - cmab.policy - INFO -   #1: arm=batch_size=100000,header_size=64,cut_condition_type=1,fast_path_timeout=400,k=3, mean=1.004552, std=0.204505
2026-02-03 20:14:57,931 - cmab.policy - INFO -   #2: arm=batch_size=100000,header_size=64,cut_condition_type=3,fast_path_timeout=400,k=3, mean=1.004552, std=0.204505
2026-02-03 20:14:57,931 - cmab.policy - INFO -   #3: arm=batch_size=100000,header_size=32,cut_condition_type=1,fast_path_timeout=400,k=3, mean=0.984624, std=0.211316
2026-02-03 20:14:57,931 - cmab.policy - INFO -   #4: arm=batch_size=100000,header_size=32,cut_condition_type=3,fast_path_timeout=400,k=3, mean=0.984624, std=0.211316
2026-02-03 20:14:57,931 - cmab.policy - INFO -   #5: arm=batch_size=100000,header_size=128,cut_condition_type=1,fast_path_timeout=400,k=3, mean=0.981244, std=0.214112
2026-02-03 20:14:57,931 - cmab.policy - INFO - 
2026-02-03 20:14:57,931 - cmab.policy - INFO - Selected tree #4 for Thompson Sampling:
2026-02-03 20:14:57,931 - cmab.policy - INFO -   Tree depth: 4
2026-02-03 20:14:57,931 - cmab.policy - INFO -   Tree nodes: 19
2026-02-03 20:14:57,931 - cmab.policy - INFO -   Tree leaves: 10
2026-02-03 20:14:57,931 - cmab.policy - INFO -   Tree shape: (nodes=19, leaves=10, depth=4)
2026-02-03 20:14:57,931 - cmab.policy - INFO -   Tree feature importances: [0.         0.14090639 0.03549959 0.00180792 0.14980063 0.62014602
 0.05183945 0.         0.         0.        ]
2026-02-03 20:14:57,933 - cmab.policy - INFO -   Forest feature importances: [0.0241728  0.02514788 0.02434699 0.00907982 0.07478028 0.57433131
 0.15501259 0.00216677 0.04590895 0.06505262]
2026-02-03 20:14:57,933 - cmab.policy - INFO -   Top 5 predictions from this tree:
2026-02-03 20:14:57,933 - cmab.policy - INFO -     #1: arm=batch_size=100000,header_size=32,cut_condition_type=1,fast_path_timeout=0,k=1, pred=0.772078
2026-02-03 20:14:57,933 - cmab.policy - INFO -     #2: arm=batch_size=100000,header_size=64,cut_condition_type=3,fast_path_timeout=0,k=1, pred=0.772078
2026-02-03 20:14:57,933 - cmab.policy - INFO -     #3: arm=batch_size=100000,header_size=64,cut_condition_type=3,fast_path_timeout=100,k=1, pred=0.772078
2026-02-03 20:14:57,933 - cmab.policy - INFO -     #4: arm=batch_size=100000,header_size=64,cut_condition_type=3,fast_path_timeout=100,k=3, pred=0.772078
2026-02-03 20:14:57,933 - cmab.policy - INFO -     #5: arm=batch_size=100000,header_size=64,cut_condition_type=3,fast_path_timeout=400,k=1, pred=0.772078
2026-02-03 20:14:57,933 - cmab.policy - INFO - 
2026-02-03 20:14:57,933 - cmab.policy - INFO -   Found 36 arms with same max prediction (0.772078), randomly selecting one...
2026-02-03 20:14:57,934 - cmab.policy - INFO - 
2026-02-03 20:14:57,934 - cmab.policy - INFO - ✓ SELECTED ARM: batch_size=100000,header_size=64,cut_condition_type=1,fast_path_timeout=400,k=3 (prediction=0.772078)
2026-02-03 20:14:57,934 - cmab.policy - INFO - ================================================================================
2026-02-03 20:14:57,937 - cmab.trainer - INFO - Updated parameters file: /home/ccclr0302/autobahn-test/benchmark/.parameters-0.json
2026-02-03 20:14:57,937 - cmab.trainer - INFO - 🚩 Created RL parameter update signal file (epoch 9): /tmp/autobahn_rl_param_update_9.signal
2026-02-03 20:14:57,938 - cmab.trainer - INFO - Applied params: {'batch_size': 100000, 'header_size': 64, 'cut_condition_type': 1, 'fast_path_timeout': 400, 'k': 3}
2026-02-03 20:14:57,938 - cmab.trainer - INFO - Waiting for next metrics file...
2026-02-03 20:14:59,370 - cmab.trainer - WARNING - Detected abandon signal for epoch 10, using action from epoch 9 for update
[Parallel(n_jobs=1)]: Done  10 out of  10 | elapsed:    0.0s finished
[Parallel(n_jobs=1)]: Done  10 out of  10 | elapsed:    0.0s finished
2026-02-03 20:14:59,382 - cmab.policy - INFO - RF Updated: samples=40, MSE=0.015765
2026-02-03 20:14:59,382 - cmab.trainer - INFO - Iteration 46 : context=[39.634415 34.349827 34.349827 39.634415  1.      ] arm=batch_size=100000,header_size=64,cut_condition_type=3,fast_path_timeout=100,k=3 params={'batch_size': 100000, 'header_size': 64, 'cut_condition_type': 3, 'fast_path_timeout': 100, 'k': 3}
2026-02-03 20:14:59,382 - cmab.trainer - INFO - Iteration 46 reward=1.436932 avg_reward(20)=0.871134 last_metrics=epoch_10_slot_1215.json top_arm=batch_size=100000,header_size=128,cut_condition_type=3,fast_path_timeout=100,k=1 top_ratio=0.20
2026-02-03 20:14:59,504 - cmab.trainer - INFO - Saved checkpoint: /tmp/cmab_continuous_checkpoints/cmab_checkpoint_10.pkl
2026-02-03 20:14:59,648 - cmab.policy - INFO - ================================================================================
2026-02-03 20:14:59,648 - cmab.policy - INFO - SELECT ARM - Detailed Prediction Analysis
2026-02-03 20:14:59,648 - cmab.policy - INFO - Context: [40.267483 37.39123  40.267483 34.514984  1.      ]
2026-02-03 20:14:59,648 - cmab.policy - INFO - Number of trees in forest: 10
2026-02-03 20:14:59,648 - cmab.policy - INFO - 
2026-02-03 20:14:59,648 - cmab.policy - INFO - Prediction statistics across all trees:
2026-02-03 20:14:59,649 - cmab.policy - INFO -   Mean predictions (top 5 arms): [1.031148, 1.031148, 1.028165, 1.028165, 0.978266]
2026-02-03 20:14:59,649 - cmab.policy - INFO -   Std predictions (top 5 arms): [0.257377, 0.257377, 0.259871, 0.259871, 0.228064]
2026-02-03 20:14:59,649 - cmab.policy - INFO - 
2026-02-03 20:14:59,649 - cmab.policy - INFO - Top 5 arms by mean prediction:
2026-02-03 20:14:59,649 - cmab.policy - INFO -   #1: arm=batch_size=100000,header_size=64,cut_condition_type=3,fast_path_timeout=400,k=3, mean=1.031148, std=0.257377
2026-02-03 20:14:59,649 - cmab.policy - INFO -   #2: arm=batch_size=100000,header_size=32,cut_condition_type=3,fast_path_timeout=400,k=3, mean=1.031148, std=0.257377
2026-02-03 20:14:59,649 - cmab.policy - INFO -   #3: arm=batch_size=100000,header_size=64,cut_condition_type=3,fast_path_timeout=100,k=3, mean=1.028165, std=0.259871
2026-02-03 20:14:59,649 - cmab.policy - INFO -   #4: arm=batch_size=100000,header_size=32,cut_condition_type=3,fast_path_timeout=100,k=3, mean=1.028165, std=0.259871
2026-02-03 20:14:59,649 - cmab.policy - INFO -   #5: arm=batch_size=100000,header_size=64,cut_condition_type=3,fast_path_timeout=400,k=1, mean=0.978266, std=0.228064
2026-02-03 20:14:59,649 - cmab.policy - INFO - 
2026-02-03 20:14:59,649 - cmab.policy - INFO - Selected tree #3 for Thompson Sampling:
2026-02-03 20:14:59,649 - cmab.policy - INFO -   Tree depth: 4
2026-02-03 20:14:59,649 - cmab.policy - INFO -   Tree nodes: 19
2026-02-03 20:14:59,649 - cmab.policy - INFO -   Tree leaves: 10
2026-02-03 20:14:59,649 - cmab.policy - INFO -   Tree shape: (nodes=19, leaves=10, depth=4)
2026-02-03 20:14:59,649 - cmab.policy - INFO -   Tree feature importances: [0.         0.07189261 0.00893326 0.         0.         0.45552142
 0.34684422 0.03105773 0.06979224 0.01595853]
2026-02-03 20:14:59,651 - cmab.policy - INFO -   Forest feature importances: [0.03326751 0.05391114 0.02781848 0.03309202 0.09980465 0.48406075
 0.17723726 0.0138527  0.03168278 0.04527271]
2026-02-03 20:14:59,651 - cmab.policy - INFO -   Top 5 predictions from this tree:
2026-02-03 20:14:59,651 - cmab.policy - INFO -     #1: arm=batch_size=100000,header_size=64,cut_condition_type=3,fast_path_timeout=400,k=3, pred=1.439747
2026-02-03 20:14:59,651 - cmab.policy - INFO -     #2: arm=batch_size=100000,header_size=64,cut_condition_type=3,fast_path_timeout=100,k=3, pred=1.439747
2026-02-03 20:14:59,651 - cmab.policy - INFO -     #3: arm=batch_size=100000,header_size=32,cut_condition_type=3,fast_path_timeout=400,k=3, pred=1.439747
2026-02-03 20:14:59,651 - cmab.policy - INFO -     #4: arm=batch_size=100000,header_size=32,cut_condition_type=3,fast_path_timeout=400,k=1, pred=1.439747
2026-02-03 20:14:59,651 - cmab.policy - INFO -     #5: arm=batch_size=100000,header_size=32,cut_condition_type=3,fast_path_timeout=100,k=3, pred=1.439747
2026-02-03 20:14:59,651 - cmab.policy - INFO - 
2026-02-03 20:14:59,651 - cmab.policy - INFO -   Found 8 arms with same max prediction (1.439747), randomly selecting one...
2026-02-03 20:14:59,652 - cmab.policy - INFO - 
2026-02-03 20:14:59,652 - cmab.policy - INFO - ✓ SELECTED ARM: batch_size=100000,header_size=64,cut_condition_type=3,fast_path_timeout=400,k=1 (prediction=1.439747)
2026-02-03 20:14:59,652 - cmab.policy - INFO - ================================================================================
2026-02-03 20:15:00,018 - cmab.trainer - INFO - Updated parameters file: /home/ccclr0302/autobahn-test/benchmark/.parameters-0.json
2026-02-03 20:15:00,029 - cmab.trainer - INFO - 🚩 Created RL parameter update signal file (epoch 10): /tmp/autobahn_rl_param_update_10.signal
2026-02-03 20:15:00,029 - cmab.trainer - INFO - Applied params: {'batch_size': 100000, 'header_size': 64, 'cut_condition_type': 3, 'fast_path_timeout': 400, 'k': 1}
2026-02-03 20:15:00,029 - cmab.trainer - INFO - Waiting for next metrics file...
2026-02-03 20:15:05,044 - cmab.trainer - INFO - Iteration 47 : context=[40.267483 37.39123  40.267483 34.514984  1.      ] arm=batch_size=100000,header_size=64,cut_condition_type=3,fast_path_timeout=400,k=1 params={'batch_size': 100000, 'header_size': 64, 'cut_condition_type': 3, 'fast_path_timeout': 400, 'k': 1}
2026-02-03 20:15:05,044 - cmab.trainer - INFO - Iteration 47 reward=1.045652 avg_reward(20)=0.857928 last_metrics=epoch_11_slot_1335.json top_arm=batch_size=100000,header_size=128,cut_condition_type=3,fast_path_timeout=100,k=1 top_ratio=0.18
2026-02-03 20:15:05,047 - cmab.policy - INFO - ================================================================================
2026-02-03 20:15:05,047 - cmab.policy - INFO - SELECT ARM - Detailed Prediction Analysis
2026-02-03 20:15:05,047 - cmab.policy - INFO - Context: [39.934757 38.6868   37.438835 37.438835  1.      ]
2026-02-03 20:15:05,047 - cmab.policy - INFO - Number of trees in forest: 10
2026-02-03 20:15:05,047 - cmab.policy - INFO - 
2026-02-03 20:15:05,047 - cmab.policy - INFO - Prediction statistics across all trees:
2026-02-03 20:15:05,047 - cmab.policy - INFO -   Mean predictions (top 5 arms): [1.068007, 1.068007, 1.068007, 1.068007, 1.015126]
2026-02-03 20:15:05,047 - cmab.policy - INFO -   Std predictions (top 5 arms): [0.252031, 0.252031, 0.252031, 0.252031, 0.230626]
2026-02-03 20:15:05,047 - cmab.policy - INFO - 
2026-02-03 20:15:05,047 - cmab.policy - INFO - Top 5 arms by mean prediction:
2026-02-03 20:15:05,047 - cmab.policy - INFO -   #1: arm=batch_size=100000,header_size=64,cut_condition_type=3,fast_path_timeout=400,k=3, mean=1.068007, std=0.252031
2026-02-03 20:15:05,047 - cmab.policy - INFO -   #2: arm=batch_size=100000,header_size=64,cut_condition_type=3,fast_path_timeout=100,k=3, mean=1.068007, std=0.252031
2026-02-03 20:15:05,047 - cmab.policy - INFO -   #3: arm=batch_size=100000,header_size=32,cut_condition_type=3,fast_path_timeout=400,k=3, mean=1.068007, std=0.252031
2026-02-03 20:15:05,047 - cmab.policy - INFO -   #4: arm=batch_size=100000,header_size=32,cut_condition_type=3,fast_path_timeout=100,k=3, mean=1.068007, std=0.252031
2026-02-03 20:15:05,047 - cmab.policy - INFO -   #5: arm=batch_size=100000,header_size=32,cut_condition_type=3,fast_path_timeout=100,k=1, mean=1.015126, std=0.230626
2026-02-03 20:15:05,047 - cmab.policy - INFO - 
2026-02-03 20:15:05,047 - cmab.policy - INFO - Selected tree #7 for Thompson Sampling:
2026-02-03 20:15:05,047 - cmab.policy - INFO -   Tree depth: 4
2026-02-03 20:15:05,047 - cmab.policy - INFO -   Tree nodes: 17
2026-02-03 20:15:05,047 - cmab.policy - INFO -   Tree leaves: 9
2026-02-03 20:15:05,048 - cmab.policy - INFO -   Tree shape: (nodes=17, leaves=9, depth=4)
2026-02-03 20:15:05,048 - cmab.policy - INFO -   Tree feature importances: [0.01439516 0.         0.02243917 0.19151251 0.         0.35053024
 0.34646364 0.         0.         0.07465928]
2026-02-03 20:15:05,049 - cmab.policy - INFO -   Forest feature importances: [0.03326751 0.05391114 0.02781848 0.03309202 0.09980465 0.48406075
 0.17723726 0.0138527  0.03168278 0.04527271]
2026-02-03 20:15:05,050 - cmab.policy - INFO -   Top 5 predictions from this tree:
2026-02-03 20:15:05,050 - cmab.policy - INFO -     #1: arm=batch_size=100000,header_size=32,cut_condition_type=1,fast_path_timeout=0,k=1, pred=0.791931
2026-02-03 20:15:05,050 - cmab.policy - INFO -     #2: arm=batch_size=100000,header_size=64,cut_condition_type=1,fast_path_timeout=400,k=3, pred=0.791931
2026-02-03 20:15:05,050 - cmab.policy - INFO -     #3: arm=batch_size=100000,header_size=128,cut_condition_type=1,fast_path_timeout=400,k=1, pred=0.791931
2026-02-03 20:15:05,050 - cmab.policy - INFO -     #4: arm=batch_size=100000,header_size=64,cut_condition_type=3,fast_path_timeout=100,k=1, pred=0.791931
2026-02-03 20:15:05,050 - cmab.policy - INFO -     #5: arm=batch_size=100000,header_size=64,cut_condition_type=3,fast_path_timeout=100,k=3, pred=0.791931
2026-02-03 20:15:05,050 - cmab.policy - INFO - 
2026-02-03 20:15:05,050 - cmab.policy - INFO -   Found 36 arms with same max prediction (0.791931), randomly selecting one...
2026-02-03 20:15:05,050 - cmab.policy - INFO - 
2026-02-03 20:15:05,050 - cmab.policy - INFO - ✓ SELECTED ARM: batch_size=100000,header_size=64,cut_condition_type=3,fast_path_timeout=400,k=1 (prediction=0.791931)
2026-02-03 20:15:05,050 - cmab.policy - INFO - ================================================================================
2026-02-03 20:15:05,431 - cmab.trainer - INFO - Updated parameters file: /home/ccclr0302/autobahn-test/benchmark/.parameters-0.json
2026-02-03 20:15:05,431 - cmab.trainer - INFO - 🚩 Created RL parameter update signal file (epoch 11): /tmp/autobahn_rl_param_update_11.signal
2026-02-03 20:15:05,431 - cmab.trainer - INFO - Applied params: {'batch_size': 100000, 'header_size': 64, 'cut_condition_type': 3, 'fast_path_timeout': 400, 'k': 1}
2026-02-03 20:15:05,431 - cmab.trainer - INFO - Waiting for next metrics file...
2026-02-03 20:15:14,457 - cmab.trainer - INFO - Iteration 48 : context=[39.934757 38.6868   37.438835 37.438835  1.      ] arm=batch_size=100000,header_size=64,cut_condition_type=3,fast_path_timeout=400,k=1 params={'batch_size': 100000, 'header_size': 64, 'cut_condition_type': 3, 'fast_path_timeout': 400, 'k': 1}
2026-02-03 20:15:14,457 - cmab.trainer - INFO - Iteration 48 reward=1.058089 avg_reward(20)=0.860463 last_metrics=epoch_12_slot_1455.json top_arm=batch_size=100000,header_size=128,cut_condition_type=3,fast_path_timeout=100,k=1 top_ratio=0.17
2026-02-03 20:15:14,460 - cmab.policy - INFO - ================================================================================
2026-02-03 20:15:14,460 - cmab.policy - INFO - SELECT ARM - Detailed Prediction Analysis
2026-02-03 20:15:14,460 - cmab.policy - INFO - Context: [37.47563  38.72482  36.226444 37.47563   1.      ]
2026-02-03 20:15:14,460 - cmab.policy - INFO - Number of trees in forest: 10
2026-02-03 20:15:14,460 - cmab.policy - INFO - 
2026-02-03 20:15:14,460 - cmab.policy - INFO - Prediction statistics across all trees:
2026-02-03 20:15:14,460 - cmab.policy - INFO -   Mean predictions (top 5 arms): [1.093678, 1.093678, 1.093678, 1.093678, 1.040797]
2026-02-03 20:15:14,460 - cmab.policy - INFO -   Std predictions (top 5 arms): [0.247541, 0.247541, 0.247541, 0.247541, 0.231646]
2026-02-03 20:15:14,460 - cmab.policy - INFO - 
2026-02-03 20:15:14,460 - cmab.policy - INFO - Top 5 arms by mean prediction:
2026-02-03 20:15:14,460 - cmab.policy - INFO -   #1: arm=batch_size=100000,header_size=64,cut_condition_type=3,fast_path_timeout=400,k=3, mean=1.093678, std=0.247541
2026-02-03 20:15:14,460 - cmab.policy - INFO -   #2: arm=batch_size=100000,header_size=64,cut_condition_type=3,fast_path_timeout=100,k=3, mean=1.093678, std=0.247541
2026-02-03 20:15:14,460 - cmab.policy - INFO -   #3: arm=batch_size=100000,header_size=32,cut_condition_type=3,fast_path_timeout=400,k=3, mean=1.093678, std=0.247541
2026-02-03 20:15:14,460 - cmab.policy - INFO -   #4: arm=batch_size=100000,header_size=32,cut_condition_type=3,fast_path_timeout=100,k=3, mean=1.093678, std=0.247541
2026-02-03 20:15:14,460 - cmab.policy - INFO -   #5: arm=batch_size=100000,header_size=32,cut_condition_type=3,fast_path_timeout=100,k=1, mean=1.040797, std=0.231646
2026-02-03 20:15:14,460 - cmab.policy - INFO - 
2026-02-03 20:15:14,460 - cmab.policy - INFO - Selected tree #5 for Thompson Sampling:
2026-02-03 20:15:14,460 - cmab.policy - INFO -   Tree depth: 4
2026-02-03 20:15:14,460 - cmab.policy - INFO -   Tree nodes: 19
2026-02-03 20:15:14,461 - cmab.policy - INFO -   Tree leaves: 10
2026-02-03 20:15:14,461 - cmab.policy - INFO -   Tree shape: (nodes=19, leaves=10, depth=4)
2026-02-03 20:15:14,461 - cmab.policy - INFO -   Tree feature importances: [0.00000000e+00 0.00000000e+00 0.00000000e+00 2.05595794e-02
 0.00000000e+00 4.68221116e-01 3.80583198e-01 9.23838094e-02
 3.06957067e-04 3.79453400e-02]
2026-02-03 20:15:14,462 - cmab.policy - INFO -   Forest feature importances: [0.03326751 0.05391114 0.02781848 0.03309202 0.09980465 0.48406075
 0.17723726 0.0138527  0.03168278 0.04527271]
2026-02-03 20:15:14,463 - cmab.policy - INFO -   Top 5 predictions from this tree:
2026-02-03 20:15:14,463 - cmab.policy - INFO -     #1: arm=batch_size=100000,header_size=64,cut_condition_type=3,fast_path_timeout=400,k=1, pred=1.288677
2026-02-03 20:15:14,463 - cmab.policy - INFO -     #2: arm=batch_size=100000,header_size=32,cut_condition_type=3,fast_path_timeout=100,k=1, pred=1.288677
2026-02-03 20:15:14,463 - cmab.policy - INFO -     #3: arm=batch_size=100000,header_size=64,cut_condition_type=3,fast_path_timeout=100,k=3, pred=1.288677
2026-02-03 20:15:14,463 - cmab.policy - INFO -     #4: arm=batch_size=100000,header_size=64,cut_condition_type=3,fast_path_timeout=100,k=1, pred=1.288677
2026-02-03 20:15:14,463 - cmab.policy - INFO -     #5: arm=batch_size=100000,header_size=64,cut_condition_type=3,fast_path_timeout=0,k=3, pred=1.288677
2026-02-03 20:15:14,463 - cmab.policy - INFO - 
2026-02-03 20:15:14,463 - cmab.policy - INFO -   Found 12 arms with same max prediction (1.288677), randomly selecting one...
2026-02-03 20:15:14,463 - cmab.policy - INFO - 
2026-02-03 20:15:14,463 - cmab.policy - INFO - ✓ SELECTED ARM: batch_size=100000,header_size=64,cut_condition_type=3,fast_path_timeout=0,k=1 (prediction=1.288677)
2026-02-03 20:15:14,463 - cmab.policy - INFO - ================================================================================
2026-02-03 20:15:14,466 - cmab.trainer - INFO - Updated parameters file: /home/ccclr0302/autobahn-test/benchmark/.parameters-0.json
2026-02-03 20:15:14,466 - cmab.trainer - INFO - 🚩 Created RL parameter update signal file (epoch 12): /tmp/autobahn_rl_param_update_12.signal
2026-02-03 20:15:14,466 - cmab.trainer - INFO - Applied params: {'batch_size': 100000, 'header_size': 64, 'cut_condition_type': 3, 'fast_path_timeout': 0, 'k': 1}
2026-02-03 20:15:14,466 - cmab.trainer - INFO - Waiting for next metrics file...
2026-02-03 20:15:22,288 - cmab.trainer - INFO - Iteration 49 : context=[37.47563  38.72482  36.226444 37.47563   1.      ] arm=batch_size=100000,header_size=64,cut_condition_type=3,fast_path_timeout=0,k=1 params={'batch_size': 100000, 'header_size': 64, 'cut_condition_type': 3, 'fast_path_timeout': 0, 'k': 1}
2026-02-03 20:15:22,288 - cmab.trainer - INFO - Iteration 49 reward=0.599386 avg_reward(20)=0.868807 last_metrics=epoch_13_slot_1575.json top_arm=batch_size=100000,header_size=128,cut_condition_type=3,fast_path_timeout=100,k=1 top_ratio=0.15
2026-02-03 20:15:22,291 - cmab.policy - INFO - ================================================================================
2026-02-03 20:15:22,291 - cmab.policy - INFO - SELECT ARM - Detailed Prediction Analysis
2026-02-03 20:15:22,291 - cmab.policy - INFO - Context: [35.7705  35.7705  36.60237 36.60237  0.     ]
2026-02-03 20:15:22,291 - cmab.policy - INFO - Number of trees in forest: 10
2026-02-03 20:15:22,291 - cmab.policy - INFO - 
2026-02-03 20:15:22,291 - cmab.policy - INFO - Prediction statistics across all trees:
2026-02-03 20:15:22,291 - cmab.policy - INFO -   Mean predictions (top 5 arms): [1.110511, 1.110511, 1.107528, 1.107528, 1.037690]
2026-02-03 20:15:22,291 - cmab.policy - INFO -   Std predictions (top 5 arms): [0.231115, 0.231115, 0.234899, 0.234899, 0.180383]
2026-02-03 20:15:22,291 - cmab.policy - INFO - 
2026-02-03 20:15:22,291 - cmab.policy - INFO - Top 5 arms by mean prediction:
2026-02-03 20:15:22,291 - cmab.policy - INFO -   #1: arm=batch_size=100000,header_size=32,cut_condition_type=3,fast_path_timeout=400,k=3, mean=1.110511, std=0.231115
2026-02-03 20:15:22,291 - cmab.policy - INFO -   #2: arm=batch_size=100000,header_size=64,cut_condition_type=3,fast_path_timeout=400,k=3, mean=1.110511, std=0.231115
2026-02-03 20:15:22,292 - cmab.policy - INFO -   #3: arm=batch_size=100000,header_size=32,cut_condition_type=3,fast_path_timeout=100,k=3, mean=1.107528, std=0.234899
2026-02-03 20:15:22,292 - cmab.policy - INFO -   #4: arm=batch_size=100000,header_size=64,cut_condition_type=3,fast_path_timeout=100,k=3, mean=1.107528, std=0.234899
2026-02-03 20:15:22,292 - cmab.policy - INFO -   #5: arm=batch_size=100000,header_size=64,cut_condition_type=1,fast_path_timeout=400,k=3, mean=1.037690, std=0.180383
2026-02-03 20:15:22,292 - cmab.policy - INFO - 
2026-02-03 20:15:22,292 - cmab.policy - INFO - Selected tree #3 for Thompson Sampling:
2026-02-03 20:15:22,292 - cmab.policy - INFO -   Tree depth: 4
2026-02-03 20:15:22,292 - cmab.policy - INFO -   Tree nodes: 19
2026-02-03 20:15:22,292 - cmab.policy - INFO -   Tree leaves: 10
2026-02-03 20:15:22,292 - cmab.policy - INFO -   Tree shape: (nodes=19, leaves=10, depth=4)
2026-02-03 20:15:22,292 - cmab.policy - INFO -   Tree feature importances: [0.         0.07189261 0.00893326 0.         0.         0.45552142
 0.34684422 0.03105773 0.06979224 0.01595853]
2026-02-03 20:15:22,294 - cmab.policy - INFO -   Forest feature importances: [0.03326751 0.05391114 0.02781848 0.03309202 0.09980465 0.48406075
 0.17723726 0.0138527  0.03168278 0.04527271]
2026-02-03 20:15:22,294 - cmab.policy - INFO -   Top 5 predictions from this tree:
2026-02-03 20:15:22,294 - cmab.policy - INFO -     #1: arm=batch_size=100000,header_size=64,cut_condition_type=3,fast_path_timeout=400,k=3, pred=1.439747
2026-02-03 20:15:22,294 - cmab.policy - INFO -     #2: arm=batch_size=100000,header_size=64,cut_condition_type=3,fast_path_timeout=100,k=3, pred=1.439747
2026-02-03 20:15:22,294 - cmab.policy - INFO -     #3: arm=batch_size=100000,header_size=32,cut_condition_type=3,fast_path_timeout=400,k=3, pred=1.439747
2026-02-03 20:15:22,294 - cmab.policy - INFO -     #4: arm=batch_size=100000,header_size=32,cut_condition_type=3,fast_path_timeout=400,k=1, pred=1.439747
2026-02-03 20:15:22,294 - cmab.policy - INFO -     #5: arm=batch_size=100000,header_size=32,cut_condition_type=3,fast_path_timeout=100,k=3, pred=1.439747
2026-02-03 20:15:22,294 - cmab.policy - INFO - 
2026-02-03 20:15:22,294 - cmab.policy - INFO -   Found 8 arms with same max prediction (1.439747), randomly selecting one...
2026-02-03 20:15:22,294 - cmab.policy - INFO - 
2026-02-03 20:15:22,294 - cmab.policy - INFO - ✓ SELECTED ARM: batch_size=100000,header_size=64,cut_condition_type=3,fast_path_timeout=100,k=3 (prediction=1.439747)
2026-02-03 20:15:22,294 - cmab.policy - INFO - ================================================================================
2026-02-03 20:15:22,301 - cmab.trainer - INFO - Updated parameters file: /home/ccclr0302/autobahn-test/benchmark/.parameters-0.json
2026-02-03 20:15:22,301 - cmab.trainer - INFO - 🚩 Created RL parameter update signal file (epoch 13): /tmp/autobahn_rl_param_update_13.signal
2026-02-03 20:15:22,301 - cmab.trainer - INFO - Applied params: {'batch_size': 100000, 'header_size': 64, 'cut_condition_type': 3, 'fast_path_timeout': 100, 'k': 3}
2026-02-03 20:15:22,301 - cmab.trainer - INFO - Waiting for next metrics file...
2026-02-03 20:15:28,919 - cmab.trainer - INFO - Iteration 50 : context=[35.7705  35.7705  36.60237 36.60237  0.     ] arm=batch_size=100000,header_size=64,cut_condition_type=3,fast_path_timeout=100,k=3 params={'batch_size': 100000, 'header_size': 64, 'cut_condition_type': 3, 'fast_path_timeout': 100, 'k': 3}
2026-02-03 20:15:28,919 - cmab.trainer - INFO - Iteration 50 reward=0.648478 avg_reward(20)=0.829102 last_metrics=epoch_14_slot_1695.json top_arm=batch_size=100000,header_size=128,cut_condition_type=3,fast_path_timeout=100,k=1 top_ratio=0.14
2026-02-03 20:15:28,922 - cmab.policy - INFO - ================================================================================
2026-02-03 20:15:28,922 - cmab.policy - INFO - SELECT ARM - Detailed Prediction Analysis
2026-02-03 20:15:28,922 - cmab.policy - INFO - Context: [27.92139  32.216988 23.625792 27.92139   1.      ]
2026-02-03 20:15:28,922 - cmab.policy - INFO - Number of trees in forest: 10
2026-02-03 20:15:28,922 - cmab.policy - INFO - 
2026-02-03 20:15:28,922 - cmab.policy - INFO - Prediction statistics across all trees:
2026-02-03 20:15:28,922 - cmab.policy - INFO -   Mean predictions (top 5 arms): [1.090049, 1.090049, 1.087066, 1.087066, 1.037168]
2026-02-03 20:15:28,922 - cmab.policy - INFO -   Std predictions (top 5 arms): [0.233785, 0.233785, 0.237270, 0.237270, 0.215998]
2026-02-03 20:15:28,922 - cmab.policy - INFO - 
2026-02-03 20:15:28,922 - cmab.policy - INFO - Top 5 arms by mean prediction:
2026-02-03 20:15:28,922 - cmab.policy - INFO -   #1: arm=batch_size=100000,header_size=64,cut_condition_type=3,fast_path_timeout=400,k=3, mean=1.090049, std=0.233785
2026-02-03 20:15:28,922 - cmab.policy - INFO -   #2: arm=batch_size=100000,header_size=32,cut_condition_type=3,fast_path_timeout=400,k=3, mean=1.090049, std=0.233785
2026-02-03 20:15:28,922 - cmab.policy - INFO -   #3: arm=batch_size=100000,header_size=64,cut_condition_type=3,fast_path_timeout=100,k=3, mean=1.087066, std=0.237270
2026-02-03 20:15:28,922 - cmab.policy - INFO -   #4: arm=batch_size=100000,header_size=32,cut_condition_type=3,fast_path_timeout=100,k=3, mean=1.087066, std=0.237270
2026-02-03 20:15:28,922 - cmab.policy - INFO -   #5: arm=batch_size=100000,header_size=64,cut_condition_type=3,fast_path_timeout=400,k=1, mean=1.037168, std=0.215998
2026-02-03 20:15:28,922 - cmab.policy - INFO - 
2026-02-03 20:15:28,922 - cmab.policy - INFO - Selected tree #1 for Thompson Sampling:
2026-02-03 20:15:28,922 - cmab.policy - INFO -   Tree depth: 5
2026-02-03 20:15:28,922 - cmab.policy - INFO -   Tree nodes: 19
2026-02-03 20:15:28,922 - cmab.policy - INFO -   Tree leaves: 10
2026-02-03 20:15:28,923 - cmab.policy - INFO -   Tree shape: (nodes=19, leaves=10, depth=5)
2026-02-03 20:15:28,923 - cmab.policy - INFO -   Tree feature importances: [0.0779438  0.         0.06892848 0.08958573 0.         0.76261347
 0.         0.         0.00092853 0.        ]
2026-02-03 20:15:28,924 - cmab.policy - INFO -   Forest feature importances: [0.03326751 0.05391114 0.02781848 0.03309202 0.09980465 0.48406075
 0.17723726 0.0138527  0.03168278 0.04527271]
2026-02-03 20:15:28,925 - cmab.policy - INFO -   Top 5 predictions from this tree:
2026-02-03 20:15:28,925 - cmab.policy - INFO -     #1: arm=batch_size=100000,header_size=64,cut_condition_type=1,fast_path_timeout=400,k=3, pred=0.828340
2026-02-03 20:15:28,925 - cmab.policy - INFO -     #2: arm=batch_size=100000,header_size=32,cut_condition_type=3,fast_path_timeout=400,k=1, pred=0.828340
2026-02-03 20:15:28,925 - cmab.policy - INFO -     #3: arm=batch_size=100000,header_size=128,cut_condition_type=3,fast_path_timeout=400,k=1, pred=0.828340
2026-02-03 20:15:28,925 - cmab.policy - INFO -     #4: arm=batch_size=100000,header_size=128,cut_condition_type=1,fast_path_timeout=400,k=3, pred=0.828340
2026-02-03 20:15:28,925 - cmab.policy - INFO -     #5: arm=batch_size=100000,header_size=128,cut_condition_type=1,fast_path_timeout=400,k=1, pred=0.828340
2026-02-03 20:15:28,925 - cmab.policy - INFO - 
2026-02-03 20:15:28,925 - cmab.policy - INFO -   Found 12 arms with same max prediction (0.828340), randomly selecting one...
2026-02-03 20:15:28,925 - cmab.policy - INFO - 
2026-02-03 20:15:28,925 - cmab.policy - INFO - ✓ SELECTED ARM: batch_size=100000,header_size=64,cut_condition_type=3,fast_path_timeout=400,k=3 (prediction=0.828340)
2026-02-03 20:15:28,925 - cmab.policy - INFO - ================================================================================
2026-02-03 20:15:29,312 - cmab.trainer - INFO - Updated parameters file: /home/ccclr0302/autobahn-test/benchmark/.parameters-0.json
2026-02-03 20:15:29,312 - cmab.trainer - INFO - 🚩 Created RL parameter update signal file (epoch 14): /tmp/autobahn_rl_param_update_14.signal
2026-02-03 20:15:29,312 - cmab.trainer - INFO - Applied params: {'batch_size': 100000, 'header_size': 64, 'cut_condition_type': 3, 'fast_path_timeout': 400, 'k': 3}
2026-02-03 20:15:29,312 - cmab.trainer - INFO - Waiting for next metrics file...
2026-02-03 20:15:32,721 - cmab.trainer - WARNING - Detected abandon signal for epoch 15, using action from epoch 14 for update
[Parallel(n_jobs=1)]: Done  10 out of  10 | elapsed:    0.0s finished
[Parallel(n_jobs=1)]: Done  10 out of  10 | elapsed:    0.0s finished
2026-02-03 20:15:32,732 - cmab.policy - INFO - RF Updated: samples=45, MSE=0.019181
2026-02-03 20:15:32,733 - cmab.trainer - INFO - Iteration 51 : context=[27.92139  32.216988 23.625792 27.92139   1.      ] arm=batch_size=100000,header_size=64,cut_condition_type=3,fast_path_timeout=100,k=3 params={'batch_size': 100000, 'header_size': 64, 'cut_condition_type': 3, 'fast_path_timeout': 100, 'k': 3}
2026-02-03 20:15:32,733 - cmab.trainer - INFO - Iteration 51 reward=1.289425 avg_reward(20)=0.865845 last_metrics=epoch_15_slot_1815.json top_arm=batch_size=100000,header_size=128,cut_condition_type=3,fast_path_timeout=100,k=1 top_ratio=0.13
2026-02-03 20:15:32,735 - cmab.policy - INFO - ================================================================================
2026-02-03 20:15:32,735 - cmab.policy - INFO - SELECT ARM - Detailed Prediction Analysis
2026-02-03 20:15:32,735 - cmab.policy - INFO - Context: [37.186005 40.046467 34.325542 40.046467  1.      ]
2026-02-03 20:15:32,735 - cmab.policy - INFO - Number of trees in forest: 10
2026-02-03 20:15:32,735 - cmab.policy - INFO - 
2026-02-03 20:15:32,735 - cmab.policy - INFO - Prediction statistics across all trees:
2026-02-03 20:15:32,736 - cmab.policy - INFO -   Mean predictions (top 5 arms): [0.975538, 0.975538, 0.975538, 0.975538, 0.958693]
2026-02-03 20:15:32,736 - cmab.policy - INFO -   Std predictions (top 5 arms): [0.257692, 0.257692, 0.257692, 0.257692, 0.247062]
2026-02-03 20:15:32,736 - cmab.policy - INFO - 
2026-02-03 20:15:32,736 - cmab.policy - INFO - Top 5 arms by mean prediction:
2026-02-03 20:15:32,736 - cmab.policy - INFO -   #1: arm=batch_size=100000,header_size=64,cut_condition_type=3,fast_path_timeout=100,k=3, mean=0.975538, std=0.257692
2026-02-03 20:15:32,736 - cmab.policy - INFO -   #2: arm=batch_size=100000,header_size=32,cut_condition_type=3,fast_path_timeout=100,k=3, mean=0.975538, std=0.257692
2026-02-03 20:15:32,736 - cmab.policy - INFO -   #3: arm=batch_size=100000,header_size=64,cut_condition_type=3,fast_path_timeout=400,k=3, mean=0.975538, std=0.257692
2026-02-03 20:15:32,736 - cmab.policy - INFO -   #4: arm=batch_size=100000,header_size=32,cut_condition_type=3,fast_path_timeout=400,k=3, mean=0.975538, std=0.257692
2026-02-03 20:15:32,736 - cmab.policy - INFO -   #5: arm=batch_size=100000,header_size=64,cut_condition_type=1,fast_path_timeout=400,k=3, mean=0.958693, std=0.247062
2026-02-03 20:15:32,736 - cmab.policy - INFO - 
2026-02-03 20:15:32,736 - cmab.policy - INFO - Selected tree #1 for Thompson Sampling:
2026-02-03 20:15:32,736 - cmab.policy - INFO -   Tree depth: 6
2026-02-03 20:15:32,736 - cmab.policy - INFO -   Tree nodes: 27
2026-02-03 20:15:32,736 - cmab.policy - INFO -   Tree leaves: 14
2026-02-03 20:15:32,736 - cmab.policy - INFO -   Tree shape: (nodes=27, leaves=14, depth=6)
2026-02-03 20:15:32,736 - cmab.policy - INFO -   Tree feature importances: [0.         0.0407287  0.         0.0106104  0.         0.55407621
 0.18967659 0.03246106 0.15672705 0.01571998]
2026-02-03 20:15:32,738 - cmab.policy - INFO -   Forest feature importances: [0.04508156 0.03707423 0.04211756 0.02024841 0.03408405 0.51300531
 0.18152259 0.02784682 0.03945767 0.05956182]
2026-02-03 20:15:32,738 - cmab.policy - INFO -   Top 5 predictions from this tree:
2026-02-03 20:15:32,738 - cmab.policy - INFO -     #1: arm=batch_size=100000,header_size=64,cut_condition_type=3,fast_path_timeout=400,k=3, pred=1.326302
2026-02-03 20:15:32,738 - cmab.policy - INFO -     #2: arm=batch_size=100000,header_size=64,cut_condition_type=3,fast_path_timeout=100,k=3, pred=1.326302
2026-02-03 20:15:32,738 - cmab.policy - INFO -     #3: arm=batch_size=100000,header_size=32,cut_condition_type=3,fast_path_timeout=100,k=3, pred=1.326302
2026-02-03 20:15:32,738 - cmab.policy - INFO -     #4: arm=batch_size=100000,header_size=32,cut_condition_type=3,fast_path_timeout=400,k=3, pred=1.326302
2026-02-03 20:15:32,738 - cmab.policy - INFO -     #5: arm=batch_size=100000,header_size=64,cut_condition_type=1,fast_path_timeout=400,k=1, pred=1.112958
2026-02-03 20:15:32,738 - cmab.policy - INFO - 
2026-02-03 20:15:32,738 - cmab.policy - INFO -   Found 4 arms with same max prediction (1.326302), randomly selecting one...
2026-02-03 20:15:32,738 - cmab.policy - INFO - 
2026-02-03 20:15:32,738 - cmab.policy - INFO - ✓ SELECTED ARM: batch_size=100000,header_size=32,cut_condition_type=3,fast_path_timeout=100,k=3 (prediction=1.326302)
2026-02-03 20:15:32,738 - cmab.policy - INFO - ================================================================================
2026-02-03 20:15:32,841 - cmab.trainer - INFO - Updated parameters file: /home/ccclr0302/autobahn-test/benchmark/.parameters-0.json
2026-02-03 20:15:32,842 - cmab.trainer - INFO - 🚩 Created RL parameter update signal file (epoch 15): /tmp/autobahn_rl_param_update_15.signal
2026-02-03 20:15:32,842 - cmab.trainer - INFO - Applied params: {'batch_size': 100000, 'header_size': 32, 'cut_condition_type': 3, 'fast_path_timeout': 100, 'k': 3}
2026-02-03 20:15:32,842 - cmab.trainer - INFO - Waiting for next metrics file...
2026-02-03 20:15:36,252 - cmab.trainer - WARNING - Detected abandon signal for epoch 16, using action from epoch 15 for update
2026-02-03 20:15:36,253 - cmab.trainer - INFO - Iteration 52 : context=[37.186005 40.046467 34.325542 40.046467  1.      ] arm=batch_size=100000,header_size=64,cut_condition_type=3,fast_path_timeout=100,k=3 params={'batch_size': 100000, 'header_size': 64, 'cut_condition_type': 3, 'fast_path_timeout': 100, 'k': 3}
2026-02-03 20:15:36,253 - cmab.trainer - INFO - Iteration 52 reward=1.432820 avg_reward(20)=0.887279 last_metrics=epoch_16_slot_1935.json top_arm=batch_size=100000,header_size=128,cut_condition_type=3,fast_path_timeout=100,k=1 top_ratio=0.12
2026-02-03 20:15:36,255 - cmab.policy - INFO - ================================================================================
2026-02-03 20:15:36,255 - cmab.policy - INFO - SELECT ARM - Detailed Prediction Analysis
2026-02-03 20:15:36,255 - cmab.policy - INFO - Context: [41.279907 35.38278  35.38278  35.38278   1.      ]
2026-02-03 20:15:36,256 - cmab.policy - INFO - Number of trees in forest: 10
2026-02-03 20:15:36,256 - cmab.policy - INFO - 
2026-02-03 20:15:36,256 - cmab.policy - INFO - Prediction statistics across all trees:
2026-02-03 20:15:36,256 - cmab.policy - INFO -   Mean predictions (top 5 arms): [1.027250, 1.027250, 1.027250, 1.027250, 0.995530]
2026-02-03 20:15:36,256 - cmab.policy - INFO -   Std predictions (top 5 arms): [0.208787, 0.208787, 0.208787, 0.208787, 0.216183]
2026-02-03 20:15:36,256 - cmab.policy - INFO - 
2026-02-03 20:15:36,256 - cmab.policy - INFO - Top 5 arms by mean prediction:
2026-02-03 20:15:36,256 - cmab.policy - INFO -   #1: arm=batch_size=100000,header_size=64,cut_condition_type=3,fast_path_timeout=100,k=3, mean=1.027250, std=0.208787
2026-02-03 20:15:36,256 - cmab.policy - INFO -   #2: arm=batch_size=100000,header_size=32,cut_condition_type=3,fast_path_timeout=100,k=3, mean=1.027250, std=0.208787
2026-02-03 20:15:36,256 - cmab.policy - INFO -   #3: arm=batch_size=100000,header_size=64,cut_condition_type=3,fast_path_timeout=400,k=3, mean=1.027250, std=0.208787
2026-02-03 20:15:36,256 - cmab.policy - INFO -   #4: arm=batch_size=100000,header_size=32,cut_condition_type=3,fast_path_timeout=400,k=3, mean=1.027250, std=0.208787
2026-02-03 20:15:36,256 - cmab.policy - INFO -   #5: arm=batch_size=100000,header_size=32,cut_condition_type=1,fast_path_timeout=100,k=3, mean=0.995530, std=0.216183
2026-02-03 20:15:36,256 - cmab.policy - INFO - 
2026-02-03 20:15:36,256 - cmab.policy - INFO - Selected tree #3 for Thompson Sampling:
2026-02-03 20:15:36,256 - cmab.policy - INFO -   Tree depth: 4
2026-02-03 20:15:36,256 - cmab.policy - INFO -   Tree nodes: 23
2026-02-03 20:15:36,256 - cmab.policy - INFO -   Tree leaves: 12
2026-02-03 20:15:36,256 - cmab.policy - INFO -   Tree shape: (nodes=23, leaves=12, depth=4)
2026-02-03 20:15:36,256 - cmab.policy - INFO -   Tree feature importances: [0.06337709 0.05501703 0.         0.         0.03009347 0.58927375
 0.23835041 0.0138067  0.         0.01008155]
2026-02-03 20:15:36,258 - cmab.policy - INFO -   Forest feature importances: [0.04508156 0.03707423 0.04211756 0.02024841 0.03408405 0.51300531
 0.18152259 0.02784682 0.03945767 0.05956182]
2026-02-03 20:15:36,258 - cmab.policy - INFO -   Top 5 predictions from this tree:
2026-02-03 20:15:36,258 - cmab.policy - INFO -     #1: arm=batch_size=100000,header_size=32,cut_condition_type=1,fast_path_timeout=0,k=1, pred=1.039117
2026-02-03 20:15:36,258 - cmab.policy - INFO -     #2: arm=batch_size=100000,header_size=64,cut_condition_type=1,fast_path_timeout=0,k=1, pred=1.039117
2026-02-03 20:15:36,258 - cmab.policy - INFO -     #3: arm=batch_size=100000,header_size=64,cut_condition_type=3,fast_path_timeout=400,k=3, pred=1.039117
2026-02-03 20:15:36,258 - cmab.policy - INFO -     #4: arm=batch_size=100000,header_size=64,cut_condition_type=3,fast_path_timeout=400,k=1, pred=1.039117
2026-02-03 20:15:36,258 - cmab.policy - INFO -     #5: arm=batch_size=100000,header_size=64,cut_condition_type=3,fast_path_timeout=100,k=3, pred=1.039117
2026-02-03 20:15:36,259 - cmab.policy - INFO - 
2026-02-03 20:15:36,259 - cmab.policy - INFO -   Found 24 arms with same max prediction (1.039117), randomly selecting one...
2026-02-03 20:15:36,259 - cmab.policy - INFO - 
2026-02-03 20:15:36,259 - cmab.policy - INFO - ✓ SELECTED ARM: batch_size=100000,header_size=32,cut_condition_type=3,fast_path_timeout=100,k=1 (prediction=1.039117)
2026-02-03 20:15:36,259 - cmab.policy - INFO - ================================================================================
2026-02-03 20:15:36,262 - cmab.trainer - INFO - Updated parameters file: /home/ccclr0302/autobahn-test/benchmark/.parameters-0.json
2026-02-03 20:15:36,262 - cmab.trainer - INFO - 🚩 Created RL parameter update signal file (epoch 16): /tmp/autobahn_rl_param_update_16.signal
2026-02-03 20:15:36,262 - cmab.trainer - INFO - Applied params: {'batch_size': 100000, 'header_size': 32, 'cut_condition_type': 3, 'fast_path_timeout': 100, 'k': 1}
2026-02-03 20:15:36,262 - cmab.trainer - INFO - Waiting for next metrics file...
2026-02-03 20:15:39,872 - cmab.trainer - WARNING - Detected abandon signal for epoch 17, using action from epoch 16 for update
2026-02-03 20:15:39,872 - cmab.trainer - INFO - Iteration 53 : context=[41.279907 35.38278  35.38278  35.38278   1.      ] arm=batch_size=100000,header_size=64,cut_condition_type=3,fast_path_timeout=100,k=3 params={'batch_size': 100000, 'header_size': 64, 'cut_condition_type': 3, 'fast_path_timeout': 100, 'k': 3}
2026-02-03 20:15:39,873 - cmab.trainer - INFO - Iteration 53 reward=0.775081 avg_reward(20)=0.887140 last_metrics=epoch_17_slot_2055.json top_arm=batch_size=100000,header_size=128,cut_condition_type=3,fast_path_timeout=100,k=1 top_ratio=0.12
2026-02-03 20:15:39,875 - cmab.policy - INFO - ================================================================================
2026-02-03 20:15:39,875 - cmab.policy - INFO - SELECT ARM - Detailed Prediction Analysis
2026-02-03 20:15:39,875 - cmab.policy - INFO - Context: [25.475504 25.475504 20.380404 22.07877   1.      ]
2026-02-03 20:15:39,876 - cmab.policy - INFO - Number of trees in forest: 10
2026-02-03 20:15:39,876 - cmab.policy - INFO - 
2026-02-03 20:15:39,876 - cmab.policy - INFO - Prediction statistics across all trees:
2026-02-03 20:15:39,876 - cmab.policy - INFO -   Mean predictions (top 5 arms): [1.089468, 1.089468, 1.051934, 1.051934, 1.009466]
2026-02-03 20:15:39,876 - cmab.policy - INFO -   Std predictions (top 5 arms): [0.316895, 0.316895, 0.314746, 0.314746, 0.276856]
2026-02-03 20:15:39,876 - cmab.policy - INFO - 
2026-02-03 20:15:39,876 - cmab.policy - INFO - Top 5 arms by mean prediction:
2026-02-03 20:15:39,876 - cmab.policy - INFO -   #1: arm=batch_size=100000,header_size=32,cut_condition_type=3,fast_path_timeout=100,k=3, mean=1.089468, std=0.316895
2026-02-03 20:15:39,876 - cmab.policy - INFO -   #2: arm=batch_size=100000,header_size=64,cut_condition_type=3,fast_path_timeout=100,k=3, mean=1.089468, std=0.316895
2026-02-03 20:15:39,876 - cmab.policy - INFO -   #3: arm=batch_size=100000,header_size=32,cut_condition_type=3,fast_path_timeout=400,k=3, mean=1.051934, std=0.314746
2026-02-03 20:15:39,876 - cmab.policy - INFO -   #4: arm=batch_size=100000,header_size=64,cut_condition_type=3,fast_path_timeout=400,k=3, mean=1.051934, std=0.314746
2026-02-03 20:15:39,876 - cmab.policy - INFO -   #5: arm=batch_size=100000,header_size=64,cut_condition_type=1,fast_path_timeout=100,k=3, mean=1.009466, std=0.276856
2026-02-03 20:15:39,876 - cmab.policy - INFO - 
2026-02-03 20:15:39,876 - cmab.policy - INFO - Selected tree #5 for Thompson Sampling:
2026-02-03 20:15:39,876 - cmab.policy - INFO -   Tree depth: 4
2026-02-03 20:15:39,876 - cmab.policy - INFO -   Tree nodes: 21
2026-02-03 20:15:39,876 - cmab.policy - INFO -   Tree leaves: 11
2026-02-03 20:15:39,876 - cmab.policy - INFO -   Tree shape: (nodes=21, leaves=11, depth=4)
2026-02-03 20:15:39,876 - cmab.policy - INFO -   Tree feature importances: [0.01013713 0.04893722 0.03840212 0.04689541 0.         0.58976851
 0.12130277 0.         0.         0.14455685]
2026-02-03 20:15:39,878 - cmab.policy - INFO -   Forest feature importances: [0.04508156 0.03707423 0.04211756 0.02024841 0.03408405 0.51300531
 0.18152259 0.02784682 0.03945767 0.05956182]
2026-02-03 20:15:39,878 - cmab.policy - INFO -   Top 5 predictions from this tree:
2026-02-03 20:15:39,878 - cmab.policy - INFO -     #1: arm=batch_size=100000,header_size=32,cut_condition_type=3,fast_path_timeout=400,k=3, pred=1.284658
2026-02-03 20:15:39,878 - cmab.policy - INFO -     #2: arm=batch_size=100000,header_size=128,cut_condition_type=3,fast_path_timeout=0,k=3, pred=1.284658
2026-02-03 20:15:39,878 - cmab.policy - INFO -     #3: arm=batch_size=100000,header_size=128,cut_condition_type=1,fast_path_timeout=0,k=3, pred=1.284658
2026-02-03 20:15:39,879 - cmab.policy - INFO -     #4: arm=batch_size=100000,header_size=64,cut_condition_type=3,fast_path_timeout=100,k=3, pred=1.284658
2026-02-03 20:15:39,879 - cmab.policy - INFO -     #5: arm=batch_size=100000,header_size=64,cut_condition_type=3,fast_path_timeout=0,k=3, pred=1.284658
2026-02-03 20:15:39,879 - cmab.policy - INFO - 
2026-02-03 20:15:39,879 - cmab.policy - INFO -   Found 18 arms with same max prediction (1.284658), randomly selecting one...
2026-02-03 20:15:39,879 - cmab.policy - INFO - 
2026-02-03 20:15:39,879 - cmab.policy - INFO - ✓ SELECTED ARM: batch_size=100000,header_size=128,cut_condition_type=3,fast_path_timeout=100,k=3 (prediction=1.284658)
2026-02-03 20:15:39,879 - cmab.policy - INFO - ================================================================================
2026-02-03 20:15:39,883 - cmab.trainer - INFO - Updated parameters file: /home/ccclr0302/autobahn-test/benchmark/.parameters-0.json
2026-02-03 20:15:39,883 - cmab.trainer - INFO - 🚩 Created RL parameter update signal file (epoch 17): /tmp/autobahn_rl_param_update_17.signal
2026-02-03 20:15:39,883 - cmab.trainer - INFO - Applied params: {'batch_size': 100000, 'header_size': 128, 'cut_condition_type': 3, 'fast_path_timeout': 100, 'k': 3}
2026-02-03 20:15:39,883 - cmab.trainer - INFO - Waiting for next metrics file...
2026-02-03 20:15:42,992 - cmab.trainer - WARNING - Detected abandon signal for epoch 18, using action from epoch 17 for update
2026-02-03 20:15:42,992 - cmab.trainer - INFO - Iteration 54 : context=[25.475504 25.475504 20.380404 22.07877   1.      ] arm=batch_size=100000,header_size=64,cut_condition_type=3,fast_path_timeout=100,k=3 params={'batch_size': 100000, 'header_size': 64, 'cut_condition_type': 3, 'fast_path_timeout': 100, 'k': 3}
2026-02-03 20:15:42,993 - cmab.trainer - INFO - Iteration 54 reward=1.307956 avg_reward(20)=0.944032 last_metrics=epoch_18_slot_2175.json top_arm=batch_size=100000,header_size=128,cut_condition_type=3,fast_path_timeout=100,k=1 top_ratio=0.11
2026-02-03 20:15:42,995 - cmab.policy - INFO - ================================================================================
2026-02-03 20:15:42,996 - cmab.policy - INFO - SELECT ARM - Detailed Prediction Analysis
2026-02-03 20:15:42,996 - cmab.policy - INFO - Context: [36.39501 33.79537 33.79537 33.79537  1.     ]
2026-02-03 20:15:42,996 - cmab.policy - INFO - Number of trees in forest: 10
2026-02-03 20:15:42,996 - cmab.policy - INFO - 
2026-02-03 20:15:42,996 - cmab.policy - INFO - Prediction statistics across all trees:
2026-02-03 20:15:42,996 - cmab.policy - INFO -   Mean predictions (top 5 arms): [1.089254, 1.089254, 1.051720, 1.051720, 1.009785]
2026-02-03 20:15:42,996 - cmab.policy - INFO -   Std predictions (top 5 arms): [0.301867, 0.301867, 0.299583, 0.299583, 0.260185]
2026-02-03 20:15:42,996 - cmab.policy - INFO - 
2026-02-03 20:15:42,996 - cmab.policy - INFO - Top 5 arms by mean prediction:
2026-02-03 20:15:42,996 - cmab.policy - INFO -   #1: arm=batch_size=100000,header_size=64,cut_condition_type=3,fast_path_timeout=100,k=3, mean=1.089254, std=0.301867
2026-02-03 20:15:42,996 - cmab.policy - INFO -   #2: arm=batch_size=100000,header_size=32,cut_condition_type=3,fast_path_timeout=100,k=3, mean=1.089254, std=0.301867
2026-02-03 20:15:42,996 - cmab.policy - INFO -   #3: arm=batch_size=100000,header_size=64,cut_condition_type=3,fast_path_timeout=400,k=3, mean=1.051720, std=0.299583
2026-02-03 20:15:42,996 - cmab.policy - INFO -   #4: arm=batch_size=100000,header_size=32,cut_condition_type=3,fast_path_timeout=400,k=3, mean=1.051720, std=0.299583
2026-02-03 20:15:42,996 - cmab.policy - INFO -   #5: arm=batch_size=100000,header_size=64,cut_condition_type=1,fast_path_timeout=100,k=3, mean=1.009785, std=0.260185
2026-02-03 20:15:42,996 - cmab.policy - INFO - 
2026-02-03 20:15:42,996 - cmab.policy - INFO - Selected tree #5 for Thompson Sampling:
2026-02-03 20:15:42,996 - cmab.policy - INFO -   Tree depth: 4
2026-02-03 20:15:42,996 - cmab.policy - INFO -   Tree nodes: 21
2026-02-03 20:15:42,996 - cmab.policy - INFO -   Tree leaves: 11
2026-02-03 20:15:42,996 - cmab.policy - INFO -   Tree shape: (nodes=21, leaves=11, depth=4)
2026-02-03 20:15:42,997 - cmab.policy - INFO -   Tree feature importances: [0.01013713 0.04893722 0.03840212 0.04689541 0.         0.58976851
 0.12130277 0.         0.         0.14455685]
2026-02-03 20:15:42,998 - cmab.policy - INFO -   Forest feature importances: [0.04508156 0.03707423 0.04211756 0.02024841 0.03408405 0.51300531
 0.18152259 0.02784682 0.03945767 0.05956182]
2026-02-03 20:15:42,999 - cmab.policy - INFO -   Top 5 predictions from this tree:
2026-02-03 20:15:42,999 - cmab.policy - INFO -     #1: arm=batch_size=100000,header_size=32,cut_condition_type=3,fast_path_timeout=400,k=3, pred=0.887751
2026-02-03 20:15:42,999 - cmab.policy - INFO -     #2: arm=batch_size=100000,header_size=128,cut_condition_type=3,fast_path_timeout=0,k=3, pred=0.887751
2026-02-03 20:15:42,999 - cmab.policy - INFO -     #3: arm=batch_size=100000,header_size=128,cut_condition_type=1,fast_path_timeout=0,k=3, pred=0.887751
2026-02-03 20:15:42,999 - cmab.policy - INFO -     #4: arm=batch_size=100000,header_size=64,cut_condition_type=3,fast_path_timeout=100,k=3, pred=0.887751
2026-02-03 20:15:42,999 - cmab.policy - INFO -     #5: arm=batch_size=100000,header_size=64,cut_condition_type=3,fast_path_timeout=0,k=3, pred=0.887751
2026-02-03 20:15:42,999 - cmab.policy - INFO - 
2026-02-03 20:15:42,999 - cmab.policy - INFO -   Found 18 arms with same max prediction (0.887751), randomly selecting one...
2026-02-03 20:15:42,999 - cmab.policy - INFO - 
2026-02-03 20:15:42,999 - cmab.policy - INFO - ✓ SELECTED ARM: batch_size=100000,header_size=32,cut_condition_type=1,fast_path_timeout=400,k=3 (prediction=0.887751)
2026-02-03 20:15:42,999 - cmab.policy - INFO - ================================================================================
2026-02-03 20:15:43,231 - cmab.trainer - INFO - Updated parameters file: /home/ccclr0302/autobahn-test/benchmark/.parameters-0.json
2026-02-03 20:15:43,232 - cmab.trainer - INFO - 🚩 Created RL parameter update signal file (epoch 18): /tmp/autobahn_rl_param_update_18.signal
2026-02-03 20:15:43,232 - cmab.trainer - INFO - Applied params: {'batch_size': 100000, 'header_size': 32, 'cut_condition_type': 1, 'fast_path_timeout': 400, 'k': 3}
2026-02-03 20:15:43,232 - cmab.trainer - INFO - Waiting for next metrics file...
2026-02-03 20:15:46,742 - cmab.trainer - WARNING - Detected abandon signal for epoch 19, using action from epoch 18 for update
2026-02-03 20:15:46,742 - cmab.trainer - INFO - Iteration 55 : context=[36.39501 33.79537 33.79537 33.79537  1.     ] arm=batch_size=100000,header_size=64,cut_condition_type=3,fast_path_timeout=100,k=3 params={'batch_size': 100000, 'header_size': 64, 'cut_condition_type': 3, 'fast_path_timeout': 100, 'k': 3}
2026-02-03 20:15:46,742 - cmab.trainer - INFO - Iteration 55 reward=0.917298 avg_reward(20)=0.978318 last_metrics=epoch_19_slot_2295.json top_arm=batch_size=100000,header_size=128,cut_condition_type=3,fast_path_timeout=100,k=1 top_ratio=0.11
2026-02-03 20:15:46,744 - cmab.policy - INFO - ================================================================================
2026-02-03 20:15:46,744 - cmab.policy - INFO - SELECT ARM - Detailed Prediction Analysis
2026-02-03 20:15:46,744 - cmab.policy - INFO - Context: [27.963848 32.26598  32.26598  32.26598   1.      ]
2026-02-03 20:15:46,745 - cmab.policy - INFO - Number of trees in forest: 10
2026-02-03 20:15:46,745 - cmab.policy - INFO - 
2026-02-03 20:15:46,745 - cmab.policy - INFO - Prediction statistics across all trees:
2026-02-03 20:15:46,745 - cmab.policy - INFO -   Mean predictions (top 5 arms): [1.089254, 1.089254, 1.051720, 1.051720, 1.009785]
2026-02-03 20:15:46,745 - cmab.policy - INFO -   Std predictions (top 5 arms): [0.301867, 0.301867, 0.299583, 0.299583, 0.260185]
2026-02-03 20:15:46,745 - cmab.policy - INFO - 
2026-02-03 20:15:46,745 - cmab.policy - INFO - Top 5 arms by mean prediction:
2026-02-03 20:15:46,745 - cmab.policy - INFO -   #1: arm=batch_size=100000,header_size=64,cut_condition_type=3,fast_path_timeout=100,k=3, mean=1.089254, std=0.301867
2026-02-03 20:15:46,745 - cmab.policy - INFO -   #2: arm=batch_size=100000,header_size=32,cut_condition_type=3,fast_path_timeout=100,k=3, mean=1.089254, std=0.301867
2026-02-03 20:15:46,745 - cmab.policy - INFO -   #3: arm=batch_size=100000,header_size=64,cut_condition_type=3,fast_path_timeout=400,k=3, mean=1.051720, std=0.299583
2026-02-03 20:15:46,745 - cmab.policy - INFO -   #4: arm=batch_size=100000,header_size=32,cut_condition_type=3,fast_path_timeout=400,k=3, mean=1.051720, std=0.299583
2026-02-03 20:15:46,745 - cmab.policy - INFO -   #5: arm=batch_size=100000,header_size=64,cut_condition_type=1,fast_path_timeout=100,k=3, mean=1.009785, std=0.260185
2026-02-03 20:15:46,745 - cmab.policy - INFO - 
2026-02-03 20:15:46,745 - cmab.policy - INFO - Selected tree #7 for Thompson Sampling:
2026-02-03 20:15:46,745 - cmab.policy - INFO -   Tree depth: 5
2026-02-03 20:15:46,745 - cmab.policy - INFO -   Tree nodes: 25
2026-02-03 20:15:46,745 - cmab.policy - INFO -   Tree leaves: 13
2026-02-03 20:15:46,745 - cmab.policy - INFO -   Tree shape: (nodes=25, leaves=13, depth=5)
2026-02-03 20:15:46,745 - cmab.policy - INFO -   Tree feature importances: [0.01937481 0.04483047 0.00872208 0.         0.08664274 0.51203634
 0.29564326 0.0327503  0.         0.        ]
2026-02-03 20:15:46,747 - cmab.policy - INFO -   Forest feature importances: [0.04508156 0.03707423 0.04211756 0.02024841 0.03408405 0.51300531
 0.18152259 0.02784682 0.03945767 0.05956182]
2026-02-03 20:15:46,747 - cmab.policy - INFO -   Top 5 predictions from this tree:
2026-02-03 20:15:46,747 - cmab.policy - INFO -     #1: arm=batch_size=100000,header_size=32,cut_condition_type=1,fast_path_timeout=0,k=1, pred=1.173757
2026-02-03 20:15:46,747 - cmab.policy - INFO -     #2: arm=batch_size=100000,header_size=64,cut_condition_type=1,fast_path_timeout=0,k=1, pred=1.173757
2026-02-03 20:15:46,747 - cmab.policy - INFO -     #3: arm=batch_size=100000,header_size=64,cut_condition_type=3,fast_path_timeout=400,k=3, pred=1.173757
2026-02-03 20:15:46,747 - cmab.policy - INFO -     #4: arm=batch_size=100000,header_size=64,cut_condition_type=3,fast_path_timeout=100,k=3, pred=1.173757
2026-02-03 20:15:46,747 - cmab.policy - INFO -     #5: arm=batch_size=100000,header_size=64,cut_condition_type=3,fast_path_timeout=100,k=1, pred=1.173757
2026-02-03 20:15:46,747 - cmab.policy - INFO - 
2026-02-03 20:15:46,747 - cmab.policy - INFO -   Found 24 arms with same max prediction (1.173757), randomly selecting one...
2026-02-03 20:15:46,748 - cmab.policy - INFO - 
2026-02-03 20:15:46,748 - cmab.policy - INFO - ✓ SELECTED ARM: batch_size=100000,header_size=64,cut_condition_type=3,fast_path_timeout=100,k=3 (prediction=1.173757)
2026-02-03 20:15:46,748 - cmab.policy - INFO - ================================================================================
2026-02-03 20:15:46,847 - cmab.trainer - INFO - Updated parameters file: /home/ccclr0302/autobahn-test/benchmark/.parameters-0.json
2026-02-03 20:15:46,847 - cmab.trainer - INFO - 🚩 Created RL parameter update signal file (epoch 19): /tmp/autobahn_rl_param_update_19.signal
2026-02-03 20:15:46,847 - cmab.trainer - INFO - Applied params: {'batch_size': 100000, 'header_size': 64, 'cut_condition_type': 3, 'fast_path_timeout': 100, 'k': 3}
2026-02-03 20:15:46,847 - cmab.trainer - INFO - Waiting for next metrics file...
[Parallel(n_jobs=1)]: Done  10 out of  10 | elapsed:    0.0s finished
[Parallel(n_jobs=1)]: Done  10 out of  10 | elapsed:    0.0s finished
2026-02-03 20:15:49,566 - cmab.policy - INFO - RF Updated: samples=50, MSE=0.015877
2026-02-03 20:15:49,566 - cmab.trainer - INFO - Iteration 56 : context=[27.963848 32.26598  32.26598  32.26598   1.      ] arm=batch_size=100000,header_size=64,cut_condition_type=3,fast_path_timeout=100,k=3 params={'batch_size': 100000, 'header_size': 64, 'cut_condition_type': 3, 'fast_path_timeout': 100, 'k': 3}
2026-02-03 20:15:49,566 - cmab.trainer - INFO - Iteration 56 reward=1.261215 avg_reward(20)=0.981226 last_metrics=epoch_20_slot_2415.json top_arm=batch_size=100000,header_size=64,cut_condition_type=3,fast_path_timeout=100,k=3 top_ratio=0.15
2026-02-03 20:15:49,717 - cmab.trainer - INFO - Saved checkpoint: /tmp/cmab_continuous_checkpoints/cmab_checkpoint_20.pkl
2026-02-03 20:15:49,720 - cmab.policy - INFO - ================================================================================
2026-02-03 20:15:49,720 - cmab.policy - INFO - SELECT ARM - Detailed Prediction Analysis
2026-02-03 20:15:49,720 - cmab.policy - INFO - Context: [34.152718 39.84484  36.99878  36.99878   1.      ]
2026-02-03 20:15:49,720 - cmab.policy - INFO - Number of trees in forest: 10
2026-02-03 20:15:49,720 - cmab.policy - INFO - 
2026-02-03 20:15:49,720 - cmab.policy - INFO - Prediction statistics across all trees:
2026-02-03 20:15:49,720 - cmab.policy - INFO -   Mean predictions (top 5 arms): [1.080094, 1.046661, 1.035072, 1.010369, 1.002030]
2026-02-03 20:15:49,720 - cmab.policy - INFO -   Std predictions (top 5 arms): [0.243623, 0.228526, 0.278001, 0.288320, 0.295775]
2026-02-03 20:15:49,720 - cmab.policy - INFO - 
2026-02-03 20:15:49,720 - cmab.policy - INFO - Top 5 arms by mean prediction:
2026-02-03 20:15:49,720 - cmab.policy - INFO -   #1: arm=batch_size=100000,header_size=64,cut_condition_type=3,fast_path_timeout=400,k=3, mean=1.080094, std=0.243623
2026-02-03 20:15:49,720 - cmab.policy - INFO -   #2: arm=batch_size=100000,header_size=64,cut_condition_type=1,fast_path_timeout=400,k=3, mean=1.046661, std=0.228526
2026-02-03 20:15:49,720 - cmab.policy - INFO -   #3: arm=batch_size=100000,header_size=64,cut_condition_type=3,fast_path_timeout=100,k=3, mean=1.035072, std=0.278001
2026-02-03 20:15:49,720 - cmab.policy - INFO -   #4: arm=batch_size=100000,header_size=128,cut_condition_type=3,fast_path_timeout=400,k=3, mean=1.010369, std=0.288320
2026-02-03 20:15:49,720 - cmab.policy - INFO -   #5: arm=batch_size=100000,header_size=64,cut_condition_type=3,fast_path_timeout=0,k=3, mean=1.002030, std=0.295775
2026-02-03 20:15:49,720 - cmab.policy - INFO - 
2026-02-03 20:15:49,720 - cmab.policy - INFO - Selected tree #6 for Thompson Sampling:
2026-02-03 20:15:49,720 - cmab.policy - INFO -   Tree depth: 7
2026-02-03 20:15:49,720 - cmab.policy - INFO -   Tree nodes: 27
2026-02-03 20:15:49,720 - cmab.policy - INFO -   Tree leaves: 14
2026-02-03 20:15:49,721 - cmab.policy - INFO -   Tree shape: (nodes=27, leaves=14, depth=7)
2026-02-03 20:15:49,721 - cmab.policy - INFO -   Tree feature importances: [0.02012561 0.         0.01703851 0.00858389 0.         0.70645703
 0.16125858 0.01293036 0.         0.07360603]
2026-02-03 20:15:49,722 - cmab.policy - INFO -   Forest feature importances: [0.01262133 0.02626993 0.05455005 0.03913333 0.00271245 0.6170989
 0.14197077 0.01536165 0.02878847 0.06149312]
2026-02-03 20:15:49,723 - cmab.policy - INFO -   Top 5 predictions from this tree:
2026-02-03 20:15:49,723 - cmab.policy - INFO -     #1: arm=batch_size=100000,header_size=64,cut_condition_type=3,fast_path_timeout=0,k=3, pred=1.434876
2026-02-03 20:15:49,723 - cmab.policy - INFO -     #2: arm=batch_size=100000,header_size=64,cut_condition_type=1,fast_path_timeout=0,k=3, pred=1.434876
2026-02-03 20:15:49,723 - cmab.policy - INFO -     #3: arm=batch_size=100000,header_size=128,cut_condition_type=1,fast_path_timeout=0,k=3, pred=1.434876
2026-02-03 20:15:49,723 - cmab.policy - INFO -     #4: arm=batch_size=100000,header_size=64,cut_condition_type=3,fast_path_timeout=400,k=3, pred=1.434876
2026-02-03 20:15:49,723 - cmab.policy - INFO -     #5: arm=batch_size=100000,header_size=128,cut_condition_type=1,fast_path_timeout=400,k=3, pred=1.434876
2026-02-03 20:15:49,723 - cmab.policy - INFO - 
2026-02-03 20:15:49,723 - cmab.policy - INFO -   Found 12 arms with same max prediction (1.434876), randomly selecting one...
2026-02-03 20:15:49,723 - cmab.policy - INFO - 
2026-02-03 20:15:49,723 - cmab.policy - INFO - ✓ SELECTED ARM: batch_size=100000,header_size=64,cut_condition_type=1,fast_path_timeout=0,k=3 (prediction=1.434876)
2026-02-03 20:15:49,723 - cmab.policy - INFO - ================================================================================
2026-02-03 20:15:49,725 - cmab.trainer - INFO - Updated parameters file: /home/ccclr0302/autobahn-test/benchmark/.parameters-0.json
2026-02-03 20:15:49,725 - cmab.trainer - INFO - 🚩 Created RL parameter update signal file (epoch 20): /tmp/autobahn_rl_param_update_20.signal
2026-02-03 20:15:49,725 - cmab.trainer - INFO - Applied params: {'batch_size': 100000, 'header_size': 64, 'cut_condition_type': 1, 'fast_path_timeout': 0, 'k': 3}
2026-02-03 20:15:49,725 - cmab.trainer - INFO - Waiting for next metrics file...
2026-02-03 20:15:53,637 - cmab.trainer - INFO - Iteration 57 : context=[34.152718 39.84484  36.99878  36.99878   1.      ] arm=batch_size=100000,header_size=64,cut_condition_type=1,fast_path_timeout=0,k=3 params={'batch_size': 100000, 'header_size': 64, 'cut_condition_type': 1, 'fast_path_timeout': 0, 'k': 3}
2026-02-03 20:15:53,637 - cmab.trainer - INFO - Iteration 57 reward=1.393386 avg_reward(20)=1.011786 last_metrics=epoch_21_slot_2535.json top_arm=batch_size=100000,header_size=64,cut_condition_type=3,fast_path_timeout=100,k=3 top_ratio=0.14
2026-02-03 20:15:53,640 - cmab.policy - INFO - ================================================================================
2026-02-03 20:15:53,640 - cmab.policy - INFO - SELECT ARM - Detailed Prediction Analysis
2026-02-03 20:15:53,640 - cmab.policy - INFO - Context: [34.22517  37.33655  31.113792 37.33655   0.      ]
2026-02-03 20:15:53,640 - cmab.policy - INFO - Number of trees in forest: 10
2026-02-03 20:15:53,640 - cmab.policy - INFO - 
2026-02-03 20:15:53,640 - cmab.policy - INFO - Prediction statistics across all trees:
2026-02-03 20:15:53,640 - cmab.policy - INFO -   Mean predictions (top 5 arms): [1.174069, 1.164346, 1.108066, 1.091162, 1.081440]
2026-02-03 20:15:53,640 - cmab.policy - INFO -   Std predictions (top 5 arms): [0.225452, 0.206686, 0.253663, 0.186069, 0.157797]
2026-02-03 20:15:53,640 - cmab.policy - INFO - 
2026-02-03 20:15:53,640 - cmab.policy - INFO - Top 5 arms by mean prediction:
2026-02-03 20:15:53,640 - cmab.policy - INFO -   #1: arm=batch_size=100000,header_size=64,cut_condition_type=3,fast_path_timeout=100,k=3, mean=1.174069, std=0.225452
2026-02-03 20:15:53,640 - cmab.policy - INFO -   #2: arm=batch_size=100000,header_size=64,cut_condition_type=3,fast_path_timeout=400,k=3, mean=1.164346, std=0.206686
2026-02-03 20:15:53,640 - cmab.policy - INFO -   #3: arm=batch_size=100000,header_size=64,cut_condition_type=3,fast_path_timeout=0,k=3, mean=1.108066, std=0.253663
2026-02-03 20:15:53,640 - cmab.policy - INFO -   #4: arm=batch_size=100000,header_size=64,cut_condition_type=1,fast_path_timeout=100,k=3, mean=1.091162, std=0.186069
2026-02-03 20:15:53,640 - cmab.policy - INFO -   #5: arm=batch_size=100000,header_size=64,cut_condition_type=1,fast_path_timeout=400,k=3, mean=1.081440, std=0.157797
2026-02-03 20:15:53,640 - cmab.policy - INFO - 
2026-02-03 20:15:53,640 - cmab.policy - INFO - Selected tree #9 for Thompson Sampling:
2026-02-03 20:15:53,640 - cmab.policy - INFO -   Tree depth: 7
2026-02-03 20:15:53,640 - cmab.policy - INFO -   Tree nodes: 29
2026-02-03 20:15:53,640 - cmab.policy - INFO -   Tree leaves: 15
2026-02-03 20:15:53,641 - cmab.policy - INFO -   Tree shape: (nodes=29, leaves=15, depth=7)
2026-02-03 20:15:53,641 - cmab.policy - INFO -   Tree feature importances: [0.01898677 0.04619513 0.         0.07182041 0.00105883 0.7069211
 0.06636177 0.00506595 0.08359004 0.        ]
2026-02-03 20:15:53,642 - cmab.policy - INFO -   Forest feature importances: [0.01262133 0.02626993 0.05455005 0.03913333 0.00271245 0.6170989
 0.14197077 0.01536165 0.02878847 0.06149312]
2026-02-03 20:15:53,643 - cmab.policy - INFO -   Top 5 predictions from this tree:
2026-02-03 20:15:53,643 - cmab.policy - INFO -     #1: arm=batch_size=100000,header_size=64,cut_condition_type=3,fast_path_timeout=400,k=1, pred=1.049798
2026-02-03 20:15:53,643 - cmab.policy - INFO -     #2: arm=batch_size=100000,header_size=64,cut_condition_type=1,fast_path_timeout=400,k=1, pred=1.049798
2026-02-03 20:15:53,643 - cmab.policy - INFO -     #3: arm=batch_size=100000,header_size=32,cut_condition_type=3,fast_path_timeout=400,k=3, pred=1.049798
2026-02-03 20:15:53,643 - cmab.policy - INFO -     #4: arm=batch_size=100000,header_size=32,cut_condition_type=3,fast_path_timeout=400,k=1, pred=1.049798
2026-02-03 20:15:53,643 - cmab.policy - INFO -     #5: arm=batch_size=100000,header_size=128,cut_condition_type=3,fast_path_timeout=400,k=3, pred=1.049798
2026-02-03 20:15:53,643 - cmab.policy - INFO - 
2026-02-03 20:15:53,643 - cmab.policy - INFO -   Found 12 arms with same max prediction (1.049798), randomly selecting one...
2026-02-03 20:15:53,643 - cmab.policy - INFO - 
2026-02-03 20:15:53,643 - cmab.policy - INFO - ✓ SELECTED ARM: batch_size=100000,header_size=128,cut_condition_type=1,fast_path_timeout=400,k=1 (prediction=1.049798)
2026-02-03 20:15:53,643 - cmab.policy - INFO - ================================================================================
2026-02-03 20:15:53,646 - cmab.trainer - INFO - Updated parameters file: /home/ccclr0302/autobahn-test/benchmark/.parameters-0.json
2026-02-03 20:15:53,646 - cmab.trainer - INFO - 🚩 Created RL parameter update signal file (epoch 21): /tmp/autobahn_rl_param_update_21.signal
2026-02-03 20:15:53,646 - cmab.trainer - INFO - Applied params: {'batch_size': 100000, 'header_size': 128, 'cut_condition_type': 1, 'fast_path_timeout': 400, 'k': 1}
2026-02-03 20:15:53,646 - cmab.trainer - INFO - Waiting for next metrics file...
2026-02-03 20:16:00,967 - cmab.trainer - INFO - Iteration 58 : context=[34.22517  37.33655  31.113792 37.33655   0.      ] arm=batch_size=100000,header_size=128,cut_condition_type=1,fast_path_timeout=400,k=1 params={'batch_size': 100000, 'header_size': 128, 'cut_condition_type': 1, 'fast_path_timeout': 400, 'k': 1}
2026-02-03 20:16:00,968 - cmab.trainer - INFO - Iteration 58 reward=0.324721 avg_reward(20)=0.989997 last_metrics=epoch_22_slot_2655.json top_arm=batch_size=100000,header_size=64,cut_condition_type=3,fast_path_timeout=100,k=3 top_ratio=0.14
2026-02-03 20:18:22,862 - __main__ - INFO - Starting Autobahn Continuous CMAB Training
2026-02-03 20:18:22,862 - __main__ - INFO - metrics_dir=/home/ccclr0302/autobahn/metrics-0 parameters_file=/home/ccclr0302/autobahn-test/benchmark/.parameters-0.json
2026-02-03 20:18:22,866 - __main__ - INFO - Loaded CMAB policy from /home/ccclr0302/autobahn-test/experiment-log/cmab_checkpoint_50.pkl
2026-02-03 20:18:22,866 - cmab.trainer - INFO - Initializing CMAB training loop...
2026-02-03 20:18:22,866 - cmab.trainer - INFO - Policy: rf_ts
2026-02-03 20:18:22,866 - cmab.trainer - INFO - Iterations: 200
2026-02-03 20:18:22,867 - cmab.trainer - INFO - No existing metrics file, waiting for epoch 0...
2026-02-03 20:18:48,936 - cmab.policy - INFO - ================================================================================
2026-02-03 20:18:48,936 - cmab.policy - INFO - SELECT ARM - Detailed Prediction Analysis
2026-02-03 20:18:48,936 - cmab.policy - INFO - Context: [4.5488744  0.50543046 4.2961593  2.2744372  0.        ]
2026-02-03 20:18:48,936 - cmab.policy - INFO - Number of trees in forest: 10
2026-02-03 20:18:48,936 - cmab.policy - INFO - 
2026-02-03 20:18:48,936 - cmab.policy - INFO - Prediction statistics across all trees:
2026-02-03 20:18:48,936 - cmab.policy - INFO -   Mean predictions (top 5 arms): [1.221989, 1.209737, 1.119911, 1.111236, 1.109947]
2026-02-03 20:18:48,936 - cmab.policy - INFO -   Std predictions (top 5 arms): [0.086572, 0.104467, 0.121650, 0.203788, 0.129007]
2026-02-03 20:18:48,936 - cmab.policy - INFO - 
2026-02-03 20:18:48,936 - cmab.policy - INFO - Top 5 arms by mean prediction:
2026-02-03 20:18:48,936 - cmab.policy - INFO -   #1: arm=batch_size=100000,header_size=64,cut_condition_type=3,fast_path_timeout=400,k=3, mean=1.221989, std=0.086572
2026-02-03 20:18:48,937 - cmab.policy - INFO -   #2: arm=batch_size=100000,header_size=64,cut_condition_type=3,fast_path_timeout=100,k=3, mean=1.209737, std=0.104467
2026-02-03 20:18:48,937 - cmab.policy - INFO -   #3: arm=batch_size=100000,header_size=64,cut_condition_type=1,fast_path_timeout=400,k=3, mean=1.119911, std=0.121650
2026-02-03 20:18:48,937 - cmab.policy - INFO -   #4: arm=batch_size=100000,header_size=64,cut_condition_type=3,fast_path_timeout=0,k=3, mean=1.111236, std=0.203788
2026-02-03 20:18:48,937 - cmab.policy - INFO -   #5: arm=batch_size=100000,header_size=64,cut_condition_type=1,fast_path_timeout=100,k=3, mean=1.109947, std=0.129007
2026-02-03 20:18:48,937 - cmab.policy - INFO - 
2026-02-03 20:18:48,937 - cmab.policy - INFO - Selected tree #6 for Thompson Sampling:
2026-02-03 20:18:48,937 - cmab.policy - INFO -   Tree depth: 7
2026-02-03 20:18:48,937 - cmab.policy - INFO -   Tree nodes: 27
2026-02-03 20:18:48,937 - cmab.policy - INFO -   Tree leaves: 14
2026-02-03 20:18:48,937 - cmab.policy - INFO -   Tree shape: (nodes=27, leaves=14, depth=7)
2026-02-03 20:18:48,937 - cmab.policy - INFO -   Tree feature importances: [0.02012561 0.         0.01703851 0.00858389 0.         0.70645703
 0.16125858 0.01293036 0.         0.07360603]
2026-02-03 20:18:48,939 - cmab.policy - INFO -   Forest feature importances: [0.01262133 0.02626993 0.05455005 0.03913333 0.00271245 0.6170989
 0.14197077 0.01536165 0.02878847 0.06149312]
2026-02-03 20:18:48,939 - cmab.policy - INFO -   Top 5 predictions from this tree:
2026-02-03 20:18:48,939 - cmab.policy - INFO -     #1: arm=batch_size=100000,header_size=64,cut_condition_type=3,fast_path_timeout=0,k=3, pred=1.078606
2026-02-03 20:18:48,939 - cmab.policy - INFO -     #2: arm=batch_size=100000,header_size=64,cut_condition_type=1,fast_path_timeout=0,k=3, pred=1.078606
2026-02-03 20:18:48,939 - cmab.policy - INFO -     #3: arm=batch_size=100000,header_size=128,cut_condition_type=1,fast_path_timeout=0,k=3, pred=1.078606
2026-02-03 20:18:48,939 - cmab.policy - INFO -     #4: arm=batch_size=100000,header_size=64,cut_condition_type=3,fast_path_timeout=400,k=3, pred=1.078606
2026-02-03 20:18:48,939 - cmab.policy - INFO -     #5: arm=batch_size=100000,header_size=128,cut_condition_type=1,fast_path_timeout=400,k=3, pred=1.078606
2026-02-03 20:18:48,939 - cmab.policy - INFO - 
2026-02-03 20:18:48,939 - cmab.policy - INFO -   Found 12 arms with same max prediction (1.078606), randomly selecting one...
2026-02-03 20:18:48,939 - cmab.policy - INFO - 
2026-02-03 20:18:48,939 - cmab.policy - INFO - ✓ SELECTED ARM: batch_size=100000,header_size=64,cut_condition_type=3,fast_path_timeout=100,k=3 (prediction=1.078606)
2026-02-03 20:18:48,939 - cmab.policy - INFO - ================================================================================
2026-02-03 20:18:48,943 - cmab.trainer - INFO - Updated parameters file: /home/ccclr0302/autobahn-test/benchmark/.parameters-0.json
2026-02-03 20:18:48,943 - cmab.trainer - INFO - 🚩 Created RL parameter update signal file (epoch 0): /tmp/autobahn_rl_param_update_0.signal
2026-02-03 20:18:48,943 - cmab.trainer - INFO - Applied params: {'batch_size': 100000, 'header_size': 64, 'cut_condition_type': 3, 'fast_path_timeout': 100, 'k': 3}
2026-02-03 20:18:48,943 - cmab.trainer - INFO - Waiting for next metrics file...
2026-02-03 20:18:53,956 - cmab.trainer - INFO - Iteration 59 : context=[4.5488744  0.50543046 4.2961593  2.2744372  0.        ] arm=batch_size=100000,header_size=64,cut_condition_type=3,fast_path_timeout=100,k=3 params={'batch_size': 100000, 'header_size': 64, 'cut_condition_type': 3, 'fast_path_timeout': 100, 'k': 3}
2026-02-03 20:18:53,957 - cmab.trainer - INFO - Iteration 59 reward=1.319587 avg_reward(20)=0.994204 last_metrics=epoch_1_slot_135.json top_arm=batch_size=100000,header_size=64,cut_condition_type=3,fast_path_timeout=100,k=3 top_ratio=1.00
2026-02-03 20:18:53,959 - cmab.policy - INFO - ================================================================================
2026-02-03 20:18:53,959 - cmab.policy - INFO - SELECT ARM - Detailed Prediction Analysis
2026-02-03 20:18:53,959 - cmab.policy - INFO - Context: [36.881306 39.71833  39.71833  39.71833   1.      ]
2026-02-03 20:18:53,960 - cmab.policy - INFO - Number of trees in forest: 10
2026-02-03 20:18:53,960 - cmab.policy - INFO - 
2026-02-03 20:18:53,960 - cmab.policy - INFO - Prediction statistics across all trees:
2026-02-03 20:18:53,960 - cmab.policy - INFO -   Mean predictions (top 5 arms): [1.229075, 1.229075, 1.195642, 1.195642, 1.137164]
2026-02-03 20:18:53,960 - cmab.policy - INFO -   Std predictions (top 5 arms): [0.183144, 0.183144, 0.190724, 0.190724, 0.244192]
2026-02-03 20:18:53,960 - cmab.policy - INFO - 
2026-02-03 20:18:53,960 - cmab.policy - INFO - Top 5 arms by mean prediction:
2026-02-03 20:18:53,960 - cmab.policy - INFO -   #1: arm=batch_size=100000,header_size=64,cut_condition_type=3,fast_path_timeout=400,k=3, mean=1.229075, std=0.183144
2026-02-03 20:18:53,960 - cmab.policy - INFO -   #2: arm=batch_size=100000,header_size=64,cut_condition_type=3,fast_path_timeout=100,k=3, mean=1.229075, std=0.183144
2026-02-03 20:18:53,960 - cmab.policy - INFO -   #3: arm=batch_size=100000,header_size=64,cut_condition_type=1,fast_path_timeout=400,k=3, mean=1.195642, std=0.190724
2026-02-03 20:18:53,960 - cmab.policy - INFO -   #4: arm=batch_size=100000,header_size=64,cut_condition_type=1,fast_path_timeout=100,k=3, mean=1.195642, std=0.190724
2026-02-03 20:18:53,960 - cmab.policy - INFO -   #5: arm=batch_size=100000,header_size=64,cut_condition_type=3,fast_path_timeout=0,k=3, mean=1.137164, std=0.244192
2026-02-03 20:18:53,960 - cmab.policy - INFO - 
2026-02-03 20:18:53,960 - cmab.policy - INFO - Selected tree #7 for Thompson Sampling:
2026-02-03 20:18:53,960 - cmab.policy - INFO -   Tree depth: 5
2026-02-03 20:18:53,960 - cmab.policy - INFO -   Tree nodes: 29
2026-02-03 20:18:53,960 - cmab.policy - INFO -   Tree leaves: 15
2026-02-03 20:18:53,960 - cmab.policy - INFO -   Tree shape: (nodes=29, leaves=15, depth=5)
2026-02-03 20:18:53,960 - cmab.policy - INFO -   Tree feature importances: [0.         0.06901569 0.13813947 0.08921415 0.         0.53491656
 0.10371381 0.02638316 0.00343565 0.03518152]
2026-02-03 20:18:53,962 - cmab.policy - INFO -   Forest feature importances: [0.01262133 0.02626993 0.05455005 0.03913333 0.00271245 0.6170989
 0.14197077 0.01536165 0.02878847 0.06149312]
2026-02-03 20:18:53,963 - cmab.policy - INFO -   Top 5 predictions from this tree:
2026-02-03 20:18:53,963 - cmab.policy - INFO -     #1: arm=batch_size=100000,header_size=32,cut_condition_type=1,fast_path_timeout=0,k=1, pred=0.934146
2026-02-03 20:18:53,963 - cmab.policy - INFO -     #2: arm=batch_size=100000,header_size=64,cut_condition_type=3,fast_path_timeout=0,k=1, pred=0.934146
2026-02-03 20:18:53,963 - cmab.policy - INFO -     #3: arm=batch_size=100000,header_size=64,cut_condition_type=3,fast_path_timeout=100,k=1, pred=0.934146
2026-02-03 20:18:53,963 - cmab.policy - INFO -     #4: arm=batch_size=100000,header_size=64,cut_condition_type=3,fast_path_timeout=100,k=3, pred=0.934146
2026-02-03 20:18:53,963 - cmab.policy - INFO -     #5: arm=batch_size=100000,header_size=64,cut_condition_type=3,fast_path_timeout=400,k=3, pred=0.934146
2026-02-03 20:18:53,963 - cmab.policy - INFO - 
2026-02-03 20:18:53,963 - cmab.policy - INFO -   Found 36 arms with same max prediction (0.934146), randomly selecting one...
2026-02-03 20:18:53,963 - cmab.policy - INFO - 
2026-02-03 20:18:53,963 - cmab.policy - INFO - ✓ SELECTED ARM: batch_size=100000,header_size=32,cut_condition_type=3,fast_path_timeout=100,k=1 (prediction=0.934146)
2026-02-03 20:18:53,963 - cmab.policy - INFO - ================================================================================
2026-02-03 20:18:53,966 - cmab.trainer - INFO - Updated parameters file: /home/ccclr0302/autobahn-test/benchmark/.parameters-0.json
2026-02-03 20:18:53,966 - cmab.trainer - INFO - 🚩 Created RL parameter update signal file (epoch 1): /tmp/autobahn_rl_param_update_1.signal
2026-02-03 20:18:53,966 - cmab.trainer - INFO - Applied params: {'batch_size': 100000, 'header_size': 32, 'cut_condition_type': 3, 'fast_path_timeout': 100, 'k': 1}
2026-02-03 20:18:53,966 - cmab.trainer - INFO - Waiting for next metrics file...
2026-02-03 20:18:58,879 - cmab.trainer - INFO - Iteration 60 : context=[36.881306 39.71833  39.71833  39.71833   1.      ] arm=batch_size=100000,header_size=32,cut_condition_type=3,fast_path_timeout=100,k=1 params={'batch_size': 100000, 'header_size': 32, 'cut_condition_type': 3, 'fast_path_timeout': 100, 'k': 1}
2026-02-03 20:18:58,880 - cmab.trainer - INFO - Iteration 60 reward=1.107702 avg_reward(20)=0.997003 last_metrics=epoch_2_slot_255.json top_arm=batch_size=100000,header_size=64,cut_condition_type=3,fast_path_timeout=100,k=3 top_ratio=0.50
2026-02-03 20:18:58,882 - cmab.policy - INFO - ================================================================================
2026-02-03 20:18:58,882 - cmab.policy - INFO - SELECT ARM - Detailed Prediction Analysis
2026-02-03 20:18:58,882 - cmab.policy - INFO - Context: [69.67999  77.14571  72.168564 75.90142   1.      ]
2026-02-03 20:18:58,882 - cmab.policy - INFO - Number of trees in forest: 10
2026-02-03 20:18:58,882 - cmab.policy - INFO - 
2026-02-03 20:18:58,882 - cmab.policy - INFO - Prediction statistics across all trees:
2026-02-03 20:18:58,882 - cmab.policy - INFO -   Mean predictions (top 5 arms): [1.229075, 1.229075, 1.195642, 1.195642, 1.137164]
2026-02-03 20:18:58,883 - cmab.policy - INFO -   Std predictions (top 5 arms): [0.183144, 0.183144, 0.190724, 0.190724, 0.244192]
2026-02-03 20:18:58,883 - cmab.policy - INFO - 
2026-02-03 20:18:58,883 - cmab.policy - INFO - Top 5 arms by mean prediction:
2026-02-03 20:18:58,883 - cmab.policy - INFO -   #1: arm=batch_size=100000,header_size=64,cut_condition_type=3,fast_path_timeout=400,k=3, mean=1.229075, std=0.183144
2026-02-03 20:18:58,883 - cmab.policy - INFO -   #2: arm=batch_size=100000,header_size=64,cut_condition_type=3,fast_path_timeout=100,k=3, mean=1.229075, std=0.183144
2026-02-03 20:18:58,883 - cmab.policy - INFO -   #3: arm=batch_size=100000,header_size=64,cut_condition_type=1,fast_path_timeout=400,k=3, mean=1.195642, std=0.190724
2026-02-03 20:18:58,883 - cmab.policy - INFO -   #4: arm=batch_size=100000,header_size=64,cut_condition_type=1,fast_path_timeout=100,k=3, mean=1.195642, std=0.190724
2026-02-03 20:18:58,883 - cmab.policy - INFO -   #5: arm=batch_size=100000,header_size=64,cut_condition_type=3,fast_path_timeout=0,k=3, mean=1.137164, std=0.244192
2026-02-03 20:18:58,883 - cmab.policy - INFO - 
2026-02-03 20:18:58,883 - cmab.policy - INFO - Selected tree #6 for Thompson Sampling:
2026-02-03 20:18:58,883 - cmab.policy - INFO -   Tree depth: 7
2026-02-03 20:18:58,883 - cmab.policy - INFO -   Tree nodes: 27
2026-02-03 20:18:58,883 - cmab.policy - INFO -   Tree leaves: 14
2026-02-03 20:18:58,883 - cmab.policy - INFO -   Tree shape: (nodes=27, leaves=14, depth=7)
2026-02-03 20:18:58,883 - cmab.policy - INFO -   Tree feature importances: [0.02012561 0.         0.01703851 0.00858389 0.         0.70645703
 0.16125858 0.01293036 0.         0.07360603]
2026-02-03 20:18:58,885 - cmab.policy - INFO -   Forest feature importances: [0.01262133 0.02626993 0.05455005 0.03913333 0.00271245 0.6170989
 0.14197077 0.01536165 0.02878847 0.06149312]
2026-02-03 20:18:58,885 - cmab.policy - INFO -   Top 5 predictions from this tree:
2026-02-03 20:18:58,885 - cmab.policy - INFO -     #1: arm=batch_size=100000,header_size=64,cut_condition_type=3,fast_path_timeout=0,k=3, pred=1.434876
2026-02-03 20:18:58,885 - cmab.policy - INFO -     #2: arm=batch_size=100000,header_size=64,cut_condition_type=1,fast_path_timeout=0,k=3, pred=1.434876
2026-02-03 20:18:58,885 - cmab.policy - INFO -     #3: arm=batch_size=100000,header_size=128,cut_condition_type=1,fast_path_timeout=0,k=3, pred=1.434876
2026-02-03 20:18:58,885 - cmab.policy - INFO -     #4: arm=batch_size=100000,header_size=64,cut_condition_type=3,fast_path_timeout=400,k=3, pred=1.434876
2026-02-03 20:18:58,885 - cmab.policy - INFO -     #5: arm=batch_size=100000,header_size=128,cut_condition_type=1,fast_path_timeout=400,k=3, pred=1.434876
2026-02-03 20:18:58,885 - cmab.policy - INFO - 
2026-02-03 20:18:58,885 - cmab.policy - INFO -   Found 12 arms with same max prediction (1.434876), randomly selecting one...
2026-02-03 20:18:58,885 - cmab.policy - INFO - 
2026-02-03 20:18:58,885 - cmab.policy - INFO - ✓ SELECTED ARM: batch_size=100000,header_size=128,cut_condition_type=3,fast_path_timeout=400,k=3 (prediction=1.434876)
2026-02-03 20:18:58,885 - cmab.policy - INFO - ================================================================================
2026-02-03 20:18:58,889 - cmab.trainer - INFO - Updated parameters file: /home/ccclr0302/autobahn-test/benchmark/.parameters-0.json
2026-02-03 20:18:58,889 - cmab.trainer - INFO - 🚩 Created RL parameter update signal file (epoch 2): /tmp/autobahn_rl_param_update_2.signal
2026-02-03 20:18:58,889 - cmab.trainer - INFO - Applied params: {'batch_size': 100000, 'header_size': 128, 'cut_condition_type': 3, 'fast_path_timeout': 400, 'k': 3}
2026-02-03 20:18:58,889 - cmab.trainer - INFO - Waiting for next metrics file...
2026-02-03 20:19:04,805 - cmab.trainer - INFO - Iteration 61 : context=[69.67999  77.14571  72.168564 75.90142   1.      ] arm=batch_size=100000,header_size=128,cut_condition_type=3,fast_path_timeout=400,k=3 params={'batch_size': 100000, 'header_size': 128, 'cut_condition_type': 3, 'fast_path_timeout': 400, 'k': 3}
2026-02-03 20:19:04,805 - cmab.trainer - INFO - Iteration 61 reward=0.831391 avg_reward(20)=0.998063 last_metrics=epoch_3_slot_375.json top_arm=batch_size=100000,header_size=64,cut_condition_type=3,fast_path_timeout=100,k=3 top_ratio=0.33
2026-02-03 20:19:04,808 - cmab.policy - INFO - ================================================================================
2026-02-03 20:19:04,808 - cmab.policy - INFO - SELECT ARM - Detailed Prediction Analysis
2026-02-03 20:19:04,808 - cmab.policy - INFO - Context: [18.63705  19.968267 19.968267 18.63705   1.      ]
2026-02-03 20:19:04,808 - cmab.policy - INFO - Number of trees in forest: 10
2026-02-03 20:19:04,808 - cmab.policy - INFO - 
2026-02-03 20:19:04,808 - cmab.policy - INFO - Prediction statistics across all trees:
2026-02-03 20:19:04,808 - cmab.policy - INFO -   Mean predictions (top 5 arms): [1.189390, 1.187925, 1.159117, 1.096741, 1.095918]
2026-02-03 20:19:04,808 - cmab.policy - INFO -   Std predictions (top 5 arms): [0.246924, 0.259169, 0.243886, 0.233647, 0.218359]
2026-02-03 20:19:04,808 - cmab.policy - INFO - 
2026-02-03 20:19:04,808 - cmab.policy - INFO - Top 5 arms by mean prediction:
2026-02-03 20:19:04,808 - cmab.policy - INFO -   #1: arm=batch_size=100000,header_size=64,cut_condition_type=3,fast_path_timeout=400,k=3, mean=1.189390, std=0.246924
2026-02-03 20:19:04,808 - cmab.policy - INFO -   #2: arm=batch_size=100000,header_size=64,cut_condition_type=3,fast_path_timeout=100,k=3, mean=1.187925, std=0.259169
2026-02-03 20:19:04,808 - cmab.policy - INFO -   #3: arm=batch_size=100000,header_size=64,cut_condition_type=3,fast_path_timeout=0,k=3, mean=1.159117, std=0.243886
2026-02-03 20:19:04,808 - cmab.policy - INFO -   #4: arm=batch_size=100000,header_size=64,cut_condition_type=1,fast_path_timeout=100,k=3, mean=1.096741, std=0.233647
2026-02-03 20:19:04,808 - cmab.policy - INFO -   #5: arm=batch_size=100000,header_size=64,cut_condition_type=1,fast_path_timeout=400,k=3, mean=1.095918, std=0.218359
2026-02-03 20:19:04,808 - cmab.policy - INFO - 
2026-02-03 20:19:04,808 - cmab.policy - INFO - Selected tree #6 for Thompson Sampling:
2026-02-03 20:19:04,809 - cmab.policy - INFO -   Tree depth: 7
2026-02-03 20:19:04,809 - cmab.policy - INFO -   Tree nodes: 27
2026-02-03 20:19:04,809 - cmab.policy - INFO -   Tree leaves: 14
2026-02-03 20:19:04,809 - cmab.policy - INFO -   Tree shape: (nodes=27, leaves=14, depth=7)
2026-02-03 20:19:04,809 - cmab.policy - INFO -   Tree feature importances: [0.02012561 0.         0.01703851 0.00858389 0.         0.70645703
 0.16125858 0.01293036 0.         0.07360603]
2026-02-03 20:19:04,812 - cmab.policy - INFO -   Forest feature importances: [0.01262133 0.02626993 0.05455005 0.03913333 0.00271245 0.6170989
 0.14197077 0.01536165 0.02878847 0.06149312]
2026-02-03 20:19:04,812 - cmab.policy - INFO -   Top 5 predictions from this tree:
2026-02-03 20:19:04,812 - cmab.policy - INFO -     #1: arm=batch_size=100000,header_size=64,cut_condition_type=3,fast_path_timeout=0,k=3, pred=1.299473
2026-02-03 20:19:04,812 - cmab.policy - INFO -     #2: arm=batch_size=100000,header_size=64,cut_condition_type=1,fast_path_timeout=0,k=3, pred=1.299473
2026-02-03 20:19:04,812 - cmab.policy - INFO -     #3: arm=batch_size=100000,header_size=128,cut_condition_type=1,fast_path_timeout=0,k=3, pred=1.299473
2026-02-03 20:19:04,812 - cmab.policy - INFO -     #4: arm=batch_size=100000,header_size=64,cut_condition_type=3,fast_path_timeout=400,k=3, pred=1.299473
2026-02-03 20:19:04,812 - cmab.policy - INFO -     #5: arm=batch_size=100000,header_size=128,cut_condition_type=1,fast_path_timeout=400,k=3, pred=1.299473
2026-02-03 20:19:04,812 - cmab.policy - INFO - 
2026-02-03 20:19:04,812 - cmab.policy - INFO -   Found 12 arms with same max prediction (1.299473), randomly selecting one...
2026-02-03 20:19:04,812 - cmab.policy - INFO - 
2026-02-03 20:19:04,812 - cmab.policy - INFO - ✓ SELECTED ARM: batch_size=100000,header_size=64,cut_condition_type=1,fast_path_timeout=100,k=3 (prediction=1.299473)
2026-02-03 20:19:04,812 - cmab.policy - INFO - ================================================================================
2026-02-03 20:19:04,815 - cmab.trainer - INFO - Updated parameters file: /home/ccclr0302/autobahn-test/benchmark/.parameters-0.json
2026-02-03 20:19:04,815 - cmab.trainer - INFO - 🚩 Created RL parameter update signal file (epoch 3): /tmp/autobahn_rl_param_update_3.signal
2026-02-03 20:19:04,815 - cmab.trainer - INFO - Applied params: {'batch_size': 100000, 'header_size': 64, 'cut_condition_type': 1, 'fast_path_timeout': 100, 'k': 3}
2026-02-03 20:19:04,816 - cmab.trainer - INFO - Waiting for next metrics file...
2026-02-03 20:19:08,526 - cmab.trainer - INFO - Iteration 62 : context=[18.63705  19.968267 19.968267 18.63705   1.      ] arm=batch_size=100000,header_size=64,cut_condition_type=1,fast_path_timeout=100,k=3 params={'batch_size': 100000, 'header_size': 64, 'cut_condition_type': 1, 'fast_path_timeout': 100, 'k': 3}
2026-02-03 20:19:08,526 - cmab.trainer - INFO - Iteration 62 reward=1.183741 avg_reward(20)=1.034831 last_metrics=epoch_4_slot_496.json top_arm=batch_size=100000,header_size=64,cut_condition_type=3,fast_path_timeout=100,k=3 top_ratio=0.25
2026-02-03 20:19:08,528 - cmab.policy - INFO - ================================================================================
2026-02-03 20:19:08,528 - cmab.policy - INFO - SELECT ARM - Detailed Prediction Analysis
2026-02-03 20:19:08,528 - cmab.policy - INFO - Context: [33.66966 37.41073 37.41073 37.41073  1.     ]
2026-02-03 20:19:08,529 - cmab.policy - INFO - Number of trees in forest: 10
2026-02-03 20:19:08,529 - cmab.policy - INFO - 
2026-02-03 20:19:08,529 - cmab.policy - INFO - Prediction statistics across all trees:
2026-02-03 20:19:08,529 - cmab.policy - INFO -   Mean predictions (top 5 arms): [1.108959, 1.075526, 1.063937, 1.039234, 1.030895]
2026-02-03 20:19:08,529 - cmab.policy - INFO -   Std predictions (top 5 arms): [0.204357, 0.191217, 0.249585, 0.263748, 0.272761]
2026-02-03 20:19:08,529 - cmab.policy - INFO - 
2026-02-03 20:19:08,529 - cmab.policy - INFO - Top 5 arms by mean prediction:
2026-02-03 20:19:08,529 - cmab.policy - INFO -   #1: arm=batch_size=100000,header_size=64,cut_condition_type=3,fast_path_timeout=400,k=3, mean=1.108959, std=0.204357
2026-02-03 20:19:08,529 - cmab.policy - INFO -   #2: arm=batch_size=100000,header_size=64,cut_condition_type=1,fast_path_timeout=400,k=3, mean=1.075526, std=0.191217
2026-02-03 20:19:08,529 - cmab.policy - INFO -   #3: arm=batch_size=100000,header_size=64,cut_condition_type=3,fast_path_timeout=100,k=3, mean=1.063937, std=0.249585
2026-02-03 20:19:08,529 - cmab.policy - INFO -   #4: arm=batch_size=100000,header_size=128,cut_condition_type=3,fast_path_timeout=400,k=3, mean=1.039234, std=0.263748
2026-02-03 20:19:08,529 - cmab.policy - INFO -   #5: arm=batch_size=100000,header_size=64,cut_condition_type=3,fast_path_timeout=0,k=3, mean=1.030895, std=0.272761
2026-02-03 20:19:08,529 - cmab.policy - INFO - 
2026-02-03 20:19:08,529 - cmab.policy - INFO - Selected tree #5 for Thompson Sampling:
2026-02-03 20:19:08,529 - cmab.policy - INFO -   Tree depth: 7
2026-02-03 20:19:08,529 - cmab.policy - INFO -   Tree nodes: 27
2026-02-03 20:19:08,529 - cmab.policy - INFO -   Tree leaves: 14
2026-02-03 20:19:08,529 - cmab.policy - INFO -   Tree shape: (nodes=27, leaves=14, depth=7)
2026-02-03 20:19:08,529 - cmab.policy - INFO -   Tree feature importances: [0.02344046 0.02071918 0.1004474  0.01919457 0.         0.62587097
 0.19519004 0.01097483 0.00158591 0.00257664]
2026-02-03 20:19:08,531 - cmab.policy - INFO -   Forest feature importances: [0.01262133 0.02626993 0.05455005 0.03913333 0.00271245 0.6170989
 0.14197077 0.01536165 0.02878847 0.06149312]
2026-02-03 20:19:08,531 - cmab.policy - INFO -   Top 5 predictions from this tree:
2026-02-03 20:19:08,531 - cmab.policy - INFO -     #1: arm=batch_size=100000,header_size=32,cut_condition_type=1,fast_path_timeout=0,k=1, pred=1.042305
2026-02-03 20:19:08,531 - cmab.policy - INFO -     #2: arm=batch_size=100000,header_size=64,cut_condition_type=1,fast_path_timeout=0,k=1, pred=1.042305
2026-02-03 20:19:08,531 - cmab.policy - INFO -     #3: arm=batch_size=100000,header_size=64,cut_condition_type=3,fast_path_timeout=400,k=3, pred=1.042305
2026-02-03 20:19:08,531 - cmab.policy - INFO -     #4: arm=batch_size=100000,header_size=64,cut_condition_type=3,fast_path_timeout=400,k=1, pred=1.042305
2026-02-03 20:19:08,531 - cmab.policy - INFO -     #5: arm=batch_size=100000,header_size=64,cut_condition_type=3,fast_path_timeout=100,k=3, pred=1.042305
2026-02-03 20:19:08,532 - cmab.policy - INFO - 
2026-02-03 20:19:08,532 - cmab.policy - INFO -   Found 24 arms with same max prediction (1.042305), randomly selecting one...
2026-02-03 20:19:08,532 - cmab.policy - INFO - 
2026-02-03 20:19:08,532 - cmab.policy - INFO - ✓ SELECTED ARM: batch_size=100000,header_size=32,cut_condition_type=3,fast_path_timeout=400,k=3 (prediction=1.042305)
2026-02-03 20:19:08,532 - cmab.policy - INFO - ================================================================================
2026-02-03 20:19:08,535 - cmab.trainer - INFO - Updated parameters file: /home/ccclr0302/autobahn-test/benchmark/.parameters-0.json
2026-02-03 20:19:08,535 - cmab.trainer - INFO - 🚩 Created RL parameter update signal file (epoch 4): /tmp/autobahn_rl_param_update_4.signal
2026-02-03 20:19:08,535 - cmab.trainer - INFO - Applied params: {'batch_size': 100000, 'header_size': 32, 'cut_condition_type': 3, 'fast_path_timeout': 400, 'k': 3}
2026-02-03 20:19:08,535 - cmab.trainer - INFO - Waiting for next metrics file...
[Parallel(n_jobs=1)]: Done  10 out of  10 | elapsed:    0.0s finished
[Parallel(n_jobs=1)]: Done  10 out of  10 | elapsed:    0.0s finished
2026-02-03 20:19:11,253 - cmab.policy - INFO - RF Updated: samples=55, MSE=0.017653
2026-02-03 20:19:11,253 - cmab.trainer - INFO - Iteration 63 : context=[33.66966 37.41073 37.41073 37.41073  1.     ] arm=batch_size=100000,header_size=32,cut_condition_type=3,fast_path_timeout=400,k=3 params={'batch_size': 100000, 'header_size': 32, 'cut_condition_type': 3, 'fast_path_timeout': 400, 'k': 3}
2026-02-03 20:19:11,254 - cmab.trainer - INFO - Iteration 63 reward=1.545047 avg_reward(20)=1.079811 last_metrics=epoch_5_slot_615.json top_arm=batch_size=100000,header_size=64,cut_condition_type=3,fast_path_timeout=100,k=3 top_ratio=0.20
2026-02-03 20:19:11,256 - cmab.policy - INFO - ================================================================================
2026-02-03 20:19:11,256 - cmab.policy - INFO - SELECT ARM - Detailed Prediction Analysis
2026-02-03 20:19:11,256 - cmab.policy - INFO - Context: [63.32655 79.99143 63.32655 66.65952  1.     ]
2026-02-03 20:19:11,256 - cmab.policy - INFO - Number of trees in forest: 10
2026-02-03 20:19:11,256 - cmab.policy - INFO - 
2026-02-03 20:19:11,256 - cmab.policy - INFO - Prediction statistics across all trees:
2026-02-03 20:19:11,256 - cmab.policy - INFO -   Mean predictions (top 5 arms): [1.104095, 1.104095, 1.104095, 1.104095, 1.091117]
2026-02-03 20:19:11,256 - cmab.policy - INFO -   Std predictions (top 5 arms): [0.138872, 0.138872, 0.138872, 0.138872, 0.130686]
2026-02-03 20:19:11,256 - cmab.policy - INFO - 
2026-02-03 20:19:11,257 - cmab.policy - INFO - Top 5 arms by mean prediction:
2026-02-03 20:19:11,257 - cmab.policy - INFO -   #1: arm=batch_size=100000,header_size=32,cut_condition_type=3,fast_path_timeout=100,k=1, mean=1.104095, std=0.138872
2026-02-03 20:19:11,257 - cmab.policy - INFO -   #2: arm=batch_size=100000,header_size=64,cut_condition_type=3,fast_path_timeout=400,k=1, mean=1.104095, std=0.138872
2026-02-03 20:19:11,257 - cmab.policy - INFO -   #3: arm=batch_size=100000,header_size=64,cut_condition_type=3,fast_path_timeout=100,k=1, mean=1.104095, std=0.138872
2026-02-03 20:19:11,257 - cmab.policy - INFO -   #4: arm=batch_size=100000,header_size=32,cut_condition_type=3,fast_path_timeout=400,k=1, mean=1.104095, std=0.138872
2026-02-03 20:19:11,257 - cmab.policy - INFO -   #5: arm=batch_size=100000,header_size=32,cut_condition_type=1,fast_path_timeout=100,k=1, mean=1.091117, std=0.130686
2026-02-03 20:19:11,257 - cmab.policy - INFO - 
2026-02-03 20:19:11,257 - cmab.policy - INFO - Selected tree #9 for Thompson Sampling:
2026-02-03 20:19:11,257 - cmab.policy - INFO -   Tree depth: 6
2026-02-03 20:19:11,257 - cmab.policy - INFO -   Tree nodes: 29
2026-02-03 20:19:11,257 - cmab.policy - INFO -   Tree leaves: 15
2026-02-03 20:19:11,257 - cmab.policy - INFO -   Tree shape: (nodes=29, leaves=15, depth=6)
2026-02-03 20:19:11,257 - cmab.policy - INFO -   Tree feature importances: [0.         0.0033309  0.08093104 0.03736608 0.00273154 0.59259354
 0.08589908 0.05705525 0.11402901 0.02606358]
2026-02-03 20:19:11,259 - cmab.policy - INFO -   Forest feature importances: [0.05767844 0.02493661 0.07974891 0.0209661  0.01428499 0.53614277
 0.17467629 0.03449463 0.04073284 0.01633841]
2026-02-03 20:19:11,259 - cmab.policy - INFO -   Top 5 predictions from this tree:
2026-02-03 20:19:11,259 - cmab.policy - INFO -     #1: arm=batch_size=100000,header_size=64,cut_condition_type=3,fast_path_timeout=400,k=1, pred=0.969547
2026-02-03 20:19:11,259 - cmab.policy - INFO -     #2: arm=batch_size=100000,header_size=32,cut_condition_type=3,fast_path_timeout=400,k=3, pred=0.969547
2026-02-03 20:19:11,259 - cmab.policy - INFO -     #3: arm=batch_size=100000,header_size=64,cut_condition_type=3,fast_path_timeout=400,k=3, pred=0.969547
2026-02-03 20:19:11,259 - cmab.policy - INFO -     #4: arm=batch_size=100000,header_size=128,cut_condition_type=1,fast_path_timeout=400,k=1, pred=0.969547
2026-02-03 20:19:11,259 - cmab.policy - INFO -     #5: arm=batch_size=100000,header_size=64,cut_condition_type=3,fast_path_timeout=100,k=3, pred=0.969547
2026-02-03 20:19:11,259 - cmab.policy - INFO - 
2026-02-03 20:19:11,259 - cmab.policy - INFO -   Found 24 arms with same max prediction (0.969547), randomly selecting one...
2026-02-03 20:19:11,259 - cmab.policy - INFO - 
2026-02-03 20:19:11,259 - cmab.policy - INFO - ✓ SELECTED ARM: batch_size=100000,header_size=128,cut_condition_type=3,fast_path_timeout=100,k=1 (prediction=0.969547)
2026-02-03 20:19:11,259 - cmab.policy - INFO - ================================================================================
2026-02-03 20:19:11,264 - cmab.trainer - INFO - Updated parameters file: /home/ccclr0302/autobahn-test/benchmark/.parameters-0.json
2026-02-03 20:19:11,264 - cmab.trainer - INFO - 🚩 Created RL parameter update signal file (epoch 5): /tmp/autobahn_rl_param_update_5.signal
2026-02-03 20:19:11,264 - cmab.trainer - INFO - Applied params: {'batch_size': 100000, 'header_size': 128, 'cut_condition_type': 3, 'fast_path_timeout': 100, 'k': 1}
2026-02-03 20:19:11,264 - cmab.trainer - INFO - Waiting for next metrics file...
2026-02-03 20:19:16,478 - cmab.trainer - INFO - Iteration 64 : context=[63.32655 79.99143 63.32655 66.65952  1.     ] arm=batch_size=100000,header_size=128,cut_condition_type=3,fast_path_timeout=100,k=1 params={'batch_size': 100000, 'header_size': 128, 'cut_condition_type': 3, 'fast_path_timeout': 100, 'k': 1}
2026-02-03 20:19:16,478 - cmab.trainer - INFO - Iteration 64 reward=0.787514 avg_reward(20)=1.079845 last_metrics=epoch_6_slot_735.json top_arm=batch_size=100000,header_size=64,cut_condition_type=3,fast_path_timeout=100,k=3 top_ratio=0.17
2026-02-03 20:19:16,481 - cmab.policy - INFO - ================================================================================
2026-02-03 20:19:16,481 - cmab.policy - INFO - SELECT ARM - Detailed Prediction Analysis
2026-02-03 20:19:16,481 - cmab.policy - INFO - Context: [17.342064 19.654339 19.654339 18.498201  1.      ]
2026-02-03 20:19:16,481 - cmab.policy - INFO - Number of trees in forest: 10
2026-02-03 20:19:16,481 - cmab.policy - INFO - 
2026-02-03 20:19:16,481 - cmab.policy - INFO - Prediction statistics across all trees:
2026-02-03 20:19:16,481 - cmab.policy - INFO -   Mean predictions (top 5 arms): [1.219679, 1.219679, 1.187346, 1.187346, 1.089898]
2026-02-03 20:19:16,481 - cmab.policy - INFO -   Std predictions (top 5 arms): [0.168985, 0.168985, 0.191081, 0.191081, 0.125525]
2026-02-03 20:19:16,481 - cmab.policy - INFO - 
2026-02-03 20:19:16,481 - cmab.policy - INFO - Top 5 arms by mean prediction:
2026-02-03 20:19:16,481 - cmab.policy - INFO -   #1: arm=batch_size=100000,header_size=64,cut_condition_type=3,fast_path_timeout=400,k=3, mean=1.219679, std=0.168985
2026-02-03 20:19:16,481 - cmab.policy - INFO -   #2: arm=batch_size=100000,header_size=64,cut_condition_type=3,fast_path_timeout=100,k=3, mean=1.219679, std=0.168985
2026-02-03 20:19:16,481 - cmab.policy - INFO -   #3: arm=batch_size=100000,header_size=64,cut_condition_type=3,fast_path_timeout=400,k=1, mean=1.187346, std=0.191081
2026-02-03 20:19:16,481 - cmab.policy - INFO -   #4: arm=batch_size=100000,header_size=64,cut_condition_type=3,fast_path_timeout=100,k=1, mean=1.187346, std=0.191081
2026-02-03 20:19:16,481 - cmab.policy - INFO -   #5: arm=batch_size=100000,header_size=64,cut_condition_type=1,fast_path_timeout=100,k=3, mean=1.089898, std=0.125525
2026-02-03 20:19:16,481 - cmab.policy - INFO - 
2026-02-03 20:19:16,481 - cmab.policy - INFO - Selected tree #5 for Thompson Sampling:
2026-02-03 20:19:16,481 - cmab.policy - INFO -   Tree depth: 6
2026-02-03 20:19:16,481 - cmab.policy - INFO -   Tree nodes: 25
2026-02-03 20:19:16,482 - cmab.policy - INFO -   Tree leaves: 13
2026-02-03 20:19:16,482 - cmab.policy - INFO -   Tree shape: (nodes=25, leaves=13, depth=6)
2026-02-03 20:19:16,482 - cmab.policy - INFO -   Tree feature importances: [0.06104725 0.00919758 0.03096273 0.05233214 0.         0.50371538
 0.09694493 0.12079984 0.09923256 0.02576759]
2026-02-03 20:19:16,483 - cmab.policy - INFO -   Forest feature importances: [0.05767844 0.02493661 0.07974891 0.0209661  0.01428499 0.53614277
 0.17467629 0.03449463 0.04073284 0.01633841]
2026-02-03 20:19:16,484 - cmab.policy - INFO -   Top 5 predictions from this tree:
2026-02-03 20:19:16,484 - cmab.policy - INFO -     #1: arm=batch_size=100000,header_size=32,cut_condition_type=3,fast_path_timeout=100,k=1, pred=1.493805
2026-02-03 20:19:16,484 - cmab.policy - INFO -     #2: arm=batch_size=100000,header_size=32,cut_condition_type=3,fast_path_timeout=400,k=3, pred=1.493805
2026-02-03 20:19:16,484 - cmab.policy - INFO -     #3: arm=batch_size=100000,header_size=32,cut_condition_type=3,fast_path_timeout=400,k=1, pred=1.493805
2026-02-03 20:19:16,484 - cmab.policy - INFO -     #4: arm=batch_size=100000,header_size=32,cut_condition_type=3,fast_path_timeout=100,k=3, pred=1.493805
2026-02-03 20:19:16,484 - cmab.policy - INFO -     #5: arm=batch_size=100000,header_size=128,cut_condition_type=3,fast_path_timeout=400,k=3, pred=1.312673
2026-02-03 20:19:16,484 - cmab.policy - INFO - 
2026-02-03 20:19:16,484 - cmab.policy - INFO -   Found 4 arms with same max prediction (1.493805), randomly selecting one...
2026-02-03 20:19:16,484 - cmab.policy - INFO - 
2026-02-03 20:19:16,484 - cmab.policy - INFO - ✓ SELECTED ARM: batch_size=100000,header_size=32,cut_condition_type=3,fast_path_timeout=100,k=3 (prediction=1.493805)
2026-02-03 20:19:16,484 - cmab.policy - INFO - ================================================================================
2026-02-03 20:19:16,488 - cmab.trainer - INFO - Updated parameters file: /home/ccclr0302/autobahn-test/benchmark/.parameters-0.json
2026-02-03 20:19:16,488 - cmab.trainer - INFO - 🚩 Created RL parameter update signal file (epoch 6): /tmp/autobahn_rl_param_update_6.signal
2026-02-03 20:19:16,488 - cmab.trainer - INFO - Applied params: {'batch_size': 100000, 'header_size': 32, 'cut_condition_type': 3, 'fast_path_timeout': 100, 'k': 3}
2026-02-03 20:19:16,488 - cmab.trainer - INFO - Waiting for next metrics file...
2026-02-03 20:19:21,301 - cmab.trainer - INFO - Iteration 65 : context=[17.342064 19.654339 19.654339 18.498201  1.      ] arm=batch_size=100000,header_size=32,cut_condition_type=3,fast_path_timeout=100,k=3 params={'batch_size': 100000, 'header_size': 32, 'cut_condition_type': 3, 'fast_path_timeout': 100, 'k': 3}
2026-02-03 20:19:21,302 - cmab.trainer - INFO - Iteration 65 reward=1.526044 avg_reward(20)=1.089573 last_metrics=epoch_7_slot_855.json top_arm=batch_size=100000,header_size=64,cut_condition_type=3,fast_path_timeout=100,k=3 top_ratio=0.14
2026-02-03 20:19:21,304 - cmab.policy - INFO - ================================================================================
2026-02-03 20:19:21,304 - cmab.policy - INFO - SELECT ARM - Detailed Prediction Analysis
2026-02-03 20:19:21,304 - cmab.policy - INFO - Context: [66.74141 80.08969 66.74141 66.74141  1.     ]
2026-02-03 20:19:21,304 - cmab.policy - INFO - Number of trees in forest: 10
2026-02-03 20:19:21,304 - cmab.policy - INFO - 
2026-02-03 20:19:21,304 - cmab.policy - INFO - Prediction statistics across all trees:
2026-02-03 20:19:21,304 - cmab.policy - INFO -   Mean predictions (top 5 arms): [1.104095, 1.104095, 1.104095, 1.104095, 1.091117]
2026-02-03 20:19:21,304 - cmab.policy - INFO -   Std predictions (top 5 arms): [0.138872, 0.138872, 0.138872, 0.138872, 0.130686]
2026-02-03 20:19:21,305 - cmab.policy - INFO - 
2026-02-03 20:19:21,305 - cmab.policy - INFO - Top 5 arms by mean prediction:
2026-02-03 20:19:21,305 - cmab.policy - INFO -   #1: arm=batch_size=100000,header_size=32,cut_condition_type=3,fast_path_timeout=100,k=1, mean=1.104095, std=0.138872
2026-02-03 20:19:21,305 - cmab.policy - INFO -   #2: arm=batch_size=100000,header_size=64,cut_condition_type=3,fast_path_timeout=400,k=1, mean=1.104095, std=0.138872
2026-02-03 20:19:21,305 - cmab.policy - INFO -   #3: arm=batch_size=100000,header_size=64,cut_condition_type=3,fast_path_timeout=100,k=1, mean=1.104095, std=0.138872
2026-02-03 20:19:21,305 - cmab.policy - INFO -   #4: arm=batch_size=100000,header_size=32,cut_condition_type=3,fast_path_timeout=400,k=1, mean=1.104095, std=0.138872
2026-02-03 20:19:21,305 - cmab.policy - INFO -   #5: arm=batch_size=100000,header_size=32,cut_condition_type=1,fast_path_timeout=100,k=1, mean=1.091117, std=0.130686
2026-02-03 20:19:21,305 - cmab.policy - INFO - 
2026-02-03 20:19:21,305 - cmab.policy - INFO - Selected tree #5 for Thompson Sampling:
2026-02-03 20:19:21,305 - cmab.policy - INFO -   Tree depth: 6
2026-02-03 20:19:21,305 - cmab.policy - INFO -   Tree nodes: 25
2026-02-03 20:19:21,305 - cmab.policy - INFO -   Tree leaves: 13
2026-02-03 20:19:21,305 - cmab.policy - INFO -   Tree shape: (nodes=25, leaves=13, depth=6)
2026-02-03 20:19:21,305 - cmab.policy - INFO -   Tree feature importances: [0.06104725 0.00919758 0.03096273 0.05233214 0.         0.50371538
 0.09694493 0.12079984 0.09923256 0.02576759]
2026-02-03 20:19:21,307 - cmab.policy - INFO -   Forest feature importances: [0.05767844 0.02493661 0.07974891 0.0209661  0.01428499 0.53614277
 0.17467629 0.03449463 0.04073284 0.01633841]
2026-02-03 20:19:21,307 - cmab.policy - INFO -   Top 5 predictions from this tree:
2026-02-03 20:19:21,307 - cmab.policy - INFO -     #1: arm=batch_size=100000,header_size=128,cut_condition_type=3,fast_path_timeout=400,k=3, pred=0.941631
2026-02-03 20:19:21,307 - cmab.policy - INFO -     #2: arm=batch_size=100000,header_size=64,cut_condition_type=1,fast_path_timeout=100,k=1, pred=0.941631
2026-02-03 20:19:21,307 - cmab.policy - INFO -     #3: arm=batch_size=100000,header_size=64,cut_condition_type=3,fast_path_timeout=400,k=3, pred=0.941631
2026-02-03 20:19:21,307 - cmab.policy - INFO -     #4: arm=batch_size=100000,header_size=128,cut_condition_type=1,fast_path_timeout=400,k=1, pred=0.941631
2026-02-03 20:19:21,307 - cmab.policy - INFO -     #5: arm=batch_size=100000,header_size=128,cut_condition_type=1,fast_path_timeout=400,k=3, pred=0.941631
2026-02-03 20:19:21,307 - cmab.policy - INFO - 
2026-02-03 20:19:21,307 - cmab.policy - INFO -   Found 24 arms with same max prediction (0.941631), randomly selecting one...
2026-02-03 20:19:21,307 - cmab.policy - INFO - 
2026-02-03 20:19:21,307 - cmab.policy - INFO - ✓ SELECTED ARM: batch_size=100000,header_size=32,cut_condition_type=1,fast_path_timeout=400,k=3 (prediction=0.941631)
2026-02-03 20:19:21,308 - cmab.policy - INFO - ================================================================================
2026-02-03 20:19:21,555 - cmab.trainer - INFO - Updated parameters file: /home/ccclr0302/autobahn-test/benchmark/.parameters-0.json
2026-02-03 20:19:21,555 - cmab.trainer - INFO - 🚩 Created RL parameter update signal file (epoch 7): /tmp/autobahn_rl_param_update_7.signal
2026-02-03 20:19:21,555 - cmab.trainer - INFO - Applied params: {'batch_size': 100000, 'header_size': 32, 'cut_condition_type': 1, 'fast_path_timeout': 400, 'k': 3}
2026-02-03 20:19:21,555 - cmab.trainer - INFO - Waiting for next metrics file...
2026-02-03 20:19:24,263 - cmab.trainer - WARNING - Detected abandon signal for epoch 8, using action from epoch 7 for update
2026-02-03 20:19:24,263 - cmab.trainer - INFO - Iteration 66 : context=[66.74141 80.08969 66.74141 66.74141  1.     ] arm=batch_size=100000,header_size=32,cut_condition_type=3,fast_path_timeout=100,k=3 params={'batch_size': 100000, 'header_size': 32, 'cut_condition_type': 3, 'fast_path_timeout': 100, 'k': 3}
2026-02-03 20:19:24,263 - cmab.trainer - INFO - Iteration 66 reward=1.330818 avg_reward(20)=1.084268 last_metrics=epoch_8_slot_975.json top_arm=batch_size=100000,header_size=64,cut_condition_type=3,fast_path_timeout=100,k=3 top_ratio=0.12
2026-02-03 20:19:24,266 - cmab.policy - INFO - ================================================================================
2026-02-03 20:19:24,266 - cmab.policy - INFO - SELECT ARM - Detailed Prediction Analysis
2026-02-03 20:19:24,266 - cmab.policy - INFO - Context: [70.0945  91.12285 63.08505 77.10395  1.     ]
2026-02-03 20:19:24,266 - cmab.policy - INFO - Number of trees in forest: 10
2026-02-03 20:19:24,266 - cmab.policy - INFO - 
2026-02-03 20:19:24,266 - cmab.policy - INFO - Prediction statistics across all trees:
2026-02-03 20:19:24,266 - cmab.policy - INFO -   Mean predictions (top 5 arms): [1.104095, 1.104095, 1.104095, 1.104095, 1.091117]
2026-02-03 20:19:24,266 - cmab.policy - INFO -   Std predictions (top 5 arms): [0.138872, 0.138872, 0.138872, 0.138872, 0.130686]
2026-02-03 20:19:24,266 - cmab.policy - INFO - 
2026-02-03 20:19:24,266 - cmab.policy - INFO - Top 5 arms by mean prediction:
2026-02-03 20:19:24,266 - cmab.policy - INFO -   #1: arm=batch_size=100000,header_size=32,cut_condition_type=3,fast_path_timeout=100,k=1, mean=1.104095, std=0.138872
2026-02-03 20:19:24,266 - cmab.policy - INFO -   #2: arm=batch_size=100000,header_size=64,cut_condition_type=3,fast_path_timeout=400,k=1, mean=1.104095, std=0.138872
2026-02-03 20:19:24,266 - cmab.policy - INFO -   #3: arm=batch_size=100000,header_size=64,cut_condition_type=3,fast_path_timeout=100,k=1, mean=1.104095, std=0.138872
2026-02-03 20:19:24,266 - cmab.policy - INFO -   #4: arm=batch_size=100000,header_size=32,cut_condition_type=3,fast_path_timeout=400,k=1, mean=1.104095, std=0.138872
2026-02-03 20:19:24,266 - cmab.policy - INFO -   #5: arm=batch_size=100000,header_size=32,cut_condition_type=1,fast_path_timeout=100,k=1, mean=1.091117, std=0.130686
2026-02-03 20:19:24,266 - cmab.policy - INFO - 
2026-02-03 20:19:24,266 - cmab.policy - INFO - Selected tree #9 for Thompson Sampling:
2026-02-03 20:19:24,267 - cmab.policy - INFO -   Tree depth: 6
2026-02-03 20:19:24,267 - cmab.policy - INFO -   Tree nodes: 29
2026-02-03 20:19:24,267 - cmab.policy - INFO -   Tree leaves: 15
2026-02-03 20:19:24,267 - cmab.policy - INFO -   Tree shape: (nodes=29, leaves=15, depth=6)
2026-02-03 20:19:24,267 - cmab.policy - INFO -   Tree feature importances: [0.         0.0033309  0.08093104 0.03736608 0.00273154 0.59259354
 0.08589908 0.05705525 0.11402901 0.02606358]
2026-02-03 20:19:24,268 - cmab.policy - INFO -   Forest feature importances: [0.05767844 0.02493661 0.07974891 0.0209661  0.01428499 0.53614277
 0.17467629 0.03449463 0.04073284 0.01633841]
2026-02-03 20:19:24,269 - cmab.policy - INFO -   Top 5 predictions from this tree:
2026-02-03 20:19:24,269 - cmab.policy - INFO -     #1: arm=batch_size=100000,header_size=64,cut_condition_type=3,fast_path_timeout=400,k=1, pred=0.969547
2026-02-03 20:19:24,269 - cmab.policy - INFO -     #2: arm=batch_size=100000,header_size=32,cut_condition_type=3,fast_path_timeout=400,k=3, pred=0.969547
2026-02-03 20:19:24,269 - cmab.policy - INFO -     #3: arm=batch_size=100000,header_size=64,cut_condition_type=3,fast_path_timeout=400,k=3, pred=0.969547
2026-02-03 20:19:24,269 - cmab.policy - INFO -     #4: arm=batch_size=100000,header_size=128,cut_condition_type=1,fast_path_timeout=400,k=1, pred=0.969547
2026-02-03 20:19:24,269 - cmab.policy - INFO -     #5: arm=batch_size=100000,header_size=64,cut_condition_type=3,fast_path_timeout=100,k=3, pred=0.969547
2026-02-03 20:19:24,269 - cmab.policy - INFO - 
2026-02-03 20:19:24,269 - cmab.policy - INFO -   Found 24 arms with same max prediction (0.969547), randomly selecting one...
2026-02-03 20:19:24,269 - cmab.policy - INFO - 
2026-02-03 20:19:24,269 - cmab.policy - INFO - ✓ SELECTED ARM: batch_size=100000,header_size=128,cut_condition_type=3,fast_path_timeout=400,k=1 (prediction=0.969547)
2026-02-03 20:19:24,269 - cmab.policy - INFO - ================================================================================
2026-02-03 20:19:24,435 - cmab.trainer - INFO - Updated parameters file: /home/ccclr0302/autobahn-test/benchmark/.parameters-0.json
2026-02-03 20:19:24,435 - cmab.trainer - INFO - 🚩 Created RL parameter update signal file (epoch 8): /tmp/autobahn_rl_param_update_8.signal
2026-02-03 20:19:24,436 - cmab.trainer - INFO - Applied params: {'batch_size': 100000, 'header_size': 128, 'cut_condition_type': 3, 'fast_path_timeout': 400, 'k': 1}
2026-02-03 20:19:24,436 - cmab.trainer - INFO - Waiting for next metrics file...
2026-02-03 20:19:26,943 - cmab.trainer - WARNING - Detected abandon signal for epoch 9, using action from epoch 8 for update
2026-02-03 20:19:26,943 - cmab.trainer - INFO - Iteration 67 : context=[70.0945  91.12285 63.08505 77.10395  1.     ] arm=batch_size=100000,header_size=32,cut_condition_type=3,fast_path_timeout=100,k=3 params={'batch_size': 100000, 'header_size': 32, 'cut_condition_type': 3, 'fast_path_timeout': 100, 'k': 3}
2026-02-03 20:19:26,943 - cmab.trainer - INFO - Iteration 67 reward=0.724369 avg_reward(20)=1.068203 last_metrics=epoch_9_slot_1095.json top_arm=batch_size=100000,header_size=64,cut_condition_type=3,fast_path_timeout=100,k=3 top_ratio=0.11
2026-02-03 20:19:26,946 - cmab.policy - INFO - ================================================================================
2026-02-03 20:19:26,946 - cmab.policy - INFO - SELECT ARM - Detailed Prediction Analysis
2026-02-03 20:19:26,946 - cmab.policy - INFO - Context: [30.173532 35.83107  32.05938  32.05938   1.      ]
2026-02-03 20:19:26,946 - cmab.policy - INFO - Number of trees in forest: 10
2026-02-03 20:19:26,946 - cmab.policy - INFO - 
2026-02-03 20:19:26,946 - cmab.policy - INFO - Prediction statistics across all trees:
2026-02-03 20:19:26,946 - cmab.policy - INFO -   Mean predictions (top 5 arms): [1.287016, 1.287016, 1.258524, 1.258524, 1.199370]
2026-02-03 20:19:26,946 - cmab.policy - INFO -   Std predictions (top 5 arms): [0.188107, 0.188107, 0.216186, 0.216186, 0.320624]
2026-02-03 20:19:26,946 - cmab.policy - INFO - 
2026-02-03 20:19:26,946 - cmab.policy - INFO - Top 5 arms by mean prediction:
2026-02-03 20:19:26,946 - cmab.policy - INFO -   #1: arm=batch_size=100000,header_size=64,cut_condition_type=3,fast_path_timeout=400,k=3, mean=1.287016, std=0.188107
2026-02-03 20:19:26,946 - cmab.policy - INFO -   #2: arm=batch_size=100000,header_size=64,cut_condition_type=3,fast_path_timeout=100,k=3, mean=1.287016, std=0.188107
2026-02-03 20:19:26,946 - cmab.policy - INFO -   #3: arm=batch_size=100000,header_size=64,cut_condition_type=3,fast_path_timeout=400,k=1, mean=1.258524, std=0.216186
2026-02-03 20:19:26,946 - cmab.policy - INFO -   #4: arm=batch_size=100000,header_size=64,cut_condition_type=3,fast_path_timeout=100,k=1, mean=1.258524, std=0.216186
2026-02-03 20:19:26,946 - cmab.policy - INFO -   #5: arm=batch_size=100000,header_size=32,cut_condition_type=3,fast_path_timeout=100,k=3, mean=1.199370, std=0.320624
2026-02-03 20:19:26,946 - cmab.policy - INFO - 
2026-02-03 20:19:26,946 - cmab.policy - INFO - Selected tree #10 for Thompson Sampling:
2026-02-03 20:19:26,946 - cmab.policy - INFO -   Tree depth: 7
2026-02-03 20:19:26,946 - cmab.policy - INFO -   Tree nodes: 29
2026-02-03 20:19:26,946 - cmab.policy - INFO -   Tree leaves: 15
2026-02-03 20:19:26,947 - cmab.policy - INFO -   Tree shape: (nodes=29, leaves=15, depth=7)
2026-02-03 20:19:26,947 - cmab.policy - INFO -   Tree feature importances: [0.0063827  0.00570717 0.09709418 0.08946129 0.         0.66723743
 0.11944238 0.         0.0055814  0.00909344]
2026-02-03 20:19:26,948 - cmab.policy - INFO -   Forest feature importances: [0.05767844 0.02493661 0.07974891 0.0209661  0.01428499 0.53614277
 0.17467629 0.03449463 0.04073284 0.01633841]
2026-02-03 20:19:26,949 - cmab.policy - INFO -   Top 5 predictions from this tree:
2026-02-03 20:19:26,949 - cmab.policy - INFO -     #1: arm=batch_size=100000,header_size=64,cut_condition_type=1,fast_path_timeout=400,k=3, pred=1.112627
2026-02-03 20:19:26,949 - cmab.policy - INFO -     #2: arm=batch_size=100000,header_size=128,cut_condition_type=3,fast_path_timeout=100,k=3, pred=1.112627
2026-02-03 20:19:26,949 - cmab.policy - INFO -     #3: arm=batch_size=100000,header_size=128,cut_condition_type=3,fast_path_timeout=0,k=3, pred=1.112627
2026-02-03 20:19:26,949 - cmab.policy - INFO -     #4: arm=batch_size=100000,header_size=128,cut_condition_type=1,fast_path_timeout=400,k=3, pred=1.112627
2026-02-03 20:19:26,949 - cmab.policy - INFO -     #5: arm=batch_size=100000,header_size=64,cut_condition_type=1,fast_path_timeout=100,k=3, pred=1.112627
2026-02-03 20:19:26,949 - cmab.policy - INFO - 
2026-02-03 20:19:26,949 - cmab.policy - INFO -   Found 12 arms with same max prediction (1.112627), randomly selecting one...
2026-02-03 20:19:26,949 - cmab.policy - INFO - 
2026-02-03 20:19:26,949 - cmab.policy - INFO - ✓ SELECTED ARM: batch_size=100000,header_size=64,cut_condition_type=1,fast_path_timeout=100,k=3 (prediction=1.112627)
2026-02-03 20:19:26,949 - cmab.policy - INFO - ================================================================================
2026-02-03 20:19:26,952 - cmab.trainer - INFO - Updated parameters file: /home/ccclr0302/autobahn-test/benchmark/.parameters-0.json
2026-02-03 20:19:26,953 - cmab.trainer - INFO - 🚩 Created RL parameter update signal file (epoch 9): /tmp/autobahn_rl_param_update_9.signal
2026-02-03 20:19:26,953 - cmab.trainer - INFO - Applied params: {'batch_size': 100000, 'header_size': 64, 'cut_condition_type': 1, 'fast_path_timeout': 100, 'k': 3}
2026-02-03 20:19:26,953 - cmab.trainer - INFO - Waiting for next metrics file...
2026-02-03 20:19:28,257 - cmab.trainer - WARNING - Detected abandon signal for epoch 10, using action from epoch 9 for update
[Parallel(n_jobs=1)]: Done  10 out of  10 | elapsed:    0.0s finished
[Parallel(n_jobs=1)]: Done  10 out of  10 | elapsed:    0.0s finished
2026-02-03 20:19:28,268 - cmab.policy - INFO - RF Updated: samples=60, MSE=0.016179
2026-02-03 20:19:28,268 - cmab.trainer - INFO - Iteration 68 : context=[30.173532 35.83107  32.05938  32.05938   1.      ] arm=batch_size=100000,header_size=32,cut_condition_type=3,fast_path_timeout=100,k=3 params={'batch_size': 100000, 'header_size': 32, 'cut_condition_type': 3, 'fast_path_timeout': 100, 'k': 3}
2026-02-03 20:19:28,268 - cmab.trainer - INFO - Iteration 68 reward=1.534036 avg_reward(20)=1.092001 last_metrics=epoch_10_slot_1215.json top_arm=batch_size=100000,header_size=64,cut_condition_type=1,fast_path_timeout=100,k=3 top_ratio=0.20
2026-02-03 20:19:28,500 - cmab.trainer - INFO - Saved checkpoint: /tmp/cmab_continuous_checkpoints/cmab_checkpoint_10.pkl
2026-02-03 20:19:28,555 - cmab.policy - INFO - ================================================================================
2026-02-03 20:19:28,679 - cmab.policy - INFO - SELECT ARM - Detailed Prediction Analysis
2026-02-03 20:19:28,679 - cmab.policy - INFO - Context: [63.720795 80.489426 57.013344 60.36707   1.      ]
2026-02-03 20:19:28,679 - cmab.policy - INFO - Number of trees in forest: 10
2026-02-03 20:19:28,679 - cmab.policy - INFO - 
2026-02-03 20:19:28,679 - cmab.policy - INFO - Prediction statistics across all trees:
2026-02-03 20:19:28,679 - cmab.policy - INFO -   Mean predictions (top 5 arms): [1.098227, 1.088722, 1.079393, 1.062475, 1.052970]
2026-02-03 20:19:28,680 - cmab.policy - INFO -   Std predictions (top 5 arms): [0.163241, 0.192497, 0.159354, 0.138911, 0.170365]
2026-02-03 20:19:28,680 - cmab.policy - INFO - 
2026-02-03 20:19:28,680 - cmab.policy - INFO - Top 5 arms by mean prediction:
2026-02-03 20:19:28,680 - cmab.policy - INFO -   #1: arm=batch_size=100000,header_size=64,cut_condition_type=3,fast_path_timeout=400,k=3, mean=1.098227, std=0.163241
2026-02-03 20:19:28,680 - cmab.policy - INFO -   #2: arm=batch_size=100000,header_size=64,cut_condition_type=1,fast_path_timeout=100,k=3, mean=1.088722, std=0.192497
2026-02-03 20:19:28,680 - cmab.policy - INFO -   #3: arm=batch_size=100000,header_size=64,cut_condition_type=1,fast_path_timeout=400,k=3, mean=1.079393, std=0.159354
2026-02-03 20:19:28,680 - cmab.policy - INFO -   #4: arm=batch_size=100000,header_size=64,cut_condition_type=3,fast_path_timeout=400,k=1, mean=1.062475, std=0.138911
2026-02-03 20:19:28,680 - cmab.policy - INFO -   #5: arm=batch_size=100000,header_size=64,cut_condition_type=1,fast_path_timeout=100,k=1, mean=1.052970, std=0.170365
2026-02-03 20:19:28,680 - cmab.policy - INFO - 
2026-02-03 20:19:28,680 - cmab.policy - INFO - Selected tree #9 for Thompson Sampling:
2026-02-03 20:19:28,680 - cmab.policy - INFO -   Tree depth: 6
2026-02-03 20:19:28,680 - cmab.policy - INFO -   Tree nodes: 33
2026-02-03 20:19:28,680 - cmab.policy - INFO -   Tree leaves: 17
2026-02-03 20:19:28,680 - cmab.policy - INFO -   Tree shape: (nodes=33, leaves=17, depth=6)
2026-02-03 20:19:28,680 - cmab.policy - INFO -   Tree feature importances: [0.05806212 0.01857799 0.         0.0181991  0.0250986  0.53403592
 0.27418586 0.         0.01138694 0.06045346]
2026-02-03 20:19:28,682 - cmab.policy - INFO -   Forest feature importances: [0.05209398 0.02649976 0.07082958 0.01714654 0.00884895 0.53644024
 0.14171468 0.02879062 0.07744539 0.04019026]
2026-02-03 20:19:28,682 - cmab.policy - INFO -   Top 5 predictions from this tree:
2026-02-03 20:19:28,682 - cmab.policy - INFO -     #1: arm=batch_size=100000,header_size=64,cut_condition_type=3,fast_path_timeout=100,k=3, pred=1.349073
2026-02-03 20:19:28,682 - cmab.policy - INFO -     #2: arm=batch_size=100000,header_size=64,cut_condition_type=1,fast_path_timeout=100,k=3, pred=1.349073
2026-02-03 20:19:28,682 - cmab.policy - INFO -     #3: arm=batch_size=100000,header_size=64,cut_condition_type=1,fast_path_timeout=0,k=3, pred=1.349073
2026-02-03 20:19:28,682 - cmab.policy - INFO -     #4: arm=batch_size=100000,header_size=64,cut_condition_type=3,fast_path_timeout=400,k=3, pred=1.349073
2026-02-03 20:19:28,682 - cmab.policy - INFO -     #5: arm=batch_size=100000,header_size=64,cut_condition_type=3,fast_path_timeout=0,k=3, pred=1.349073
2026-02-03 20:19:28,682 - cmab.policy - INFO - 
2026-02-03 20:19:28,682 - cmab.policy - INFO -   Found 6 arms with same max prediction (1.349073), randomly selecting one...
2026-02-03 20:19:28,682 - cmab.policy - INFO - 
2026-02-03 20:19:28,683 - cmab.policy - INFO - ✓ SELECTED ARM: batch_size=100000,header_size=64,cut_condition_type=1,fast_path_timeout=400,k=3 (prediction=1.349073)
2026-02-03 20:19:28,683 - cmab.policy - INFO - ================================================================================
2026-02-03 20:19:28,686 - cmab.trainer - INFO - Updated parameters file: /home/ccclr0302/autobahn-test/benchmark/.parameters-0.json
2026-02-03 20:19:28,686 - cmab.trainer - INFO - 🚩 Created RL parameter update signal file (epoch 10): /tmp/autobahn_rl_param_update_10.signal
2026-02-03 20:19:28,686 - cmab.trainer - INFO - Applied params: {'batch_size': 100000, 'header_size': 64, 'cut_condition_type': 1, 'fast_path_timeout': 400, 'k': 3}
2026-02-03 20:19:28,686 - cmab.trainer - INFO - Waiting for next metrics file...
2026-02-03 20:19:31,194 - cmab.trainer - INFO - Iteration 69 : context=[63.720795 80.489426 57.013344 60.36707   1.      ] arm=batch_size=100000,header_size=64,cut_condition_type=1,fast_path_timeout=400,k=3 params={'batch_size': 100000, 'header_size': 64, 'cut_condition_type': 1, 'fast_path_timeout': 400, 'k': 3}
2026-02-03 20:19:31,194 - cmab.trainer - INFO - Iteration 69 reward=1.252748 avg_reward(20)=1.124669 last_metrics=epoch_11_slot_1335.json top_arm=batch_size=100000,header_size=64,cut_condition_type=1,fast_path_timeout=100,k=3 top_ratio=0.18
2026-02-03 20:19:31,197 - cmab.policy - INFO - ================================================================================
2026-02-03 20:19:31,197 - cmab.policy - INFO - SELECT ARM - Detailed Prediction Analysis
2026-02-03 20:19:31,197 - cmab.policy - INFO - Context: [33.833824 41.35245  37.59314  37.59314   1.      ]
2026-02-03 20:19:31,197 - cmab.policy - INFO - Number of trees in forest: 10
2026-02-03 20:19:31,197 - cmab.policy - INFO - 
2026-02-03 20:19:31,197 - cmab.policy - INFO - Prediction statistics across all trees:
2026-02-03 20:19:31,197 - cmab.policy - INFO -   Mean predictions (top 5 arms): [1.351406, 1.306987, 1.262426, 1.253723, 1.218007]
2026-02-03 20:19:31,197 - cmab.policy - INFO -   Std predictions (top 5 arms): [0.230659, 0.237606, 0.358084, 0.129403, 0.351529]
2026-02-03 20:19:31,197 - cmab.policy - INFO - 
2026-02-03 20:19:31,197 - cmab.policy - INFO - Top 5 arms by mean prediction:
2026-02-03 20:19:31,197 - cmab.policy - INFO -   #1: arm=batch_size=100000,header_size=32,cut_condition_type=3,fast_path_timeout=400,k=3, mean=1.351406, std=0.230659
2026-02-03 20:19:31,197 - cmab.policy - INFO -   #2: arm=batch_size=100000,header_size=32,cut_condition_type=3,fast_path_timeout=400,k=1, mean=1.306987, std=0.237606
2026-02-03 20:19:31,197 - cmab.policy - INFO -   #3: arm=batch_size=100000,header_size=32,cut_condition_type=3,fast_path_timeout=100,k=3, mean=1.262426, std=0.358084
2026-02-03 20:19:31,197 - cmab.policy - INFO -   #4: arm=batch_size=100000,header_size=64,cut_condition_type=3,fast_path_timeout=400,k=3, mean=1.253723, std=0.129403
2026-02-03 20:19:31,197 - cmab.policy - INFO -   #5: arm=batch_size=100000,header_size=32,cut_condition_type=3,fast_path_timeout=100,k=1, mean=1.218007, std=0.351529
2026-02-03 20:19:31,197 - cmab.policy - INFO - 
2026-02-03 20:19:31,197 - cmab.policy - INFO - Selected tree #9 for Thompson Sampling:
2026-02-03 20:19:31,197 - cmab.policy - INFO -   Tree depth: 6
2026-02-03 20:19:31,197 - cmab.policy - INFO -   Tree nodes: 33
2026-02-03 20:19:31,198 - cmab.policy - INFO -   Tree leaves: 17
2026-02-03 20:19:31,198 - cmab.policy - INFO -   Tree shape: (nodes=33, leaves=17, depth=6)
2026-02-03 20:19:31,198 - cmab.policy - INFO -   Tree feature importances: [0.05806212 0.01857799 0.         0.0181991  0.0250986  0.53403592
 0.27418586 0.         0.01138694 0.06045346]
2026-02-03 20:19:31,199 - cmab.policy - INFO -   Forest feature importances: [0.05209398 0.02649976 0.07082958 0.01714654 0.00884895 0.53644024
 0.14171468 0.02879062 0.07744539 0.04019026]
2026-02-03 20:19:31,200 - cmab.policy - INFO -   Top 5 predictions from this tree:
2026-02-03 20:19:31,200 - cmab.policy - INFO -     #1: arm=batch_size=100000,header_size=64,cut_condition_type=1,fast_path_timeout=0,k=3, pred=1.349073
2026-02-03 20:19:31,200 - cmab.policy - INFO -     #2: arm=batch_size=100000,header_size=64,cut_condition_type=3,fast_path_timeout=400,k=3, pred=1.349073
2026-02-03 20:19:31,200 - cmab.policy - INFO -     #3: arm=batch_size=100000,header_size=64,cut_condition_type=3,fast_path_timeout=100,k=3, pred=1.349073
2026-02-03 20:19:31,200 - cmab.policy - INFO -     #4: arm=batch_size=100000,header_size=64,cut_condition_type=3,fast_path_timeout=0,k=3, pred=1.349073
2026-02-03 20:19:31,200 - cmab.policy - INFO -     #5: arm=batch_size=100000,header_size=64,cut_condition_type=1,fast_path_timeout=400,k=3, pred=1.349073
2026-02-03 20:19:31,200 - cmab.policy - INFO - 
2026-02-03 20:19:31,200 - cmab.policy - INFO -   Found 6 arms with same max prediction (1.349073), randomly selecting one...
2026-02-03 20:19:31,200 - cmab.policy - INFO - 
2026-02-03 20:19:31,200 - cmab.policy - INFO - ✓ SELECTED ARM: batch_size=100000,header_size=64,cut_condition_type=3,fast_path_timeout=100,k=3 (prediction=1.349073)
2026-02-03 20:19:31,200 - cmab.policy - INFO - ================================================================================
2026-02-03 20:19:31,203 - cmab.trainer - INFO - Updated parameters file: /home/ccclr0302/autobahn-test/benchmark/.parameters-0.json
2026-02-03 20:19:31,203 - cmab.trainer - INFO - 🚩 Created RL parameter update signal file (epoch 11): /tmp/autobahn_rl_param_update_11.signal
2026-02-03 20:19:31,204 - cmab.trainer - INFO - Applied params: {'batch_size': 100000, 'header_size': 64, 'cut_condition_type': 3, 'fast_path_timeout': 100, 'k': 3}
2026-02-03 20:19:31,204 - cmab.trainer - INFO - Waiting for next metrics file...
2026-02-03 20:19:33,610 - cmab.trainer - INFO - Iteration 70 : context=[33.833824 41.35245  37.59314  37.59314   1.      ] arm=batch_size=100000,header_size=64,cut_condition_type=3,fast_path_timeout=100,k=3 params={'batch_size': 100000, 'header_size': 64, 'cut_condition_type': 3, 'fast_path_timeout': 100, 'k': 3}
2026-02-03 20:19:33,611 - cmab.trainer - INFO - Iteration 70 reward=1.335363 avg_reward(20)=1.159013 last_metrics=epoch_12_slot_1455.json top_arm=batch_size=100000,header_size=64,cut_condition_type=3,fast_path_timeout=100,k=3 top_ratio=0.17
2026-02-03 20:19:33,613 - cmab.policy - INFO - ================================================================================
2026-02-03 20:19:33,613 - cmab.policy - INFO - SELECT ARM - Detailed Prediction Analysis
2026-02-03 20:19:33,613 - cmab.policy - INFO - Context: [39.200325 45.73371  39.200325 39.200325  1.      ]
2026-02-03 20:19:33,613 - cmab.policy - INFO - Number of trees in forest: 10
2026-02-03 20:19:33,614 - cmab.policy - INFO - 
2026-02-03 20:19:33,614 - cmab.policy - INFO - Prediction statistics across all trees:
2026-02-03 20:19:33,614 - cmab.policy - INFO -   Mean predictions (top 5 arms): [1.110755, 1.105626, 1.100911, 1.085537, 1.053580]
2026-02-03 20:19:33,614 - cmab.policy - INFO -   Std predictions (top 5 arms): [0.158700, 0.175676, 0.132370, 0.180311, 0.248161]
2026-02-03 20:19:33,614 - cmab.policy - INFO - 
2026-02-03 20:19:33,614 - cmab.policy - INFO - Top 5 arms by mean prediction:
2026-02-03 20:19:33,614 - cmab.policy - INFO -   #1: arm=batch_size=100000,header_size=32,cut_condition_type=3,fast_path_timeout=400,k=1, mean=1.110755, std=0.158700
2026-02-03 20:19:33,614 - cmab.policy - INFO -   #2: arm=batch_size=100000,header_size=64,cut_condition_type=3,fast_path_timeout=400,k=3, mean=1.105626, std=0.175676
2026-02-03 20:19:33,614 - cmab.policy - INFO -   #3: arm=batch_size=100000,header_size=64,cut_condition_type=3,fast_path_timeout=400,k=1, mean=1.100911, std=0.132370
2026-02-03 20:19:33,614 - cmab.policy - INFO -   #4: arm=batch_size=100000,header_size=32,cut_condition_type=3,fast_path_timeout=400,k=3, mean=1.085537, std=0.180311
2026-02-03 20:19:33,614 - cmab.policy - INFO -   #5: arm=batch_size=100000,header_size=32,cut_condition_type=3,fast_path_timeout=100,k=1, mean=1.053580, std=0.248161
2026-02-03 20:19:33,614 - cmab.policy - INFO - 
2026-02-03 20:19:33,614 - cmab.policy - INFO - Selected tree #6 for Thompson Sampling:
2026-02-03 20:19:33,614 - cmab.policy - INFO -   Tree depth: 7
2026-02-03 20:19:33,614 - cmab.policy - INFO -   Tree nodes: 33
2026-02-03 20:19:33,614 - cmab.policy - INFO -   Tree leaves: 17
2026-02-03 20:19:33,614 - cmab.policy - INFO -   Tree shape: (nodes=33, leaves=17, depth=7)
2026-02-03 20:19:33,614 - cmab.policy - INFO -   Tree feature importances: [0.02368708 0.00096547 0.04983412 0.02132689 0.         0.52474371
 0.09774899 0.00588636 0.02883229 0.24697509]
2026-02-03 20:19:33,616 - cmab.policy - INFO -   Forest feature importances: [0.05209398 0.02649976 0.07082958 0.01714654 0.00884895 0.53644024
 0.14171468 0.02879062 0.07744539 0.04019026]
2026-02-03 20:19:33,616 - cmab.policy - INFO -   Top 5 predictions from this tree:
2026-02-03 20:19:33,616 - cmab.policy - INFO -     #1: arm=batch_size=100000,header_size=32,cut_condition_type=1,fast_path_timeout=0,k=1, pred=1.070481
2026-02-03 20:19:33,616 - cmab.policy - INFO -     #2: arm=batch_size=100000,header_size=32,cut_condition_type=3,fast_path_timeout=100,k=1, pred=1.070481
2026-02-03 20:19:33,616 - cmab.policy - INFO -     #3: arm=batch_size=100000,header_size=64,cut_condition_type=3,fast_path_timeout=100,k=1, pred=1.070481
2026-02-03 20:19:33,616 - cmab.policy - INFO -     #4: arm=batch_size=100000,header_size=64,cut_condition_type=3,fast_path_timeout=0,k=1, pred=1.070481
2026-02-03 20:19:33,616 - cmab.policy - INFO -     #5: arm=batch_size=100000,header_size=64,cut_condition_type=1,fast_path_timeout=400,k=1, pred=1.070481
2026-02-03 20:19:33,616 - cmab.policy - INFO - 
2026-02-03 20:19:33,616 - cmab.policy - INFO -   Found 12 arms with same max prediction (1.070481), randomly selecting one...
2026-02-03 20:19:33,616 - cmab.policy - INFO - 
2026-02-03 20:19:33,616 - cmab.policy - INFO - ✓ SELECTED ARM: batch_size=100000,header_size=32,cut_condition_type=1,fast_path_timeout=0,k=1 (prediction=1.070481)
2026-02-03 20:19:33,616 - cmab.policy - INFO - ================================================================================
2026-02-03 20:19:34,386 - cmab.trainer - INFO - Updated parameters file: /home/ccclr0302/autobahn-test/benchmark/.parameters-0.json
2026-02-03 20:19:34,387 - cmab.trainer - INFO - 🚩 Created RL parameter update signal file (epoch 12): /tmp/autobahn_rl_param_update_12.signal
2026-02-03 20:19:34,387 - cmab.trainer - INFO - Applied params: {'batch_size': 100000, 'header_size': 32, 'cut_condition_type': 1, 'fast_path_timeout': 0, 'k': 1}
2026-02-03 20:19:34,387 - cmab.trainer - INFO - Waiting for next metrics file...
2026-02-03 20:19:39,601 - cmab.trainer - INFO - Iteration 71 : context=[39.200325 45.73371  39.200325 39.200325  1.      ] arm=batch_size=100000,header_size=32,cut_condition_type=1,fast_path_timeout=0,k=1 params={'batch_size': 100000, 'header_size': 32, 'cut_condition_type': 1, 'fast_path_timeout': 0, 'k': 1}
2026-02-03 20:19:39,602 - cmab.trainer - INFO - Iteration 71 reward=0.893379 avg_reward(20)=1.139211 last_metrics=epoch_13_slot_1575.json top_arm=batch_size=100000,header_size=64,cut_condition_type=3,fast_path_timeout=100,k=3 top_ratio=0.15
2026-02-03 20:19:39,604 - cmab.policy - INFO - ================================================================================
2026-02-03 20:19:39,604 - cmab.policy - INFO - SELECT ARM - Detailed Prediction Analysis
2026-02-03 20:19:39,604 - cmab.policy - INFO - Context: [68.13271  71.597084 71.597084 66.97792   0.      ]
2026-02-03 20:19:39,605 - cmab.policy - INFO - Number of trees in forest: 10
2026-02-03 20:19:39,605 - cmab.policy - INFO - 
2026-02-03 20:19:39,605 - cmab.policy - INFO - Prediction statistics across all trees:
2026-02-03 20:19:39,605 - cmab.policy - INFO -   Mean predictions (top 5 arms): [1.051878, 1.050917, 1.046059, 1.045099, 1.042372]
2026-02-03 20:19:39,605 - cmab.policy - INFO -   Std predictions (top 5 arms): [0.150760, 0.151843, 0.148794, 0.149854, 0.179597]
2026-02-03 20:19:39,605 - cmab.policy - INFO - 
2026-02-03 20:19:39,605 - cmab.policy - INFO - Top 5 arms by mean prediction:
2026-02-03 20:19:39,605 - cmab.policy - INFO -   #1: arm=batch_size=100000,header_size=64,cut_condition_type=3,fast_path_timeout=400,k=3, mean=1.051878, std=0.150760
2026-02-03 20:19:39,605 - cmab.policy - INFO -   #2: arm=batch_size=100000,header_size=32,cut_condition_type=3,fast_path_timeout=400,k=3, mean=1.050917, std=0.151843
2026-02-03 20:19:39,605 - cmab.policy - INFO -   #3: arm=batch_size=100000,header_size=64,cut_condition_type=3,fast_path_timeout=400,k=1, mean=1.046059, std=0.148794
2026-02-03 20:19:39,605 - cmab.policy - INFO -   #4: arm=batch_size=100000,header_size=32,cut_condition_type=3,fast_path_timeout=400,k=1, mean=1.045099, std=0.149854
2026-02-03 20:19:39,605 - cmab.policy - INFO -   #5: arm=batch_size=100000,header_size=64,cut_condition_type=1,fast_path_timeout=100,k=3, mean=1.042372, std=0.179597
2026-02-03 20:19:39,605 - cmab.policy - INFO - 
2026-02-03 20:19:39,605 - cmab.policy - INFO - Selected tree #5 for Thompson Sampling:
2026-02-03 20:19:39,605 - cmab.policy - INFO -   Tree depth: 7
2026-02-03 20:19:39,605 - cmab.policy - INFO -   Tree nodes: 31
2026-02-03 20:19:39,605 - cmab.policy - INFO -   Tree leaves: 16
2026-02-03 20:19:39,605 - cmab.policy - INFO -   Tree shape: (nodes=31, leaves=16, depth=7)
2026-02-03 20:19:39,605 - cmab.policy - INFO -   Tree feature importances: [0.04483593 0.         0.01539682 0.02314971 0.0069065  0.52544775
 0.2014651  0.03327219 0.11386341 0.03566258]
2026-02-03 20:19:39,607 - cmab.policy - INFO -   Forest feature importances: [0.05209398 0.02649976 0.07082958 0.01714654 0.00884895 0.53644024
 0.14171468 0.02879062 0.07744539 0.04019026]
2026-02-03 20:19:39,607 - cmab.policy - INFO -   Top 5 predictions from this tree:
2026-02-03 20:19:39,607 - cmab.policy - INFO -     #1: arm=batch_size=100000,header_size=32,cut_condition_type=3,fast_path_timeout=400,k=1, pred=1.120282
2026-02-03 20:19:39,607 - cmab.policy - INFO -     #2: arm=batch_size=100000,header_size=32,cut_condition_type=3,fast_path_timeout=100,k=3, pred=1.120282
2026-02-03 20:19:39,607 - cmab.policy - INFO -     #3: arm=batch_size=100000,header_size=64,cut_condition_type=3,fast_path_timeout=400,k=1, pred=1.120282
2026-02-03 20:19:39,608 - cmab.policy - INFO -     #4: arm=batch_size=100000,header_size=64,cut_condition_type=3,fast_path_timeout=400,k=3, pred=1.120282
2026-02-03 20:19:39,608 - cmab.policy - INFO -     #5: arm=batch_size=100000,header_size=64,cut_condition_type=1,fast_path_timeout=400,k=3, pred=1.120282
2026-02-03 20:19:39,608 - cmab.policy - INFO - 
2026-02-03 20:19:39,608 - cmab.policy - INFO -   Found 16 arms with same max prediction (1.120282), randomly selecting one...
2026-02-03 20:19:39,608 - cmab.policy - INFO - 
2026-02-03 20:19:39,608 - cmab.policy - INFO - ✓ SELECTED ARM: batch_size=100000,header_size=64,cut_condition_type=3,fast_path_timeout=400,k=1 (prediction=1.120282)
2026-02-03 20:19:39,608 - cmab.policy - INFO - ================================================================================
2026-02-03 20:19:40,149 - cmab.trainer - INFO - Updated parameters file: /home/ccclr0302/autobahn-test/benchmark/.parameters-0.json
2026-02-03 20:19:40,149 - cmab.trainer - INFO - 🚩 Created RL parameter update signal file (epoch 13): /tmp/autobahn_rl_param_update_13.signal
2026-02-03 20:19:40,149 - cmab.trainer - INFO - Applied params: {'batch_size': 100000, 'header_size': 64, 'cut_condition_type': 3, 'fast_path_timeout': 400, 'k': 1}
2026-02-03 20:19:40,149 - cmab.trainer - INFO - Waiting for next metrics file...
2026-02-03 20:19:47,770 - cmab.trainer - INFO - Iteration 72 : context=[68.13271  71.597084 71.597084 66.97792   0.      ] arm=batch_size=100000,header_size=64,cut_condition_type=3,fast_path_timeout=400,k=1 params={'batch_size': 100000, 'header_size': 64, 'cut_condition_type': 3, 'fast_path_timeout': 400, 'k': 1}
2026-02-03 20:19:47,770 - cmab.trainer - INFO - Iteration 72 reward=0.937835 avg_reward(20)=1.114462 last_metrics=epoch_14_slot_1695.json top_arm=batch_size=100000,header_size=64,cut_condition_type=3,fast_path_timeout=100,k=3 top_ratio=0.14
2026-02-03 20:19:47,772 - cmab.policy - INFO - ================================================================================
2026-02-03 20:19:47,773 - cmab.policy - INFO - SELECT ARM - Detailed Prediction Analysis
2026-02-03 20:19:47,773 - cmab.policy - INFO - Context: [36.201344 39.946312 38.69799  38.69799   1.      ]
2026-02-03 20:19:47,773 - cmab.policy - INFO - Number of trees in forest: 10
2026-02-03 20:19:47,773 - cmab.policy - INFO - 
2026-02-03 20:19:47,773 - cmab.policy - INFO - Prediction statistics across all trees:
2026-02-03 20:19:47,773 - cmab.policy - INFO -   Mean predictions (top 5 arms): [1.110755, 1.105626, 1.100911, 1.085537, 1.053580]
2026-02-03 20:19:47,773 - cmab.policy - INFO -   Std predictions (top 5 arms): [0.158700, 0.175676, 0.132370, 0.180311, 0.248161]
2026-02-03 20:19:47,773 - cmab.policy - INFO - 
2026-02-03 20:19:47,773 - cmab.policy - INFO - Top 5 arms by mean prediction:
2026-02-03 20:19:47,773 - cmab.policy - INFO -   #1: arm=batch_size=100000,header_size=32,cut_condition_type=3,fast_path_timeout=400,k=1, mean=1.110755, std=0.158700
2026-02-03 20:19:47,773 - cmab.policy - INFO -   #2: arm=batch_size=100000,header_size=64,cut_condition_type=3,fast_path_timeout=400,k=3, mean=1.105626, std=0.175676
2026-02-03 20:19:47,773 - cmab.policy - INFO -   #3: arm=batch_size=100000,header_size=64,cut_condition_type=3,fast_path_timeout=400,k=1, mean=1.100911, std=0.132370
2026-02-03 20:19:47,773 - cmab.policy - INFO -   #4: arm=batch_size=100000,header_size=32,cut_condition_type=3,fast_path_timeout=400,k=3, mean=1.085537, std=0.180311
2026-02-03 20:19:47,773 - cmab.policy - INFO -   #5: arm=batch_size=100000,header_size=32,cut_condition_type=3,fast_path_timeout=100,k=1, mean=1.053580, std=0.248161
2026-02-03 20:19:47,773 - cmab.policy - INFO - 
2026-02-03 20:19:47,773 - cmab.policy - INFO - Selected tree #9 for Thompson Sampling:
2026-02-03 20:19:47,773 - cmab.policy - INFO -   Tree depth: 6
2026-02-03 20:19:47,773 - cmab.policy - INFO -   Tree nodes: 33
2026-02-03 20:19:47,773 - cmab.policy - INFO -   Tree leaves: 17
2026-02-03 20:19:47,773 - cmab.policy - INFO -   Tree shape: (nodes=33, leaves=17, depth=6)
2026-02-03 20:19:47,773 - cmab.policy - INFO -   Tree feature importances: [0.05806212 0.01857799 0.         0.0181991  0.0250986  0.53403592
 0.27418586 0.         0.01138694 0.06045346]
2026-02-03 20:19:47,775 - cmab.policy - INFO -   Forest feature importances: [0.05209398 0.02649976 0.07082958 0.01714654 0.00884895 0.53644024
 0.14171468 0.02879062 0.07744539 0.04019026]
2026-02-03 20:19:47,775 - cmab.policy - INFO -   Top 5 predictions from this tree:
2026-02-03 20:19:47,775 - cmab.policy - INFO -     #1: arm=batch_size=100000,header_size=64,cut_condition_type=1,fast_path_timeout=0,k=3, pred=1.349073
2026-02-03 20:19:47,775 - cmab.policy - INFO -     #2: arm=batch_size=100000,header_size=64,cut_condition_type=3,fast_path_timeout=400,k=3, pred=1.349073
2026-02-03 20:19:47,775 - cmab.policy - INFO -     #3: arm=batch_size=100000,header_size=64,cut_condition_type=3,fast_path_timeout=100,k=3, pred=1.349073
2026-02-03 20:19:47,775 - cmab.policy - INFO -     #4: arm=batch_size=100000,header_size=64,cut_condition_type=3,fast_path_timeout=0,k=3, pred=1.349073
2026-02-03 20:19:47,776 - cmab.policy - INFO -     #5: arm=batch_size=100000,header_size=64,cut_condition_type=1,fast_path_timeout=400,k=3, pred=1.349073
2026-02-03 20:19:47,776 - cmab.policy - INFO - 
2026-02-03 20:19:47,776 - cmab.policy - INFO -   Found 6 arms with same max prediction (1.349073), randomly selecting one...
2026-02-03 20:19:47,776 - cmab.policy - INFO - 
2026-02-03 20:19:47,776 - cmab.policy - INFO - ✓ SELECTED ARM: batch_size=100000,header_size=64,cut_condition_type=1,fast_path_timeout=100,k=3 (prediction=1.349073)
2026-02-03 20:19:47,776 - cmab.policy - INFO - ================================================================================
2026-02-03 20:19:48,297 - cmab.trainer - INFO - Updated parameters file: /home/ccclr0302/autobahn-test/benchmark/.parameters-0.json
2026-02-03 20:19:48,297 - cmab.trainer - INFO - 🚩 Created RL parameter update signal file (epoch 14): /tmp/autobahn_rl_param_update_14.signal
2026-02-03 20:19:48,297 - cmab.trainer - INFO - Applied params: {'batch_size': 100000, 'header_size': 64, 'cut_condition_type': 1, 'fast_path_timeout': 100, 'k': 3}
2026-02-03 20:19:48,297 - cmab.trainer - INFO - Waiting for next metrics file...
[Parallel(n_jobs=1)]: Done  10 out of  10 | elapsed:    0.0s finished
[Parallel(n_jobs=1)]: Done  10 out of  10 | elapsed:    0.0s finished
2026-02-03 20:19:52,921 - cmab.policy - INFO - RF Updated: samples=65, MSE=0.014427
2026-02-03 20:19:52,922 - cmab.trainer - INFO - Iteration 73 : context=[36.201344 39.946312 38.69799  38.69799   1.      ] arm=batch_size=100000,header_size=64,cut_condition_type=1,fast_path_timeout=100,k=3 params={'batch_size': 100000, 'header_size': 64, 'cut_condition_type': 1, 'fast_path_timeout': 100, 'k': 3}
2026-02-03 20:19:52,922 - cmab.trainer - INFO - Iteration 73 reward=1.122523 avg_reward(20)=1.131834 last_metrics=epoch_15_slot_1815.json top_arm=batch_size=100000,header_size=64,cut_condition_type=1,fast_path_timeout=100,k=3 top_ratio=0.20
2026-02-03 20:19:52,924 - cmab.policy - INFO - ================================================================================
2026-02-03 20:19:52,924 - cmab.policy - INFO - SELECT ARM - Detailed Prediction Analysis
2026-02-03 20:19:52,924 - cmab.policy - INFO - Context: [33.638454 41.113667 37.37606  37.37606   1.      ]
2026-02-03 20:19:52,924 - cmab.policy - INFO - Number of trees in forest: 10
2026-02-03 20:19:52,924 - cmab.policy - INFO - 
2026-02-03 20:19:52,924 - cmab.policy - INFO - Prediction statistics across all trees:
2026-02-03 20:19:52,924 - cmab.policy - INFO -   Mean predictions (top 5 arms): [1.364902, 1.364902, 1.322285, 1.322285, 1.266938]
2026-02-03 20:19:52,924 - cmab.policy - INFO -   Std predictions (top 5 arms): [0.240811, 0.240811, 0.237177, 0.237177, 0.192256]
2026-02-03 20:19:52,924 - cmab.policy - INFO - 
2026-02-03 20:19:52,924 - cmab.policy - INFO - Top 5 arms by mean prediction:
2026-02-03 20:19:52,924 - cmab.policy - INFO -   #1: arm=batch_size=100000,header_size=32,cut_condition_type=3,fast_path_timeout=400,k=3, mean=1.364902, std=0.240811
2026-02-03 20:19:52,924 - cmab.policy - INFO -   #2: arm=batch_size=100000,header_size=32,cut_condition_type=3,fast_path_timeout=100,k=3, mean=1.364902, std=0.240811
2026-02-03 20:19:52,924 - cmab.policy - INFO -   #3: arm=batch_size=100000,header_size=32,cut_condition_type=3,fast_path_timeout=400,k=1, mean=1.322285, std=0.237177
2026-02-03 20:19:52,925 - cmab.policy - INFO -   #4: arm=batch_size=100000,header_size=32,cut_condition_type=3,fast_path_timeout=100,k=1, mean=1.322285, std=0.237177
2026-02-03 20:19:52,925 - cmab.policy - INFO -   #5: arm=batch_size=100000,header_size=64,cut_condition_type=3,fast_path_timeout=400,k=3, mean=1.266938, std=0.192256
2026-02-03 20:19:52,925 - cmab.policy - INFO - 
2026-02-03 20:19:52,925 - cmab.policy - INFO - Selected tree #5 for Thompson Sampling:
2026-02-03 20:19:52,925 - cmab.policy - INFO -   Tree depth: 7
2026-02-03 20:19:52,925 - cmab.policy - INFO -   Tree nodes: 35
2026-02-03 20:19:52,925 - cmab.policy - INFO -   Tree leaves: 18
2026-02-03 20:19:52,925 - cmab.policy - INFO -   Tree shape: (nodes=35, leaves=18, depth=7)
2026-02-03 20:19:52,925 - cmab.policy - INFO -   Tree feature importances: [9.27213816e-02 0.00000000e+00 4.01964072e-04 2.02749555e-02
 0.00000000e+00 5.55756499e-01 2.29619805e-01 3.65637408e-02
 5.97191033e-02 4.94255054e-03]
2026-02-03 20:19:52,927 - cmab.policy - INFO -   Forest feature importances: [0.09763999 0.04252984 0.08645153 0.01534902 0.00845779 0.51113958
 0.10768574 0.02923949 0.06260616 0.03890087]
2026-02-03 20:19:52,927 - cmab.policy - INFO -   Top 5 predictions from this tree:
2026-02-03 20:19:52,927 - cmab.policy - INFO -     #1: arm=batch_size=100000,header_size=32,cut_condition_type=3,fast_path_timeout=100,k=1, pred=1.477554
2026-02-03 20:19:52,927 - cmab.policy - INFO -     #2: arm=batch_size=100000,header_size=32,cut_condition_type=3,fast_path_timeout=100,k=3, pred=1.477554
2026-02-03 20:19:52,927 - cmab.policy - INFO -     #3: arm=batch_size=100000,header_size=32,cut_condition_type=3,fast_path_timeout=400,k=1, pred=1.477554
2026-02-03 20:19:52,927 - cmab.policy - INFO -     #4: arm=batch_size=100000,header_size=32,cut_condition_type=3,fast_path_timeout=400,k=3, pred=1.477554
2026-02-03 20:19:52,927 - cmab.policy - INFO -     #5: arm=batch_size=100000,header_size=64,cut_condition_type=3,fast_path_timeout=400,k=3, pred=1.305083
2026-02-03 20:19:52,927 - cmab.policy - INFO - 
2026-02-03 20:19:52,927 - cmab.policy - INFO -   Found 4 arms with same max prediction (1.477554), randomly selecting one...
2026-02-03 20:19:52,927 - cmab.policy - INFO - 
2026-02-03 20:19:52,927 - cmab.policy - INFO - ✓ SELECTED ARM: batch_size=100000,header_size=32,cut_condition_type=3,fast_path_timeout=100,k=1 (prediction=1.477554)
2026-02-03 20:19:52,927 - cmab.policy - INFO - ================================================================================
2026-02-03 20:19:53,004 - cmab.trainer - INFO - Updated parameters file: /home/ccclr0302/autobahn-test/benchmark/.parameters-0.json
2026-02-03 20:19:53,004 - cmab.trainer - INFO - 🚩 Created RL parameter update signal file (epoch 15): /tmp/autobahn_rl_param_update_15.signal
2026-02-03 20:19:53,004 - cmab.trainer - INFO - Applied params: {'batch_size': 100000, 'header_size': 32, 'cut_condition_type': 3, 'fast_path_timeout': 100, 'k': 1}
2026-02-03 20:19:53,005 - cmab.trainer - INFO - Waiting for next metrics file...
2026-02-03 20:19:56,113 - cmab.trainer - WARNING - Detected abandon signal for epoch 16, using action from epoch 15 for update
2026-02-03 20:19:56,113 - cmab.trainer - INFO - Iteration 74 : context=[33.638454 41.113667 37.37606  37.37606   1.      ] arm=batch_size=100000,header_size=64,cut_condition_type=1,fast_path_timeout=100,k=3 params={'batch_size': 100000, 'header_size': 64, 'cut_condition_type': 1, 'fast_path_timeout': 100, 'k': 3}
2026-02-03 20:19:56,114 - cmab.trainer - INFO - Iteration 74 reward=0.386723 avg_reward(20)=1.085772 last_metrics=epoch_16_slot_1936.json top_arm=batch_size=100000,header_size=64,cut_condition_type=1,fast_path_timeout=100,k=3 top_ratio=0.19
2026-02-03 20:19:56,116 - cmab.policy - INFO - ================================================================================
2026-02-03 20:19:56,116 - cmab.policy - INFO - SELECT ARM - Detailed Prediction Analysis
2026-02-03 20:19:56,116 - cmab.policy - INFO - Context: [ 9.270884 11.919707 13.24412  11.919707  0.75    ]
2026-02-03 20:19:56,116 - cmab.policy - INFO - Number of trees in forest: 10
2026-02-03 20:19:56,116 - cmab.policy - INFO - 
2026-02-03 20:19:56,116 - cmab.policy - INFO - Prediction statistics across all trees:
2026-02-03 20:19:56,116 - cmab.policy - INFO -   Mean predictions (top 5 arms): [1.200176, 1.200176, 1.086236, 1.072881, 1.032571]
2026-02-03 20:19:56,116 - cmab.policy - INFO -   Std predictions (top 5 arms): [0.362815, 0.362815, 0.272737, 0.264674, 0.318186]
2026-02-03 20:19:56,116 - cmab.policy - INFO - 
2026-02-03 20:19:56,116 - cmab.policy - INFO - Top 5 arms by mean prediction:
2026-02-03 20:19:56,116 - cmab.policy - INFO -   #1: arm=batch_size=100000,header_size=32,cut_condition_type=3,fast_path_timeout=100,k=3, mean=1.200176, std=0.362815
2026-02-03 20:19:56,116 - cmab.policy - INFO -   #2: arm=batch_size=100000,header_size=32,cut_condition_type=3,fast_path_timeout=400,k=3, mean=1.200176, std=0.362815
2026-02-03 20:19:56,117 - cmab.policy - INFO -   #3: arm=batch_size=100000,header_size=64,cut_condition_type=3,fast_path_timeout=100,k=3, mean=1.086236, std=0.272737
2026-02-03 20:19:56,117 - cmab.policy - INFO -   #4: arm=batch_size=100000,header_size=64,cut_condition_type=3,fast_path_timeout=400,k=3, mean=1.072881, std=0.264674
2026-02-03 20:19:56,117 - cmab.policy - INFO -   #5: arm=batch_size=100000,header_size=32,cut_condition_type=3,fast_path_timeout=400,k=1, mean=1.032571, std=0.318186
2026-02-03 20:19:56,117 - cmab.policy - INFO - 
2026-02-03 20:19:56,117 - cmab.policy - INFO - Selected tree #7 for Thompson Sampling:
2026-02-03 20:19:56,117 - cmab.policy - INFO -   Tree depth: 7
2026-02-03 20:19:56,117 - cmab.policy - INFO -   Tree nodes: 31
2026-02-03 20:19:56,117 - cmab.policy - INFO -   Tree leaves: 16
2026-02-03 20:19:56,117 - cmab.policy - INFO -   Tree shape: (nodes=31, leaves=16, depth=7)
2026-02-03 20:19:56,117 - cmab.policy - INFO -   Tree feature importances: [0.02471161 0.0132232  0.08034447 0.01400612 0.         0.555666
 0.0688416  0.04400335 0.12336841 0.07583524]
2026-02-03 20:19:56,119 - cmab.policy - INFO -   Forest feature importances: [0.09763999 0.04252984 0.08645153 0.01534902 0.00845779 0.51113958
 0.10768574 0.02923949 0.06260616 0.03890087]
2026-02-03 20:19:56,119 - cmab.policy - INFO -   Top 5 predictions from this tree:
2026-02-03 20:19:56,119 - cmab.policy - INFO -     #1: arm=batch_size=100000,header_size=32,cut_condition_type=3,fast_path_timeout=100,k=3, pred=1.528708
2026-02-03 20:19:56,119 - cmab.policy - INFO -     #2: arm=batch_size=100000,header_size=32,cut_condition_type=3,fast_path_timeout=400,k=3, pred=1.528708
2026-02-03 20:19:56,119 - cmab.policy - INFO -     #3: arm=batch_size=100000,header_size=32,cut_condition_type=1,fast_path_timeout=100,k=3, pred=1.528708
2026-02-03 20:19:56,119 - cmab.policy - INFO -     #4: arm=batch_size=100000,header_size=32,cut_condition_type=1,fast_path_timeout=400,k=3, pred=1.528708
2026-02-03 20:19:56,119 - cmab.policy - INFO -     #5: arm=batch_size=100000,header_size=128,cut_condition_type=3,fast_path_timeout=100,k=3, pred=1.308565
2026-02-03 20:19:56,119 - cmab.policy - INFO - 
2026-02-03 20:19:56,119 - cmab.policy - INFO -   Found 4 arms with same max prediction (1.528708), randomly selecting one...
2026-02-03 20:19:56,119 - cmab.policy - INFO - 
2026-02-03 20:19:56,119 - cmab.policy - INFO - ✓ SELECTED ARM: batch_size=100000,header_size=32,cut_condition_type=1,fast_path_timeout=100,k=3 (prediction=1.528708)
2026-02-03 20:19:56,119 - cmab.policy - INFO - ================================================================================
2026-02-03 20:19:56,124 - cmab.trainer - INFO - Updated parameters file: /home/ccclr0302/autobahn-test/benchmark/.parameters-0.json
2026-02-03 20:19:56,124 - cmab.trainer - INFO - 🚩 Created RL parameter update signal file (epoch 16): /tmp/autobahn_rl_param_update_16.signal
2026-02-03 20:19:56,124 - cmab.trainer - INFO - Applied params: {'batch_size': 100000, 'header_size': 32, 'cut_condition_type': 1, 'fast_path_timeout': 100, 'k': 3}
2026-02-03 20:19:56,124 - cmab.trainer - INFO - Waiting for next metrics file...
2026-02-03 20:19:58,496 - cmab.trainer - WARNING - Detected abandon signal for epoch 17, using action from epoch 16 for update
2026-02-03 20:19:58,497 - cmab.trainer - INFO - Iteration 75 : context=[ 9.270884 11.919707 13.24412  11.919707  0.75    ] arm=batch_size=100000,header_size=64,cut_condition_type=1,fast_path_timeout=100,k=3 params={'batch_size': 100000, 'header_size': 64, 'cut_condition_type': 1, 'fast_path_timeout': 100, 'k': 3}
2026-02-03 20:19:58,497 - cmab.trainer - INFO - Iteration 75 reward=1.144633 avg_reward(20)=1.097139 last_metrics=epoch_17_slot_2056.json top_arm=batch_size=100000,header_size=64,cut_condition_type=1,fast_path_timeout=100,k=3 top_ratio=0.18
2026-02-03 20:19:58,499 - cmab.policy - INFO - ================================================================================
2026-02-03 20:19:58,641 - cmab.policy - INFO - SELECT ARM - Detailed Prediction Analysis
2026-02-03 20:19:58,641 - cmab.policy - INFO - Context: [29.638084 37.047607 33.342846 33.342846  1.      ]
2026-02-03 20:19:58,641 - cmab.policy - INFO - Number of trees in forest: 10
2026-02-03 20:19:58,641 - cmab.policy - INFO - 
2026-02-03 20:19:58,641 - cmab.policy - INFO - Prediction statistics across all trees:
2026-02-03 20:19:58,641 - cmab.policy - INFO -   Mean predictions (top 5 arms): [1.472150, 1.472150, 1.310245, 1.298747, 1.298747]
2026-02-03 20:19:58,641 - cmab.policy - INFO -   Std predictions (top 5 arms): [0.080046, 0.080046, 0.060602, 0.254418, 0.254418]
2026-02-03 20:19:58,641 - cmab.policy - INFO - 
2026-02-03 20:19:58,641 - cmab.policy - INFO - Top 5 arms by mean prediction:
2026-02-03 20:19:58,641 - cmab.policy - INFO -   #1: arm=batch_size=100000,header_size=32,cut_condition_type=3,fast_path_timeout=400,k=3, mean=1.472150, std=0.080046
2026-02-03 20:19:58,641 - cmab.policy - INFO -   #2: arm=batch_size=100000,header_size=32,cut_condition_type=3,fast_path_timeout=100,k=3, mean=1.472150, std=0.080046
2026-02-03 20:19:58,641 - cmab.policy - INFO -   #3: arm=batch_size=100000,header_size=64,cut_condition_type=3,fast_path_timeout=100,k=3, mean=1.310245, std=0.060602
2026-02-03 20:19:58,641 - cmab.policy - INFO -   #4: arm=batch_size=100000,header_size=32,cut_condition_type=3,fast_path_timeout=100,k=1, mean=1.298747, std=0.254418
2026-02-03 20:19:58,641 - cmab.policy - INFO -   #5: arm=batch_size=100000,header_size=32,cut_condition_type=3,fast_path_timeout=400,k=1, mean=1.298747, std=0.254418
2026-02-03 20:19:58,641 - cmab.policy - INFO - 
2026-02-03 20:19:58,641 - cmab.policy - INFO - Selected tree #2 for Thompson Sampling:
2026-02-03 20:19:58,642 - cmab.policy - INFO -   Tree depth: 10
2026-02-03 20:19:58,642 - cmab.policy - INFO -   Tree nodes: 37
2026-02-03 20:19:58,642 - cmab.policy - INFO -   Tree leaves: 19
2026-02-03 20:19:58,642 - cmab.policy - INFO -   Tree shape: (nodes=37, leaves=19, depth=10)
2026-02-03 20:19:58,642 - cmab.policy - INFO -   Tree feature importances: [5.28189748e-02 2.08330657e-02 4.06457783e-03 0.00000000e+00
 2.51519590e-04 4.62907497e-01 1.72952930e-01 4.02920819e-02
 2.07088977e-01 3.87903762e-02]
2026-02-03 20:19:58,644 - cmab.policy - INFO -   Forest feature importances: [0.09763999 0.04252984 0.08645153 0.01534902 0.00845779 0.51113958
 0.10768574 0.02923949 0.06260616 0.03890087]
2026-02-03 20:19:58,644 - cmab.policy - INFO -   Top 5 predictions from this tree:
2026-02-03 20:19:58,644 - cmab.policy - INFO -     #1: arm=batch_size=100000,header_size=32,cut_condition_type=3,fast_path_timeout=100,k=1, pred=1.489054
2026-02-03 20:19:58,644 - cmab.policy - INFO -     #2: arm=batch_size=100000,header_size=32,cut_condition_type=3,fast_path_timeout=400,k=3, pred=1.489054
2026-02-03 20:19:58,644 - cmab.policy - INFO -     #3: arm=batch_size=100000,header_size=32,cut_condition_type=3,fast_path_timeout=400,k=1, pred=1.489054
2026-02-03 20:19:58,644 - cmab.policy - INFO -     #4: arm=batch_size=100000,header_size=32,cut_condition_type=3,fast_path_timeout=100,k=3, pred=1.489054
2026-02-03 20:19:58,644 - cmab.policy - INFO -     #5: arm=batch_size=100000,header_size=64,cut_condition_type=3,fast_path_timeout=400,k=1, pred=1.434190
2026-02-03 20:19:58,644 - cmab.policy - INFO - 
2026-02-03 20:19:58,644 - cmab.policy - INFO -   Found 4 arms with same max prediction (1.489054), randomly selecting one...
2026-02-03 20:19:58,644 - cmab.policy - INFO - 
2026-02-03 20:19:58,644 - cmab.policy - INFO - ✓ SELECTED ARM: batch_size=100000,header_size=32,cut_condition_type=3,fast_path_timeout=400,k=1 (prediction=1.489054)
2026-02-03 20:19:58,644 - cmab.policy - INFO - ================================================================================
2026-02-03 20:19:58,831 - cmab.trainer - INFO - Updated parameters file: /home/ccclr0302/autobahn-test/benchmark/.parameters-0.json
2026-02-03 20:19:58,831 - cmab.trainer - INFO - 🚩 Created RL parameter update signal file (epoch 17): /tmp/autobahn_rl_param_update_17.signal
2026-02-03 20:19:58,831 - cmab.trainer - INFO - Applied params: {'batch_size': 100000, 'header_size': 32, 'cut_condition_type': 3, 'fast_path_timeout': 400, 'k': 1}
2026-02-03 20:19:58,831 - cmab.trainer - INFO - Waiting for next metrics file...
2026-02-03 20:20:01,238 - cmab.trainer - WARNING - Detected abandon signal for epoch 18, using action from epoch 17 for update
2026-02-03 20:20:01,239 - cmab.trainer - INFO - Iteration 76 : context=[29.638084 37.047607 33.342846 33.342846  1.      ] arm=batch_size=100000,header_size=64,cut_condition_type=1,fast_path_timeout=100,k=3 params={'batch_size': 100000, 'header_size': 64, 'cut_condition_type': 1, 'fast_path_timeout': 100, 'k': 3}
2026-02-03 20:20:01,239 - cmab.trainer - INFO - Iteration 76 reward=0.877209 avg_reward(20)=1.077938 last_metrics=epoch_18_slot_2175.json top_arm=batch_size=100000,header_size=64,cut_condition_type=1,fast_path_timeout=100,k=3 top_ratio=0.17
2026-02-03 20:20:01,241 - cmab.policy - INFO - ================================================================================
2026-02-03 20:20:01,241 - cmab.policy - INFO - SELECT ARM - Detailed Prediction Analysis
2026-02-03 20:20:01,241 - cmab.policy - INFO - Context: [36.913124 40.268864 36.913124 36.913124  1.      ]
2026-02-03 20:20:01,242 - cmab.policy - INFO - Number of trees in forest: 10
2026-02-03 20:20:01,242 - cmab.policy - INFO - 
2026-02-03 20:20:01,242 - cmab.policy - INFO - Prediction statistics across all trees:
2026-02-03 20:20:01,242 - cmab.policy - INFO -   Mean predictions (top 5 arms): [1.117875, 1.117875, 1.104979, 1.104979, 1.083913]
2026-02-03 20:20:01,242 - cmab.policy - INFO -   Std predictions (top 5 arms): [0.311243, 0.311243, 0.296984, 0.296984, 0.332167]
2026-02-03 20:20:01,242 - cmab.policy - INFO - 
2026-02-03 20:20:01,242 - cmab.policy - INFO - Top 5 arms by mean prediction:
2026-02-03 20:20:01,242 - cmab.policy - INFO -   #1: arm=batch_size=100000,header_size=32,cut_condition_type=3,fast_path_timeout=100,k=1, mean=1.117875, std=0.311243
2026-02-03 20:20:01,242 - cmab.policy - INFO -   #2: arm=batch_size=100000,header_size=32,cut_condition_type=3,fast_path_timeout=400,k=1, mean=1.117875, std=0.311243
2026-02-03 20:20:01,242 - cmab.policy - INFO -   #3: arm=batch_size=100000,header_size=64,cut_condition_type=3,fast_path_timeout=400,k=1, mean=1.104979, std=0.296984
2026-02-03 20:20:01,242 - cmab.policy - INFO -   #4: arm=batch_size=100000,header_size=64,cut_condition_type=3,fast_path_timeout=100,k=1, mean=1.104979, std=0.296984
2026-02-03 20:20:01,242 - cmab.policy - INFO -   #5: arm=batch_size=100000,header_size=32,cut_condition_type=3,fast_path_timeout=100,k=3, mean=1.083913, std=0.332167
2026-02-03 20:20:01,242 - cmab.policy - INFO - 
2026-02-03 20:20:01,242 - cmab.policy - INFO - Selected tree #8 for Thompson Sampling:
2026-02-03 20:20:01,242 - cmab.policy - INFO -   Tree depth: 6
2026-02-03 20:20:01,242 - cmab.policy - INFO -   Tree nodes: 35
2026-02-03 20:20:01,242 - cmab.policy - INFO -   Tree leaves: 18
2026-02-03 20:20:01,242 - cmab.policy - INFO -   Tree shape: (nodes=35, leaves=18, depth=6)
2026-02-03 20:20:01,242 - cmab.policy - INFO -   Tree feature importances: [0.16035779 0.00812607 0.26396313 0.         0.01858032 0.41069171
 0.11660911 0.         0.         0.02167186]
2026-02-03 20:20:01,244 - cmab.policy - INFO -   Forest feature importances: [0.09763999 0.04252984 0.08645153 0.01534902 0.00845779 0.51113958
 0.10768574 0.02923949 0.06260616 0.03890087]
2026-02-03 20:20:01,244 - cmab.policy - INFO -   Top 5 predictions from this tree:
2026-02-03 20:20:01,244 - cmab.policy - INFO -     #1: arm=batch_size=100000,header_size=32,cut_condition_type=1,fast_path_timeout=0,k=1, pred=0.675244
2026-02-03 20:20:01,244 - cmab.policy - INFO -     #2: arm=batch_size=100000,header_size=64,cut_condition_type=3,fast_path_timeout=0,k=1, pred=0.675244
2026-02-03 20:20:01,244 - cmab.policy - INFO -     #3: arm=batch_size=100000,header_size=64,cut_condition_type=3,fast_path_timeout=100,k=1, pred=0.675244
2026-02-03 20:20:01,244 - cmab.policy - INFO -     #4: arm=batch_size=100000,header_size=64,cut_condition_type=3,fast_path_timeout=100,k=3, pred=0.675244
2026-02-03 20:20:01,244 - cmab.policy - INFO -     #5: arm=batch_size=100000,header_size=64,cut_condition_type=3,fast_path_timeout=400,k=1, pred=0.675244
2026-02-03 20:20:01,244 - cmab.policy - INFO - 
2026-02-03 20:20:01,245 - cmab.policy - INFO -   Found 36 arms with same max prediction (0.675244), randomly selecting one...
2026-02-03 20:20:01,245 - cmab.policy - INFO - 
2026-02-03 20:20:01,245 - cmab.policy - INFO - ✓ SELECTED ARM: batch_size=100000,header_size=128,cut_condition_type=3,fast_path_timeout=0,k=1 (prediction=0.675244)
2026-02-03 20:20:01,245 - cmab.policy - INFO - ================================================================================
2026-02-03 20:20:01,394 - cmab.trainer - INFO - Updated parameters file: /home/ccclr0302/autobahn-test/benchmark/.parameters-0.json
2026-02-03 20:20:01,526 - cmab.trainer - INFO - 🚩 Created RL parameter update signal file (epoch 18): /tmp/autobahn_rl_param_update_18.signal
2026-02-03 20:20:01,526 - cmab.trainer - INFO - Applied params: {'batch_size': 100000, 'header_size': 128, 'cut_condition_type': 3, 'fast_path_timeout': 0, 'k': 1}
2026-02-03 20:20:01,526 - cmab.trainer - INFO - Waiting for next metrics file...
2026-02-03 20:20:04,543 - cmab.trainer - WARNING - Detected abandon signal for epoch 19, using action from epoch 18 for update
2026-02-03 20:20:04,543 - cmab.trainer - INFO - Iteration 77 : context=[36.913124 40.268864 36.913124 36.913124  1.      ] arm=batch_size=100000,header_size=64,cut_condition_type=1,fast_path_timeout=100,k=3 params={'batch_size': 100000, 'header_size': 64, 'cut_condition_type': 1, 'fast_path_timeout': 100, 'k': 3}
2026-02-03 20:20:04,543 - cmab.trainer - INFO - Iteration 77 reward=1.105599 avg_reward(20)=1.063549 last_metrics=epoch_19_slot_2295.json top_arm=batch_size=100000,header_size=64,cut_condition_type=1,fast_path_timeout=100,k=3 top_ratio=0.16
2026-02-03 20:20:04,546 - cmab.policy - INFO - ================================================================================
2026-02-03 20:20:04,707 - cmab.policy - INFO - SELECT ARM - Detailed Prediction Analysis
2026-02-03 20:20:04,707 - cmab.policy - INFO - Context: [33.749218 37.49913  37.49913  33.749218  1.      ]
2026-02-03 20:20:04,708 - cmab.policy - INFO - Number of trees in forest: 10
2026-02-03 20:20:04,708 - cmab.policy - INFO - 
2026-02-03 20:20:04,708 - cmab.policy - INFO - Prediction statistics across all trees:
2026-02-03 20:20:04,708 - cmab.policy - INFO -   Mean predictions (top 5 arms): [1.364902, 1.364902, 1.322285, 1.322285, 1.266938]
2026-02-03 20:20:04,708 - cmab.policy - INFO -   Std predictions (top 5 arms): [0.240811, 0.240811, 0.237177, 0.237177, 0.192256]
2026-02-03 20:20:04,708 - cmab.policy - INFO - 
2026-02-03 20:20:04,708 - cmab.policy - INFO - Top 5 arms by mean prediction:
2026-02-03 20:20:04,708 - cmab.policy - INFO -   #1: arm=batch_size=100000,header_size=32,cut_condition_type=3,fast_path_timeout=400,k=3, mean=1.364902, std=0.240811
2026-02-03 20:20:04,708 - cmab.policy - INFO -   #2: arm=batch_size=100000,header_size=32,cut_condition_type=3,fast_path_timeout=100,k=3, mean=1.364902, std=0.240811
2026-02-03 20:20:04,708 - cmab.policy - INFO -   #3: arm=batch_size=100000,header_size=32,cut_condition_type=3,fast_path_timeout=400,k=1, mean=1.322285, std=0.237177
2026-02-03 20:20:04,708 - cmab.policy - INFO -   #4: arm=batch_size=100000,header_size=32,cut_condition_type=3,fast_path_timeout=100,k=1, mean=1.322285, std=0.237177
2026-02-03 20:20:04,708 - cmab.policy - INFO -   #5: arm=batch_size=100000,header_size=64,cut_condition_type=3,fast_path_timeout=400,k=3, mean=1.266938, std=0.192256
2026-02-03 20:20:04,708 - cmab.policy - INFO - 
2026-02-03 20:20:04,708 - cmab.policy - INFO - Selected tree #9 for Thompson Sampling:
2026-02-03 20:20:04,708 - cmab.policy - INFO -   Tree depth: 6
2026-02-03 20:20:04,708 - cmab.policy - INFO -   Tree nodes: 37
2026-02-03 20:20:04,708 - cmab.policy - INFO -   Tree leaves: 19
2026-02-03 20:20:04,709 - cmab.policy - INFO -   Tree shape: (nodes=37, leaves=19, depth=6)
2026-02-03 20:20:04,709 - cmab.policy - INFO -   Tree feature importances: [0.16432995 0.00094696 0.06523771 0.02615976 0.         0.52289398
 0.07635706 0.04601016 0.         0.09806442]
2026-02-03 20:20:04,711 - cmab.policy - INFO -   Forest feature importances: [0.09763999 0.04252984 0.08645153 0.01534902 0.00845779 0.51113958
 0.10768574 0.02923949 0.06260616 0.03890087]
2026-02-03 20:20:04,711 - cmab.policy - INFO -   Top 5 predictions from this tree:
2026-02-03 20:20:04,711 - cmab.policy - INFO -     #1: arm=batch_size=100000,header_size=32,cut_condition_type=3,fast_path_timeout=400,k=3, pred=1.542294
2026-02-03 20:20:04,711 - cmab.policy - INFO -     #2: arm=batch_size=100000,header_size=32,cut_condition_type=3,fast_path_timeout=0,k=3, pred=1.542294
2026-02-03 20:20:04,711 - cmab.policy - INFO -     #3: arm=batch_size=100000,header_size=32,cut_condition_type=3,fast_path_timeout=100,k=3, pred=1.542294
2026-02-03 20:20:04,711 - cmab.policy - INFO -     #4: arm=batch_size=100000,header_size=64,cut_condition_type=3,fast_path_timeout=100,k=3, pred=1.324625
2026-02-03 20:20:04,711 - cmab.policy - INFO -     #5: arm=batch_size=100000,header_size=128,cut_condition_type=3,fast_path_timeout=400,k=3, pred=1.324625
2026-02-03 20:20:04,711 - cmab.policy - INFO - 
2026-02-03 20:20:04,711 - cmab.policy - INFO -   Found 3 arms with same max prediction (1.542294), randomly selecting one...
2026-02-03 20:20:04,711 - cmab.policy - INFO - 
2026-02-03 20:20:04,711 - cmab.policy - INFO - ✓ SELECTED ARM: batch_size=100000,header_size=32,cut_condition_type=3,fast_path_timeout=400,k=3 (prediction=1.542294)
2026-02-03 20:20:04,711 - cmab.policy - INFO - ================================================================================
2026-02-03 20:20:04,715 - cmab.trainer - INFO - Updated parameters file: /home/ccclr0302/autobahn-test/benchmark/.parameters-0.json
2026-02-03 20:20:04,716 - cmab.trainer - INFO - 🚩 Created RL parameter update signal file (epoch 19): /tmp/autobahn_rl_param_update_19.signal
2026-02-03 20:20:04,716 - cmab.trainer - INFO - Applied params: {'batch_size': 100000, 'header_size': 32, 'cut_condition_type': 3, 'fast_path_timeout': 400, 'k': 3}
2026-02-03 20:20:04,716 - cmab.trainer - INFO - Waiting for next metrics file...
[Parallel(n_jobs=1)]: Done  10 out of  10 | elapsed:    0.0s finished
[Parallel(n_jobs=1)]: Done  10 out of  10 | elapsed:    0.0s finished
2026-02-03 20:20:05,430 - cmab.policy - INFO - RF Updated: samples=70, MSE=0.015330
2026-02-03 20:20:05,430 - cmab.trainer - INFO - Iteration 78 : context=[33.749218 37.49913  37.49913  33.749218  1.      ] arm=batch_size=100000,header_size=32,cut_condition_type=3,fast_path_timeout=400,k=3 params={'batch_size': 100000, 'header_size': 32, 'cut_condition_type': 3, 'fast_path_timeout': 400, 'k': 3}
2026-02-03 20:20:05,430 - cmab.trainer - INFO - Iteration 78 reward=0.778193 avg_reward(20)=1.086223 last_metrics=epoch_20_slot_2416.json top_arm=batch_size=100000,header_size=64,cut_condition_type=1,fast_path_timeout=100,k=3 top_ratio=0.15
2026-02-03 20:20:05,436 - cmab.trainer - INFO - Saved checkpoint: /tmp/cmab_continuous_checkpoints/cmab_checkpoint_20.pkl
2026-02-03 20:20:05,439 - cmab.policy - INFO - ================================================================================
2026-02-03 20:20:05,439 - cmab.policy - INFO - SELECT ARM - Detailed Prediction Analysis
2026-02-03 20:20:05,439 - cmab.policy - INFO - Context: [30.689714 28.497591 28.497591 35.07396   0.75    ]
2026-02-03 20:20:05,439 - cmab.policy - INFO - Number of trees in forest: 10
2026-02-03 20:20:05,439 - cmab.policy - INFO - 
2026-02-03 20:20:05,439 - cmab.policy - INFO - Prediction statistics across all trees:
2026-02-03 20:20:05,439 - cmab.policy - INFO -   Mean predictions (top 5 arms): [1.449206, 1.444214, 1.228122, 1.213450, 1.213450]
2026-02-03 20:20:05,439 - cmab.policy - INFO -   Std predictions (top 5 arms): [0.168476, 0.167310, 0.330833, 0.200323, 0.200323]
2026-02-03 20:20:05,439 - cmab.policy - INFO - 
2026-02-03 20:20:05,439 - cmab.policy - INFO - Top 5 arms by mean prediction:
2026-02-03 20:20:05,439 - cmab.policy - INFO -   #1: arm=batch_size=100000,header_size=32,cut_condition_type=3,fast_path_timeout=400,k=3, mean=1.449206, std=0.168476
2026-02-03 20:20:05,439 - cmab.policy - INFO -   #2: arm=batch_size=100000,header_size=32,cut_condition_type=3,fast_path_timeout=100,k=3, mean=1.444214, std=0.167310
2026-02-03 20:20:05,439 - cmab.policy - INFO -   #3: arm=batch_size=100000,header_size=32,cut_condition_type=3,fast_path_timeout=0,k=3, mean=1.228122, std=0.330833
2026-02-03 20:20:05,439 - cmab.policy - INFO -   #4: arm=batch_size=100000,header_size=64,cut_condition_type=3,fast_path_timeout=100,k=3, mean=1.213450, std=0.200323
2026-02-03 20:20:05,439 - cmab.policy - INFO -   #5: arm=batch_size=100000,header_size=64,cut_condition_type=3,fast_path_timeout=400,k=3, mean=1.213450, std=0.200323
2026-02-03 20:20:05,439 - cmab.policy - INFO - 
2026-02-03 20:20:05,439 - cmab.policy - INFO - Selected tree #4 for Thompson Sampling:
2026-02-03 20:20:05,439 - cmab.policy - INFO -   Tree depth: 7
2026-02-03 20:20:05,439 - cmab.policy - INFO -   Tree nodes: 35
2026-02-03 20:20:05,439 - cmab.policy - INFO -   Tree leaves: 18
2026-02-03 20:20:05,440 - cmab.policy - INFO -   Tree shape: (nodes=35, leaves=18, depth=7)
2026-02-03 20:20:05,440 - cmab.policy - INFO -   Tree feature importances: [0.01884232 0.01244652 0.04829601 0.12916938 0.         0.48540233
 0.21971508 0.00317955 0.04147457 0.04147424]
2026-02-03 20:20:05,441 - cmab.policy - INFO -   Forest feature importances: [0.06316101 0.03774534 0.07184048 0.06069742 0.02029958 0.46750871
 0.14801061 0.04660639 0.01823353 0.06589694]
2026-02-03 20:20:05,441 - cmab.policy - INFO -   Top 5 predictions from this tree:
2026-02-03 20:20:05,441 - cmab.policy - INFO -     #1: arm=batch_size=100000,header_size=32,cut_condition_type=3,fast_path_timeout=100,k=1, pred=1.530040
2026-02-03 20:20:05,441 - cmab.policy - INFO -     #2: arm=batch_size=100000,header_size=32,cut_condition_type=3,fast_path_timeout=100,k=3, pred=1.530040
2026-02-03 20:20:05,442 - cmab.policy - INFO -     #3: arm=batch_size=100000,header_size=32,cut_condition_type=1,fast_path_timeout=100,k=1, pred=1.530040
2026-02-03 20:20:05,442 - cmab.policy - INFO -     #4: arm=batch_size=100000,header_size=32,cut_condition_type=1,fast_path_timeout=100,k=3, pred=1.530040
2026-02-03 20:20:05,442 - cmab.policy - INFO -     #5: arm=batch_size=100000,header_size=32,cut_condition_type=1,fast_path_timeout=400,k=1, pred=1.530040
2026-02-03 20:20:05,442 - cmab.policy - INFO - 
2026-02-03 20:20:05,442 - cmab.policy - INFO -   Found 8 arms with same max prediction (1.530040), randomly selecting one...
2026-02-03 20:20:05,442 - cmab.policy - INFO - 
2026-02-03 20:20:05,442 - cmab.policy - INFO - ✓ SELECTED ARM: batch_size=100000,header_size=32,cut_condition_type=1,fast_path_timeout=400,k=1 (prediction=1.530040)
2026-02-03 20:20:05,442 - cmab.policy - INFO - ================================================================================
2026-02-03 20:20:05,545 - cmab.trainer - INFO - Updated parameters file: /home/ccclr0302/autobahn-test/benchmark/.parameters-0.json
2026-02-03 20:20:05,545 - cmab.trainer - INFO - 🚩 Created RL parameter update signal file (epoch 20): /tmp/autobahn_rl_param_update_20.signal
2026-02-03 20:20:05,545 - cmab.trainer - INFO - Applied params: {'batch_size': 100000, 'header_size': 32, 'cut_condition_type': 1, 'fast_path_timeout': 400, 'k': 1}
2026-02-03 20:20:05,545 - cmab.trainer - INFO - Waiting for next metrics file...
2026-02-03 20:20:10,860 - cmab.trainer - INFO - Iteration 79 : context=[30.689714 28.497591 28.497591 35.07396   0.75    ] arm=batch_size=100000,header_size=32,cut_condition_type=1,fast_path_timeout=400,k=1 params={'batch_size': 100000, 'header_size': 32, 'cut_condition_type': 1, 'fast_path_timeout': 400, 'k': 1}
2026-02-03 20:20:10,861 - cmab.trainer - INFO - Iteration 79 reward=1.127154 avg_reward(20)=1.076601 last_metrics=epoch_21_slot_2535.json top_arm=batch_size=100000,header_size=64,cut_condition_type=1,fast_path_timeout=100,k=3 top_ratio=0.14
2026-02-03 20:20:10,863 - cmab.policy - INFO - ================================================================================
2026-02-03 20:20:10,863 - cmab.policy - INFO - SELECT ARM - Detailed Prediction Analysis
2026-02-03 20:20:10,863 - cmab.policy - INFO - Context: [67.01332  71.977264 67.01332  69.49529   1.      ]
2026-02-03 20:20:10,863 - cmab.policy - INFO - Number of trees in forest: 10
2026-02-03 20:20:10,863 - cmab.policy - INFO - 
2026-02-03 20:20:10,863 - cmab.policy - INFO - Prediction statistics across all trees:
2026-02-03 20:20:10,863 - cmab.policy - INFO -   Mean predictions (top 5 arms): [1.142618, 1.142618, 1.140914, 1.135923, 1.021520]
2026-02-03 20:20:10,864 - cmab.policy - INFO -   Std predictions (top 5 arms): [0.244688, 0.244688, 0.260343, 0.253593, 0.281915]
2026-02-03 20:20:10,864 - cmab.policy - INFO - 
2026-02-03 20:20:10,864 - cmab.policy - INFO - Top 5 arms by mean prediction:
2026-02-03 20:20:10,864 - cmab.policy - INFO -   #1: arm=batch_size=100000,header_size=64,cut_condition_type=3,fast_path_timeout=100,k=3, mean=1.142618, std=0.244688
2026-02-03 20:20:10,864 - cmab.policy - INFO -   #2: arm=batch_size=100000,header_size=64,cut_condition_type=3,fast_path_timeout=400,k=3, mean=1.142618, std=0.244688
2026-02-03 20:20:10,864 - cmab.policy - INFO -   #3: arm=batch_size=100000,header_size=32,cut_condition_type=3,fast_path_timeout=400,k=3, mean=1.140914, std=0.260343
2026-02-03 20:20:10,864 - cmab.policy - INFO -   #4: arm=batch_size=100000,header_size=32,cut_condition_type=3,fast_path_timeout=100,k=3, mean=1.135923, std=0.253593
2026-02-03 20:20:10,864 - cmab.policy - INFO -   #5: arm=batch_size=100000,header_size=64,cut_condition_type=3,fast_path_timeout=0,k=3, mean=1.021520, std=0.281915
2026-02-03 20:20:10,864 - cmab.policy - INFO - 
2026-02-03 20:20:10,864 - cmab.policy - INFO - Selected tree #10 for Thompson Sampling:
2026-02-03 20:20:10,864 - cmab.policy - INFO -   Tree depth: 7
2026-02-03 20:20:10,864 - cmab.policy - INFO -   Tree nodes: 37
2026-02-03 20:20:10,864 - cmab.policy - INFO -   Tree leaves: 19
2026-02-03 20:20:10,864 - cmab.policy - INFO -   Tree shape: (nodes=37, leaves=19, depth=7)
2026-02-03 20:20:10,864 - cmab.policy - INFO -   Tree feature importances: [0.05247358 0.1095079  0.01637981 0.07372522 0.         0.39412966
 0.07473783 0.12382706 0.         0.15521894]
2026-02-03 20:20:10,866 - cmab.policy - INFO -   Forest feature importances: [0.06316101 0.03774534 0.07184048 0.06069742 0.02029958 0.46750871
 0.14801061 0.04660639 0.01823353 0.06589694]
2026-02-03 20:20:10,866 - cmab.policy - INFO -   Top 5 predictions from this tree:
2026-02-03 20:20:10,866 - cmab.policy - INFO -     #1: arm=batch_size=100000,header_size=64,cut_condition_type=3,fast_path_timeout=100,k=3, pred=1.357455
2026-02-03 20:20:10,866 - cmab.policy - INFO -     #2: arm=batch_size=100000,header_size=128,cut_condition_type=3,fast_path_timeout=100,k=3, pred=1.357455
2026-02-03 20:20:10,866 - cmab.policy - INFO -     #3: arm=batch_size=100000,header_size=64,cut_condition_type=3,fast_path_timeout=400,k=3, pred=1.357455
2026-02-03 20:20:10,866 - cmab.policy - INFO -     #4: arm=batch_size=100000,header_size=64,cut_condition_type=3,fast_path_timeout=0,k=3, pred=1.357455
2026-02-03 20:20:10,866 - cmab.policy - INFO -     #5: arm=batch_size=100000,header_size=32,cut_condition_type=3,fast_path_timeout=400,k=3, pred=1.357455
2026-02-03 20:20:10,866 - cmab.policy - INFO - 
2026-02-03 20:20:10,866 - cmab.policy - INFO -   Found 9 arms with same max prediction (1.357455), randomly selecting one...
2026-02-03 20:20:10,866 - cmab.policy - INFO - 
2026-02-03 20:20:10,866 - cmab.policy - INFO - ✓ SELECTED ARM: batch_size=100000,header_size=128,cut_condition_type=3,fast_path_timeout=100,k=3 (prediction=1.357455)
2026-02-03 20:20:10,866 - cmab.policy - INFO - ================================================================================
2026-02-03 20:20:10,869 - cmab.trainer - INFO - Updated parameters file: /home/ccclr0302/autobahn-test/benchmark/.parameters-0.json
2026-02-03 20:20:10,870 - cmab.trainer - INFO - 🚩 Created RL parameter update signal file (epoch 21): /tmp/autobahn_rl_param_update_21.signal
2026-02-03 20:20:10,870 - cmab.trainer - INFO - Applied params: {'batch_size': 100000, 'header_size': 128, 'cut_condition_type': 3, 'fast_path_timeout': 100, 'k': 3}
2026-02-03 20:20:10,870 - cmab.trainer - INFO - Waiting for next metrics file...
2026-02-03 20:20:16,887 - cmab.trainer - INFO - Iteration 80 : context=[67.01332  71.977264 67.01332  69.49529   1.      ] arm=batch_size=100000,header_size=128,cut_condition_type=3,fast_path_timeout=100,k=3 params={'batch_size': 100000, 'header_size': 128, 'cut_condition_type': 3, 'fast_path_timeout': 100, 'k': 3}
2026-02-03 20:20:16,888 - cmab.trainer - INFO - Iteration 80 reward=0.917358 avg_reward(20)=1.067084 last_metrics=epoch_22_slot_2655.json top_arm=batch_size=100000,header_size=64,cut_condition_type=1,fast_path_timeout=100,k=3 top_ratio=0.14
2026-02-03 20:20:16,890 - cmab.policy - INFO - ================================================================================
2026-02-03 20:20:16,890 - cmab.policy - INFO - SELECT ARM - Detailed Prediction Analysis
2026-02-03 20:20:16,890 - cmab.policy - INFO - Context: [18.407637 21.75448  18.407637 18.407637  1.      ]
2026-02-03 20:20:16,891 - cmab.policy - INFO - Number of trees in forest: 10
2026-02-03 20:20:16,891 - cmab.policy - INFO - 
2026-02-03 20:20:16,891 - cmab.policy - INFO - Prediction statistics across all trees:
2026-02-03 20:20:16,891 - cmab.policy - INFO -   Mean predictions (top 5 arms): [1.407178, 1.402186, 1.218724, 1.218724, 1.186094]
2026-02-03 20:20:16,891 - cmab.policy - INFO -   Std predictions (top 5 arms): [0.257093, 0.255510, 0.177380, 0.177380, 0.358580]
2026-02-03 20:20:16,891 - cmab.policy - INFO - 
2026-02-03 20:20:16,891 - cmab.policy - INFO - Top 5 arms by mean prediction:
2026-02-03 20:20:16,891 - cmab.policy - INFO -   #1: arm=batch_size=100000,header_size=32,cut_condition_type=3,fast_path_timeout=400,k=3, mean=1.407178, std=0.257093
2026-02-03 20:20:16,891 - cmab.policy - INFO -   #2: arm=batch_size=100000,header_size=32,cut_condition_type=3,fast_path_timeout=100,k=3, mean=1.402186, std=0.255510
2026-02-03 20:20:16,891 - cmab.policy - INFO -   #3: arm=batch_size=100000,header_size=64,cut_condition_type=3,fast_path_timeout=400,k=3, mean=1.218724, std=0.177380
2026-02-03 20:20:16,891 - cmab.policy - INFO -   #4: arm=batch_size=100000,header_size=64,cut_condition_type=3,fast_path_timeout=100,k=3, mean=1.218724, std=0.177380
2026-02-03 20:20:16,891 - cmab.policy - INFO -   #5: arm=batch_size=100000,header_size=32,cut_condition_type=3,fast_path_timeout=0,k=3, mean=1.186094, std=0.358580
2026-02-03 20:20:16,891 - cmab.policy - INFO - 
2026-02-03 20:20:16,891 - cmab.policy - INFO - Selected tree #1 for Thompson Sampling:
2026-02-03 20:20:16,891 - cmab.policy - INFO -   Tree depth: 6
2026-02-03 20:20:16,891 - cmab.policy - INFO -   Tree nodes: 39
2026-02-03 20:20:16,891 - cmab.policy - INFO -   Tree leaves: 20
2026-02-03 20:20:16,891 - cmab.policy - INFO -   Tree shape: (nodes=39, leaves=20, depth=6)
2026-02-03 20:20:16,891 - cmab.policy - INFO -   Tree feature importances: [0.18141661 0.00218027 0.00803555 0.01962352 0.04958048 0.49142482
 0.1078254  0.0464908  0.         0.09342255]
2026-02-03 20:20:16,893 - cmab.policy - INFO -   Forest feature importances: [0.06316101 0.03774534 0.07184048 0.06069742 0.02029958 0.46750871
 0.14801061 0.04660639 0.01823353 0.06589694]
2026-02-03 20:20:16,893 - cmab.policy - INFO -   Top 5 predictions from this tree:
2026-02-03 20:20:16,893 - cmab.policy - INFO -     #1: arm=batch_size=100000,header_size=32,cut_condition_type=3,fast_path_timeout=400,k=3, pred=1.150669
2026-02-03 20:20:16,893 - cmab.policy - INFO -     #2: arm=batch_size=100000,header_size=128,cut_condition_type=3,fast_path_timeout=400,k=3, pred=1.150669
2026-02-03 20:20:16,893 - cmab.policy - INFO -     #3: arm=batch_size=100000,header_size=64,cut_condition_type=3,fast_path_timeout=100,k=3, pred=1.150669
2026-02-03 20:20:16,893 - cmab.policy - INFO -     #4: arm=batch_size=100000,header_size=128,cut_condition_type=3,fast_path_timeout=100,k=3, pred=1.150669
2026-02-03 20:20:16,893 - cmab.policy - INFO -     #5: arm=batch_size=100000,header_size=32,cut_condition_type=3,fast_path_timeout=0,k=3, pred=1.150669
2026-02-03 20:20:16,894 - cmab.policy - INFO - 
2026-02-03 20:20:16,894 - cmab.policy - INFO -   Found 9 arms with same max prediction (1.150669), randomly selecting one...
2026-02-03 20:20:16,894 - cmab.policy - INFO - 
2026-02-03 20:20:16,894 - cmab.policy - INFO - ✓ SELECTED ARM: batch_size=100000,header_size=32,cut_condition_type=3,fast_path_timeout=0,k=3 (prediction=1.150669)
2026-02-03 20:20:16,894 - cmab.policy - INFO - ================================================================================
2026-02-03 20:20:16,897 - cmab.trainer - INFO - Updated parameters file: /home/ccclr0302/autobahn-test/benchmark/.parameters-0.json
2026-02-03 20:20:16,897 - cmab.trainer - INFO - 🚩 Created RL parameter update signal file (epoch 22): /tmp/autobahn_rl_param_update_22.signal
2026-02-03 20:20:16,897 - cmab.trainer - INFO - Applied params: {'batch_size': 100000, 'header_size': 32, 'cut_condition_type': 3, 'fast_path_timeout': 0, 'k': 3}
2026-02-03 20:20:16,897 - cmab.trainer - INFO - Waiting for next metrics file...
2026-02-03 20:20:22,815 - cmab.trainer - INFO - Iteration 81 : context=[18.407637 21.75448  18.407637 18.407637  1.      ] arm=batch_size=100000,header_size=32,cut_condition_type=3,fast_path_timeout=0,k=3 params={'batch_size': 100000, 'header_size': 32, 'cut_condition_type': 3, 'fast_path_timeout': 0, 'k': 3}
2026-02-03 20:20:22,815 - cmab.trainer - INFO - Iteration 81 reward=1.363559 avg_reward(20)=1.093692 last_metrics=epoch_23_slot_2775.json top_arm=batch_size=100000,header_size=64,cut_condition_type=1,fast_path_timeout=100,k=3 top_ratio=0.13
2026-02-03 20:20:22,818 - cmab.policy - INFO - ================================================================================
2026-02-03 20:20:22,818 - cmab.policy - INFO - SELECT ARM - Detailed Prediction Analysis
2026-02-03 20:20:22,818 - cmab.policy - INFO - Context: [63.369484 79.21185  61.10629  67.895874  0.      ]
2026-02-03 20:20:22,818 - cmab.policy - INFO - Number of trees in forest: 10
2026-02-03 20:20:22,818 - cmab.policy - INFO - 
2026-02-03 20:20:22,818 - cmab.policy - INFO - Prediction statistics across all trees:
2026-02-03 20:20:22,818 - cmab.policy - INFO -   Mean predictions (top 5 arms): [1.142618, 1.142618, 1.140914, 1.135923, 1.021520]
2026-02-03 20:20:22,818 - cmab.policy - INFO -   Std predictions (top 5 arms): [0.244688, 0.244688, 0.260343, 0.253593, 0.281915]
2026-02-03 20:20:22,818 - cmab.policy - INFO - 
2026-02-03 20:20:22,818 - cmab.policy - INFO - Top 5 arms by mean prediction:
2026-02-03 20:20:22,818 - cmab.policy - INFO -   #1: arm=batch_size=100000,header_size=64,cut_condition_type=3,fast_path_timeout=100,k=3, mean=1.142618, std=0.244688
2026-02-03 20:20:22,818 - cmab.policy - INFO -   #2: arm=batch_size=100000,header_size=64,cut_condition_type=3,fast_path_timeout=400,k=3, mean=1.142618, std=0.244688
2026-02-03 20:20:22,818 - cmab.policy - INFO -   #3: arm=batch_size=100000,header_size=32,cut_condition_type=3,fast_path_timeout=400,k=3, mean=1.140914, std=0.260343
2026-02-03 20:20:22,818 - cmab.policy - INFO -   #4: arm=batch_size=100000,header_size=32,cut_condition_type=3,fast_path_timeout=100,k=3, mean=1.135923, std=0.253593
2026-02-03 20:20:22,818 - cmab.policy - INFO -   #5: arm=batch_size=100000,header_size=64,cut_condition_type=3,fast_path_timeout=0,k=3, mean=1.021520, std=0.281915
2026-02-03 20:20:22,818 - cmab.policy - INFO - 
2026-02-03 20:20:22,818 - cmab.policy - INFO - Selected tree #3 for Thompson Sampling:
2026-02-03 20:20:22,818 - cmab.policy - INFO -   Tree depth: 9
2026-02-03 20:20:22,818 - cmab.policy - INFO -   Tree nodes: 39
2026-02-03 20:20:22,818 - cmab.policy - INFO -   Tree leaves: 20
2026-02-03 20:20:22,819 - cmab.policy - INFO -   Tree shape: (nodes=39, leaves=20, depth=9)
2026-02-03 20:20:22,819 - cmab.policy - INFO -   Tree feature importances: [0.04025727 0.         0.07930797 0.04066407 0.01115268 0.44900011
 0.137572   0.0032585  0.05077827 0.18800914]
2026-02-03 20:20:22,820 - cmab.policy - INFO -   Forest feature importances: [0.06316101 0.03774534 0.07184048 0.06069742 0.02029958 0.46750871
 0.14801061 0.04660639 0.01823353 0.06589694]
2026-02-03 20:20:22,821 - cmab.policy - INFO -   Top 5 predictions from this tree:
2026-02-03 20:20:22,821 - cmab.policy - INFO -     #1: arm=batch_size=100000,header_size=32,cut_condition_type=1,fast_path_timeout=400,k=3, pred=1.510885
2026-02-03 20:20:22,821 - cmab.policy - INFO -     #2: arm=batch_size=100000,header_size=32,cut_condition_type=3,fast_path_timeout=400,k=3, pred=1.510885
2026-02-03 20:20:22,821 - cmab.policy - INFO -     #3: arm=batch_size=100000,header_size=32,cut_condition_type=1,fast_path_timeout=100,k=3, pred=1.460969
2026-02-03 20:20:22,821 - cmab.policy - INFO -     #4: arm=batch_size=100000,header_size=32,cut_condition_type=3,fast_path_timeout=100,k=3, pred=1.460969
2026-02-03 20:20:22,821 - cmab.policy - INFO -     #5: arm=batch_size=100000,header_size=64,cut_condition_type=1,fast_path_timeout=100,k=3, pred=1.203698
2026-02-03 20:20:22,821 - cmab.policy - INFO - 
2026-02-03 20:20:22,821 - cmab.policy - INFO -   Found 2 arms with same max prediction (1.510885), randomly selecting one...
2026-02-03 20:20:22,821 - cmab.policy - INFO - 
2026-02-03 20:20:22,821 - cmab.policy - INFO - ✓ SELECTED ARM: batch_size=100000,header_size=32,cut_condition_type=3,fast_path_timeout=400,k=3 (prediction=1.510885)
2026-02-03 20:20:22,821 - cmab.policy - INFO - ================================================================================
2026-02-03 20:20:22,824 - cmab.trainer - INFO - Updated parameters file: /home/ccclr0302/autobahn-test/benchmark/.parameters-0.json
2026-02-03 20:20:22,824 - cmab.trainer - INFO - 🚩 Created RL parameter update signal file (epoch 23): /tmp/autobahn_rl_param_update_23.signal
2026-02-03 20:20:22,824 - cmab.trainer - INFO - Applied params: {'batch_size': 100000, 'header_size': 32, 'cut_condition_type': 3, 'fast_path_timeout': 400, 'k': 3}
2026-02-03 20:20:22,824 - cmab.trainer - INFO - Waiting for next metrics file...
2026-02-03 20:20:26,435 - cmab.trainer - INFO - Iteration 82 : context=[63.369484 79.21185  61.10629  67.895874  0.      ] arm=batch_size=100000,header_size=32,cut_condition_type=3,fast_path_timeout=400,k=3 params={'batch_size': 100000, 'header_size': 32, 'cut_condition_type': 3, 'fast_path_timeout': 400, 'k': 3}
2026-02-03 20:20:26,435 - cmab.trainer - INFO - Iteration 82 reward=1.057348 avg_reward(20)=1.087373 last_metrics=epoch_24_slot_2895.json top_arm=batch_size=100000,header_size=64,cut_condition_type=1,fast_path_timeout=100,k=3 top_ratio=0.12
2026-02-03 20:20:26,438 - cmab.policy - INFO - ================================================================================
2026-02-03 20:20:26,438 - cmab.policy - INFO - SELECT ARM - Detailed Prediction Analysis
2026-02-03 20:20:26,438 - cmab.policy - INFO - Context: [42.967117 71.61186  51.560543 51.560543  1.      ]
2026-02-03 20:20:26,438 - cmab.policy - INFO - Number of trees in forest: 10
2026-02-03 20:20:26,438 - cmab.policy - INFO - 
2026-02-03 20:20:26,438 - cmab.policy - INFO - Prediction statistics across all trees:
2026-02-03 20:20:26,438 - cmab.policy - INFO -   Mean predictions (top 5 arms): [1.215815, 1.215815, 1.214111, 1.209120, 1.094717]
2026-02-03 20:20:26,438 - cmab.policy - INFO -   Std predictions (top 5 arms): [0.167521, 0.167521, 0.190314, 0.182978, 0.255726]
2026-02-03 20:20:26,438 - cmab.policy - INFO - 
2026-02-03 20:20:26,438 - cmab.policy - INFO - Top 5 arms by mean prediction:
2026-02-03 20:20:26,438 - cmab.policy - INFO -   #1: arm=batch_size=100000,header_size=64,cut_condition_type=3,fast_path_timeout=100,k=3, mean=1.215815, std=0.167521
2026-02-03 20:20:26,438 - cmab.policy - INFO -   #2: arm=batch_size=100000,header_size=64,cut_condition_type=3,fast_path_timeout=400,k=3, mean=1.215815, std=0.167521
2026-02-03 20:20:26,438 - cmab.policy - INFO -   #3: arm=batch_size=100000,header_size=32,cut_condition_type=3,fast_path_timeout=400,k=3, mean=1.214111, std=0.190314
2026-02-03 20:20:26,438 - cmab.policy - INFO -   #4: arm=batch_size=100000,header_size=32,cut_condition_type=3,fast_path_timeout=100,k=3, mean=1.209120, std=0.182978
2026-02-03 20:20:26,438 - cmab.policy - INFO -   #5: arm=batch_size=100000,header_size=64,cut_condition_type=3,fast_path_timeout=0,k=3, mean=1.094717, std=0.255726
2026-02-03 20:20:26,438 - cmab.policy - INFO - 
2026-02-03 20:20:26,438 - cmab.policy - INFO - Selected tree #6 for Thompson Sampling:
2026-02-03 20:20:26,438 - cmab.policy - INFO -   Tree depth: 7
2026-02-03 20:20:26,439 - cmab.policy - INFO -   Tree nodes: 37
2026-02-03 20:20:26,439 - cmab.policy - INFO -   Tree leaves: 19
2026-02-03 20:20:26,439 - cmab.policy - INFO -   Tree shape: (nodes=37, leaves=19, depth=7)
2026-02-03 20:20:26,439 - cmab.policy - INFO -   Tree feature importances: [0.03937251 0.14020337 0.20091202 0.02998385 0.05762975 0.4375145
 0.09300212 0.         0.         0.00138188]
2026-02-03 20:20:26,440 - cmab.policy - INFO -   Forest feature importances: [0.06316101 0.03774534 0.07184048 0.06069742 0.02029958 0.46750871
 0.14801061 0.04660639 0.01823353 0.06589694]
2026-02-03 20:20:26,441 - cmab.policy - INFO -   Top 5 predictions from this tree:
2026-02-03 20:20:26,441 - cmab.policy - INFO -     #1: arm=batch_size=100000,header_size=32,cut_condition_type=1,fast_path_timeout=0,k=1, pred=0.888370
2026-02-03 20:20:26,441 - cmab.policy - INFO -     #2: arm=batch_size=100000,header_size=64,cut_condition_type=3,fast_path_timeout=0,k=1, pred=0.888370
2026-02-03 20:20:26,441 - cmab.policy - INFO -     #3: arm=batch_size=100000,header_size=64,cut_condition_type=3,fast_path_timeout=100,k=1, pred=0.888370
2026-02-03 20:20:26,441 - cmab.policy - INFO -     #4: arm=batch_size=100000,header_size=64,cut_condition_type=3,fast_path_timeout=100,k=3, pred=0.888370
2026-02-03 20:20:26,441 - cmab.policy - INFO -     #5: arm=batch_size=100000,header_size=64,cut_condition_type=3,fast_path_timeout=400,k=1, pred=0.888370
2026-02-03 20:20:26,441 - cmab.policy - INFO - 
2026-02-03 20:20:26,441 - cmab.policy - INFO -   Found 36 arms with same max prediction (0.888370), randomly selecting one...
2026-02-03 20:20:26,441 - cmab.policy - INFO - 
2026-02-03 20:20:26,441 - cmab.policy - INFO - ✓ SELECTED ARM: batch_size=100000,header_size=64,cut_condition_type=1,fast_path_timeout=100,k=1 (prediction=0.888370)
2026-02-03 20:20:26,441 - cmab.policy - INFO - ================================================================================
2026-02-03 20:20:26,445 - cmab.trainer - INFO - Updated parameters file: /home/ccclr0302/autobahn-test/benchmark/.parameters-0.json
2026-02-03 20:20:26,446 - cmab.trainer - INFO - 🚩 Created RL parameter update signal file (epoch 24): /tmp/autobahn_rl_param_update_24.signal
2026-02-03 20:20:26,446 - cmab.trainer - INFO - Applied params: {'batch_size': 100000, 'header_size': 64, 'cut_condition_type': 1, 'fast_path_timeout': 100, 'k': 1}
2026-02-03 20:20:26,446 - cmab.trainer - INFO - Waiting for next metrics file...
[Parallel(n_jobs=1)]: Done  10 out of  10 | elapsed:    0.0s finished
[Parallel(n_jobs=1)]: Done  10 out of  10 | elapsed:    0.0s finished
2026-02-03 20:20:32,109 - cmab.policy - INFO - RF Updated: samples=75, MSE=0.020467
2026-02-03 20:20:32,109 - cmab.trainer - INFO - Iteration 83 : context=[42.967117 71.61186  51.560543 51.560543  1.      ] arm=batch_size=100000,header_size=64,cut_condition_type=1,fast_path_timeout=100,k=1 params={'batch_size': 100000, 'header_size': 64, 'cut_condition_type': 1, 'fast_path_timeout': 100, 'k': 1}
2026-02-03 20:20:32,109 - cmab.trainer - INFO - Iteration 83 reward=0.581375 avg_reward(20)=1.039189 last_metrics=epoch_25_slot_3015.json top_arm=batch_size=100000,header_size=64,cut_condition_type=1,fast_path_timeout=100,k=3 top_ratio=0.12
2026-02-03 20:20:32,112 - cmab.policy - INFO - ================================================================================
2026-02-03 20:20:32,112 - cmab.policy - INFO - SELECT ARM - Detailed Prediction Analysis
2026-02-03 20:20:32,112 - cmab.policy - INFO - Context: [27.204914 28.055067 26.354761 26.354761  0.75    ]
2026-02-03 20:20:32,112 - cmab.policy - INFO - Number of trees in forest: 10
2026-02-03 20:20:32,112 - cmab.policy - INFO - 
2026-02-03 20:20:32,112 - cmab.policy - INFO - Prediction statistics across all trees:
2026-02-03 20:20:32,112 - cmab.policy - INFO -   Mean predictions (top 5 arms): [1.384337, 1.384337, 1.305254, 1.285385, 1.276625]
2026-02-03 20:20:32,112 - cmab.policy - INFO -   Std predictions (top 5 arms): [0.138210, 0.138210, 0.191240, 0.230152, 0.082194]
2026-02-03 20:20:32,112 - cmab.policy - INFO - 
2026-02-03 20:20:32,112 - cmab.policy - INFO - Top 5 arms by mean prediction:
2026-02-03 20:20:32,112 - cmab.policy - INFO -   #1: arm=batch_size=100000,header_size=32,cut_condition_type=3,fast_path_timeout=400,k=3, mean=1.384337, std=0.138210
2026-02-03 20:20:32,112 - cmab.policy - INFO -   #2: arm=batch_size=100000,header_size=32,cut_condition_type=3,fast_path_timeout=100,k=3, mean=1.384337, std=0.138210
2026-02-03 20:20:32,112 - cmab.policy - INFO -   #3: arm=batch_size=100000,header_size=32,cut_condition_type=3,fast_path_timeout=400,k=1, mean=1.305254, std=0.191240
2026-02-03 20:20:32,112 - cmab.policy - INFO -   #4: arm=batch_size=100000,header_size=32,cut_condition_type=3,fast_path_timeout=100,k=1, mean=1.285385, std=0.230152
2026-02-03 20:20:32,112 - cmab.policy - INFO -   #5: arm=batch_size=100000,header_size=64,cut_condition_type=3,fast_path_timeout=400,k=3, mean=1.276625, std=0.082194
2026-02-03 20:20:32,112 - cmab.policy - INFO - 
2026-02-03 20:20:32,112 - cmab.policy - INFO - Selected tree #1 for Thompson Sampling:
2026-02-03 20:20:32,112 - cmab.policy - INFO -   Tree depth: 7
2026-02-03 20:20:32,112 - cmab.policy - INFO -   Tree nodes: 45
2026-02-03 20:20:32,112 - cmab.policy - INFO -   Tree leaves: 23
2026-02-03 20:20:32,113 - cmab.policy - INFO -   Tree shape: (nodes=45, leaves=23, depth=7)
2026-02-03 20:20:32,113 - cmab.policy - INFO -   Tree feature importances: [0.09996405 0.0221672  0.01327138 0.05252752 0.         0.53480908
 0.1323411  0.0096023  0.00262641 0.13269096]
2026-02-03 20:20:32,114 - cmab.policy - INFO -   Forest feature importances: [0.05829687 0.07369242 0.06772998 0.04906974 0.01269352 0.49508474
 0.12601497 0.03560654 0.02154256 0.06026866]
2026-02-03 20:20:32,115 - cmab.policy - INFO -   Top 5 predictions from this tree:
2026-02-03 20:20:32,115 - cmab.policy - INFO -     #1: arm=batch_size=100000,header_size=32,cut_condition_type=3,fast_path_timeout=400,k=3, pred=1.539541
2026-02-03 20:20:32,115 - cmab.policy - INFO -     #2: arm=batch_size=100000,header_size=32,cut_condition_type=1,fast_path_timeout=0,k=3, pred=1.539541
2026-02-03 20:20:32,115 - cmab.policy - INFO -     #3: arm=batch_size=100000,header_size=32,cut_condition_type=1,fast_path_timeout=100,k=3, pred=1.539541
2026-02-03 20:20:32,115 - cmab.policy - INFO -     #4: arm=batch_size=100000,header_size=32,cut_condition_type=1,fast_path_timeout=400,k=3, pred=1.539541
2026-02-03 20:20:32,115 - cmab.policy - INFO -     #5: arm=batch_size=100000,header_size=32,cut_condition_type=3,fast_path_timeout=0,k=3, pred=1.539541
2026-02-03 20:20:32,115 - cmab.policy - INFO - 
2026-02-03 20:20:32,115 - cmab.policy - INFO -   Found 6 arms with same max prediction (1.539541), randomly selecting one...
2026-02-03 20:20:32,115 - cmab.policy - INFO - 
2026-02-03 20:20:32,115 - cmab.policy - INFO - ✓ SELECTED ARM: batch_size=100000,header_size=32,cut_condition_type=1,fast_path_timeout=400,k=3 (prediction=1.539541)
2026-02-03 20:20:32,115 - cmab.policy - INFO - ================================================================================
2026-02-03 20:20:32,574 - cmab.trainer - INFO - Updated parameters file: /home/ccclr0302/autobahn-test/benchmark/.parameters-0.json
2026-02-03 20:20:32,575 - cmab.trainer - INFO - 🚩 Created RL parameter update signal file (epoch 25): /tmp/autobahn_rl_param_update_25.signal
2026-02-03 20:20:32,575 - cmab.trainer - INFO - Applied params: {'batch_size': 100000, 'header_size': 32, 'cut_condition_type': 1, 'fast_path_timeout': 400, 'k': 3}
2026-02-03 20:20:32,575 - cmab.trainer - INFO - Waiting for next metrics file...
2026-02-03 20:20:37,689 - cmab.trainer - INFO - Iteration 84 : context=[27.204914 28.055067 26.354761 26.354761  0.75    ] arm=batch_size=100000,header_size=32,cut_condition_type=1,fast_path_timeout=400,k=3 params={'batch_size': 100000, 'header_size': 32, 'cut_condition_type': 1, 'fast_path_timeout': 400, 'k': 3}
2026-02-03 20:20:37,690 - cmab.trainer - INFO - Iteration 84 reward=1.437850 avg_reward(20)=1.071706 last_metrics=epoch_26_slot_3135.json top_arm=batch_size=100000,header_size=64,cut_condition_type=1,fast_path_timeout=100,k=3 top_ratio=0.12
2026-02-03 20:20:37,692 - cmab.policy - INFO - ================================================================================
2026-02-03 20:20:37,692 - cmab.policy - INFO - SELECT ARM - Detailed Prediction Analysis
2026-02-03 20:20:37,693 - cmab.policy - INFO - Context: [52.600502 71.3864   67.62922  63.87204   1.      ]
2026-02-03 20:20:37,693 - cmab.policy - INFO - Number of trees in forest: 10
2026-02-03 20:20:37,693 - cmab.policy - INFO - 
2026-02-03 20:20:37,693 - cmab.policy - INFO - Prediction statistics across all trees:
2026-02-03 20:20:37,693 - cmab.policy - INFO -   Mean predictions (top 5 arms): [1.062627, 1.055111, 1.026925, 1.022765, 1.019409]
2026-02-03 20:20:37,693 - cmab.policy - INFO -   Std predictions (top 5 arms): [0.149912, 0.158505, 0.164848, 0.194067, 0.171138]
2026-02-03 20:20:37,693 - cmab.policy - INFO - 
2026-02-03 20:20:37,693 - cmab.policy - INFO - Top 5 arms by mean prediction:
2026-02-03 20:20:37,693 - cmab.policy - INFO -   #1: arm=batch_size=100000,header_size=32,cut_condition_type=3,fast_path_timeout=400,k=3, mean=1.062627, std=0.149912
2026-02-03 20:20:37,693 - cmab.policy - INFO -   #2: arm=batch_size=100000,header_size=32,cut_condition_type=1,fast_path_timeout=400,k=3, mean=1.055111, std=0.158505
2026-02-03 20:20:37,693 - cmab.policy - INFO -   #3: arm=batch_size=100000,header_size=64,cut_condition_type=3,fast_path_timeout=400,k=3, mean=1.026925, std=0.164848
2026-02-03 20:20:37,693 - cmab.policy - INFO -   #4: arm=batch_size=100000,header_size=32,cut_condition_type=3,fast_path_timeout=100,k=3, mean=1.022765, std=0.194067
2026-02-03 20:20:37,693 - cmab.policy - INFO -   #5: arm=batch_size=100000,header_size=64,cut_condition_type=1,fast_path_timeout=400,k=3, mean=1.019409, std=0.171138
2026-02-03 20:20:37,693 - cmab.policy - INFO - 
2026-02-03 20:20:37,693 - cmab.policy - INFO - Selected tree #3 for Thompson Sampling:
2026-02-03 20:20:37,693 - cmab.policy - INFO -   Tree depth: 7
2026-02-03 20:20:37,693 - cmab.policy - INFO -   Tree nodes: 41
2026-02-03 20:20:37,693 - cmab.policy - INFO -   Tree leaves: 21
2026-02-03 20:20:37,693 - cmab.policy - INFO -   Tree shape: (nodes=41, leaves=21, depth=7)
2026-02-03 20:20:37,693 - cmab.policy - INFO -   Tree feature importances: [0.11823077 0.06056072 0.04694536 0.03002712 0.         0.51426696
 0.18106267 0.03604101 0.         0.01286539]
2026-02-03 20:20:37,695 - cmab.policy - INFO -   Forest feature importances: [0.05829687 0.07369242 0.06772998 0.04906974 0.01269352 0.49508474
 0.12601497 0.03560654 0.02154256 0.06026866]
2026-02-03 20:20:37,695 - cmab.policy - INFO -   Top 5 predictions from this tree:
2026-02-03 20:20:37,695 - cmab.policy - INFO -     #1: arm=batch_size=100000,header_size=64,cut_condition_type=3,fast_path_timeout=400,k=3, pred=1.182074
2026-02-03 20:20:37,696 - cmab.policy - INFO -     #2: arm=batch_size=100000,header_size=64,cut_condition_type=3,fast_path_timeout=400,k=1, pred=1.182074
2026-02-03 20:20:37,696 - cmab.policy - INFO -     #3: arm=batch_size=100000,header_size=64,cut_condition_type=3,fast_path_timeout=100,k=3, pred=1.182074
2026-02-03 20:20:37,696 - cmab.policy - INFO -     #4: arm=batch_size=100000,header_size=64,cut_condition_type=3,fast_path_timeout=100,k=1, pred=1.182074
2026-02-03 20:20:37,696 - cmab.policy - INFO -     #5: arm=batch_size=100000,header_size=64,cut_condition_type=3,fast_path_timeout=0,k=3, pred=1.182074
2026-02-03 20:20:37,696 - cmab.policy - INFO - 
2026-02-03 20:20:37,696 - cmab.policy - INFO -   Found 12 arms with same max prediction (1.182074), randomly selecting one...
2026-02-03 20:20:37,696 - cmab.policy - INFO - 
2026-02-03 20:20:37,696 - cmab.policy - INFO - ✓ SELECTED ARM: batch_size=100000,header_size=64,cut_condition_type=3,fast_path_timeout=100,k=3 (prediction=1.182074)
2026-02-03 20:20:37,696 - cmab.policy - INFO - ================================================================================
2026-02-03 20:20:38,021 - cmab.trainer - INFO - Updated parameters file: /home/ccclr0302/autobahn-test/benchmark/.parameters-0.json
2026-02-03 20:20:38,021 - cmab.trainer - INFO - 🚩 Created RL parameter update signal file (epoch 26): /tmp/autobahn_rl_param_update_26.signal
2026-02-03 20:20:38,021 - cmab.trainer - INFO - Applied params: {'batch_size': 100000, 'header_size': 64, 'cut_condition_type': 3, 'fast_path_timeout': 100, 'k': 3}
2026-02-03 20:20:38,021 - cmab.trainer - INFO - Waiting for next metrics file...
2026-02-03 20:20:40,653 - cmab.trainer - WARNING - Detected abandon signal for epoch 27, using action from epoch 26 for update
2026-02-03 20:20:40,653 - cmab.trainer - INFO - Iteration 85 : context=[52.600502 71.3864   67.62922  63.87204   1.      ] arm=batch_size=100000,header_size=32,cut_condition_type=1,fast_path_timeout=400,k=3 params={'batch_size': 100000, 'header_size': 32, 'cut_condition_type': 1, 'fast_path_timeout': 400, 'k': 3}
2026-02-03 20:20:40,653 - cmab.trainer - INFO - Iteration 85 reward=0.855237 avg_reward(20)=1.038165 last_metrics=epoch_27_slot_3255.json top_arm=batch_size=100000,header_size=64,cut_condition_type=3,fast_path_timeout=100,k=3 top_ratio=0.11
2026-02-03 20:20:40,656 - cmab.policy - INFO - ================================================================================
2026-02-03 20:20:40,787 - cmab.policy - INFO - SELECT ARM - Detailed Prediction Analysis
2026-02-03 20:20:40,787 - cmab.policy - INFO - Context: [50.02617  70.03664  56.696323 56.696323  1.      ]
2026-02-03 20:20:40,787 - cmab.policy - INFO - Number of trees in forest: 10
2026-02-03 20:20:40,787 - cmab.policy - INFO - 
2026-02-03 20:20:40,787 - cmab.policy - INFO - Prediction statistics across all trees:
2026-02-03 20:20:40,787 - cmab.policy - INFO -   Mean predictions (top 5 arms): [1.024875, 1.017359, 0.985012, 0.977496, 0.973913]
2026-02-03 20:20:40,787 - cmab.policy - INFO -   Std predictions (top 5 arms): [0.211156, 0.216031, 0.238255, 0.241348, 0.230935]
2026-02-03 20:20:40,787 - cmab.policy - INFO - 
2026-02-03 20:20:40,787 - cmab.policy - INFO - Top 5 arms by mean prediction:
2026-02-03 20:20:40,787 - cmab.policy - INFO -   #1: arm=batch_size=100000,header_size=32,cut_condition_type=3,fast_path_timeout=400,k=3, mean=1.024875, std=0.211156
2026-02-03 20:20:40,788 - cmab.policy - INFO -   #2: arm=batch_size=100000,header_size=32,cut_condition_type=1,fast_path_timeout=400,k=3, mean=1.017359, std=0.216031
2026-02-03 20:20:40,788 - cmab.policy - INFO -   #3: arm=batch_size=100000,header_size=32,cut_condition_type=3,fast_path_timeout=100,k=3, mean=0.985012, std=0.238255
2026-02-03 20:20:40,788 - cmab.policy - INFO -   #4: arm=batch_size=100000,header_size=32,cut_condition_type=1,fast_path_timeout=100,k=3, mean=0.977496, std=0.241348
2026-02-03 20:20:40,788 - cmab.policy - INFO -   #5: arm=batch_size=100000,header_size=64,cut_condition_type=3,fast_path_timeout=400,k=3, mean=0.973913, std=0.230935
2026-02-03 20:20:40,788 - cmab.policy - INFO - 
2026-02-03 20:20:40,788 - cmab.policy - INFO - Selected tree #1 for Thompson Sampling:
2026-02-03 20:20:40,788 - cmab.policy - INFO -   Tree depth: 7
2026-02-03 20:20:40,788 - cmab.policy - INFO -   Tree nodes: 45
2026-02-03 20:20:40,788 - cmab.policy - INFO -   Tree leaves: 23
2026-02-03 20:20:40,788 - cmab.policy - INFO -   Tree shape: (nodes=45, leaves=23, depth=7)
2026-02-03 20:20:40,788 - cmab.policy - INFO -   Tree feature importances: [0.09996405 0.0221672  0.01327138 0.05252752 0.         0.53480908
 0.1323411  0.0096023  0.00262641 0.13269096]
2026-02-03 20:20:40,790 - cmab.policy - INFO -   Forest feature importances: [0.05829687 0.07369242 0.06772998 0.04906974 0.01269352 0.49508474
 0.12601497 0.03560654 0.02154256 0.06026866]
2026-02-03 20:20:40,790 - cmab.policy - INFO -   Top 5 predictions from this tree:
2026-02-03 20:20:40,790 - cmab.policy - INFO -     #1: arm=batch_size=100000,header_size=32,cut_condition_type=3,fast_path_timeout=100,k=3, pred=1.169103
2026-02-03 20:20:40,790 - cmab.policy - INFO -     #2: arm=batch_size=100000,header_size=32,cut_condition_type=1,fast_path_timeout=0,k=3, pred=1.169103
2026-02-03 20:20:40,790 - cmab.policy - INFO -     #3: arm=batch_size=100000,header_size=32,cut_condition_type=1,fast_path_timeout=100,k=3, pred=1.169103
2026-02-03 20:20:40,790 - cmab.policy - INFO -     #4: arm=batch_size=100000,header_size=32,cut_condition_type=1,fast_path_timeout=400,k=3, pred=1.169103
2026-02-03 20:20:40,791 - cmab.policy - INFO -     #5: arm=batch_size=100000,header_size=32,cut_condition_type=3,fast_path_timeout=400,k=3, pred=1.169103
2026-02-03 20:20:40,791 - cmab.policy - INFO - 
2026-02-03 20:20:40,791 - cmab.policy - INFO -   Found 6 arms with same max prediction (1.169103), randomly selecting one...
2026-02-03 20:20:40,791 - cmab.policy - INFO - 
2026-02-03 20:20:40,791 - cmab.policy - INFO - ✓ SELECTED ARM: batch_size=100000,header_size=32,cut_condition_type=3,fast_path_timeout=0,k=3 (prediction=1.169103)
2026-02-03 20:20:40,791 - cmab.policy - INFO - ================================================================================
2026-02-03 20:20:41,066 - cmab.trainer - INFO - Updated parameters file: /home/ccclr0302/autobahn-test/benchmark/.parameters-0.json
2026-02-03 20:20:41,066 - cmab.trainer - INFO - 🚩 Created RL parameter update signal file (epoch 27): /tmp/autobahn_rl_param_update_27.signal
2026-02-03 20:20:41,066 - cmab.trainer - INFO - Applied params: {'batch_size': 100000, 'header_size': 32, 'cut_condition_type': 3, 'fast_path_timeout': 0, 'k': 3}
2026-02-03 20:20:41,066 - cmab.trainer - INFO - Waiting for next metrics file...
2026-02-03 20:20:43,573 - cmab.trainer - WARNING - Detected abandon signal for epoch 28, using action from epoch 27 for update
2026-02-03 20:20:43,573 - cmab.trainer - INFO - Iteration 86 : context=[50.02617  70.03664  56.696323 56.696323  1.      ] arm=batch_size=100000,header_size=32,cut_condition_type=1,fast_path_timeout=400,k=3 params={'batch_size': 100000, 'header_size': 32, 'cut_condition_type': 1, 'fast_path_timeout': 400, 'k': 3}
2026-02-03 20:20:43,574 - cmab.trainer - INFO - Iteration 86 reward=1.075104 avg_reward(20)=1.025380 last_metrics=epoch_28_slot_3375.json top_arm=batch_size=100000,header_size=64,cut_condition_type=3,fast_path_timeout=100,k=3 top_ratio=0.11
2026-02-03 20:20:43,576 - cmab.policy - INFO - ================================================================================
2026-02-03 20:20:43,576 - cmab.policy - INFO - SELECT ARM - Detailed Prediction Analysis
2026-02-03 20:20:43,576 - cmab.policy - INFO - Context: [52.447063 71.178154 59.9395   67.43194   1.      ]
2026-02-03 20:20:43,576 - cmab.policy - INFO - Number of trees in forest: 10
2026-02-03 20:20:43,576 - cmab.policy - INFO - 
2026-02-03 20:20:43,577 - cmab.policy - INFO - Prediction statistics across all trees:
2026-02-03 20:20:43,577 - cmab.policy - INFO -   Mean predictions (top 5 arms): [1.017824, 0.990242, 0.977961, 0.966862, 0.960545]
2026-02-03 20:20:43,577 - cmab.policy - INFO -   Std predictions (top 5 arms): [0.139855, 0.132491, 0.176567, 0.166087, 0.179869]
2026-02-03 20:20:43,577 - cmab.policy - INFO - 
2026-02-03 20:20:43,577 - cmab.policy - INFO - Top 5 arms by mean prediction:
2026-02-03 20:20:43,577 - cmab.policy - INFO -   #1: arm=batch_size=100000,header_size=32,cut_condition_type=1,fast_path_timeout=400,k=3, mean=1.017824, std=0.139855
2026-02-03 20:20:43,577 - cmab.policy - INFO -   #2: arm=batch_size=100000,header_size=32,cut_condition_type=3,fast_path_timeout=400,k=3, mean=0.990242, std=0.132491
2026-02-03 20:20:43,577 - cmab.policy - INFO -   #3: arm=batch_size=100000,header_size=32,cut_condition_type=1,fast_path_timeout=100,k=3, mean=0.977961, std=0.176567
2026-02-03 20:20:43,577 - cmab.policy - INFO -   #4: arm=batch_size=100000,header_size=64,cut_condition_type=1,fast_path_timeout=400,k=3, mean=0.966862, std=0.166087
2026-02-03 20:20:43,577 - cmab.policy - INFO -   #5: arm=batch_size=100000,header_size=32,cut_condition_type=1,fast_path_timeout=0,k=3, mean=0.960545, std=0.179869
2026-02-03 20:20:43,577 - cmab.policy - INFO - 
2026-02-03 20:20:43,577 - cmab.policy - INFO - Selected tree #10 for Thompson Sampling:
2026-02-03 20:20:43,577 - cmab.policy - INFO -   Tree depth: 7
2026-02-03 20:20:43,577 - cmab.policy - INFO -   Tree nodes: 45
2026-02-03 20:20:43,577 - cmab.policy - INFO -   Tree leaves: 23
2026-02-03 20:20:43,577 - cmab.policy - INFO -   Tree shape: (nodes=45, leaves=23, depth=7)
2026-02-03 20:20:43,577 - cmab.policy - INFO -   Tree feature importances: [0.0030239  0.05216095 0.18469021 0.         0.00958247 0.39589741
 0.21726482 0.09443926 0.02701075 0.01593022]
2026-02-03 20:20:43,579 - cmab.policy - INFO -   Forest feature importances: [0.05829687 0.07369242 0.06772998 0.04906974 0.01269352 0.49508474
 0.12601497 0.03560654 0.02154256 0.06026866]
2026-02-03 20:20:43,579 - cmab.policy - INFO -   Top 5 predictions from this tree:
2026-02-03 20:20:43,579 - cmab.policy - INFO -     #1: arm=batch_size=100000,header_size=32,cut_condition_type=1,fast_path_timeout=0,k=1, pred=0.837042
2026-02-03 20:20:43,579 - cmab.policy - INFO -     #2: arm=batch_size=100000,header_size=32,cut_condition_type=3,fast_path_timeout=0,k=1, pred=0.837042
2026-02-03 20:20:43,579 - cmab.policy - INFO -     #3: arm=batch_size=100000,header_size=32,cut_condition_type=3,fast_path_timeout=400,k=3, pred=0.837042
2026-02-03 20:20:43,579 - cmab.policy - INFO -     #4: arm=batch_size=100000,header_size=32,cut_condition_type=3,fast_path_timeout=400,k=1, pred=0.837042
2026-02-03 20:20:43,579 - cmab.policy - INFO -     #5: arm=batch_size=100000,header_size=32,cut_condition_type=3,fast_path_timeout=100,k=1, pred=0.837042
2026-02-03 20:20:43,579 - cmab.policy - INFO - 
2026-02-03 20:20:43,579 - cmab.policy - INFO -   Found 12 arms with same max prediction (0.837042), randomly selecting one...
2026-02-03 20:20:43,579 - cmab.policy - INFO - 
2026-02-03 20:20:43,579 - cmab.policy - INFO - ✓ SELECTED ARM: batch_size=100000,header_size=32,cut_condition_type=1,fast_path_timeout=400,k=1 (prediction=0.837042)
2026-02-03 20:20:43,579 - cmab.policy - INFO - ================================================================================
2026-02-03 20:20:43,582 - cmab.trainer - INFO - Updated parameters file: /home/ccclr0302/autobahn-test/benchmark/.parameters-0.json
2026-02-03 20:20:43,582 - cmab.trainer - INFO - 🚩 Created RL parameter update signal file (epoch 28): /tmp/autobahn_rl_param_update_28.signal
2026-02-03 20:20:43,583 - cmab.trainer - INFO - Applied params: {'batch_size': 100000, 'header_size': 32, 'cut_condition_type': 1, 'fast_path_timeout': 400, 'k': 1}
2026-02-03 20:20:43,583 - cmab.trainer - INFO - Waiting for next metrics file...
2026-02-03 20:20:46,692 - cmab.trainer - WARNING - Detected abandon signal for epoch 29, using action from epoch 28 for update
2026-02-03 20:20:46,692 - cmab.trainer - INFO - Iteration 87 : context=[52.447063 71.178154 59.9395   67.43194   1.      ] arm=batch_size=100000,header_size=32,cut_condition_type=1,fast_path_timeout=400,k=3 params={'batch_size': 100000, 'header_size': 32, 'cut_condition_type': 1, 'fast_path_timeout': 400, 'k': 3}
2026-02-03 20:20:46,692 - cmab.trainer - INFO - Iteration 87 reward=1.077000 avg_reward(20)=1.043011 last_metrics=epoch_29_slot_3495.json top_arm=batch_size=100000,header_size=64,cut_condition_type=3,fast_path_timeout=100,k=3 top_ratio=0.10
2026-02-03 20:20:46,695 - cmab.policy - INFO - ================================================================================
2026-02-03 20:20:46,695 - cmab.policy - INFO - SELECT ARM - Detailed Prediction Analysis
2026-02-03 20:20:46,695 - cmab.policy - INFO - Context: [59.3419   74.177376 59.3419   66.759636  1.      ]
2026-02-03 20:20:46,695 - cmab.policy - INFO - Number of trees in forest: 10
2026-02-03 20:20:46,695 - cmab.policy - INFO - 
2026-02-03 20:20:46,695 - cmab.policy - INFO - Prediction statistics across all trees:
2026-02-03 20:20:46,695 - cmab.policy - INFO -   Mean predictions (top 5 arms): [1.003464, 0.995948, 0.963601, 0.956085, 0.952722]
2026-02-03 20:20:46,695 - cmab.policy - INFO -   Std predictions (top 5 arms): [0.171985, 0.177031, 0.200127, 0.203008, 0.178554]
2026-02-03 20:20:46,695 - cmab.policy - INFO - 
2026-02-03 20:20:46,695 - cmab.policy - INFO - Top 5 arms by mean prediction:
2026-02-03 20:20:46,696 - cmab.policy - INFO -   #1: arm=batch_size=100000,header_size=32,cut_condition_type=3,fast_path_timeout=400,k=3, mean=1.003464, std=0.171985
2026-02-03 20:20:46,696 - cmab.policy - INFO -   #2: arm=batch_size=100000,header_size=32,cut_condition_type=1,fast_path_timeout=400,k=3, mean=0.995948, std=0.177031
2026-02-03 20:20:46,696 - cmab.policy - INFO -   #3: arm=batch_size=100000,header_size=32,cut_condition_type=3,fast_path_timeout=100,k=3, mean=0.963601, std=0.200127
2026-02-03 20:20:46,696 - cmab.policy - INFO -   #4: arm=batch_size=100000,header_size=32,cut_condition_type=1,fast_path_timeout=100,k=3, mean=0.956085, std=0.203008
2026-02-03 20:20:46,696 - cmab.policy - INFO -   #5: arm=batch_size=100000,header_size=128,cut_condition_type=1,fast_path_timeout=100,k=3, mean=0.952722, std=0.178554
2026-02-03 20:20:46,696 - cmab.policy - INFO - 
2026-02-03 20:20:46,696 - cmab.policy - INFO - Selected tree #1 for Thompson Sampling:
2026-02-03 20:20:46,696 - cmab.policy - INFO -   Tree depth: 7
2026-02-03 20:20:46,696 - cmab.policy - INFO -   Tree nodes: 45
2026-02-03 20:20:46,696 - cmab.policy - INFO -   Tree leaves: 23
2026-02-03 20:20:46,696 - cmab.policy - INFO -   Tree shape: (nodes=45, leaves=23, depth=7)
2026-02-03 20:20:46,696 - cmab.policy - INFO -   Tree feature importances: [0.09996405 0.0221672  0.01327138 0.05252752 0.         0.53480908
 0.1323411  0.0096023  0.00262641 0.13269096]
2026-02-03 20:20:46,698 - cmab.policy - INFO -   Forest feature importances: [0.05829687 0.07369242 0.06772998 0.04906974 0.01269352 0.49508474
 0.12601497 0.03560654 0.02154256 0.06026866]
2026-02-03 20:20:46,698 - cmab.policy - INFO -   Top 5 predictions from this tree:
2026-02-03 20:20:46,698 - cmab.policy - INFO -     #1: arm=batch_size=100000,header_size=32,cut_condition_type=3,fast_path_timeout=100,k=3, pred=1.169103
2026-02-03 20:20:46,698 - cmab.policy - INFO -     #2: arm=batch_size=100000,header_size=32,cut_condition_type=1,fast_path_timeout=0,k=3, pred=1.169103
2026-02-03 20:20:46,698 - cmab.policy - INFO -     #3: arm=batch_size=100000,header_size=32,cut_condition_type=1,fast_path_timeout=100,k=3, pred=1.169103
2026-02-03 20:20:46,698 - cmab.policy - INFO -     #4: arm=batch_size=100000,header_size=32,cut_condition_type=1,fast_path_timeout=400,k=3, pred=1.169103
2026-02-03 20:20:46,698 - cmab.policy - INFO -     #5: arm=batch_size=100000,header_size=32,cut_condition_type=3,fast_path_timeout=400,k=3, pred=1.169103
2026-02-03 20:20:46,698 - cmab.policy - INFO - 
2026-02-03 20:20:46,698 - cmab.policy - INFO -   Found 6 arms with same max prediction (1.169103), randomly selecting one...
2026-02-03 20:20:46,698 - cmab.policy - INFO - 
2026-02-03 20:20:46,698 - cmab.policy - INFO - ✓ SELECTED ARM: batch_size=100000,header_size=32,cut_condition_type=3,fast_path_timeout=0,k=3 (prediction=1.169103)
2026-02-03 20:20:46,698 - cmab.policy - INFO - ================================================================================
2026-02-03 20:20:46,809 - cmab.trainer - INFO - Updated parameters file: /home/ccclr0302/autobahn-test/benchmark/.parameters-0.json
2026-02-03 20:20:46,810 - cmab.trainer - INFO - 🚩 Created RL parameter update signal file (epoch 29): /tmp/autobahn_rl_param_update_29.signal
2026-02-03 20:20:46,810 - cmab.trainer - INFO - Applied params: {'batch_size': 100000, 'header_size': 32, 'cut_condition_type': 3, 'fast_path_timeout': 0, 'k': 3}
2026-02-03 20:20:46,810 - cmab.trainer - INFO - Waiting for next metrics file...
2026-02-03 20:20:48,214 - cmab.trainer - WARNING - Detected abandon signal for epoch 30, using action from epoch 29 for update
[Parallel(n_jobs=1)]: Done  10 out of  10 | elapsed:    0.0s finished
[Parallel(n_jobs=1)]: Done  10 out of  10 | elapsed:    0.0s finished
2026-02-03 20:20:48,226 - cmab.policy - INFO - RF Updated: samples=80, MSE=0.020172
2026-02-03 20:20:48,226 - cmab.trainer - INFO - Iteration 88 : context=[59.3419   74.177376 59.3419   66.759636  1.      ] arm=batch_size=100000,header_size=32,cut_condition_type=1,fast_path_timeout=400,k=3 params={'batch_size': 100000, 'header_size': 32, 'cut_condition_type': 1, 'fast_path_timeout': 400, 'k': 3}
2026-02-03 20:20:48,226 - cmab.trainer - INFO - Iteration 88 reward=1.059266 avg_reward(20)=1.019273 last_metrics=epoch_30_slot_3615.json top_arm=batch_size=100000,header_size=64,cut_condition_type=3,fast_path_timeout=100,k=3 top_ratio=0.10
2026-02-03 20:20:48,233 - cmab.trainer - INFO - Saved checkpoint: /tmp/cmab_continuous_checkpoints/cmab_checkpoint_30.pkl
2026-02-03 20:20:48,235 - cmab.policy - INFO - ================================================================================
2026-02-03 20:20:48,235 - cmab.policy - INFO - SELECT ARM - Detailed Prediction Analysis
2026-02-03 20:20:48,235 - cmab.policy - INFO - Context: [52.2913   74.70186  59.761486 63.496582  1.      ]
2026-02-03 20:20:48,235 - cmab.policy - INFO - Number of trees in forest: 10
2026-02-03 20:20:48,235 - cmab.policy - INFO - 
2026-02-03 20:20:48,235 - cmab.policy - INFO - Prediction statistics across all trees:
2026-02-03 20:20:48,235 - cmab.policy - INFO -   Mean predictions (top 5 arms): [1.081967, 1.049883, 1.047438, 1.024094, 1.024094]
2026-02-03 20:20:48,235 - cmab.policy - INFO -   Std predictions (top 5 arms): [0.113498, 0.068450, 0.172090, 0.173656, 0.173656]
2026-02-03 20:20:48,235 - cmab.policy - INFO - 
2026-02-03 20:20:48,235 - cmab.policy - INFO - Top 5 arms by mean prediction:
2026-02-03 20:20:48,236 - cmab.policy - INFO -   #1: arm=batch_size=100000,header_size=32,cut_condition_type=3,fast_path_timeout=400,k=3, mean=1.081967, std=0.113498
2026-02-03 20:20:48,236 - cmab.policy - INFO -   #2: arm=batch_size=100000,header_size=32,cut_condition_type=1,fast_path_timeout=400,k=3, mean=1.049883, std=0.068450
2026-02-03 20:20:48,236 - cmab.policy - INFO -   #3: arm=batch_size=100000,header_size=64,cut_condition_type=3,fast_path_timeout=400,k=3, mean=1.047438, std=0.172090
2026-02-03 20:20:48,236 - cmab.policy - INFO -   #4: arm=batch_size=100000,header_size=32,cut_condition_type=3,fast_path_timeout=0,k=3, mean=1.024094, std=0.173656
2026-02-03 20:20:48,236 - cmab.policy - INFO -   #5: arm=batch_size=100000,header_size=32,cut_condition_type=3,fast_path_timeout=100,k=3, mean=1.024094, std=0.173656
2026-02-03 20:20:48,236 - cmab.policy - INFO - 
2026-02-03 20:20:48,236 - cmab.policy - INFO - Selected tree #5 for Thompson Sampling:
2026-02-03 20:20:48,236 - cmab.policy - INFO -   Tree depth: 9
2026-02-03 20:20:48,236 - cmab.policy - INFO -   Tree nodes: 45
2026-02-03 20:20:48,236 - cmab.policy - INFO -   Tree leaves: 23
2026-02-03 20:20:48,236 - cmab.policy - INFO -   Tree shape: (nodes=45, leaves=23, depth=9)
2026-02-03 20:20:48,236 - cmab.policy - INFO -   Tree feature importances: [0.05494377 0.00239098 0.09249156 0.04444629 0.         0.43884876
 0.22752867 0.09291751 0.01866064 0.0277718 ]
2026-02-03 20:20:48,238 - cmab.policy - INFO -   Forest feature importances: [0.0690565  0.05147504 0.07067384 0.04642539 0.01827344 0.52871011
 0.12896783 0.02745155 0.01245544 0.04651085]
2026-02-03 20:20:48,238 - cmab.policy - INFO -   Top 5 predictions from this tree:
2026-02-03 20:20:48,238 - cmab.policy - INFO -     #1: arm=batch_size=100000,header_size=64,cut_condition_type=1,fast_path_timeout=400,k=3, pred=1.203909
2026-02-03 20:20:48,238 - cmab.policy - INFO -     #2: arm=batch_size=100000,header_size=64,cut_condition_type=3,fast_path_timeout=100,k=3, pred=1.203909
2026-02-03 20:20:48,238 - cmab.policy - INFO -     #3: arm=batch_size=100000,header_size=32,cut_condition_type=1,fast_path_timeout=0,k=3, pred=1.203909
2026-02-03 20:20:48,238 - cmab.policy - INFO -     #4: arm=batch_size=100000,header_size=64,cut_condition_type=3,fast_path_timeout=400,k=3, pred=1.203909
2026-02-03 20:20:48,238 - cmab.policy - INFO -     #5: arm=batch_size=100000,header_size=32,cut_condition_type=1,fast_path_timeout=100,k=3, pred=1.203909
2026-02-03 20:20:48,238 - cmab.policy - INFO - 
2026-02-03 20:20:48,238 - cmab.policy - INFO -   Found 12 arms with same max prediction (1.203909), randomly selecting one...
2026-02-03 20:20:48,238 - cmab.policy - INFO - 
2026-02-03 20:20:48,238 - cmab.policy - INFO - ✓ SELECTED ARM: batch_size=100000,header_size=64,cut_condition_type=1,fast_path_timeout=100,k=3 (prediction=1.203909)
2026-02-03 20:20:48,238 - cmab.policy - INFO - ================================================================================
